seq,latency_ns
3880,25311
3881,19298
3882,9465
3883,1054868
3884,1045578
3885,1036174
3886,1031735
3887,1021952
3888,1012023
3889,1002091
3890,992221
3891,982304
3892,973637
3893,964253
3894,954667
3895,945586
3896,937272
3897,927719
3898,918182
3899,908729
3900,899218
3901,889726
3902,880238
3903,870877
3904,861359
3905,854230
3906,844728
3907,835212
3908,825608
3909,816038
3910,806615
3911,797129
3912,788325
3913,778883
3914,769732
3915,760283
3916,750744
3917,743155
3918,733689
3919,724104
3920,714658
3921,705283
3922,720996
3923,711194
3924,701339
3925,691478
3926,681624
3927,671680
3928,661737
3929,651875
3930,641932
3931,631984
3932,622099
3933,612154
3934,602209
3935,592264
3936,582329
3937,572374
3938,562424
3939,552511
3940,542564
3941,532666
3942,522766
3943,512810
3944,502905
3945,492957
3946,483045
3947,473138
3948,463196
3949,453254
3950,443074
3951,433395
3952,423441
3953,413557
3954,403640
3955,393687
3956,383842
3957,373890
3958,363964
3959,354011
3960,344070
3961,334123
3962,324223
3963,314295
3964,311935
3965,302088
3966,292150
3967,282253
3968,272375
3969,262427
3970,252506
3971,242649
3972,232702
3973,222767
3974,212870
3975,202922
3976,192974
3977,183036
3978,173091
3979,163137
3980,153240
3981,143368
3982,133756
3983,124169
3984,114452
3985,104986
3986,95404
3987,86049
3988,76443
3989,1130729
3990,1205767
3991,1195957
3992,1187691
3993,1177842
3994,1170227
3995,1160661
3996,1150852
3997,1140922
3998,1131229
3999,1121585
4000,1111928
4001,1102648
4002,1093034
4003,1083444
4004,1073873
4005,1064450
4006,1059029
4007,1049214
4008,1039332
4009,1029406
4010,1019527
4011,1009582
4012,999710
4013,990149
4014,980446
4015,970802
4016,961187
4017,951881
4018,942515
4019,932903
4020,925151
4021,915634
4022,906111
4023,896443
4024,887527
4025,877942
4026,868349
4027,858611
4028,849083
4029,839401
4030,829938
4031,820245
4032,810657
4033,803022
4034,793465
4035,783858
4036,774238
4037,764684
4038,755001
4039,745455
4040,736650
4041,727220
4042,717505
4043,707844
4044,698138
4045,690333
4046,680768
4047,671165
4048,664820
4049,655025
4050,645173
4051,635227
4052,625356
4053,615435
4054,605545
4055,595652
4056,585786
4057,575866
4058,567817
4059,558262
4060,548667
4061,539066
4062,529376
4063,519828
4064,510305
4065,500686
4066,491135
4067,481604
4068,471887
4069,462288
4070,452667
4071,444820
4072,435995
4073,426351
4074,416807
4075,407318
4076,397718
4077,388072
4078,378389
4079,368770
4080,359040
4081,349659
4082,340075
4083,330720
4084,322877
4085,313340
4086,303729
4087,294071
4088,285241
4089,275565
4090,265868
4091,261740
4092,251863
4093,241933
4094,232082
4095,222130
4096,212202
4097,202316
4098,192391
4099,182445
4100,172568
4101,162618
4102,152662
4103,142768
4104,133727
4105,124209
4106,114640
4107,105128
4108,95655
4109,87957
4110,78410
4111,68735
4112,59195
4113,49781
4114,39876
4115,1097097
4116,1087449
4117,1077740
4118,1068245
4119,1058500
4120,1055013
4121,1045723
4122,1044278
4123,1034736
4124,1025344
4125,1017550
4126,1009907
4127,1002271
4128,994148
4129,987030
4130,979196
4131,970932
4132,962844
4133,958001
4134,948344
4135,943242
4136,939465
4137,931292
4138,923437
4139,915632
4140,907309
4141,899309
4142,891448
4143,883408
4144,875192
4145,868529
4146,860243
4147,852234
4148,848087
4149,838852
4150,829673
4151,820310
4152,811576
4153,802012
4154,792412
4155,782756
4156,773101
4157,763587
4158,753971
4159,744350
4160,734860
4161,728198
4162,718602
4163,708958
4164,699405
4165,689783
4166,680204
4167,670519
4168,661517
4169,651887
4170,642215
4171,632546
4172,622927
4173,614696
4174,605118
4175,595447
4176,590077
4177,580269
4178,570411
4179,560567
4180,550690
4181,540818
4182,530955
4183,521044
4184,511175
4185,501226
4186,491337
4187,481458
4188,471780
4189,462154
4190,452571
4191,442996
4192,433357
4193,426315
4194,416375
4195,406441
4196,396541
4197,386593
4198,376652
4199,367240
4200,358422
4201,348775
4202,339347
4203,329832
4204,320424
4205,310846
4206,301265
4207,291556
4208,281974
4209,272508
4210,262991
4211,253429
4212,245879
4213,236329
4214,226723
4215,217048
4216,208217
4217,198577
4218,192445
4219,182578
4220,172712
4221,162809
4222,152914
4223,143053
4224,133109
4225,123654
4226,114020
4227,104516
4228,94917
4229,85377
4230,75716
4231,66047
4232,57154
4233,47436
4234,37795
4235,28200
4236,18619
4237,10878
4238,1065814
4239,1057789
4240,1049849
4241,1043210
4242,1033585
4243,1023635
4244,1015891
4245,1007651
4246,999775
4247,992175
4248,988054
4249,980285
4250,977991
4251,970051
4252,962266
4253,954720
4254,946861
4255,938976
4256,931381
4257,924206
4258,916276
4259,909499
4260,907278
4261,902070
4262,892237
4263,884067
4264,875105
4265,865553
4266,855963
4267,846390
4268,836790
4269,827142
4270,817522
4271,807933
4272,798266
4273,788780
4274,779171
4275,769564
4276,761762
4277,752166
4278,742489
4279,732902
4280,724109
4281,714496
4282,704944
4283,695472
4284,685782
4285,676185
4286,666687
4287,656986
4288,647376
4289,639258
4290,629586
4291,619995
4292,610409
4293,600710
4294,591127
4295,583601
4296,573726
4297,563801
4298,553909
4299,543969
4300,534075
4301,526424
4302,516858
4303,507296
4304,501469
4305,491595
4306,481737
4307,471859
4308,461955
4309,452058
4310,442148
4311,432232
4312,422298
4313,412392
4314,403171
4315,393557
4316,384059
4317,374417
4318,364741
4319,355187
4320,345539
4321,336014
4322,326471
4323,316864
4324,307203
4325,297647
4326,288037
4327,280456
4328,271587
4329,261986
4330,252300
4331,242775
4332,233078
4333,223476
4334,213920
4335,204397
4336,194714
4337,185302
4338,175721
4339,166120
4340,158479
4341,148901
4342,139237
4343,129727
4344,120931
4345,111396
4346,105551
4347,95680
4348,85859
4349,75984
4350,66043
4351,56135
4352,46223
4353,37189
4354,27502
4355,18070
4356,8379
4357,1061434
4358,1053768
4359,1045705
4360,1041789
4361,1034008
4362,1025820
4363,1017715
4364,1009918
4365,1007757
4366,1000039
4367,992420
4368,984214
4369,977246
4370,969467
4371,961378
4372,953189
4373,945568
4374,937420
4375,929412
4376,925307
4377,917079
4378,914188
4379,906752
4380,898619
4381,890840
4382,883039
4383,874957
4384,867016
4385,860324
4386,852295
4387,844380
4388,836075
4389,830201
4390,820325
4391,812217
4392,802282
4393,792358
4394,782761
4395,773219
4396,763710
4397,754165
4398,746238
4399,736357
4400,726477
4401,716534
4402,706597
4403,696680
4404,688646
4405,679079
4406,669536
4407,659937
4408,650986
4409,641440
4410,631826
4411,622196
4412,612690
4413,603034
4414,593549
4415,583896
4416,574316
4417,566643
4418,557037
4419,547352
4420,537770
4421,528147
4422,518464
4423,508915
4424,500054
4425,490465
4426,480899
4427,471377
4428,461736
4429,453897
4430,444310
4431,434663
4432,428832
4433,419004
4434,409105
4435,399201
4436,389333
4437,379470
4438,369571
4439,359690
4440,349746
4441,339849
4442,330990
4443,321436
4444,311756
4445,302166
4446,292550
4447,282979
4448,273342
4449,263938
4450,254305
4451,244760
4452,235118
4453,225552
4454,215924
4455,208064
4456,199144
4457,189556
4458,180119
4459,170507
4460,161050
4461,151546
4462,141947
4463,132373
4464,122784
4465,113426
4466,103858
4467,94305
4468,86384
4469,76840
4470,67176
4471,57623
4472,48804
4473,39113
4474,29503
4475,22993
4476,13186
4477,1117282
4478,1108798
4479,1099741
4480,1090393
4481,1083986
4482,1074415
4483,1064872
4484,1055276
4485,1045751
4486,1036253
4487,1026715
4488,1017830
4489,1008253
4490,998636
4491,989086
4492,979536
4493,971834
4494,962300
4495,952659
4496,943088
4497,933671
4498,924096
4499,914481
4500,904877
4501,896597
4502,886718
4503,876791
4504,867162
4505,857689
4506,849771
4507,840230
4508,830807
4509,821272
4510,811767
4511,802246
4512,792640
4513,783368
4514,773824
4515,764183
4516,754556
4517,749475
4518,739619
4519,729747
4520,719881
4521,709975
4522,700087
4523,690203
4524,680328
4525,670427
4526,660932
4527,651202
4528,641554
4529,632146
4530,622457
4531,612792
4532,604459
4533,594878
4534,585215
4535,575595
4536,566733
4537,557041
4538,547425
4539,537757
4540,528218
4541,518742
4542,509112
4543,499466
4544,489875
4545,482955
4546,473349
4547,463839
4548,454182
4549,444508
4550,434914
4551,425403
4552,416600
4553,407092
4554,397373
4555,387884
4556,378316
4557,370484
4558,360850
4559,351365
4560,345138
4561,335260
4562,325416
4563,315517
4564,305625
4565,295737
4566,285835
4567,275924
4568,266073
4569,256204
4570,247805
4571,238131
4572,228508
4573,218826
4574,209199
4575,199640
4576,190022
4577,180520
4578,170961
4579,161376
4580,151738
4581,142338
4582,132627
4583,125144
4584,116230
4585,106596
4586,97031
4587,87458
4588,77809
4589,68306
4590,58676
4591,49012
4592,39469
4593,29954
4594,20299
4595,10892
4596,1079304
4597,1071674
4598,1064498
4599,1056596
4600,1053219
4601,1045847
4602,1037613
4603,1034998
4604,1025281
4605,1015346
4606,1006016
4607,998257
4608,990073
4609,991284
4610,983758
4611,975620
4612,967581
4613,959803
4614,951904
4615,943932
4616,940256
4617,932111
4618,924352
4619,916913
4620,909275
4621,906746
4622,899411
4623,891244
4624,883280
4625,876681
4626,868591
4627,860595
4628,852376
4629,843452
4630,834213
4631,824951
4632,816287
4633,806853
4634,799114
4635,789592
4636,779970
4637,770414
4638,760731
4639,751267
4640,741709
4641,732247
4642,722649
4643,713019
4644,703512
4645,697789
4646,687966
4647,678082
4648,668182
4649,658292
4650,648408
4651,638463
4652,628807
4653,619176
4654,609633
4655,600692
4656,590890
4657,581503
4658,571930
4659,562330
4660,554558
4661,544945
4662,535286
4663,525697
4664,517037
4665,507389
4666,497707
4667,488112
4668,478542
4669,468897
4670,459350
4671,449624
4672,440096
4673,432561
4674,423026
4675,413448
4676,403908
4677,394369
4678,384885
4679,375253
4680,366415
4681,356854
4682,347357
4683,337759
4684,328071
4685,320323
4686,310759
4687,304139
4688,294361
4689,284508
4690,274624
4691,264762
4692,254850
4693,244912
4694,235032
4695,225086
4696,215313
4697,205759
4698,197473
4699,187834
4700,178595
4701,168948
4702,159335
4703,149754
4704,140156
4705,130645
4706,122161
4707,112221
4708,102271
4709,92378
4710,82706
4711,75025
4712,66254
4713,56606
4714,46934
4715,37327
4716,27673
4717,18167
4718,8577
4719,1060677
4720,1051159
4721,1042006
4722,1032494
4723,1022901
4724,1015777
4725,1006155
4726,996459
4727,986999
4728,978153
4729,968635
4730,963384
4731,953523
4732,943626
4733,933769
4734,923885
4735,913940
4736,904050
4737,894796
4738,885174
4739,875606
4740,866024
4741,856468
4742,846887
4743,837251
4744,828206
4745,818543
4746,808950
4747,799304
4748,789709
4749,781263
4750,771695
4751,762219
4752,752519
4753,743095
4754,733534
4755,723907
4756,714235
4757,704726
4758,695100
4759,685456
4760,676526
4761,666878
4762,658413
4763,648887
4764,639264
4765,629560
4766,620017
4767,610434
4768,600850
4769,591382
4770,581851
4771,572265
4772,562700
4773,557061
4774,547209
4775,537348
4776,527453
4777,517554
4778,507929
4779,498277
4780,488559
4781,479005
4782,469371
4783,459709
4784,450170
4785,440698
4786,431124
4787,421558
4788,413394
4789,403680
4790,394035
4791,384352
4792,375319
4793,365676
4794,356219
4795,346641
4796,337007
4797,327337
4798,317958
4799,308377
4800,298679
4801,290535
4802,280989
4803,271351
4804,261739
4805,252127
4806,242545
4807,232864
4808,224332
4809,214395
4810,204447
4811,194907
4812,185301
4813,177506
4814,167931
4815,158195
4816,155188
4817,145343
4818,135453
4819,125537
4820,115667
4821,105752
4822,95810
4823,85927
4824,75997
4825,66053
4826,56139
4827,46189
4828,36244
4829,26370
4830,16633
4831,7056
4832,1203553
4833,1199547
4834,1192118
4835,1184453
4836,1176609
4837,1168773
4838,1161102
4839,1171186
4840,1163171
4841,1153731
4842,1144300
4843,1134799
4844,1125516
4845,1115843
4846,1106243
4847,1096614
4848,1087005
4849,1077667
4850,1067798
4851,1058468
4852,1050845
4853,1041321
4854,1031753
4855,1022095
4856,1013379
4857,1009179
4858,999305
4859,989478
4860,979557
4861,969630
4862,959737
4863,949794
4864,939857
4865,929973
4866,920025
4867,910075
4868,900257
4869,890407
4870,880820
4871,871139
4872,862213
4873,852611
4874,843089
4875,833504
4876,823903
4877,816049
4878,806554
4879,796840
4880,787384
4881,777935
4882,768417
4883,758820
4884,749190
4885,739619
4886,730101
4887,720508
4888,711924
4889,702403
4890,694852
4891,685314
4892,675777
4893,666083
4894,656466
4895,646893
4896,637217
4897,627821
4898,618271
4899,608648
4900,601652
4901,591859
4902,582020
4903,573128
4904,563492
4905,553875
4906,544234
4907,534737
4908,525067
4909,515357
4910,507147
4911,497222
4912,487291
4913,477395
4914,467450
4915,457550
4916,450008
4917,440306
4918,430651
4919,421056
4920,412236
4921,402495
4922,392955
4923,383229
4924,373606
4925,364013
4926,354303
4927,344622
4928,335054
4929,328617
4930,318916
4931,309571
4932,299909
4933,290264
4934,280614
4935,270985
4936,262697
4937,253110
4938,243513
4939,233955
4940,224392
4941,216698
4942,207179
4943,201674
4944,191905
4945,182017
4946,172154
4947,162285
4948,152382
4949,142487
4950,132579
4951,122639
4952,112734
4953,102798
4954,93582
4955,83945
4956,74354
4957,64651
4958,55086
4959,45432
4960,35745
4961,26505
4962,16858
4963,7237
4964,1053306
4965,1046034
4966,1038137
4967,1048431
4968,1040955
4969,1031387
4970,1021915
4971,1012260
4972,1002881
4973,993305
4974,983713
4975,974161
4976,964701
4977,955544
4978,945938
4979,936388
4980,929009
4981,919387
4982,909842
4983,900193
4984,891321
4985,888759
4986,878845
4987,868961
4988,859097
4989,849149
4990,839212
4991,829307
4992,819369
4993,809433
4994,799529
4995,789586
4996,779648
4997,769752
4998,759850
4999,749938
5000,740709
5001,731102
5002,721415
5003,711820
5004,702195
5005,693928
5006,684329
5007,674688
5008,665087
5009,655674
5010,646060
5011,636466
5012,628419
5013,618474
5014,608537
5015,598601
5016,589275
5017,579648
5018,572049
5019,562435
5020,552915
5021,543334
5022,533808
5023,524243
5024,514674
5025,505167
5026,495449
5027,485848
5028,482746
5029,472885
5030,463019
5031,453083
5032,443190
5033,433316
5034,423467
5035,413532
5036,403620
5037,393690
5038,383740
5039,373859
5040,363925
5041,353974
5042,344134
5043,334484
5044,326110
5045,316478
5046,306909
5047,297181
5048,288344
5049,278674
5050,269003
5051,259492
5052,249777
5053,240139
5054,230490
5055,220912
5056,211442
5057,203939
5058,194254
5059,184863
5060,175248
5061,165613
5062,156046
5063,146429
5064,137474
5065,127788
5066,118244
5067,109038
5068,99450
5069,91710
5070,82161
5071,75641
5072,65853
5073,56075
5074,46210
5075,36330
5076,26428
5077,16477
5078,6571
5079,1061883
5080,1053880
5081,1044475
5082,1040210
5083,1030634
5084,1021118
5085,1011488
5086,1001827
5087,992362
5088,982790
5089,973408
5090,963995
5091,954470
5092,944873
5093,935314
5094,925691
5095,918175
5096,909420
5097,899773
5098,890199
5099,880676
5100,871054
5101,861475
5102,852281
5103,842650
5104,832999
5105,823833
5106,814304
5107,804706
5108,797290
5109,787759
5110,778527
5111,768988
5112,760242
5113,750696
5114,748692
5115,740501
5116,730563
5117,720686
5118,710743
5119,700861
5120,691017
5121,681064
5122,671152
5123,661252
5124,651318
5125,641378
5126,631502
5127,621546
5128,611611
5129,601709
5130,591776
5131,582368
5132,572812
5133,564673
5134,555109
5135,545618
5136,536095
5137,526599
5138,517015
5139,507501
5140,497831
5141,488277
5142,478626
5143,469007
5144,460115
5145,450598
5146,442983
5147,433390
5148,423880
5149,414303
5150,404634
5151,395084
5152,385494
5153,376039
5154,366390
5155,356727
5156,351569
5157,341742
5158,331853
5159,321978
5160,312083
5161,302141
5162,292268
5163,282353
5164,272678
5165,263131
5166,253621
5167,244001
5168,234531
5169,225025
5170,215303
5171,205789
5172,197954
5173,188428
5174,178843
5175,169214
5176,160185
5177,150642
5178,141081
5179,131705
5180,122176
5181,112614
5182,103543
5183,94028
5184,84406
5185,77233
5186,67656
5187,58104
5188,48413
5189,38848
5190,29389
5191,19715
5192,11029
5193,1060571
5194,1051084
5195,1041584
5196,1031954
5197,1027648
5198,1018150
5199,1012964
5200,1003077
5201,993201
5202,983261
5203,973323
5204,963468
5205,953526
5206,943638
5207,933743
5208,923848
5209,914281
5210,906231
5211,896609
5212,887069
5213,877465
5214,867841
5215,858264
5216,848758
5217,839337
5218,831663
5219,821776
5220,811826
5221,801882
5222,791998
5223,783357
5224,774462
5225,764897
5226,755322
5227,745577
5228,736188
5229,726608
5230,716957
5231,707398
5232,697974
5233,688528
5234,678958
5235,669295
5236,661474
5237,651949
5238,642365
5239,632711
5240,623897
5241,614457
5242,607854
5243,598038
5244,588149
5245,578206
5246,568317
5247,558409
5248,548466
5249,539439
5250,529760
5251,503067
5252,502685
5253,500593
5254,490941
5255,481347
5256,472342
5257,462740
5258,453114
5259,443529
5260,433810
5261,426083
5262,416490
5263,406888
5264,397424
5265,387890
5266,378309
5267,368720
5268,359029
5269,349527
5270,339925
5271,330300
5272,321405
5273,311731
5274,304030
5275,294474
5276,284919
5277,275349
5278,265749
5279,256502
5280,246886
5281,237491
5282,227822
5283,218218
5284,208518
5285,206203
5286,196292
5287,186427
5288,176555
5289,166618
5290,156704
5291,146816
5292,136871
5293,126939
5294,117032
5295,107115
5296,97176
5297,87300
5298,77370
5299,67419
5300,58583
5301,48879
5302,39250
5303,29749
5304,20742
5305,11176
5306,1194355
5307,1187820
5308,1180579
5309,1173925
5310,1166360
5311,1159019
5312,1152292
5313,1177604
5314,1168345
5315,1159090
5316,1149613
5317,1140101
5318,1130531
5319,1121059
5320,1113073
5321,1103199
5322,1093532
5323,1083994
5324,1074365
5325,1067016
5326,1062738
5327,1052867
5328,1042963
5329,1033021
5330,1023126
5331,1013188
5332,1003259
5333,993424
5334,983494
5335,973566
5336,963652
5337,953712
5338,945155
5339,935634
5340,926066
5341,916476
5342,906948
5343,897371
5344,887742
5345,878338
5346,868723
5347,859099
5348,849658
5349,840112
5350,825789
5351,823312
5352,814466
5353,804878
5354,795344
5355,785671
5356,775299
5357,766678
5358,757110
5359,747645
5360,737987
5361,728649
5362,719073
5363,709570
5364,701912
5365,692381
5366,682754
5367,673267
5368,666982
5369,657148
5370,647319
5371,637397
5372,627491
5373,617595
5374,607708
5375,597805
5376,587857
5377,579438
5378,569841
5379,560216
5380,550554
5381,541229
5382,531551
5383,521952
5384,513108
5385,503430
5386,493851
5387,484288
5388,474688
5389,467019
5390,457442
5391,447765
5392,438180
5393,428812
5394,419425
5395,409918
5396,400327
5397,390758
5398,381238
5399,371666
5400,362708
5401,353068
5402,345309
5403,335701
5404,326157
5405,316750
5406,307234
5407,297658
5408,288075
5409,278715
5410,269726
5411,263615
5412,253784
5413,243920
5414,234042
5415,225074
5416,215199
5417,205541
5418,195883
5419,186348
5420,176716
5421,167169
5422,159145
5423,149302
5424,139361
5425,129429
5426,119631
5427,110058
5428,102639
5429,93103
5430,83494
5431,73842
5432,64972
5433,53387
5434,45701
5435,36143
5436,26720
5437,17149
5438,1243104
5439,1243956
5440,1234871
5441,1231887
5442,1222395
5443,1212762
5444,1203342
5445,1193925
5446,1184384
5447,1174872
5448,1166145
5449,1156797
5450,1147345
5451,1137822
5452,1128200
5453,1123060
5454,1113126
5455,1099242
5456,1093365
5457,1083435
5458,1073489
5459,1063636
5460,1053789
5461,1044082
5462,1034541
5463,1024945
5464,1012588
5465,1006350
5466,997171
5467,988519
5468,978938
5469,925921
5470,925883
5471,925941
5472,925897
5473,925911
5474,920180
5475,910457
5476,900817
5477,891272
5478,881646
5479,873215
5480,864289
5481,854595
5482,845088
5483,835561
5484,825971
5485,816402
5486,806822
5487,797152
5488,787500
5489,778188
5490,768445
5491,758764
5492,751214
5493,741491
5494,731907
5495,725317
5496,715497
5497,705618
5498,695766
5499,685877
5500,675935
5501,666055
5502,656187
5503,646256
5504,636391
5505,629269
5506,619559
5507,610039
5508,600417
5509,590996
5510,581397
5511,571810
5512,562824
5513,553223
5514,543525
5515,533889
5516,524392
5517,516705
5518,507120
5519,497514
5520,487936
5521,478482
5522,468850
5523,459176
5524,449600
5525,441454
5526,431510
5527,421565
5528,411672
5529,402008
5530,394107
5531,384559
5532,375048
5533,365391
5534,355765
5535,346067
5536,336413
5537,327090
5538,320877
5539,311000
5540,301148
5541,291249
5542,281364
5543,271475
5544,262186
5545,252900
5546,243238
5547,233602
5548,223962
5549,214356
5550,204335
5551,194867
5552,185177
5553,175700
5554,166112
5555,156482
5556,148167
5557,138579
5558,129019
5559,119303
5560,110351
5561,100773
5562,91047
5563,81537
5564,71971
5565,62286
5566,51813
5567,42968
5568,32305
5569,25771
5570,16293
5571,6751
5572,1056978
5573,1047374
5574,1038059
5575,1028598
5576,1020468
5577,1010881
5578,1001048
5579,991465
5580,981874
5581,978935
5582,969410
5583,959796
5584,950204
5585,940985
5586,931391
5587,921852
5588,912325
5589,902637
5590,893363
5591,883852
5592,875004
5593,865392
5594,858267
5595,848764
5596,839176
5597,829630
5598,820071
5599,810439
5600,800824
5601,791466
5602,781899
5603,772338
5604,762686
5605,753061
5606,743427
5607,735803
5608,727010
5609,717551
5610,707890
5611,698309
5612,688670
5613,679106
5614,669574
5615,660061
5616,650485
5617,641074
5618,631490
5619,621939
5620,614361
5621,604776
5622,595219
5623,591486
5624,581663
5625,571781
5626,561894
5627,553460
5628,543524
5629,533584
5630,523704
5631,513751
5632,503807
5633,493926
5634,483973
5635,474041
5636,464132
5637,454177
5638,444541
5639,435011
5640,426057
5641,416364
5642,406816
5643,397212
5644,387668
5645,379512
5646,369938
5647,360408
5648,350897
5649,341413
5650,331884
5651,322300
5652,312757
5653,303097
5654,293548
5655,284046
5656,275154
5657,265609
5658,257972
5659,248543
5660,239032
5661,229445
5662,219861
5663,210325
5664,200650
5665,191287
5666,186441
5667,176605
5668,166731
5669,156850
5670,146905
5671,136951
5672,127060
5673,117183
5674,107306
5675,97786
5676,88473
5677,78903
5678,69328
5679,56513
5680,50075
5681,40710
5682,31094
5683,21486
5684,13351
5685,1061628
5686,1054427
5687,1045042
5688,1036604
5689,1027024
5690,1017546
5691,1007903
5692,998303
5693,988762
5694,979179
5695,969590
5696,960063
5697,957050
5698,947590
5699,938046
5700,928365
5701,918695
5702,909134
5703,899563
5704,890609
5705,881129
5706,871567
5707,861949
5708,852392
5709,847066
5710,837188
5711,827312
5712,817460
5713,807577
5714,797696
5715,787794
5716,777877
5717,768011
5718,758095
5719,748468
5720,739464
5721,729839
5722,721584
5723,712004
5724,702396
5725,692745
5726,683192
5727,673595
5728,663988
5729,656567
5730,646673
5731,636730
5732,626791
5733,616838
5734,606904
5735,597626
5736,588516
5737,578859
5738,569339
5739,559621
5740,549970
5741,540366
5742,530643
5743,520981
5744,511353
5745,501918
5746,492260
5747,482709
5748,474224
5749,464578
5750,455031
5751,448508
5752,438624
5753,428783
5754,418869
5755,408929
5756,399046
5757,389188
5758,379277
5759,369398
5760,359482
5761,350795
5762,341217
5763,331693
5764,322030
5765,312416
5766,302712
5767,293123
5768,284152
5769,274458
5770,264804
5771,255216
5772,245576
5773,237224
5774,227669
5775,218135
5776,208467
5777,199025
5778,189345
5779,179701
5780,170295
5781,160541
5782,150856
5783,141292
5784,132205
5785,122481
5786,114109
5787,104416
5788,95159
5789,85650
5790,76013
5791,66464
5792,56792
5793,47432
5794,37746
5795,31332
5796,13485
5797,11622
5798,1058574
5799,1053791
5800,1045651
5801,1036319
5802,1025798
5803,1017178
5804,1007590
5805,997917
5806,988358
5807,978827
5808,969191
5809,960171
5810,950608
5811,941082
5812,933385
5813,923779
5814,914133
5815,904550
5816,895866
5817,886344
5818,876821
5819,867276
5820,551034
5821,551013
5822,551054
5823,551044
5824,551072
5825,553185
5826,553238
5827,553313
5828,553384
5829,553371
5830,553347
5831,554929
5832,554914
5833,554883
5834,554913
5835,554900
5836,554896
5837,561760
5838,561806
5839,561844
5840,561878
5841,561864
5842,561859
5843,561898
5844,561899
5845,561889
5846,561857
5847,561840
5848,561833
5849,561825
5850,561804
5851,561226
5852,551311
5853,541375
5854,531422
5855,521529
5856,511597
5857,501644
5858,491788
5859,481846
5860,471911
5861,462040
5862,452187
5863,444392
5864,435754
5865,426168
5866,416501
5867,407015
5868,397306
5869,387915
5870,378314
5871,368687
5872,359128
5873,349710
5874,340002
5875,330322
5876,322638
5877,313055
5878,303420
5879,293880
5880,287643
5881,277763
5882,267929
5883,257974
5884,248065
5885,238171
5886,228275
5887,218334
5888,208470
5889,201643
5890,191993
5891,182441
5892,172704
5893,163077
5894,153512
5895,143953
5896,135015
5897,125464
5898,115847
5899,106318
5900,96718
5901,88888
5902,79187
5903,69992
5904,60425
5905,50934
5906,41341
5907,994332
5908,994346
5909,994406
5910,994397
5911,994429
5912,996280
5913,996317
5914,1001876
5915,1001949
5916,1001976
5917,1002042
5918,1002056
5919,1002121
5920,1002163
5921,1002271
5922,1007028
5923,1007086
5924,1005598
5925,995695
5926,985808
5927,976815
5928,966919
5929,956978
5930,930875
5931,930830
5932,927262
5933,914552
5934,908688
5935,898043
5936,888912
5937,878975
5938,869059
5939,859595
5940,851258
5941,841821
5942,833066
5943,823026
5944,814556
5945,804984
5946,795374
5947,785733
5948,775968
5949,762173
5950,757039
5951,747308
5952,737434
5953,729717
5954,719915
5955,710083
5956,700132
5957,690293
5958,680433
5959,670541
5960,661521
5961,651801
5962,642304
5963,632717
5964,623053
5965,619418
5966,609597
5967,599728
5968,589809
5969,579934
5970,570028
5971,560157
5972,550268
5973,540316
5974,530387
5975,520498
5976,510546
5977,500838
5978,492774
5979,483114
5980,473466
5981,463955
5982,454346
5983,444780
5984,435247
5985,425806
5986,416153
5987,406573
5988,396874
5989,387320
5990,377742
5991,370144
5992,361365
5993,351807
5994,342252
5995,332633
5996,322984
5997,313272
5998,303768
5999,294230
6000,284501
6001,275251
6002,265679
6003,256019
6004,248203
6005,238614
6006,228935
6007,226039
6008,216271
6009,206416
6010,196551
6011,186680
6012,176772
6013,166859
6014,156976
6015,147026
6016,137110
6017,127219
6018,117270
6019,107357
6020,97501
6021,87560
6022,78041
6023,68527
6024,59534
6025,1244649
6026,1246564
6027,1247581
6028,1248399
6029,1267498
6030,1267566
6031,1267613
6032,1265886
6033,1257163
6034,1247754
6035,1238352
6036,1228728
6037,1220549
6038,1210658
6039,1200748
6040,1191479
6041,1182097
6042,1174523
6043,1165009
6044,1155506
6045,1145928
6046,1136397
6047,1126839
6048,1117343
6049,1112701
6050,1102847
6051,1092918
6052,1082984
6053,1073110
6054,1063171
6055,1053239
6056,1043833
6057,1032400
6058,1024531
6059,1015082
6060,1005482
6061,995839
6062,986271
6063,976672
6064,966993
6065,957534
6066,947894
6067,938307
6068,930157
6069,920475
6070,910996
6071,901404
6072,892511
6073,882913
6074,873370
6075,863719
6076,854308
6077,844739
6078,835137
6079,825498
6080,816121
6081,810064
6082,800412
6083,790853
6084,781147
6085,771547
6086,761910
6087,752365
6088,743440
6089,733915
6090,727815
6091,717954
6092,708083
6093,698208
6094,688306
6095,678438
6096,668839
6097,659368
6098,649877
6099,640230
6100,630564
6101,621045
6102,611381
6103,601766
6104,592856
6105,583153
6106,574837
6107,565275
6108,555675
6109,546021
6110,536461
6111,526915
6112,517243
6113,507851
6114,498215
6115,488530
6116,478992
6117,469278
6118,459852
6119,452203
6120,443363
6121,433788
6122,424255
6123,414641
6124,405049
6125,395444
6126,385759
6127,376243
6128,366659
6129,357261
6130,347608
6131,338066
6132,330231
6133,324035
6134,314174
6135,304324
6136,294431
6137,284551
6138,274644
6139,266248
6140,256379
6141,246460
6142,236556
6143,226662
6144,216715
6145,207539
6146,198040
6147,188333
6148,178852
6149,169390
6150,159786
6151,150098
6152,141249
6153,131625
6154,121948
6155,112389
6156,102729
6157,95114
6158,85591
6159,76027
6160,66437
6161,57085
6162,47428
6163,37977
6164,28317
6165,18848
6166,9219
6167,1059393
6168,1049893
6169,1039061
6170,1037230
6171,1027391
6172,1017522
6173,1007733
6174,997818
6175,987938
6176,982881
6177,972977
6178,963089
6179,953217
6180,943367
6181,933465
6182,923576
6183,913670
6184,904649
6185,895100
6186,885507
6187,875929
6188,866370
6189,856739
6190,847118
6191,837466
6192,827829
6193,818459
6194,808847
6195,799199
6196,791018
6197,781460
6198,772080
6199,762457
6200,753641
6201,744024
6202,734331
6203,724733
6204,715056
6205,705479
6206,695910
6207,686268
6208,676666
6209,669450
6210,659788
6211,650170
6212,640660
6213,631003
6214,621357
6215,611802
6216,603111
6217,593518
6218,587354
6219,577503
6220,567640
6221,557750
6222,547847
6223,537939
6224,528070
6225,518608
6226,508990
6227,499489
6228,489804
6229,480203
6230,470600
6231,460956
6232,452059
6233,442609
6234,434265
6235,424629
6236,415066
6237,405367
6238,395707
6239,386101
6240,376488
6241,367043
6242,358585
6243,348669
6244,328433
6245,328350
6246,318867
6247,310796
6248,301916
6249,292318
6250,279622
6251,273150
6252,263527
6253,253971
6254,244434
6255,234743
6256,225114
6257,215824
6258,206228
6259,196627
6260,189227
6261,182780
6262,172922
6263,163089
6264,153187
6265,143301
6266,133425
6267,123520
6268,113619
6269,103741
6270,93871
6271,84148
6272,75114
6273,68446
6274,58780
6275,48039
6276,39616
6277,30005
6278,20583
6279,10983
6280,1061902
6281,1052566
6282,1042991
6283,1033142
6284,1021863
6285,1018814
6286,1008992
6287,999106
6288,989409
6289,980154
6290,970548
6291,960915
6292,951278
6293,941781
6294,932224
6295,922572
6296,913824
6297,904087
6298,896410
6299,887230
6300,877575
6301,867921
6302,858459
6303,848883
6304,846128
6305,836279
6306,826351
6307,816474
6308,806585
6309,796633
6310,786729
6311,776835
6312,766891
6313,757012
6314,747114
6315,737210
6316,727311
6317,717435
6318,707489
6319,697746
6320,688162
6321,678740
6322,669040
6323,659450
6324,651038
6325,641368
6326,631946
6327,622437
6328,613448
6329,603808
6330,594187
6331,584547
6332,574960
6333,565332
6334,555717
6335,546163
6336,536422
6337,529022
6338,519471
6339,509899
6340,500296
6341,490744
6342,481070
6343,471462
6344,463007
6345,453054
6346,443405
6347,438689
6348,428780
6349,418912
6350,409036
6351,399097
6352,389197
6353,379334
6354,369394
6355,359501
6356,349607
6357,339669
6358,329770
6359,319868
6360,310576
6361,300889
6362,292647
6363,282959
6364,273347
6365,263810
6366,254140
6367,244440
6368,234904
6369,225414
6370,215721
6371,206295
6372,196649
6373,186987
6374,177414
6375,169592
6376,160633
6377,151096
6378,141455
6379,131967
6380,122414
6381,112775
6382,103241
6383,93636
6384,84035
6385,75297
6386,65762
6387,56117
6388,48545
6389,35353
6390,32976
6391,23169
6392,1071047
6393,1061271
6394,1051848
6395,1042048
6396,1032148
6397,1022246
6398,1012409
6399,1002463
6400,992527
6401,988004
6402,978491
6403,968817
6404,959212
6405,949587
6406,940001
6407,930521
6408,921951
6409,912338
6410,902861
6411,893186
6412,883626
6413,875974
6414,866287
6415,856793
6416,847122
6417,837643
6418,828150
6419,818560
6420,808991
6421,799374
6422,789792
6423,780212
6424,771273
6425,761762
6426,753852
6427,744258
6428,734782
6429,725242
6430,715687
6431,706115
6432,700470
6433,690616
6434,680755
6435,670855
6436,660961
6437,651085
6438,641180
6439,632420
6440,622541
6441,612644
6442,602789
6443,593240
6444,583578
6445,573907
6446,565863
6447,555920
6448,545982
6449,536087
6450,526141
6451,516199
6452,508700
6453,499191
6454,489570
6455,479996
6456,470964
6457,461359
6458,451787
6459,442073
6460,432582
6461,423138
6462,413518
6463,403953
6464,394340
6465,387825
6466,378161
6467,368560
6468,358817
6469,349141
6470,339573
6471,329901
6472,320913
6473,311408
6474,301720
6475,295472
6476,285605
6477,254454
6478,254405
6479,254442
6480,246040
6481,236124
6482,226232
6483,216360
6484,206723
6485,197036
6486,187521
6487,177825
6488,169060
6489,159472
6490,151582
6491,141999
6492,132421
6493,122751
6494,113147
6495,103443
6496,93904
6497,84407
6498,75567
6499,66076
6500,56443
6501,46757
6502,37086
6503,29624
6504,20713
6505,1226929
6506,1217943
6507,1210486
6508,1200798
6509,1191292
6510,1181553
6511,1171898
6512,1163965
6513,1158793
6514,1150955
6515,1143275
6516,1148612
6517,1142531
6518,1132675
6519,1122788
6520,1112842
6521,1102995
6522,1093046
6523,1083111
6524,1073231
6525,1063494
6526,1053827
6527,1044299
6528,1034635
6529,1026795
6530,1017331
6531,1007647
6532,998323
6533,988767
6534,979238
6535,969581
6536,960741
6537,951091
6538,941475
6539,931889
6540,922300
6541,914553
6542,904996
6543,895434
6544,885831
6545,876397
6546,866799
6547,857241
6548,848975
6549,839031
6550,829092
6551,819191
6552,809996
6553,800619
6554,792732
6555,783210
6556,773630
6557,764070
6558,754491
6559,747925
6560,738071
6561,728166
6562,718264
6563,708404
6564,698505
6565,688611
6566,678704
6567,669270
6568,660341
6569,650752
6570,641111
6571,631446
6572,621852
6573,612262
6574,602645
6575,593024
6576,583326
6577,573802
6578,564221
6579,554618
6580,547036
6581,537431
6582,527810
6583,518146
6584,509226
6585,499692
6586,490055
6587,480444
6588,470875
6589,461355
6590,451828
6591,442143
6592,432482
6593,424878
6594,415218
6595,405658
6596,396029
6597,386582
6598,376961
6599,367458
6600,358607
6601,352270
6602,342461
6603,332600
6604,322739
6605,312920
6606,303105
6607,293203
6608,283550
6609,274132
6610,264563
6611,254983
6612,245373
6613,235741
6614,227044
6615,217366
6616,208524
6617,198997
6618,191455
6619,181924
6620,172420
6621,162738
6622,153166
6623,143599
6624,133919
6625,124401
6626,114841
6627,105151
6628,95543
6629,85934
6630,76275
6631,68598
6632,59757
6633,50033
6634,40495
6635,30901
6636,21429
6637,11900
6638,2425
6639,1049541
6640,1040091
6641,1031374
6642,1021899
6643,1012349
6644,1008564
6645,1006201
6646,996318
6647,986470
6648,976559
6649,966608
6650,956715
6651,948300
6652,938367
6653,928496
6654,918537
6655,908602
6656,898722
6657,888775
6658,878830
6659,869250
6660,859693
6661,850044
6662,840481
6663,830823
6664,822358
6665,812865
6666,803176
6667,793552
6668,783981
6669,776464
6670,766845
6671,757287
6672,747733
6673,738305
6674,728686
6675,719088
6676,709522
6677,699993
6678,690343
6679,680824
6680,671997
6681,662316
6682,654702
6683,645160
6684,635542
6685,625949
6686,616407
6687,612621
6688,602754
6689,592866
6690,582948
6691,573052
6692,563207
6693,553246
6694,543305
6695,533389
6696,523472
6697,513570
6698,503926
6699,494280
6700,484745
6701,475132
6702,465593
6703,456009
6704,446450
6705,436983
6706,427379
6707,417825
6708,409953
6709,400645
6710,391311
6711,381869
6712,373125
6713,363526
6714,354203
6715,344685
6716,335119
6717,325786
6718,316243
6719,306920
6720,297282
6721,292845
6722,283284
6723,273789
6724,264576
6725,255197
6726,245505
6727,236200
6728,227920
6729,218276
6730,212937
6731,203157
6732,193314
6733,183470
6734,173589
6735,163628
6736,153684
6737,143815
6738,133904
6739,123993
6740,114286
6741,104722
6742,95035
6743,85997
6744,77127
6745,67539
6746,57650
6747,49758
6748,40202
6749,30530
6750,16334
6751,11379
6752,1332400
6753,1323628
6754,1315213
6755,1305328
6756,1295399
6757,1285497
6758,1274660
6759,1271012
6760,1262315
6761,1252732
6762,1243090
6763,1233523
6764,1223871
6765,1214182
6766,1204627
6767,1195123
6768,1185444
6769,1175944
6770,1166546
6771,1156873
6772,1152915
6773,1143109
6774,1133251
6775,1123461
6776,1113638
6777,1103680
6778,1093749
6779,1083846
6780,1073903
6781,1063964
6782,1054083
6783,1044133
6784,1034626
6785,1026461
6786,1016803
6787,1007139
6788,997613
6789,987977
6790,978367
6791,968877
6792,959828
6793,950132
6794,940994
6795,931318
6796,921770
6797,913732
6798,904119
6799,894477
6800,884904
6801,875383
6802,865745
6803,856170
6804,846606
6805,837070
6806,827477
6807,817868
6808,809132
6809,799614
6810,792204
6811,782674
6812,773132
6813,767273
6814,757391
6815,747621
6816,737818
6817,727916
6818,718089
6819,708175
6820,698289
6821,688394
6822,678497
6823,670357
6824,662005
6825,652301
6826,642876
6827,633474
6828,623820
6829,614196
6830,604654
6831,594957
6832,585374
6833,576002
6834,566613
6835,557038
6836,548840
6837,539213
6838,529520
6839,519975
6840,508745
6841,501530
6842,491938
6843,482231
6844,472632
6845,463012
6846,453324
6847,443643
6848,434036
6849,427037
6850,417399
6851,407831
6852,398137
6853,388523
6854,378921
6855,369286
6856,365489
6857,355620
6858,345677
6859,335756
6860,325868
6861,315924
6862,305993
6863,296124
6864,286285
6865,276747
6866,267313
6867,257850
6868,248203
6869,238879
6870,229640
6871,863034
6872,864992
6873,865038
6874,870734
6875,870828
6876,870838
6877,870925
6878,871013
6879,870992
6880,870992
6881,871074
6882,871094
6883,871129
6884,871212
6885,871197
6886,871229
6887,872837
6888,874053
6889,874093
6890,874236
6891,874293
6892,874335
6893,874373
6894,874398
6895,874392
6896,874471
6897,874540
6898,879454
6899,879562
6900,879665
6901,879752
6902,879881
6903,879986
6904,880096
6905,880219
6906,880327
6907,880324
6908,880337
6909,880322
6910,880315
6911,880358
6912,880313
6913,877462
6914,867557
6915,857612
6916,847675
6917,837782
6918,828122
6919,818610
6920,810086
6921,800467
6922,790899
6923,781246
6924,771704
6925,763919
6926,754422
6927,744735
6928,735199
6929,726126
6930,716404
6931,706905
6932,697370
6933,687652
6934,678002
6935,668374
6936,659411
6937,649843
6938,642003
6939,632472
6940,622804
6941,617181
6942,607294
6943,597403
6944,587512
6945,577613
6946,567696
6947,557807
6948,547911
6949,538022
6950,528074
6951,520055
6952,511301
6953,501781
6954,492193
6955,482581
6956,472956
6957,463352
6958,455063
6959,445154
6960,435212
6961,425277
6962,415360
6963,405705
6964,397905
6965,388494
6966,378880
6967,369258
6968,360381
6969,350735
6970,341175
6971,331597
6972,321978
6973,312383
6974,302853
6975,293116
6976,283570
6977,276006
6978,266467
6979,256876
6980,247285
6981,237674
6982,228061
6983,218422
6984,212588
6985,202808
6986,192943
6987,183046
6988,173158
6989,163260
6990,153608
6991,143907
6992,134322
6993,124951
6994,115306
6995,105720
6996,95994
6997,86338
6998,77255
6999,67733
7000,58834
7001,48197
7002,41628
7003,32193
7004,22747
7005,13337
7006,3701
7007,1263858
7008,1255777
7009,1254577
7010,1248190
7011,1240978
7012,1233671
7013,1226650
7014,1219132
7015,1228021
7016,1219996
7017,1210441
7018,1200828
7019,1191318
7020,1181672
7021,1172110
7022,1162615
7023,1153041
7024,1143440
7025,1134133
7026,1128344
7027,1118492
7028,1108637
7029,1098747
7030,1088811
7031,1079267
7032,1070493
7033,1061203
7034,1051754
7035,1042068
7036,1032608
7037,1023103
7038,1013610
7039,1004099
7040,994544
7041,987772
7042,978215
7043,968685
7044,959015
7045,949495
7046,939971
7047,930343
7048,921378
7049,911824
7050,902232
7051,892580
7052,883037
7053,874817
7054,865223
7055,855721
7056,846079
7057,836702
7058,827217
7059,817664
7060,808027
7061,799601
7062,789653
7063,779714
7064,770528
7065,760836
7066,753331
7067,747194
7068,737306
7069,727450
7070,717570
7071,707651
7072,697720
7073,687842
7074,677881
7075,667952
7076,658070
7077,648147
7078,638362
7079,630741
7080,621995
7081,612520
7082,602939
7083,593363
7084,583832
7085,574257
7086,564668
7087,555089
7088,545584
7089,536173
7090,526644
7091,517072
7092,509324
7093,499669
7094,490162
7095,480477
7096,471590
7097,462032
7098,452600
7099,443087
7100,433480
7101,423930
7102,414319
7103,404645
7104,394993
7105,387483
7106,377929
7107,368348
7108,358667
7109,349173
7110,342815
7111,332931
7112,323116
7113,313225
7114,303291
7115,293406
7116,283492
7117,275112
7118,265432
7119,254429
7120,246224
7121,236938
7122,227287
7123,217756
7124,208172
7125,198537
7126,188893
7127,179240
7128,170304
7129,160754
7130,152890
7131,143250
7132,133610
7133,123995
7134,114381
7135,104793
7136,95209
7137,85784
7138,76194
7139,66689
7140,56851
7141,47241
7142,37627
7143,29761
7144,21045
7145,11497
7146,1249577
7147,1243671
7148,1237377
7149,1229968
7150,1222901
7151,1216152
7152,1208273
7153,1202763
7154,1192926
7155,1183031
7156,1178619
7157,1169248
7158,1159621
7159,1150300
7160,1141816
7161,1132375
7162,1122767
7163,1114981
7164,1105024
7165,1095096
7166,1085189
7167,1075244
7168,1065603
7169,1058736
7170,1049086
7171,1039535
7172,1030055
7173,1020500
7174,1010958
7175,1001518
7176,992902
7177,983453
7178,973998
7179,964382
7180,952807
7181,947132
7182,937948
7183,926215
7184,918990
7185,909610
7186,900174
7187,888929
7188,881032
7189,871647
7190,862250
7191,852715
7192,844114
7193,838046
7194,828729
7195,819107
7196,809615
7197,800114
7198,790523
7199,781025
7200,771320
7201,762108
7202,752557
7203,743081
7204,733612
7205,724152
7206,714561
7207,706773
7208,698073
7209,688532
7210,678899
7211,669394
7212,659709
7213,650092
7214,640529
7215,630913
7216,621320
7217,611946
7218,602331
7219,592726
7220,584960
7221,575324
7222,565750
7223,556303
7224,547384
7225,537905
7226,528341
7227,518747
7228,509086
7229,499564
7230,489960
7231,480286
7232,470739
7233,464452
7234,454909
7235,445424
7236,439152
7237,429267
7238,419395
7239,409529
7240,399638
7241,389748
7242,379868
7243,369986
7244,360104
7245,352051
7246,342463
7247,332877
7248,323401
7249,314023
7250,300578
7251,295326
7252,285825
7253,276286
7254,266690
7255,257119
7256,248260
7257,238656
7258,230961
7259,221370
7260,211805
7261,202223
7262,192716
7263,183056
7264,173415
7265,165476
7266,155474
7267,145526
7268,135660
7269,125661
7270,115715
7271,107863
7272,98905
7273,89301
7274,78401
7275,70103
7276,60405
7277,50847
7278,41201
7279,35003
7280,25231
7281,15448
7282,5497
7283,1049772
7284,1048455
7285,1038889
7286,1029373
7287,1019819
7288,1011529
7289,1002102
7290,992525
7291,983258
7292,973738
7293,964044
7294,954687
7295,945089
7296,935440
7297,928209
7298,918638
7299,908997
7300,899446
7301,889834
7302,880298
7303,870589
7304,861786
7305,852164
7306,842467
7307,832992
7308,823675
7309,815906
7310,806357
7311,796688
7312,787104
7313,777707
7314,768118
7315,758552
7316,748959
7317,739397
7318,729847
7319,720447
7320,711489
7321,702003
7322,698721
7323,688842
7324,678981
7325,669104
7326,659158
7327,649219
7328,639338
7329,629428
7330,619486
7331,609592
7332,599643
7333,589707
7334,579812
7335,571310
7336,562338
7337,552801
7338,543196
7339,533634
7340,524023
7341,514391
7342,504871
7343,495272
7344,485701
7345,476270
7346,466821
7347,457148
7348,449360
7349,439718
7350,430075
7351,420209
7352,411336
7353,401745
7354,392076
7355,382421
7356,372832
7357,363157
7358,353562
7359,343986
7360,334506
7361,326937
7362,317251
7363,307659
7364,298193
7365,294914
7366,285064
7367,276537
7368,266590
7369,256681
7370,246812
7371,236859
7372,226956
7373,217056
7374,207100
7375,197196
7376,187348
7377,177387
7378,167448
7379,157557
7380,147600
7381,137660
7382,127742
7383,117826
7384,108680
7385,99219
7386,91348
7387,82242
7388,72717
7389,63116
7390,53570
7391,43901
7392,34198
7393,24708
7394,15189
7395,5659
7396,1055877
7397,1046720
7398,1037346
7399,1032611
7400,1024822
7401,1015386
7402,1006023
7403,996925
7404,987581
7405,978114
7406,968758
7407,959355
7408,954189
7409,944363
7410,934508
7411,924628
7412,915182
7413,905748
7414,896236
7415,886792
7416,878097
7417,868556
7418,859204
7419,849702
7420,840393
7421,830984
7422,821828
7423,812325
7424,802985
7425,797155
7426,787857
7427,778509
7428,769178
7429,759724
7430,750302
7431,740904
7432,732666
7433,723162
7434,713833
7435,704491
7436,695163
7437,687502
7438,678252
7439,668835
7440,659370
7441,650310
7442,640785
7443,631457
7444,621994
7445,612478
7446,603363
7447,593847
7448,585362
7449,575974
7450,569671
7451,559845
7452,550012
7453,540094
7454,530673
7455,521247
7456,511872
7457,502597
7458,493246
7459,483637
7460,474324
7461,464806
7462,455320
7463,447716
7464,439001
7465,429761
7466,418583
7467,410857
7468,401482
7469,392140
7470,383922
7471,373406
7472,364142
7473,354186
7474,344537
7475,334968
7476,326988
7477,317350
7478,307733
7479,298116
7480,289579
7481,279955
7482,270388
7483,260859
7484,234241
7485,234264
7486,231797
7487,222303
7488,212782
7489,205285
7490,195685
7491,186184
7492,176613
7493,170361
7494,160496
7495,150598
7496,140722
7497,130798
7498,120904
7499,111001
7500,101085
7501,92744
7502,83276
7503,73868
7504,61936
7505,54777
7506,45096
7507,35534
7508,25924
7509,16367
7510,6756
7511,3345052
7512,3336898
7513,3327263
7514,3320077
7515,3310463
7516,3300808
7517,3291285
7518,3281652
7519,3271967
7520,3262426
7521,3252990
7522,3243390
7523,3233966
7524,3224264
7525,3214770
7526,3205234
7527,3196963
7528,3187998
7529,3178482
7530,3168854
7531,3159354
7532,3149811
7533,3140165
7534,3130532
7535,3127184
7536,3117291
7537,3107435
7538,3097535
7539,3087678
7540,3077743
7541,3067869
7542,3057917
7543,3047981
7544,3038086
7545,3028173
7546,3018231
7547,3008347
7548,2998405
7549,2988517
7550,2978594
7551,2968906
7552,2959327
7553,2951252
7554,2941650
7555,2931978
7556,2922675
7557,2913017
7558,2903363
7559,2893797
7560,2884775
7561,2875167
7562,2865583
7563,2855938
7564,2846271
7565,2837907
7566,2828316
7567,2818796
7568,2809308
7569,2799669
7570,2790080
7571,2780537
7572,2770878
7573,2762269
7574,2756100
7575,2746220
7576,2736319
7577,2726434
7578,2716538
7579,2706608
7580,2696767
7581,2686821
7582,2676884
7583,2663416
7584,2657229
7585,2647722
7586,2639376
7587,2630386
7588,2620748
7589,2611088
7590,2601513
7591,2593103
7592,2584122
7593,2574491
7594,2564860
7595,2555266
7596,2545618
7597,2536040
7598,2526597
7599,2517031
7600,2507391
7601,2498033
7602,2488339
7603,2478765
7604,2470473
7605,2460771
7606,2451125
7607,2441516
7608,2432462
7609,2422882
7610,2413243
7611,2403615
7612,2394130
7613,2388625
7614,2378763
7615,2368900
7616,2359021
7617,2349122
7618,2339185
7619,2329295
7620,2319381
7621,2309480
7622,2299597
7623,2289682
7624,2280643
7625,2271162
7626,2261553
7627,2251904
7628,2242314
7629,2234012
7630,2224393
7631,2214807
7632,2205137
7633,2195708
7634,2186086
7635,2176531
7636,2166920
7637,2157272
7638,2147635
7639,2138026
7640,2129014
7641,2119318
7642,2111052
7643,2101445
7644,2091783
7645,2082192
7646,2072585
7647,2062988
7648,2053337
7649,2043868
7650,2032106
7651,2024548
7652,2014968
7653,2009011
7654,1999188
7655,1989355
7656,1979466
7657,1969564
7658,1959681
7659,1949805
7660,1939862
7661,1929980
7662,1920286
7663,1910567
7664,1901065
7665,1891513
7666,1881847
7667,1872193
7668,1863754
7669,1854218
7670,1844646
7671,1834933
7672,1825917
7673,1816392
7674,1806771
7675,1798286
7676,1788397
7677,1778448
7678,1768493
7679,1758586
7680,1748932
7681,1741739
7682,1732114
7683,1722464
7684,1712983
7685,1703452
7686,1693749
7687,1684116
7688,1675174
7689,1665516
7690,1655857
7691,1646245
7692,1640416
7693,1630600
7694,1620736
7695,1610827
7696,1600931
7697,1591047
7698,1581093
7699,1571253
7700,1561593
7701,1551886
7702,1542293
7703,1532675
7704,1523657
7705,1514065
7706,1505781
7707,1495596
7708,1486396
7709,1476848
7710,1465040
7711,1457552
7712,1448000
7713,1438583
7714,1428978
7715,1419437
7716,1409762
7717,1400267
7718,1390648
7719,1382613
7720,1373795
7721,1364205
7722,1354638
7723,1344978
7724,1335386
7725,1325759
7726,1316203
7727,1367689
7728,1358283
7729,1349062
7730,1339581
7731,1329911
7732,1324368
7733,1314538
7734,1304690
7735,1294755
7736,1285250
7737,1275617
7738,1266124
7739,1256554
7740,1247171
7741,1237714
7742,1228110
7743,1218511
7744,1209061
7745,1201618
7746,1192064
7747,1182463
7748,1172850
7749,1163295
7750,1153776
7751,1144292
7752,1135318
7753,1125789
7754,1116180
7755,1106685
7756,1097163
7757,1089501
7758,1079911
7759,1070294
7760,1060749
7761,1051368
7762,1041813
7763,1032243
7764,1022589
7765,1013058
7766,1003569
7767,993933
7768,985045
7769,975526
7770,967936
7771,961592
7772,951790
7773,941910
7774,932051
7775,922153
7776,912287
7777,902334
7778,893886
7779,883948
7780,874008
7781,864014
7782,854111
7783,845228
7784,836421
7785,826837
7786,817302
7787,807667
7788,798104
7789,788526
7790,778840
7791,769347
7792,759742
7793,750445
7794,740813
7795,731168
7796,723551
7797,713957
7798,704498
7799,694895
7800,686069
7801,676487
7802,666996
7803,657278
7804,647664
7805,638063
7806,628577
7807,619079
7808,609540
7809,601919
7810,592356
7811,582896
7812,573162
7813,563563
7814,557410
7815,547556
7816,537623
7817,527787
7818,517847
7819,507952
7820,498054
7821,489609
7822,480095
7823,471014
7824,461394
7825,452342
7826,442851
7827,433289
7828,419201
7829,414336
7830,1457851
7831,1448064
7832,1439165
7833,1429309
7834,1421567
7835,1411732
7836,1401914
7837,1392036
7838,1382144
7839,1141028
7840,1140936
7841,1141019
7842,1140973
7843,1140991
7844,1141046
7845,1141069
7846,1141098
7847,1142842
7848,1143894
7849,1143929
7850,1144075
7851,1144092
7852,1144125
7853,1144163
7854,1144168
7855,1149941
7856,1150077
7857,1150142
7858,1150169
7859,1150227
7860,1150205
7861,1150192
7862,1150221
7863,1143421
7864,1133476
7865,1123334
7866,1113638
7867,1103683
7868,1093778
7869,1082126
7870,1073928
7871,1053881
7872,1053813
7873,1044156
7874,1034256
7875,1024335
7876,1014383
7877,1004487
7878,994550
7879,983005
7880,976339
7881,966406
7882,956462
7883,946594
7884,936650
7885,926718
7886,916796
7887,906860
7888,897028
7889,887927
7890,878092
7891,868439
7892,858937
7893,849247
7894,839793
7895,833712
7896,823839
7897,813949
7898,804074
7899,794209
7900,784524
7901,774950
7902,765384
7903,755744
7904,746131
7905,736811
7906,727114
7907,717637
7908,708059
7909,698361
7910,688758
7911,681752
7912,672923
7913,663377
7914,653792
7915,644235
7916,634544
7917,624943
7918,615388
7919,605749
7920,596194
7921,586786
7922,577208
7923,567525
7924,559631
7925,550050
7926,540445
7927,530832
7928,522061
7929,512512
7930,502898
7931,493408
7932,483687
7933,474176
7934,464575
7935,454880
7936,445322
7937,437742
7938,431876
7939,420465
7940,412210
7941,402324
7942,392490
7943,382592
7944,372699
7945,362781
7946,352892
7947,342943
7948,333025
7949,324305
7950,314810
7951,305137
7952,295575
7953,286164
7954,276527
7955,266946
7956,257230
7957,247690
7958,238037
7959,228383
7960,219470
7961,209889
7962,201999
7963,192386
7964,182797
7965,173103
7966,163442
7967,153810
7968,144227
7969,134735
7970,125169
7971,115440
7972,105839
7973,96229
7974,86592
7975,78703
7976,1122362
7977,1112575
7978,1102410
7979,1092889
7980,1089536
7981,1079689
7982,1071229
7983,1061308
7984,1051400
7985,1039891
7986,1031568
7987,1021644
7988,1011732
7989,1001810
7990,991877
7991,982003
7992,972055
7993,962110
7994,952224
7995,942324
7996,932386
7997,922508
7998,912557
7999,902627
8000,892711
8001,883754
8002,874214
8003,864625
8004,855002
8005,845341
8006,835710
8007,826013
8008,817170
8009,807606
8010,797890
8011,788183
8012,778566
8013,770774
8014,761226
8015,751623
8016,741977
8017,732625
8018,722969
8019,713297
8020,703606
8021,693961
8022,690454
8023,680585
8024,670725
8025,660848
8026,650952
8027,641091
8028,631187
8029,621292
8030,611409
8031,601468
8032,591560
8033,581691
8034,571740
8035,561850
8036,551961
8037,542301
8038,532643
8039,526474
8040,516711
8041,506818
8042,496932
8043,487026
8044,477236
8045,467490
8046,457861
8047,448178
8048,438517
8049,429051
8050,419465
8051,409890
8052,401971
8053,392430
8054,382847
8055,373228
8056,364275
8057,354647
8058,345050
8059,335385
8060,325748
8061,316114
8062,306562
8063,296886
8064,287237
8065,280986
8066,271124
8067,261252
8068,251361
8069,241484
8070,231577
8071,221610
8072,212716
8073,203107
8074,193620
8075,183924
8076,172779
8077,166318
8078,155493
8079,146942
8080,137248
8081,127779
8082,118173
8083,108523
8084,100083
8085,90150
8086,80213
8087,70297
8088,1113867
8089,1104042
8090,1096012
8091,1086201
8092,1076257
8093,1066380
8094,1056447
8095,1046512
8096,1036630
8097,1026699
8098,1017120
8099,1007533
8100,997915
8101,988354
8102,978705
8103,970762
8104,961934
8105,952287
8106,942752
8107,937381
8108,927523
8109,917636
8110,907761
8111,897870
8112,887941
8113,878038
8114,868143
8115,858207
8116,849441
8117,839778
8118,830262
8119,820540
8120,811527
8121,801964
8122,792385
8123,782789
8124,773279
8125,763715
8126,754108
8127,744467
8128,734816
8129,727259
8130,717647
8131,708016
8132,698412
8133,688737
8134,679102
8135,669490
8136,660533
8137,650909
8138,641276
8139,631684
8140,622032
8141,614213
8142,604567
8143,594873
8144,585354
8145,575840
8146,566266
8147,556644
8148,546982
8149,537253
8150,528334
8151,521009
8152,511139
8153,501236
8154,491391
8155,481706
8156,472080
8157,462536
8158,452823
8159,443166
8160,433463
8161,424061
8162,414391
8163,404769
8164,395198
8165,385594
8166,376019
8167,368202
8168,359172
8169,349579
8170,339919
8171,330294
8172,320609
8173,310941
8174,301378
8175,291777
8176,282176
8177,272764
8178,263072
8179,253465
8180,245696
8181,235999
8182,226468
8183,216777
8184,207826
8185,197534
8186,188573
8187,180142
8188,170193
8189,160294
8190,150347
8191,140402
8192,132424
8193,124376
8194,114507
8195,104740
8196,94846
8197,84894
8198,75032
8199,1116732
8200,1107894
8201,1093568
8202,1088121
8203,1078194
8204,1068336
8205,1060236
8206,1050412
8207,1040504
8208,1030576
8209,1020971
8210,1011430
8211,1001890
8212,992358
8213,982716
8214,973115
8215,963524
8216,954674
8217,945157
8218,937224
8219,927707
8220,918197
8221,908493
8222,898927
8223,889195
8224,879638
8225,870334
8226,860600
8227,851005
8228,841407
8229,831820
8230,822292
8231,814567
8232,805512
8233,795862
8234,789928
8235,780082
8236,770189
8237,760307
8238,750379
8239,740476
8240,730578
8241,720697
8242,710790
8243,700867
8244,691637
8245,682014
8246,672406
8247,662806
8248,653946
8249,644276
8250,634577
8251,624999
8252,615412
8253,605761
8254,596079
8255,586493
8256,576869
8257,569225
8258,559628
8259,550040
8260,540328
8261,530736
8262,521063
8263,511479
8264,502517
8265,492916
8266,483320
8267,473672
8268,464064
8269,456260
8270,446701
8271,437081
8272,427393
8273,417996
8274,408368
8275,398781
8276,389179
8277,382832
8278,372951
8279,363079
8280,353173
8281,343266
8282,333614
8283,323980
8284,314335
8285,304740
8286,295197
8287,285548
8288,275897
8289,266460
8290,259223
8291,249339
8292,239393
8293,229474
8294,219562
8295,210188
8296,201237
8297,191643
8298,181909
8299,172272
8300,162568
8301,152989
8302,143404
8303,133733
8304,124121
8305,114633
8306,105009
8307,95394
8308,87442
8309,77870
8310,68257
8311,1110991
8312,1102225
8313,1092388
8314,1082495
8315,1072685
8316,1062788
8317,1052881
8318,1043010
8319,1037287
8320,1027363
8321,1017476
8322,1007599
8323,997708
8324,987845
8325,977956
8326,968058
8327,958170
8328,948919
8329,939296
8330,929631
8331,920145
8332,910462
8333,902638
8334,893077
8335,883500
8336,873941
8337,864508
8338,854943
8339,845425
8340,835821
8341,826330
8342,816802
8343,807167
8344,798220
8345,788696
8346,780829
8347,771333
8348,761716
8349,752145
8350,742502
8351,732850
8352,723168
8353,713771
8354,704151
8355,694578
8356,685056
8357,675552
8358,665986
8359,658080
8360,649321
8361,643187
8362,633350
8363,623526
8364,613616
8365,603689
8366,593784
8367,583944
8368,574006
8369,564106
8370,554165
8371,544229
8372,535639
8373,526121
8374,516426
8375,506805
8376,497919
8377,488344
8378,478785
8379,469139
8380,459600
8381,450009
8382,440473
8383,430932
8384,421331
8385,413660
8386,404114
8387,394566
8388,384846
8389,375217
8390,365558
8391,355982
8392,348282
8393,338359
8394,328426
8395,318546
8396,308641
8397,300641
8398,291034
8399,281475
8400,271868
8401,262488
8402,252940
8403,243376
8404,237026
8405,227179
8406,217287
8407,207414
8408,197512
8409,187575
8410,178449
8411,168975
8412,159437
8413,149894
8414,140295
8415,130645
8416,120876
8417,111566
8418,101957
8419,92301
8420,82651
8421,73211
8422,1125673
8423,1113683
8424,1109307
8425,1099420
8426,1089546
8427,1079724
8428,1067223
8429,1059911
8430,1049980
8431,1040029
8432,1030116
8433,1020708
8434,1011130
8435,1001663
8436,993958
8437,984329
8438,974732
8439,965238
8440,956547
8441,947115
8442,937554
8443,928115
8444,918555
8445,909072
8446,903501
8447,893631
8448,883739
8449,873849
8450,863006
8451,854065
8452,844180
8453,834286
8454,824610
8455,815023
8456,806173
8457,796609
8458,787030
8459,777456
8460,767884
8461,760116
8462,750577
8463,740973
8464,731421
8465,721949
8466,712417
8467,702788
8468,693233
8469,683648
8470,674174
8471,664633
8472,655718
8473,646172
8474,638421
8475,628787
8476,619149
8477,609658
8478,600067
8479,590407
8480,580874
8481,571429
8482,561855
8483,552311
8484,542708
8485,532996
8486,523464
8487,515526
8488,509539
8489,499721
8490,471293
8491,471262
8492,470037
8493,460163
8494,452574
8495,442709
8496,432787
8497,422833
8498,412940
8499,403031
8500,393074
8501,383173
8502,373328
8503,363693
8504,354882
8505,345365
8506,335724
8507,326194
8508,316590
8509,306960
8510,297389
8511,287736
8512,278192
8513,272202
8514,262868
8515,253329
8516,243904
8517,234578
8518,225064
8519,215903
8520,207398
8521,197876
8522,188478
8523,178984
8524,169812
8525,162082
8526,152801
8527,143440
8528,134101
8529,124805
8530,115269
8531,109305
8532,99421
8533,89585
8534,1129281
8535,1119457
8536,1110463
8537,1100630
8538,1092317
8539,1082618
8540,1072723
8541,1062843
8542,1052962
8543,1042992
8544,1033059
8545,1023176
8546,1013531
8547,1003700
8548,994137
8549,984544
8550,974780
8551,967023
8552,958011
8553,948487
8554,938784
8555,929264
8556,919506
8557,909986
8558,900371
8559,890685
8560,881002
8561,871641
8562,862074
8563,852557
8564,844703
8565,835085
8566,825389
8567,815720
8568,806749
8569,797104
8570,787386
8571,777659
8572,768036
8573,762532
8574,752713
8575,742818
8576,732936
8577,723050
8578,713132
8579,703246
8580,693344
8581,683453
8582,673545
8583,663638
8584,654249
8585,644632
8586,634908
8587,625240
8588,615656
8589,609296
8590,599594
8591,590070
8592,580400
8593,570931
8594,561374
8595,551714
8596,542143
8597,534723
8598,524782
8599,514854
8600,504932
8601,494991
8602,486476
8603,476909
8604,467293
8605,457561
8606,447877
8607,438252
8608,428607
8609,419212
8610,409522
8611,399809
8612,390223
8613,380577
8614,370872
8615,365186
8616,355321
8617,345424
8618,335568
8619,325664
8620,315706
8621,305837
8622,295893
8623,285976
8624,276341
8625,266862
8626,257215
8627,247578
8628,239597
8629,229923
8630,220325
8631,210662
8632,201707
8633,192037
8634,182354
8635,172599
8636,162951
8637,153216
8638,143618
8639,133926
8640,124215
8641,116490
8642,106788
8643,97166
8644,87527
8645,77825
8646,68210
8647,1110494
8648,1101801
8649,1091975
8650,1079256
8651,1072269
8652,1061296
8653,1054197
8654,1044386
8655,1034525
8656,1024617
8657,1014982
8658,1016226
8659,1006349
8660,996502
8661,986587
8662,976684
8663,966808
8664,956870
8665,946929
8666,932578
8667,927140
8668,917190
8669,907301
8670,894701
8671,887419
8672,877518
8673,867584
8674,857633
8675,847767
8676,837840
8677,827889
8678,817987
8679,808534
8680,799551
8681,789978
8682,780416
8683,770926
8684,761137
8685,751560
8686,741889
8687,732193
8688,722461
8689,713057
8690,703440
8691,693801
8692,685940
8693,676332
8694,666625
8695,656946
8696,648004
8697,638249
8698,628571
8699,621394
8700,620379
8701,610460
8702,600523
8703,590587
8704,580674
8705,570813
8706,560934
8707,551025
8708,541131
8709,531192
8710,521233
8711,511330
8712,501418
8713,491460
8714,481581
8715,471629
8716,461682
8717,451777
8718,441836
8719,431882
8720,421979
8721,412030
8722,402081
8723,392153
8724,382247
8725,372342
8726,362632
8727,353013
8728,343976
8729,334343
8730,326440
8731,316929
8732,307341
8733,297772
8734,288024
8735,278313
8736,268714
8737,259177
8738,249530
8739,239868
8740,230195
8741,220533
8742,210865
8743,204951
8744,195073
8745,185177
8746,175313
8747,165414
8748,155521
8749,145739
8750,135932
8751,126196
8752,116539
8753,107159
8754,97486
8755,87788
8756,79920
8757,70409
8758,1115130
8759,1105322
8760,1092234
8761,1086651
8762,1076802
8763,1066901
8764,1056309
8765,1047118
8766,1037212
8767,1027276
8768,1017363
8769,1010273
8770,1000739
8771,991290
8772,981628
8773,972014
8774,962419
8775,952523
8776,943655
8777,933822
8778,923953
8779,914051
8780,904147
8781,692506
8782,692725
8783,692765
8784,692779
8785,699173
8786,699259
8787,699349
8788,699417
8789,699466
8790,699509
8791,699541
8792,699599
8793,699633
8794,699626
8795,699673
8796,699685
8797,699724
8798,699768
8799,699751
8800,699803
8801,702550
8802,697871
8803,687961
8804,678073
8805,668138
8806,658203
8807,648338
8808,638463
8809,628534
8810,618638
8811,608711
8812,598805
8813,588930
8814,579008
8815,569060
8816,559176
8817,549234
8818,539321
8819,529420
8820,514888
8821,510993
8822,501114
8823,491278
8824,482831
8825,473125
8826,463417
8827,457673
8828,447843
8829,437993
8830,428051
8831,418158
8832,408283
8833,398372
8834,388473
8835,378607
8836,368882
8837,359247
8838,349621
8839,340028
8840,331089
8841,321433
8842,311704
8843,302114
8844,292429
8845,284523
8846,274994
8847,265257
8848,255609
8849,246160
8850,236439
8851,226530
8852,216799
8853,207032
8854,197391
8855,187747
8856,178714
8857,169075
8858,161211
8859,151544
8860,141870
8861,132204
8862,122543
8863,112841
8864,103180
8865,93687
8866,83983
8867,74625
8868,1117661
8869,1107823
8870,1102389
8871,1092470
8872,1080757
8873,1072704
8874,1062765
8875,1052856
8876,1042956
8877,1033022
8878,1023088
8879,1013182
8880,1003267
8881,993328
8882,983428
8883,973747
8884,966157
8885,956702
8886,947266
8887,937720
8888,929196
8889,919710
8890,910188
8891,900736
8892,891146
8893,881702
8894,872080
8895,862473
8896,853037
8897,844867
8898,835708
8899,826049
8900,816476
8901,806628
8902,796985
8903,789949
8904,780048
8905,770098
8906,760212
8907,750285
8908,740331
8909,731957
8910,722351
8911,712641
8912,706304
8913,696427
8914,686532
8915,676633
8916,666779
8917,656864
8918,646975
8919,637055
8920,627183
8921,617268
8922,608714
8923,598296
8924,589636
8925,579986
8926,570411
8927,560709
8928,551083
8929,541640
8930,532026
8931,522349
8932,512735
8933,503156
8934,493481
8935,485570
8936,476590
8937,466957
8938,457286
8939,447691
8940,438005
8941,428352
8942,418742
8943,409102
8944,399406
8945,389905
8946,380199
8947,370561
8948,362746
8949,353065
8950,342678
8951,333835
8952,324851
8953,315219
8954,309431
8955,299593
8956,289720
8957,278056
8958,269968
8959,260065
8960,250174
8961,240270
8962,230362
8963,220454
8964,210750
8965,201025
8966,191425
8967,181768
8968,172804
8969,163176
8970,153582
8971,143889
8972,134221
8973,126286
8974,116702
8975,107057
8976,97446
8977,88011
8978,78352
8979,68773
8980,1111532
8981,1101744
8982,1091948
8983,1082010
8984,1073238
8985,1045198
8986,1047038
8987,1045507
8988,1035559
8989,1025661
8990,1016023
8991,1006425
8992,996945
8993,987782
8994,978308
8995,969016
8996,963975
8997,954147
8998,944251
8999,935258
9000,925366
9001,914420
9002,905537
9003,895614
9004,886305
9005,876899
9006,869795
9007,859928
9008,850031
9009,840082
9010,830137
9011,820236
9012,812016
9013,802331
9014,792682
9015,783027
9016,773288
9017,764385
9018,754843
9019,745268
9020,697920
9021,697801
9022,697753
9023,697733
9024,696128
9025,688329
9026,678712
9027,669045
9028,659382
9029,649844
9030,640191
9031,630532
9032,621638
9033,611988
9034,602245
9035,592745
9036,583116
9037,575253
9038,565484
9039,559586
9040,549719
9041,539859
9042,529966
9043,520070
9044,510192
9045,499031
9046,490387
9047,480497
9048,470568
9049,460662
9050,450885
9051,442301
9052,432728
9053,423176
9054,413494
9055,403890
9056,394224
9057,384793
9058,375143
9059,365628
9060,355827
9061,346200
9062,336593
9063,328773
9064,319779
9065,310169
9066,300512
9067,290837
9068,281157
9069,271550
9070,261875
9071,252248
9072,242583
9073,233106
9074,223477
9075,213832
9076,208516
9077,198706
9078,188822
9079,178933
9080,168994
9081,159131
9082,153370
9083,143503
9084,133618
9085,123712
9086,113834
9087,103889
9088,93968
9089,84100
9090,74175
9091,1115364
9092,1105586
9093,1095715
9094,1085771
9095,1075886
9096,1067443
9097,1057584
9098,1047683
9099,1037737
9100,1026602
9101,1020174
9102,1010885
9103,1001638
9104,992174
9105,982757
9106,973316
9107,964192
9108,954811
9109,947415
9110,937505
9111,927567
9112,917623
9113,907962
9114,900242
9115,890663
9116,881132
9117,871510
9118,862178
9119,852757
9120,843154
9121,833761
9122,824291
9123,814600
9124,810121
9125,800265
9126,790394
9127,780495
9128,770628
9129,760720
9130,750802
9131,740929
9132,731026
9133,698488
9134,698636
9135,698688
9136,698664
9137,698649
9138,698632
9139,698541
9140,700642
9141,700661
9142,700685
9143,700739
9144,701649
9145,701737
9146,701707
9147,701745
9148,701747
9149,701787
9150,701810
9151,701829
9152,701899
9153,703585
9154,703686
9155,703734
9156,703720
9157,703769
9158,703787
9159,703817
9160,704534
9161,704686
9162,704696
9163,704727
9164,704752
9165,706400
9166,713691
9167,713791
9168,713783
9169,713785
9170,713798
9171,713817
9172,713810
9173,713852
9174,713835
9175,713829
9176,713872
9177,713857
9178,713850
9179,713893
9180,713885
9181,713880
9182,713920
9183,713905
9184,713914
9185,713964
9186,713945
9187,713968
9188,714005
9189,714031
9190,714063
9191,714089
9192,714117
9193,714161
9194,714195
9195,714180
9196,714223
9197,714244
9198,714260
9199,714256
9200,714296
9201,714312
9202,714340
9203,714369
9204,714396
9205,714385
9206,714410
9207,714394
9208,714387
9209,718524
9210,718523
9211,720988
9212,721031
9213,721020
9214,721060
9215,721086
9216,721086
9217,721135
9218,721191
9219,721125
9220,721166
9221,721180
9222,721172
9223,721167
9224,721213
9225,721222
9226,721250
9227,721221
9228,721214
9229,721178
9230,721282
9231,721223
9232,721225
9233,721318
9234,721306
9235,721302
9236,721341
9237,721323
9238,721362
9239,721394
9240,721986
9241,722004
9242,723822
9243,723855
9244,723846
9245,723872
9246,723877
9247,723912
9248,723901
9249,723883
9250,723848
9251,723889
9252,727881
9253,727937
9254,727949
9255,727998
9256,728008
9257,728087
9258,728033
9259,728050
9260,728105
9261,728129
9262,728119
9263,728144
9264,728158
9265,728180
9266,728247
9267,728227
9268,728746
9269,728813
9270,728795
9271,728792
9272,729833
9273,729921
9274,729908
9275,729986
9276,729961
9277,730001
9278,730073
9279,730057
9280,730075
9281,731799
9282,731814
9283,731840
9284,731871
9285,731893
9286,731883
9287,731912
9288,732683
9289,732714
9290,732808
9291,732829
9292,732800
9293,734447
9294,738570
9295,738631
9296,738679
9297,738719
9298,738702
9299,738757
9300,738793
9301,738783
9302,738833
9303,738819
9304,738812
9305,738868
9306,738847
9307,738834
9308,738871
9309,738891
9310,738849
9311,738868
9312,738805
9313,738789
9314,741332
9315,741321
9316,741282
9317,741295
9318,741232
9319,741222
9320,741179
9321,741162
9322,741103
9323,741135
9324,741079
9325,741065
9326,741067
9327,741046
9328,740973
9329,741000
9330,740978
9331,740962
9332,741663
9333,741719
9334,741741
9335,741838
9336,742902
9337,751798
9338,751913
9339,751940
9340,751995
9341,752064
9342,752052
9343,752044
9344,752080
9345,752057
9346,752045
9347,752102
9348,752081
9349,752088
9350,752137
9351,752119
9352,752103
9353,752096
9354,752093
9355,752074
9356,752130
9357,752071
9358,752056
9359,752114
9360,752094
9361,752136
9362,752090
9363,752083
9364,752071
9365,752113
9366,752080
9367,752066
9368,752099
9369,752129
9370,752116
9371,752103
9372,752118
9373,752073
9374,752110
9375,752041
9376,752029
9377,752004
9378,751976
9379,751932
9380,760006
9381,759991
9382,760058
9383,760078
9384,760093
9385,760078
9386,760137
9387,760106
9388,760094
9389,760039
9390,760016
9391,759990
9392,760027
9393,759978
9394,759966
9395,760000
9396,759979
9397,759934
9398,759924
9399,759905
9400,759893
9401,759942
9402,759922
9403,759908
9404,759936
9405,759917
9406,759906
9407,759959
9408,759939
9409,759927
9410,759896
9411,759876
9412,759863
9413,759893
9414,759908
9415,759898
9416,762529
9417,762528
9418,762518
9419,762505
9420,762490
9421,762477
9422,766713
9423,766717
9424,766731
9425,766798
9426,766785
9427,766795
9428,766848
9429,766859
9430,766841
9431,766862
9432,766844
9433,766854
9434,766849
9435,766827
9436,766815
9437,766850
9438,766835
9439,766822
9440,766872
9441,766851
9442,766837
9443,766886
9444,766806
9445,766797
9446,766795
9447,766777
9448,766790
9449,766809
9450,766764
9451,766750
9452,766734
9453,766713
9454,759273
9455,749363
9456,739420
9457,729468
9458,719565
9459,709628
9460,700917
9461,691118
9462,681227
9463,671388
9464,662524
9465,656702
9466,646804
9467,636952
9468,627053
9469,617111
9470,607256
9471,597312
9472,586514
9473,577634
9474,567944
9475,558233
9476,548690
9477,539071
9478,529449
9479,519851
9480,510793
9481,501164
9482,491527
9483,481816
9484,472205
9485,464680
9486,454991
9487,445462
9488,435811
9489,426292
9490,416711
9491,407157
9492,397472
9493,387853
9494,378252
9495,368588
9496,359666
9497,350036
9498,342182
9499,332649
9500,323037
9501,313366
9502,303700
9503,294048
9504,284473
9505,274964
9506,265264
9507,255659
9508,867162
9509,867288
9510,867318
9511,868970
9512,870164
9513,870191
9514,870183
9515,870227
9516,870269
9517,870261
9518,872790
9519,872810
9520,872807
9521,872876
9522,872867
9523,872859
9524,872892
9525,872874
9526,872868
9527,872913
9528,872934
9529,872926
9530,873016
9531,873057
9532,873049
9533,873101
9534,873087
9535,873082
9536,873118
9537,875039
9538,875181
9539,875236
9540,875258
9541,875252
9542,875305
9543,875383
9544,876214
9545,876337
9546,876400
9547,876393
9548,876429
9549,877999
9550,884517
9551,884604
9552,878885
9553,869029
9554,859144
9555,849268
9556,839318
9557,829420
9558,819487
9559,809536
9560,799651
9561,789740
9562,779798
9563,769851
9564,759914
9565,1045819
9566,1045771
9567,1045822
9568,1045827
9569,1045964
9570,1045996
9571,1046019
9572,1046118
9573,1046120
9574,1046113
9575,1048332
9576,1049624
9577,1049668
9578,1049678
9579,1049715
9580,1049724
9581,1049790
9582,1049810
9583,1049886
9584,1049932
9585,1049918
9586,1049954
9587,1049992
9588,1051257
9589,1051293
9590,1051374
9591,1058643
9592,1058731
9593,1058769
9594,1058760
9595,1058786
9596,1058845
9597,1058830
9598,1058827
9599,1058885
9600,1058870
9601,1058920
9602,1058962
9603,1058973
9604,1059017
9605,1059052
9606,1059036
9607,1059073
9608,1059119
9609,1059104
9610,1059159
9611,1059211
9612,1059241
9613,1059271
9614,1059317
9615,1059297
9616,1059329
9617,1059364
9618,1059351
9619,1059298
9620,1061833
9621,1061825
9622,1061821
9623,1061846
9624,1061832
9625,1061834
9626,1061874
9627,1061857
9628,1061884
9629,1061876
9630,1066258
9631,1066272
9632,1066314
9633,1066296
9634,1066323
9635,1066377
9636,1066400
9637,1066425
9638,1066471
9639,1066490
9640,1066528
9641,1066586
9642,1066570
9643,1066596
9644,1066633
9645,1066656
9646,1066651
9647,1066732
9648,1066719
9649,1066712
9650,1066773
9651,1066758
9652,1066780
9653,1066822
9654,1066806
9655,1066800
9656,1066851
9657,1066838
9658,1066833
9659,1066882
9660,1066864
9661,1066858
9662,1066894
9663,1066884
9664,1066880
9665,1067888
9666,1067884
9667,1067876
9668,1067943
9669,1067963
9670,1071930
9671,1072019
9672,1072008
9673,1072039
9674,1072095
9675,1072163
9676,1072196
9677,1072265
9678,1072246
9679,1072272
9680,1072346
9681,1072325
9682,1072318
9683,1072347
9684,1072328
9685,1072312
9686,1072344
9687,1072325
9688,1072315
9689,1072345
9690,1073455
9691,1073566
9692,1073630
9693,1073701
9694,1073742
9695,1073769
9696,1073823
9697,1073856
9698,1073880
9699,1073865
9700,1073884
9701,1073918
9702,1073936
9703,1075178
9704,1076362
9705,1076422
9706,1076459
9707,1076516
9708,1076572
9709,1080627
9710,1080692
9711,1080712
9712,1080707
9713,1080733
9714,1080778
9715,1080706
9716,1080757
9717,1080685
9718,1080670
9719,1080670
9720,1080675
9721,1080646
9722,1080668
9723,1083275
9724,1083276
9725,1083286
9726,1083270
9727,1083209
9728,1083231
9729,1083179
9730,1083171
9731,1083181
9732,1083160
9733,1083151
9734,1083178
9735,1083164
9736,1083153
9737,1083183
9738,1083206
9739,1083197
9740,1083211
9741,1083189
9742,1083184
9743,1083215
9744,1083198
9745,1083248
9746,1083277
9747,1083384
9748,1087373
9749,1087459
9750,1087516
9751,1087565
9752,1087617
9753,1087636
9754,1087630
9755,1087657
9756,1087691
9757,1087682
9758,1087708
9759,1087689
9760,1087678
9761,1087730
9762,1087715
9763,1087702
9764,1087736
9765,1087721
9766,1087706
9767,1087743
9768,1088763
9769,1088771
9770,1088811
9771,1088870
9772,1088907
9773,1088971
9774,1088985
9775,1089026
9776,1089048
9777,1089068
9778,1089108
9779,1089134
9780,1090580
9781,1090650
9782,1090737
9783,1090763
9784,1091575
9785,1091641
9786,1091690
9787,1091722
9788,1095691
9789,1095723
9790,1095786
9791,1095822
9792,1095868
9793,1095859
9794,1095901
9795,1095914
9796,1095904
9797,1095938
9798,1095963
9799,1095955
9800,1095947
9801,1095928
9802,1095885
9803,1095922
9804,1095874
9805,1096405
9806,1096431
9807,1096449
9808,1096442
9809,1096465
9810,1096420
9811,1096449
9812,1096433
9813,1096439
9814,1096453
9815,1096527
9816,1097642
9817,1097673
9818,1099452
9819,1099507
9820,1099533
9821,1099588
9822,1099618
9823,1099609
9824,1099639
9825,1099618
9826,1102338
9827,1106377
9828,1106358
9829,1106387
9830,1106381
9831,1106429
9832,1106378
9833,1106441
9834,1106418
9835,1106409
9836,1106380
9837,1106386
9838,1106381
9839,1106330
9840,1106310
9841,1106301
9842,1106338
9843,1106323
9844,1106359
9845,1106380
9846,1106420
9847,1106438
9848,1106479
9849,1106500
9850,1106490
9851,1106531
9852,1106511
9853,1106548
9854,1096880
9855,1086965
9856,1077007
9857,1067462
9858,1057618
9859,1047695
9860,1037834
9861,1027905
9862,1018008
9863,1008512
9864,999718
9865,989273
9866,980569
9867,975443
9868,965601
9869,955750
9870,945809
9871,935869
9872,925974
9873,916049
9874,906100
9875,896232
9876,886292
9877,876546
9878,866966
9879,857358
9880,848447
9881,838838
9882,831020
9883,821115
9884,811484
9885,801853
9886,792206
9887,782549
9888,772999
9889,763580
9890,753990
9891,744387
9892,734824
9893,725243
9894,715690
9895,707827
9896,698828
9897,689223
9898,679556
9899,670022
9900,660463
9901,650767
9902,641145
9903,631623
9904,622159
9905,612792
9906,603180
9907,593563
9908,585670
9909,580173
9910,570369
9911,560549
9912,550659
9913,540722
9914,530823
9915,520920
9916,510977
9917,501086
9918,491148
9919,481199
9920,471245
9921,462278
9922,452683
9923,217087
9924,216979
9925,216929
9926,216943
9927,216945
9928,219586
9929,219624
9930,219600
9931,219595
9932,219627
9933,219787
9934,219922
9935,219958
9936,220030
9937,220313
9938,220420
9939,220446
9940,220478
9941,220459
9942,220446
9943,220470
9944,221120
9945,221199
9946,222975
9947,223102
9948,223166
9949,223197
9950,223298
9951,223319
9952,230965
9953,231048
9954,231083
9955,231138
9956,231209
9957,231265
9958,231265
9959,231299
9960,231336
9961,231330
9962,231370
9963,231350
9964,231344
9965,231387
9966,231370
9967,231369
9968,231439
9969,231423
9970,231417
9971,231468
9972,231451
9973,231441
9974,231510
9975,231496
9976,231494
9977,231522
9978,231505
9979,231534
9980,231561
9981,231548
9982,231542
9983,231580
9984,231570
9985,231567
9986,231596
9987,231584
9988,231577
9989,231612
9990,231601
9991,231596
9992,231636
9993,231670
9994,231708
9995,235694
9996,235724
9997,235785
9998,235828
9999,235863
10000,235850
10001,235926
10002,235912
10003,235900
10004,235932
10005,235909
10006,235896
10007,235939
10008,235919
10009,235908
10010,235993
10011,235969
10012,236018
10013,236036
10014,236174
10015,236238
10016,236277
10017,236299
10018,236333
10019,236381
10020,236404
10021,236440
10022,236469
10023,238083
10024,239028
10025,239116
10026,239139
10027,239176
10028,239217
10029,239234
10030,241444
10031,241501
10032,241479
10033,241489
10034,241532
10035,245795
10036,245839
10037,245912
10038,245902
10039,245898
10040,245955
10041,245935
10042,245882
10043,245883
10044,245857
10045,245851
10046,245843
10047,245820
10048,245764
10049,245809
10050,245790
10051,245775
10052,243251
10053,233301
10054,223348
10055,213426
10056,203537
10057,193578
10058,183664
10059,173722
10060,163818
10061,155624
10062,146034
10063,136333
10064,126657
10065,117169
10066,107570
10067,97927
10068,88254
10069,78644
10070,69009
10071,59343
10072,50385
10073,1093205
10074,1090216
10075,1080370
10076,1070515
10077,1060633
10078,1050688
10079,1040795
10080,1030862
10081,1020911
10082,1011046
10083,1001107
10084,991159
10085,981232
10086,971306
10087,961989
10088,953473
10089,944104
10090,934625
10091,925326
10092,915961
10093,906528
10094,897260
10095,887868
10096,878415
10097,869317
10098,860104
10099,850723
10100,843162
10101,833879
10102,824362
10103,814878
10104,806365
10105,797059
10106,787516
10107,778162
10108,768973
10109,759517
10110,750045
10111,740693
10112,731278
10113,725786
10114,715954
10115,706084
10116,696232
10117,686331
10118,676443
10119,666553
10120,657514
10121,648102
10122,638612
10123,629219
10124,619668
10125,612047
10126,602554
10127,593036
10128,583415
10129,573941
10130,564371
10131,554654
10132,544993
10133,537859
10134,527922
10135,517984
10136,508082
10137,498157
10138,489569
10139,479921
10140,470322
10141,460634
10142,451078
10143,441487
10144,431851
10145,422500
10146,412923
10147,403405
10148,393799
10149,384307
10150,535193
10151,538200
10152,549314
10153,549320
10154,549381
10155,549411
10156,549450
10157,549510
10158,549497
10159,549524
10160,549582
10161,549604
10162,549603
10163,549663
10164,549655
10165,549689
10166,549747
10167,549738
10168,549785
10169,549776
10170,549767
10171,549764
10172,549800
10173,549787
10174,549788
10175,549830
10176,549820
10177,549814
10178,549836
10179,549828
10180,549831
10181,549866
10182,549848
10183,549844
10184,549886
10185,549879
10186,549874
10187,549908
10188,549895
10189,549923
10190,549976
10191,549961
10192,554158
10193,554220
10194,554210
10195,554215
10196,554282
10197,554266
10198,554268
10199,554329
10200,554319
10201,554317
10202,554351
10203,554392
10204,554387
10205,554486
10206,554475
10207,554469
10208,554487
10209,554477
10210,554492
10211,554531
10212,554524
10213,554513
10214,554544
10215,554536
10216,554518
10217,554529
10218,554518
10219,554525
10220,554500
10221,554424
10222,554403
10223,554360
10224,554350
10225,554387
10226,554385
10227,554379
10228,554641
10229,554682
10230,554710
10231,558469
10232,558553
10233,558640
10234,558677
10235,561681
10236,561668
10237,561689
10238,561743
10239,561733
10240,561729
10241,561771
10242,561756
10243,561751
10244,561797
10245,561778
10246,558905
10247,549003
10248,539057
10249,529116
10250,516656
10251,509293
10252,499344
10253,489442
10254,479563
10255,469950
10256,460349
10257,450856
10258,441226
10259,431532
10260,422003
10261,1515088
10262,1505412
10263,1495580
10264,1494782
10265,1485112
10266,1478450
10267,1468607
10268,1458726
10269,1448874
10270,1449576
10271,1439680
10272,1429813
10273,1419915
10274,1410068
10275,1400141
10276,1390231
10277,1380342
10278,1370398
10279,1360531
10280,1350641
10281,1340709
10282,1330808
10283,1320908
10284,1310965
10285,1301036
10286,1291150
10287,1281262
10288,1271331
10289,1261445
10290,1251540
10291,1241594
10292,1231676
10293,1221795
10294,1211850
10295,1201932
10296,1192037
10297,1182089
10298,1172180
10299,1162281
10300,1152344
10301,1142419
10302,1132492
10303,1122550
10304,1112641
10305,1102706
10306,1096680
10307,1086809
10308,1076888
10309,1066954
10310,1057036
10311,1047104
10312,1037170
10313,1027297
10314,1017360
10315,1007429
10316,997530
10317,987634
10318,977689
10319,967786
10320,957866
10321,947924
10322,938017
10323,928087
10324,918149
10325,908243
10326,898318
10327,888373
10328,878461
10329,868520
10330,860259
10331,850408
10332,840554
10333,830676
10334,820667
10335,810870
10336,800966
10337,793788
10338,783867
10339,773940
10340,764017
10341,754083
10342,744168
10343,734256
10344,724368
10345,718906
10346,709051
10347,699141
10348,689184
10349,679407
10350,669481
10351,659531
10352,649664
10353,639738
10354,629710
10355,619845
10356,609914
10357,599973
10358,590066
10359,580137
10360,570197
10361,560284
10362,550347
10363,540417
10364,530534
10365,520592
10366,510659
10367,500744
10368,490805
10369,480862
10370,470866
10371,461045
10372,451101
10373,441125
10374,431211
10375,421260
10376,411692
10377,401829
10378,391928
10379,382056
10380,372179
10381,363847
10382,354006
10383,344171
10384,338376
10385,328536
10386,318646
10387,308721
10388,298818
10389,288873
10390,278958
10391,269079
10392,259154
10393,249215
10394,239358
10395,229477
10396,219534
10397,209632
10398,199731
10399,189800
10400,179888
10401,169912
10402,160047
10403,150126
10404,140216
10405,130267
10406,120352
10407,111063
10408,1155703
10409,1145843
10410,1135954
10411,1126076
10412,1116184
10413,1106283
10414,1096379
10415,1086467
10416,1076538
10417,1066635
10418,1056728
10419,1046831
10420,1038763
10421,1028864
10422,1019007
10423,1015611
10424,1005806
10425,995963
10426,986035
10427,976137
10428,966259
10429,956323
10430,946405
10431,936507
10432,926570
10433,916678
10434,906778
10435,896833
10436,886920
10437,877020
10438,867137
10439,860531
10440,850630
10441,840689
10442,830795
10443,820860
10444,810923
10445,802186
10446,792626
10447,782942
10448,773338
10449,763920
10450,754267
10451,744611
10452,734956
10453,725399
10454,715771
10455,706182
10456,697170
10457,687578
10458,679700
10459,670231
10460,660663
10461,650993
10462,645157
10463,635322
10464,625426
10465,615523
10466,605628
10467,595726
10468,585798
10469,575911
10470,566014
10471,556867
10472,547861
10473,538129
10474,528535
10475,518960
10476,509380
10477,499621
10478,489923
10479,480213
10480,470517
10481,461073
10482,451445
10483,441702
10484,433988
10485,424267
10486,414598
10487,404919
10488,395873
10489,386235
10490,376683
10491,367019
10492,357363
10493,347768
10494,338153
10495,328467
10496,318839
10497,311143
10498,301531
10499,291936
10500,282328
10501,276496
10502,266710
10503,256850
10504,246968
10505,237083
10506,227136
10507,217197
10508,207283
10509,197609
10510,188048
10511,178412
10512,168809
10513,159342
10514,149681
10515,140061
10516,130371
10517,120720
10518,111134
10519,101409
10520,92350
10521,82649
10522,74806
10523,65301
10524,1108319
10525,1098449
10526,1088569
10527,1078627
10528,1068724
10529,1058897
10530,1049020
10531,1039125
10532,1029208
10533,1019616
10534,1009957
10535,1002400
10536,993511
10537,983913
10538,974339
10539,964674
10540,959364
10541,949508
10542,942122
10543,932247
10544,922360
10545,912423
10546,902489
10547,892689
10548,882758
10549,872840
10550,862975
10551,853029
10552,843130
10553,833246
10554,823351
10555,813696
10556,804248
10557,794610
10558,785011
10559,775377
10560,765711
10561,758693
10562,749034
10563,739437
10564,729757
10565,720237
10566,710649
10567,700976
10568,692063
10569,682413
10570,672729
10571,663133
10572,653504
10573,645617
10574,636048
10575,626336
10576,616758
10577,607418
10578,597694
10579,592049
10580,582173
10581,572274
10582,562373
10583,552504
10584,542571
10585,532631
10586,522734
10587,513021
10588,503422
10589,493784
10590,484225
10591,474627
10592,464974
10593,455494
10594,445877
10595,436243
10596,426646
10597,416949
10598,407282
10599,399402
10600,390426
10601,380739
10602,371011
10603,361561
10604,351906
10605,342190
10606,332604
10607,322922
10608,313297
10609,303765
10610,294104
10611,284380
10612,276428
10613,266808
10614,257255
10615,247554
10616,238560
10617,228980
10618,219351
10619,218565
10620,208663
10621,198795
10622,188888
10623,178956
10624,169005
10625,159113
10626,149165
10627,139221
10628,129315
10629,119371
10630,109421
10631,99514
10632,89594
10633,79665
10634,69757
10635,1109477
10636,1099612
10637,1092274
10638,1082392
10639,1072495
10640,1062590
10641,1052762
10642,1042905
10643,1033026
10644,1023475
10645,1015914
10646,1006024
10647,996092
10648,986161
10649,976435
10650,968580
10651,958974
10652,949321
10653,939633
10654,930157
10655,920579
10656,911021
10657,901616
10658,901301
10659,891438
10660,881606
10661,871718
10662,861796
10663,851869
10664,842028
10665,832129
10666,822189
10667,812305
10668,802419
10669,792479
10670,782577
10671,772634
10672,762698
10673,752786
10674,742873
10675,732939
10676,723249
10677,713630
10678,704001
10679,694330
10680,685486
10681,675828
10682,666179
10683,656528
10684,646890
10685,637216
10686,627506
10687,617851
10688,608274
10689,600646
10690,591079
10691,581478
10692,571877
10693,562315
10694,552670
10695,543022
10696,534133
10697,530101
10698,520260
10699,510382
10700,500521
10701,490618
10702,480692
10703,470790
10704,460911
10705,450973
10706,441075
10707,431130
10708,421193
10709,411533
10710,401916
10711,392216
10712,383217
10713,373625
10714,365628
10715,355978
10716,346391
10717,336657
10718,327027
10719,317265
10720,307695
10721,298209
10722,288481
10723,278841
10724,269191
10725,259526
10726,249951
10727,242179
10728,233247
10729,223629
10730,213942
10731,204275
10732,194612
10733,184962
10734,175374
10735,165641
10736,160462
10737,150614
10738,140801
10739,130925
10740,121051
10741,111100
10742,101209
10743,91345
10744,81420
10745,71512
10746,1114611
10747,1107426
10748,1097530
10749,1087640
10750,1077744
10751,1067848
10752,1057902
10753,1048003
10754,1038134
10755,1028198
10756,1018293
10757,1008658
10758,999047
10759,989470
10760,980732
10761,971082
10762,961507
10763,952001
10764,942407
10765,934773
10766,925224
10767,915610
10768,906076
10769,896612
10770,887019
10771,877352
10772,867788
10773,858149
10774,848487
10775,846013
10776,836140
10777,826275
10778,816367
10779,806473
10780,796534
10781,786640
10782,776714
10783,766770
10784,756866
10785,746925
10786,736982
10787,727097
10788,717164
10789,707227
10790,697327
10791,688659
10792,679880
10793,669968
10794,660101
10795,650193
10796,640470
10797,630670
10798,620771
10799,610897
10800,601056
10801,591199
10802,581311
10803,571373
10804,563043
10805,553185
10806,543295
10807,533435
10808,524336
10809,514501
10810,504628
10811,494853
10812,485211
10813,475706
10814,469882
10815,460035
10816,450170
10817,440202
10818,430422
10819,420518
10820,410827
10821,401133
10822,391431
10823,381839
10824,372859
10825,363267
10826,353629
10827,343883
10828,334325
10829,326498
10830,316861
10831,307167
10832,297537
10833,287983
10834,278265
10835,268758
10836,259023
10837,249321
10838,239700
10839,230039
10840,221122
10841,211549
10842,203689
10843,194044
10844,184449
10845,174756
10846,165010
10847,155351
10848,145655
10849,136137
10850,128619
10851,118708
10852,108773
10853,98887
10854,93196
10855,83271
10856,73447
10857,63518
10858,1103067
10859,1093240
10860,1083381
10861,1073459
10862,1063561
10863,1053619
10864,1043693
10865,1033797
10866,1023856
10867,1014337
10868,1006875
10869,997358
10870,987803
10871,978181
10872,969365
10873,959757
10874,950276
10875,940772
10876,931144
10877,921544
10878,912028
10879,902530
10880,893069
10881,885438
10882,875981
10883,866413
10884,856824
10885,847201
10886,837640
10887,828125
10888,819327
10889,809709
10890,800205
10891,790740
10892,781119
10893,776021
10894,766129
10895,756280
10896,746410
10897,736467
10898,726584
10899,716721
10900,706793
10901,696901
10902,686965
10903,677288
10904,668458
10905,658882
10906,651063
10907,641560
10908,632070
10909,622405
10910,612869
10911,603357
10912,593759
10913,584293
10914,574689
10915,565210
10916,555621
10917,546046
10918,536467
10919,528689
10920,519670
10921,510018
10922,500367
10923,490787
10924,481200
10925,471705
10926,462045
10927,452459
10928,442802
10929,433357
10930,423794
10931,414179
10932,408495
10933,398618
10934,388750
10935,378860
10936,368975
10937,359095
10938,349201
10939,339257
10940,329737
10941,320067
10942,310461
10943,300756
10944,291052
10945,283458
10946,273719
10947,264020
10948,254372
10949,244735
10950,235106
10951,225448
10952,218086
10953,208145
10954,198197
10955,188261
10956,178323
10957,169642
10958,160111
10959,150216
10960,140315
10961,130581
10962,120726
10963,111063
10964,101391
10965,91673
10966,81989
10967,72385
10968,1116033
10969,1106510
10970,1098679
10971,1093824
10972,1083971
10973,1074158
10974,1064233
10975,1054317
10976,1044410
10977,1034473
10978,1024541
10979,1014638
10980,1004703
10981,994753
10982,984873
10983,974936
10984,965299
10985,955829
10986,946263
10987,936759
10988,927617
10989,917997
10990,908564
10991,899007
10992,889391
10993,880004
10994,870440
10995,860882
10996,852884
10997,843384
10998,833817
10999,824149
11000,815409
11001,805745
11002,796128
11003,786574
11004,776894
11005,767336
11006,757712
11007,748092
11008,738627
11009,731110
11010,725564
11011,715701
11012,705869
11013,695999
11014,686100
11015,676199
11016,666305
11017,656415
11018,646531
11019,636635
11020,626748
11021,618050
11022,608572
11023,598923
11024,589275
11025,579917
11026,570214
11027,560607
11028,550973
11029,541366
11030,531752
11031,522120
11032,513275
11033,503730
11034,495906
11035,486256
11036,476743
11037,467126
11038,457536
11039,447846
11040,438268
11041,428702
11042,419095
11043,409358
11044,399659
11045,390053
11046,380363
11047,373419
11048,363529
11049,357955
11050,347319
11051,338211
11052,328321
11053,318425
11054,310828
11055,300890
11056,290966
11057,281091
11058,271190
11059,261246
11060,251334
11061,241420
11062,231475
11063,221558
11064,211661
11065,201749
11066,191856
11067,181951
11068,172002
11069,161992
11070,152476
11071,142704
11072,133147
11073,125957
11074,116279
11075,106581
11076,96918
11077,87287
11078,77542
11079,67877
11080,1111065
11081,1101236
11082,1091342
11083,1081468
11084,1071570
11085,1063279
11086,1053395
11087,1043514
11088,1033598
11089,1029947
11090,1020101
11091,1010177
11092,1000247
11093,990349
11094,980458
11095,970565
11096,960664
11097,950732
11098,940808
11099,930892
11100,921001
11101,911057
11102,901494
11103,891979
11104,882393
11105,873007
11106,863489
11107,853870
11108,844190
11109,834629
11110,825087
11111,817231
11112,808347
11113,798720
11114,789155
11115,779565
11116,769843
11117,760309
11118,750715
11119,741093
11120,731478
11121,722071
11122,712439
11123,702807
11124,694969
11125,685378
11126,675782
11127,666115
11128,660471
11129,650617
11130,640746
11131,630812
11132,620931
11133,611038
11134,601128
11135,591219
11136,581276
11137,572023
11138,562446
11139,552749
11140,543044
11141,533465
11142,523762
11143,514066
11144,505249
11145,495672
11146,485973
11147,476463
11148,466873
11149,459715
11150,450179
11151,440457
11152,430868
11153,421242
11154,411720
11155,402182
11156,395139
11157,385212
11158,375274
11159,365319
11160,355413
11161,345455
11162,336686
11163,327095
11164,317422
11165,307735
11166,298061
11167,292452
11168,282576
11169,272689
11170,262783
11171,252908
11172,243039
11173,233079
11174,223174
11175,213227
11176,203949
11177,194304
11178,184662
11179,174930
11180,165370
11181,155755
11182,146092
11183,136471
11184,126889
11185,117466
11186,107875
11187,98219
11188,90152
11189,80483
11190,70910
11191,1113127
11192,1104403
11193,1094553
11194,1084641
11195,1074802
11196,1064917
11197,1055028
11198,1045133
11199,1035182
11200,1025377
11201,1017498
11202,1007802
11203,998191
11204,988645
11205,978995
11206,974421
11207,964570
11208,954722
11209,944836
11210,934931
11211,925072
11212,915177
11213,905300
11214,895362
11215,885465
11216,875795
11217,866433
11218,856856
11219,847225
11220,837559
11221,827999
11222,818384
11223,808854
11224,799946
11225,790321
11226,783111
11227,773557
11228,763954
11229,754389
11230,744763
11231,735084
11232,725512
11233,716165
11234,706468
11235,696915
11236,687280
11237,677662
11238,667990
11239,660107
11240,651310
11241,641654
11242,631972
11243,622426
11244,612753
11245,606990
11246,597126
11247,587280
11248,577404
11249,567540
11250,557638
11251,547699
11252,537810
11253,527917
11254,518161
11255,508508
11256,499529
11257,489944
11258,480348
11259,473174
11260,463242
11261,453333
11262,443388
11263,433465
11264,423494
11265,414697
11266,405129
11267,395529
11268,385925
11269,376331
11270,366750
11271,357171
11272,348163
11273,338591
11274,329026
11275,319421
11276,309789
11277,301934
11278,292397
11279,282761
11280,273135
11281,263708
11282,254136
11283,244471
11284,238634
11285,228824
11286,219046
11287,209135
11288,199232
11289,189349
11290,179406
11291,169803
11292,160232
11293,150643
11294,140996
11295,131364
11296,121781
11297,112308
11298,102586
11299,92870
11300,83198
11301,73739
11302,1116522
11303,1109153
11304,1100946
11305,1091111
11306,1081267
11307,1071371
11308,1061480
11309,1051604
11310,1041721
11311,1031827
11312,1022177
11313,1012942
11314,1003493
11315,994427
11316,988049
11317,978840
11318,969406
11319,959935
11320,951711
11321,942249
11322,932847
11323,927594
11324,917733
11325,907889
11326,897988
11327,888101
11328,878213
11329,868595
11330,859231
11331,849845
11332,840428
11333,831261
11334,821912
11335,812501
11336,804052
11337,794690
11338,785438
11339,776106
11340,766887
11341,759200
11342,749870
11343,740583
11344,731248
11345,721938
11346,712688
11347,703358
11348,694069
11349,684584
11350,675275
11351,666025
11352,657604
11353,648115
11354,641029
11355,631621
11356,622289
11357,612897
11358,603665
11359,594162
11360,584857
11361,575663
11362,573323
11363,563449
11364,553563
11365,543631
11366,533731
11367,523800
11368,513862
11369,503966
11370,494030
11371,484422
11372,474982
11373,465513
11374,456010
11375,446746
11376,437471
11377,428439
11378,419045
11379,409630
11380,402098
11381,392784
11382,383419
11383,374054
11384,365640
11385,356161
11386,346763
11387,337381
11388,327977
11389,318533
11390,309137
11391,299736
11392,290233
11393,282702
11394,273156
11395,263752
11396,254250
11397,244502
11398,234879
11399,225187
11400,216088
11401,206420
11402,200692
11403,190829
11404,180947
11405,171066
11406,161161
11407,151221
11408,141338
11409,131350
11410,121539
11411,111837
11412,102283
11413,92726
11414,1135172
11415,1125401
11416,1116387
11417,1106560
11418,1098341
11419,1088466
11420,1078633
11421,1068714
11422,1058775
11423,1048867
11424,1038919
11425,1029023
11426,1019452
11427,1009824
11428,1000165
11429,990569
11430,980877
11431,972910
11432,964086
11433,954406
11434,944806
11435,935257
11436,925716
11437,916028
11438,906335
11439,896666
11440,892933
11441,883131
11442,873283
11443,863369
11444,853477
11445,843628
11446,833730
11447,823835
11448,813903
11449,803950
11450,794036
11451,784086
11452,761677
11453,761248
11454,754288
11455,744346
11456,734422
11457,726650
11458,717094
11459,707428
11460,697702
11461,688005
11462,678397
11463,668641
11464,661409
11465,651515
11466,641572
11467,631628
11468,621723
11469,612927
11470,603359
11471,593747
11472,584102
11473,574660
11474,565063
11475,555402
11476,545756
11477,536146
11478,526434
11479,516715
11480,511116
11481,501219
11482,491335
11483,481475
11484,471580
11485,461684
11486,451793
11487,441947
11488,432041
11489,422384
11490,412748
11491,403093
11492,393400
11493,383671
11494,374057
11495,366166
11496,357244
11497,347611
11498,337914
11499,328194
11500,318522
11501,308931
11502,298135
11503,289673
11504,280067
11505,270489
11506,260902
11507,251305
11508,243362
11509,233637
11510,224056
11511,214306
11512,205258
11513,195594
11514,185992
11515,176291
11516,166643
11517,156862
11518,147202
11519,141420
11520,131541
11521,121665
11522,111770
11523,101882
11524,91941
11525,82055
11526,72165
11527,62257
11528,1105228
11529,1095381
11530,1085439
11531,1075579
11532,1065636
11533,1057543
11534,1047707
11535,1037853
11536,1027985
11537,1018664
11538,1009166
11539,999509
11540,989974
11541,980299
11542,970704
11543,961164
11544,952367
11545,942807
11546,935224
11547,925684
11548,916111
11549,906569
11550,897011
11551,887151
11552,877313
11553,867729
11554,858228
11555,848694
11556,839079
11557,829542
11558,825167
11559,816206
11560,806315
11561,796459
11562,786554
11563,776615
11564,766728
11565,756814
11566,749445
11567,739582
11568,729648
11569,719703
11570,709804
11571,699859
11572,689971
11573,680540
11574,670894
11575,661317
11576,652445
11577,642938
11578,633420
11579,623865
11580,614334
11581,604817
11582,595234
11583,585629
11584,576007
11585,568466
11586,558793
11587,549100
11588,539572
11589,529901
11590,520281
11591,510690
11592,501670
11593,491946
11594,482313
11595,472603
11596,462956
11597,457189
11598,447302
11599,437449
11600,427579
11601,417667
11602,407761
11603,397876
11604,387977
11605,378085
11606,368510
11607,358785
11608,349862
11609,340271
11610,332408
11611,322774
11612,313297
11613,303683
11614,294069
11615,284451
11616,274775
11617,265359
11618,255798
11619,246146
11620,236439
11621,226873
11622,217243
11623,209330
11624,200499
11625,190762
11626,181109
11627,171552
11628,161850
11629,152193
11630,142556
11631,132855
11632,123116
11633,113709
11634,104095
11635,94373
11636,86542
11637,80757
11638,71002
11639,1110729
11640,1101951
11641,1092112
11642,1082217
11643,1072359
11644,1062419
11645,1052513
11646,1042623
11647,1032737
11648,1022848
11649,1014935
11650,1005246
11651,995740
11652,986054
11653,976412
11654,966867
11655,957284
11656,948319
11657,938742
11658,929008
11659,919509
11660,909897
11661,901962
11662,892398
11663,882822
11664,873124
11665,863763
11666,854129
11667,844453
11668,834811
11669,827326
11670,817380
11671,807434
11672,797547
11673,787603
11674,779322
11675,774571
11676,764684
11677,754798
11678,744932
11679,734988
11680,725044
11681,715195
11682,705248
11683,695314
11684,685367
11685,675429
11686,665476
11687,655820
11688,646805
11689,637267
11690,627558
11691,618004
11692,608297
11693,598767
11694,589159
11695,579578
11696,569970
11697,560423
11698,550750
11699,541111
11700,533194
11701,523647
11702,514022
11703,504320
11704,495431
11705,485830
11706,476146
11707,466424
11708,456840
11709,447122
11710,437419
11711,427723
11712,417989
11713,410334
11714,400726
11715,395268
11716,385430
11717,375615
11718,365728
11719,355824
11720,345935
11721,336035
11722,326112
11723,316221
11724,306278
11725,296433
11726,286869
11727,277213
11728,267449
11729,258032
11730,248400
11731,238786
11732,229073
11733,219348
11734,209716
11735,200093
11736,191102
11737,181476
11738,173540
11739,163958
11740,154371
11741,144769
11742,135072
11743,125406
11744,115788
11745,106203
11746,96608
11747,87011
11748,77257
11749,67715
11750,2953975
11751,2956087
11752,2957344
11753,2957445
11754,2962845
11755,2961391
11756,2951494
11757,2941613
11758,2931678
11759,2921818
11760,2911927
11761,2902020
11762,2892130
11763,2882222
11764,2872331
11765,2862455
11766,2852513
11767,2842640
11768,2832751
11769,2822837
11770,2812923
11771,2805649
11772,2795712
11773,2785834
11774,2775960
11775,2766019
11776,2756078
11777,2746198
11778,2736263
11779,2726329
11780,2716427
11781,2706481
11782,2696533
11783,2686628
11784,2676729
11785,2666832
11786,2656941
11787,2647038
11788,2637096
11789,2629193
11790,2619662
11791,2614308
11792,2604478
11793,2594622
11794,2584731
11795,2574856
11796,2564915
11797,2554998
11798,2545123
11799,2535175
11800,2525275
11801,2515376
11802,2506642
11803,2497141
11804,2487607
11805,2478038
11806,2468447
11807,2458803
11808,2449216
11809,2439758
11810,2430167
11811,2420441
11812,2410916
11813,2401226
11814,2391627
11815,2383766
11816,2374922
11817,2365337
11818,2355721
11819,2346116
11820,2336625
11821,2326980
11822,2317380
11823,2307770
11824,2298102
11825,2288659
11826,2279102
11827,2273667
11828,2263818
11829,2253940
11830,2244050
11831,2234157
11832,2224447
11833,2214904
11834,2205217
11835,2195517
11836,2185926
11837,2176325
11838,2166797
11839,2157243
11840,2147655
11841,2139982
11842,2130434
11843,2120752
11844,2111138
11845,2101664
11846,2092072
11847,2082468
11848,2073578
11849,2064011
11850,2054423
11851,2044799
11852,2035232
11853,2027086
11854,2017235
11855,2007382
11856,1997830
11857,1988388
11858,1978774
11859,1969090
11860,1959441
11861,1949810
11862,1940179
11863,1930499
11864,1930805
11865,1920941
11866,1911051
11867,1901146
11868,1891197
11869,1881258
11870,1871385
11871,1861441
11872,1851490
11873,1844306
11874,1834369
11875,1824425
11876,1814546
11877,1804602
11878,1794672
11879,1784776
11880,1774883
11881,1764966
11882,1755070
11883,1745121
11884,1735182
11885,1725291
11886,1715340
11887,1705445
11888,1683659
11889,1683603
11890,1641665
11891,1641639
11892,1642568
11893,1642621
11894,1587703
11895,1587678
11896,1588505
11897,1588571
11898,1588533
11899,1588564
11900,1485930
11901,1485917
11902,1485992
11903,1486061
11904,1485958
11905,1485945
11906,1485903
11907,1485882
11908,1485872
11909,1485917
11910,1485891
11911,1467913
11912,1467906
11913,1460133
11914,1450238
11915,1440346
11916,1430387
11917,1420450
11918,1410543
11919,1400591
11920,1390672
11921,1380790
11922,1370842
11923,1360896
11924,1350991
11925,1341069
11926,1331129
11927,1321212
11928,1311278
11929,1301334
11930,1292995
11931,1283311
11932,1273701
11933,1264081
11934,1254381
11935,1244718
11936,1235161
11937,1229532
11938,1219681
11939,1209808
11940,1199914
11941,1190030
11942,1180166
11943,1170244
11944,1160821
11945,1151320
11946,1141759
11947,1132530
11948,1123018
11949,1113442
11950,1103801
11951,1094337
11952,1084775
11953,1075360
11954,1065830
11955,1056207
11956,1048449
11957,1038878
11958,1029238
11959,1019681
11960,1010738
11961,1001146
11962,991556
11963,981928
11964,972329
11965,962660
11966,953099
11967,943514
11968,934046
11969,926462
11970,916815
11971,907223
11972,897681
11973,888078
11974,883180
11975,875985
11976,866050
11977,856158
11978,846313
11979,836361
11980,826441
11981,816563
11982,806630
11983,796714
11984,786842
11985,776898
11986,766954
11987,757051
11988,747104
11989,737165
11990,727255
11991,717350
11992,708018
11993,698394
11994,690416
11995,680889
11996,671347
11997,661659
11998,652034
11999,642434
12000,632758
12001,623317
12002,613635
12003,603939
12004,594310
12005,584678
12006,575047
12007,567208
12008,558248
12009,548666
12010,539012
12011,529437
12012,519774
12013,510118
12014,504720
12015,494856
12016,484971
12017,475105
12018,465210
12019,455266
12020,445375
12021,435498
12022,425638
12023,416040
12024,407009
12025,397383
12026,387664
12027,378064
12028,368470
12029,358893
12030,349305
12031,339659
12032,330076
12033,322421
12034,312946
12035,303267
12036,293642
12037,283997
12038,274410
12039,264785
12040,255781
12041,246159
12042,236516
12043,226923
12044,217322
12045,209396
12046,199750
12047,190165
12048,180579
12049,171364
12050,1214338
12051,1204556
12052,1194672
12053,1189616
12054,1179723
12055,1169832
12056,1159974
12057,1150024
12058,1140108
12059,1130246
12060,1120293
12061,1110361
12062,1100472
12063,1090523
12064,1080590
12065,1070715
12066,1060836
12067,1050891
12068,1040998
12069,1031049
12070,1021117
12071,1012189
12072,1002352
12073,992486
12074,982603
12075,972706
12076,962762
12077,952859
12078,945205
12079,935305
12080,925447
12081,915497
12082,905562
12083,895639
12084,885688
12085,875763
12086,865913
12087,856340
12088,847453
12089,837846
12090,828242
12091,823274
12092,813403
12093,803510
12094,793568
12095,783693
12096,773815
12097,763954
12098,754230
12099,744582
12100,734940
12101,721468
12102,715741
12103,706118
12104,697251
12105,687660
12106,678051
12107,668429
12108,659029
12109,651537
12110,642023
12111,632356
12112,622758
12113,613376
12114,603805
12115,594217
12116,584626
12117,575091
12118,565562
12119,555943
12120,547073
12121,537551
12122,529730
12123,520135
12124,510552
12125,501139
12126,491603
12127,481942
12128,472358
12129,462989
12130,457950
12131,448160
12132,438298
12133,428405
12134,418513
12135,408616
12136,398671
12137,388773
12138,379115
12139,369537
12140,359994
12141,350402
12142,340869
12143,331365
12144,321836
12145,312286
12146,302805
12147,293096
12148,285446
12149,275908
12150,266187
12151,256743
12152,247831
12153,238272
12154,228694
12155,219042
12156,209423
12157,199782
12158,190191
12159,180631
12160,170932
12161,163174
12162,153487
12163,143874
12164,134284
12165,124682
12166,115151
12167,105528
12168,96489
12169,86778
12170,81312
12171,71461
12172,1110152
12173,1102976
12174,1093226
12175,1083349
12176,1073496
12177,1063625
12178,1053761
12179,1043898
12180,1034008
12181,1026522
12182,1016652
12183,1006705
12184,996794
12185,986865
12186,978105
12187,968702
12188,959213
12189,949787
12190,940374
12191,930864
12192,921232
12193,911874
12194,902434
12195,892770
12196,883352
12197,873798
12198,864217
12199,856364
12200,847726
12201,838296
12202,828695
12203,819058
12204,809441
12205,800015
12206,790570
12207,780943
12208,775599
12209,765787
12210,755935
12211,746060
12212,736160
12213,726301
12214,716410
12215,706519
12216,697474
12217,687773
12218,678185
12219,668569
12220,658881
12221,649319
12222,639636
12223,630047
12224,620482
12225,612957
12226,603480
12227,594035
12228,584506
12229,574967
12230,565431
12231,555923
12232,547061
12233,537522
12234,528023
12235,518409
12236,508959
12237,501079
12238,491572
12239,482072
12240,472658
12241,463265
12242,453677
12243,444061
12244,434423
12245,424899
12246,415199
12247,405671
12248,400385
12249,390522
12250,380658
12251,370764
12252,360850
12253,351137
12254,341672
12255,332161
12256,322685
12257,313448
12258,303831
12259,294152
12260,284659
12261,275082
12262,265454
12263,257679
12264,248839
12265,239322
12266,229672
12267,220110
12268,210608
12269,201090
12270,191571
12271,182105
12272,172594
12273,163164
12274,153636
12275,144093
12276,136288
12277,126710
12278,117220
12279,107585
12280,98816
12281,89137
12282,79671
12283,1122191
12284,1112410
12285,1102463
12286,1092563
12287,1087409
12288,1077526
12289,1067631
12290,1057766
12291,1047821
12292,1037873
12293,1028024
12294,1018068
12295,1008139
12296,998202
12297,988259
12298,978317
12299,968422
12300,958474
12301,949811
12302,940252
12303,930628
12304,921025
12305,911651
12306,901984
12307,892419
12308,882804
12309,873159
12310,863439
12311,853844
12312,844694
12313,835020
12314,827212
12315,817602
12316,807904
12317,798322
12318,788568
12319,778997
12320,769344
12321,759935
12322,750185
12323,740610
12324,730910
12325,721232
12326,715912
12327,706022
12328,696162
12329,686299
12330,676398
12331,666501
12332,656623
12333,646707
12334,636815
12335,626963
12336,617157
12337,607775
12338,598243
12339,588622
12340,580704
12341,571062
12342,561396
12343,551762
12344,542822
12345,533126
12346,523448
12347,513737
12348,504066
12349,494388
12350,484838
12351,474982
12352,465081
12353,457241
12354,447557
12355,437955
12356,428324
12357,418591
12358,408923
12359,399342
12360,390239
12361,380646
12362,370988
12363,361349
12364,351654
12365,346151
12366,336255
12367,326401
12368,316539
12369,306577
12370,296663
12371,286785
12372,276867
12373,266927
12374,257025
12375,247076
12376,237833
12377,228272
12378,220356
12379,210693
12380,201073
12381,191453
12382,181772
12383,172109
12384,162539
12385,153108
12386,145947
12387,136010
12388,126072
12389,116167
12390,106249
12391,96687
12392,87963
12393,78297
12394,68754
12395,1111581
12396,1101694
12397,1091819
12398,1081936
12399,1072039
12400,1062093
12401,1052271
12402,1042405
12403,1032508
12404,1027440
12405,1017551
12406,1007674
12407,997794
12408,987895
12409,977988
12410,968098
12411,958192
12412,948264
12413,938367
12414,928422
12415,918477
12416,908611
12417,900754
12418,891111
12419,881479
12420,871836
12421,862171
12422,852576
12423,842891
12424,833867
12425,824186
12426,814460
12427,804720
12428,795043
12429,787117
12430,777467
12431,767861
12432,758110
12433,748664
12434,739086
12435,729362
12436,719751
12437,710058
12438,700370
12439,690707
12440,681720
12441,672075
12442,665112
12443,659622
12444,649774
12445,639924
12446,630049
12447,620152
12448,610221
12449,600354
12450,590492
12451,580531
12452,570643
12453,560683
12454,550743
12455,541079
12456,532097
12457,522529
12458,512870
12459,503143
12460,493412
12461,483826
12462,474105
12463,464415
12464,454803
12465,445299
12466,435647
12467,426039
12468,418025
12469,408308
12470,398737
12471,389002
12472,379979
12473,370377
12474,360701
12475,350978
12476,341329
12477,331564
12478,321886
12479,312260
12480,302595
12481,294872
12482,285287
12483,279657
12484,269777
12485,259922
12486,250030
12487,240120
12488,232687
12489,222747
12490,212817
12491,202922
12492,192970
12493,183025
12494,173163
12495,163243
12496,153296
12497,143400
12498,133443
12499,123495
12500,113593
12501,103677
12502,93733
12503,84027
12504,75032
12505,65445
12506,1109683
12507,1100002
12508,1090112
12509,1080230
12510,1070316
12511,1060371
12512,1050489
12513,1040530
12514,1030645
12515,1020996
12516,1011523
12517,1001970
12518,992334
12519,984554
12520,975672
12521,971074
12522,961245
12523,951387
12524,941544
12525,931638
12526,921703
12527,911857
12528,901955
12529,892019
12530,882126
12531,872212
12532,862301
12533,852416
12534,842743
12535,833035
12536,824052
12537,814311
12538,804638
12539,794955
12540,785220
12541,775568
12542,765961
12543,756243
12544,746551
12545,738850
12546,729136
12547,719421
12548,709809
12549,700053
12550,690434
12551,680831
12552,671717
12553,662017
12554,652355
12555,642602
12556,632883
12557,625059
12558,615447
12559,605731
12560,596069
12561,590568
12562,580709
12563,570874
12564,560926
12565,551040
12566,541167
12567,531216
12568,521279
12569,511387
12570,501673
12571,492071
12572,482483
12573,472721
12574,463030
12575,453342
12576,443655
12577,434171
12578,424464
12579,414745
12580,405071
12581,395432
12582,385733
12583,377750
12584,368819
12585,359192
12586,349452
12587,339842
12588,330099
12589,320386
12590,313153
12591,303207
12592,293268
12593,283359
12594,273447
12595,263504
12596,254586
12597,244848
12598,235164
12599,225567
12600,220022
12601,210134
12602,200253
12603,190358
12604,180414
12605,170530
12606,160570
12607,150631
12608,140733
12609,131836
12610,122233
12611,112577
12612,102899
12613,93191
12614,83502
12615,73761
12616,64858
12617,1107317
12618,1097486
12619,1087585
12620,1077703
12621,1069544
12622,1059751
12623,1049862
12624,1039977
12625,1030089
12626,1020390
12627,1010705
12628,1001101
12629,991520
12630,981934
12631,972417
12632,963597
12633,953886
12634,946144
12635,936509
12636,926911
12637,917274
12638,907730
12639,902912
12640,893052
12641,883184
12642,873242
12643,863340
12644,853462
12645,843566
12646,833667
12647,823779
12648,814136
12649,804640
12650,795010
12651,785405
12652,775969
12653,766443
12654,756778
12655,747126
12656,737523
12657,728004
12658,718300
12659,708701
12660,700749
12661,691117
12662,681561
12663,671914
12664,662851
12665,653225
12666,643575
12667,633919
12668,624258
12669,614548
12670,604835
12671,595279
12672,585465
12673,577752
12674,568055
12675,558354
12676,548642
12677,539048
12678,533712
12679,523831
12680,513970
12681,504070
12682,494181
12683,484307
12684,474429
12685,464685
12686,455073
12687,445442
12688,435686
12689,426264
12690,416647
12691,407104
12692,400048
12693,390097
12694,380163
12695,370279
12696,360337
12697,350397
12698,341708
12699,331996
12700,322385
12701,312780
12702,303157
12703,293524
12704,283930
12705,274509
12706,264788
12707,255142
12708,245385
12709,235719
12710,226106
12711,218255
12712,209226
12713,199554
12714,189833
12715,180190
12716,170451
12717,160859
12718,139143
12719,139158
12720,135634
12721,125737
12722,115849
12723,105930
12724,96025
12725,86173
12726,76251
12727,66348
12728,1109226
12729,1099474
12730,1089598
12731,1079744
12732,1069790
12733,1059894
12734,1050033
12735,1040083
12736,1030142
12737,1022538
12738,1012974
12739,1003403
12740,993810
12741,984228
12742,974558
12743,965007
12744,956055
12745,946405
12746,936847
12747,927136
12748,912546
12749,909929
12750,900278
12751,890421
12752,880557
12753,871086
12754,861435
12755,851872
12756,847644
12757,837762
12758,827923
12759,818016
12760,808109
12761,798231
12762,788321
12763,778420
12764,768553
12765,758647
12766,748752
12767,738878
12768,728971
12769,719070
12770,709193
12771,699289
12772,689402
12773,679505
12774,669600
12775,659851
12776,650984
12777,641045
12778,631336
12779,621727
12780,612005
12781,602340
12782,592861
12783,583109
12784,573459
12785,564025
12786,554390
12787,544765
12788,536894
12789,527273
12790,517561
12791,507968
12792,498964
12793,489321
12794,479652
12795,472294
12796,466994
12797,457105
12798,447166
12799,437231
12800,427350
12801,417393
12802,407487
12803,397616
12804,387728
12805,377788
12806,367877
12807,357936
12808,347990
12809,338104
12810,328151
12811,318220
12812,308305
12813,299682
12814,289870
12815,279980
12816,270063
12817,260346
12818,250809
12819,241111
12820,231545
12821,221860
12822,212179
12823,202509
12824,193544
12825,183830
12826,175875
12827,166233
12828,156494
12829,146984
12830,137323
12831,127595
12832,117976
12833,108579
12834,98836
12835,93403
12836,83601
12837,73714
12838,63828
12839,1104563
12840,1095657
12841,1085740
12842,1075872
12843,1065971
12844,1056074
12845,1046174
12846,1036265
12847,1026327
12848,1016437
12849,1007104
12850,997421
12851,987879
12852,981911
12853,972368
12854,962795
12855,953112
12856,944203
12857,934583
12858,924978
12859,915445
12860,905707
12861,896201
12862,886553
12863,877005
12864,867373
12865,859744
12866,850198
12867,840655
12868,831115
12869,821607
12870,811999
12871,802466
12872,793647
12873,783978
12874,779575
12875,769776
12876,759871
12877,749977
12878,740104
12879,730215
12880,720321
12881,710448
12882,700493
12883,690606
12884,680711
12885,670809
12886,660935
12887,651035
12888,641854
12889,632232
12890,608434
12891,608440
12892,569206
12893,569232
12894,569197
12895,569216
12896,490239
12897,490362
12898,492800
12899,492827
12900,492844
12901,492838
12902,492865
12903,492852
12904,478153
12905,478527
12906,469946
12907,460243
12908,450626
12909,440999
12910,431399
12911,421796
12912,412159
12913,402734
12914,396952
12915,387083
12916,377175
12917,367304
12918,357407
12919,347447
12920,337597
12921,327745
12922,318119
12923,308533
12924,298887
12925,289287
12926,279716
12927,270020
12928,260440
12929,252831
12930,243229
12931,233495
12932,223852
12933,214249
12934,204605
12935,195096
12936,186034
12937,176403
12938,166796
12939,157136
12940,147447
12941,139497
12942,129774
12943,120099
12944,110502
12945,100954
12946,91226
12947,81639
12948,71973
12949,1114446
12950,1104869
12951,1094970
12952,1086113
12953,1081041
12954,1071170
12955,1061285
12956,1051427
12957,1041561
12958,1031680
12959,1021852
12960,1011952
12961,1002007
12962,992116
12963,982187
12964,972245
12965,962368
12966,952428
12967,943332
12968,934428
12969,924846
12970,915140
12971,905614
12972,895916
12973,886406
12974,876781
12975,867122
12976,857561
12977,848074
12978,838643
12979,829089
12980,821215
12981,811627
12982,802049
12983,792415
12984,783498
12985,773916
12986,764291
12987,754702
12988,745059
12989,735396
12990,725671
12991,716108
12992,710516
12993,700689
12994,690821
12995,680982
12996,671099
12997,661158
12998,651278
12999,641381
13000,633872
13001,623976
13002,614033
13003,604091
13004,594188
13005,585220
13006,575673
13007,565987
13008,556368
13009,546985
13010,537404
13011,527745
13012,518134
13013,508501
13014,498828
13015,489240
13016,480173
13017,470510
13018,462717
13019,453137
13020,443431
13021,433663
13022,424002
13023,414356
13024,404648
13025,395141
13026,385433
13027,375742
13028,366043
13029,356387
13030,346778
13031,341358
13032,331513
13033,321644
13034,311762
13035,301856
13036,291910
13037,282018
13038,272097
13039,262143
13040,252283
13041,242793
13042,233103
13043,223517
13044,215496
13045,205772
13046,196244
13047,186622
13048,177607
13049,167915
13050,158247
13051,148650
13052,139018
13053,129401
13054,119757
13055,110041
13056,100464
13057,92805
13058,83097
13059,73575
13060,64026
13061,1142434
13062,1132626
13063,1122741
13064,1113813
13065,1103959
13066,1094069
13067,1084184
13068,1074251
13069,1066117
13070,1061071
13071,1051193
13072,1041291
13073,1031429
13074,1021499
13075,1011562
13076,1001693
13077,991760
13078,981821
13079,971906
13080,961990
13081,952040
13082,943650
13083,933996
13084,924361
13085,914821
13086,905304
13087,895711
13088,886172
13089,876836
13090,867300
13091,857699
13092,848185
13093,838651
13094,828969
13095,821149
13096,812210
13097,802604
13098,792930
13099,783288
13100,773655
13101,764085
13102,756812
13103,746940
13104,737009
13105,727059
13106,717167
13107,707221
13108,698181
13109,699606
13110,689751
13111,679858
13112,669964
13113,660025
13114,650091
13115,640191
13116,630258
13117,620319
13118,610397
13119,600467
13120,590543
13121,580652
13122,570753
13123,560839
13124,550956
13125,541021
13126,531112
13127,521210
13128,511310
13129,501364
13130,491463
13131,481569
13132,471625
13133,461772
13134,452079
13135,442420
13136,432794
13137,423402
13138,413682
13139,404017
13140,394331
13141,384586
13142,374930
13143,365212
13144,356286
13145,346708
13146,338719
13147,329020
13148,330374
13149,320457
13150,310609
13151,300699
13152,290752
13153,280844
13154,270960
13155,261026
13156,251133
13157,241223
13158,231326
13159,221432
13160,211560
13161,201640
13162,191715
13163,181815
13164,171876
13165,161950
13166,152035
13167,142111
13168,132182
13169,122270
13170,112343
13171,102400
13172,1143141
13173,1133360
13174,1123548
13175,1113720
13176,1104448
13177,1094560
13178,1084662
13179,1074815
13180,1064867
13181,1055000
13182,1045132
13183,1035241
13184,1025334
13185,1017331
13186,1012353
13187,1002513
13188,992661
13189,982740
13190,972856
13191,962954
13192,953048
13193,943167
13194,933239
13195,923290
13196,913372
13197,904054
13198,894531
13199,884925
13200,875200
13201,865823
13202,856216
13203,846630
13204,836919
13205,829877
13206,819953
13207,810004
13208,800059
13209,790122
13210,781339
13211,771737
13212,762131
13213,752492
13214,742899
13215,733358
13216,723805
13217,714446
13218,704780
13219,695084
13220,685584
13221,675888
13222,666249
13223,658415
13224,649478
13225,639962
13226,634754
13227,624902
13228,615069
13229,605193
13230,595300
13231,585405
13232,575531
13233,565624
13234,555680
13235,545731
13236,535846
13237,525907
13238,516308
13239,506614
13240,497643
13241,488085
13242,478432
13243,468711
13244,459299
13245,449629
13246,439982
13247,430305
13248,420708
13249,413039
13250,403465
13251,393758
13252,384112
13253,374528
13254,364855
13255,355184
13256,346247
13257,336544
13258,326828
13259,317198
13260,307516
13261,299537
13262,289952
13263,280346
13264,270724
13265,265945
13266,256127
13267,246261
13268,236388
13269,226535
13270,216622
13271,206752
13272,196852
13273,186898
13274,176940
13275,167052
13276,157133
13277,147381
13278,137769
13279,128100
13280,118396
13281,108967
13282,99203
13283,89589
13284,79816
13285,70228
13286,1112727
13287,1105001
13288,1096177
13289,1086355
13290,1076417
13291,1066528
13292,1056632
13293,1046801
13294,1036898
13295,1027063
13296,1017133
13297,1007688
13298,998032
13299,988417
13300,980602
13301,971072
13302,961373
13303,951890
13304,946944
13305,937116
13306,927228
13307,919815
13308,909885
13309,899956
13310,890046
13311,880108
13312,870165
13313,860306
13314,850410
13315,840462
13316,830568
13317,820641
13318,810696
13319,801149
13320,792243
13321,782553
13322,772919
13323,763223
13324,753662
13325,745838
13326,736262
13327,726575
13328,717022
13329,707514
13330,697915
13331,688284
13332,678659
13333,669013
13334,659358
13335,649692
13336,640672
13337,631047
13338,623095
13339,613531
13340,603908
13341,594293
13342,584747
13343,579414
13344,569571
13345,559715
13346,549824
13347,539927
13348,530042
13349,520143
13350,510242
13351,500350
13352,490905
13353,481203
13354,471622
13355,462002
13356,452425
13357,442831
13358,433178
13359,423539
13360,413935
13361,404571
13362,394958
13363,385353
13364,378406
13365,368706
13366,359095
13367,349391
13368,340424
13369,330676
13370,321100
13371,311367
13372,301776
13373,292225
13374,282492
13375,272820
13376,263165
13377,255360
13378,245762
13379,236104
13380,226493
13381,216825
13382,207217
13383,201703
13384,191828
13385,182011
13386,172118
13387,162170
13388,152273
13389,142366
13390,132411
13391,122612
13392,112668
13393,103043
13394,93416
13395,83771
13396,74356
13397,1116733
13398,1107273
13399,1097454
13400,1088701
13401,1078830
13402,1070799
13403,1061144
13404,1051288
13405,1041385
13406,1031481
13407,1021890
13408,1012314
13409,1005297
13410,995412
13411,985479
13412,975595
13413,965657
13414,955715
13415,947312
13416,938408
13417,928782
13418,919308
13419,909656
13420,900118
13421,895541
13422,885656
13423,875793
13424,865926
13425,855991
13426,846059
13427,836192
13428,826264
13429,816312
13430,806368
13431,796474
13432,787550
13433,777974
13434,768456
13435,758883
13436,749319
13437,739764
13438,730244
13439,720670
13440,711093
13441,704335
13442,694756
13443,685230
13444,675676
13445,666067
13446,656553
13447,647027
13448,638232
13449,628726
13450,618200
13451,609579
13452,599943
13453,592125
13454,582622
13455,572976
13456,563326
13457,553971
13458,544288
13459,534696
13460,525118
13461,519829
13462,509940
13463,500095
13464,490214
13465,480265
13466,470410
13467,460486
13468,450542
13469,440855
13470,431314
13471,421637
13472,412088
13473,402660
13474,393140
13475,383516
13476,373849
13477,364164
13478,354527
13479,346723
13480,337784
13481,328162
13482,318533
13483,308988
13484,299272
13485,289672
13486,280151
13487,270489
13488,260918
13489,251481
13490,241873
13491,232303
13492,224483
13493,214886
13494,205266
13495,195650
13496,186732
13497,177088
13498,167369
13499,157785
13500,152281
13501,142413
13502,132598
13503,122699
13504,112793
13505,102898
13506,93012
13507,83110
13508,73202
13509,1115108
13510,1105328
13511,1097911
13512,1088042
13513,1078109
13514,1068203
13515,1058266
13516,1048320
13517,1039252
13518,1029401
13519,1019747
13520,1010272
13521,1000839
13522,991180
13523,981683
13524,972126
13525,962460
13526,952818
13527,943205
13528,934302
13529,924749
13530,916784
13531,907228
13532,897579
13533,887959
13534,878363
13535,868700
13536,859149
13537,849709
13538,840096
13539,835363
13540,825471
13541,815643
13542,805747
13543,795835
13544,785912
13545,776053
13546,766156
13547,756260
13548,746317
13549,736632
13550,727025
13551,717353
13552,707850
13553,698402
13554,688828
13555,679153
13556,671316
13557,661706
13558,651994
13559,642523
13560,633500
13561,623959
13562,614361
13563,604769
13564,595246
13565,585754
13566,576037
13567,566439
13568,556825
13569,549100
13570,539564
13571,530023
13572,520339
13573,510650
13574,501086
13575,491513
13576,482587
13577,473025
13578,467767
13579,457894
13580,448071
13581,438184
13582,428235
13583,418351
13584,408474
13585,398579
13586,388710
13587,378774
13588,368876
13589,359109
13590,349508
13591,339837
13592,330909
13593,321338
13594,313408
13595,303781
13596,294170
13597,284473
13598,274886
13599,265245
13600,255671
13601,246258
13602,236543
13603,226896
13604,217264
13605,207600
13606,197875
13607,190034
13608,181065
13609,171385
13610,161787
13611,152161
13612,142418
13613,132780
13614,125607
13615,115733
13616,105847
13617,100422
13618,90522
13619,80627
13620,70691
13621,1109784
13622,1099999
13623,1090126
13624,1081185
13625,1071342
13626,1061446
13627,1051552
13628,1041648
13629,1031717
13630,1021777
13631,1012250
13632,1002699
13633,995130
13634,985536
13635,975851
13636,966357
13637,956817
13638,947175
13639,937522
13640,928606
13641,918930
13642,909380
13643,899814
13644,890200
13645,882399
13646,872780
13647,863166
13648,853587
13649,844158
13650,834478
13651,824531
13652,814953
13653,805344
13654,795682
13655,786217
13656,781448
13657,771603
13658,761793
13659,751886
13660,741978
13661,732153
13662,722261
13663,712313
13664,702618
13665,693278
13666,683687
13667,674084
13668,664542
13669,654934
13670,645349
13671,637583
13672,628699
13673,619046
13674,609419
13675,599743
13676,590179
13677,580581
13678,570906
13679,561325
13680,551803
13681,542334
13682,532767
13683,523162
13684,515360
13685,505756
13686,496090
13687,486574
13688,477741
13689,468118
13690,458578
13691,449019
13692,439465
13693,429743
13694,420136
13695,415058
13696,405187
13697,395345
13698,385452
13699,375497
13700,365600
13701,355716
13702,345755
13703,335852
13704,326631
13705,317116
13706,307505
13707,297895
13708,288225
13709,280377
13710,270818
13711,261141
13712,251597
13713,242119
13714,232512
13715,222896
13716,213192
13717,206308
13718,196409
13719,178574
13720,176520
13721,166619
13722,157563
13723,147940
13724,138386
13725,128681
13726,119025
13727,109320
13728,99653
13729,90173
13730,80608
13731,70975
13732,1113607
13733,1103824
13734,1093939
13735,1089826
13736,1079995
13737,1070060
13738,1060120
13739,1050216
13740,1040285
13741,1030340
13742,1020437
13743,1010553
13744,1000609
13745,990701
13746,980802
13747,970852
13748,957855
13749,952553
13750,943081
13751,933508
13752,924616
13753,915031
13754,905467
13755,895885
13756,886444
13757,876654
13758,867079
13759,857447
13760,847881
13761,840440
13762,830896
13763,821333
13764,811647
13765,802243
13766,792628
13767,782980
13768,774071
13769,764451
13770,754777
13771,745168
13772,735582
13773,727877
13774,722624
13775,712766
13776,702931
13777,693038
13778,683165
13779,673265
13780,663356
13781,653466
13782,643532
13783,633570
13784,623688
13785,613740
13786,605522
13787,595963
13788,586416
13789,576729
13790,567123
13791,557616
13792,547979
13793,538549
13794,528961
13795,519327
13796,509780
13797,500053
13798,490463
13799,482655
13800,473701
13801,464045
13802,454454
13803,444768
13804,435110
13805,425521
13806,416040
13807,406410
13808,396915
13809,387146
13810,377238
13811,367378
13812,359341
13813,354194
13814,344338
13815,334462
13816,324547
13817,314645
13818,304735
13819,297356
13820,287460
13821,277534
13822,267613
13823,257755
13824,247852
13825,237946
13826,228079
13827,218136
13828,208176
13829,198280
13830,188338
13831,178425
13832,168524
13833,158555
13834,148689
13835,138775
13836,129072
13837,121098
13838,111515
13839,101789
13840,92117
13841,82676
13842,73021
13843,63676
13844,1061309
13845,1051349
13846,1041662
13847,1031882
13848,1022569
13849,1012718
13850,1004640
13851,994811
13852,990910
13853,981142
13854,971270
13855,961333
13856,951445
13857,941550
13858,931606
13859,921713
13860,911784
13861,901834
13862,891935
13863,881994
13864,872050
13865,862151
13866,852213
13867,842284
13868,832384
13869,822482
13870,812767
13871,803130
13872,793446
13873,784033
13874,774393
13875,764724
13876,756783
13877,747133
13878,737470
13879,727810
13880,725243
13881,715757
13882,706104
13883,696540
13884,686829
13885,677142
13886,667501
13887,657938
13888,648192
13889,639255
13890,614367
13891,619086
13892,583592
13893,583586
13894,583578
13895,583627
13896,515121
13897,515115
13898,515148
13899,515071
13900,515057
13901,515092
13902,515108
13903,499898
13904,497422
13905,487477
13906,477540
13907,467650
13908,457713
13909,447816
13910,437909
13911,428048
13912,419111
13913,409515
13914,401556
13915,391959
13916,382364
13917,372665
13918,362950
13919,353474
13920,343826
13921,334391
13922,326917
13923,316969
13924,307043
13925,297137
13926,287199
13927,277902
13928,268885
13929,259182
13930,249450
13931,244066
13932,234189
13933,224293
13934,214390
13935,204502
13936,194601
13937,184689
13938,174744
13939,164816
13940,154933
13941,144990
13942,135262
13943,125545
13944,116526
13945,106912
13946,97301
13947,87642
13948,77878
13949,68321
13950,1110591
13951,1100924
13952,1091097
13953,1083566
13954,1073680
13955,1063865
13956,1053989
13957,1044081
13958,1034183
13959,1024285
13960,1015008
13961,1005140
13962,995240
13963,985580
13964,975874
13965,968113
13966,958573
13967,948950
13968,939341
13969,929731
13970,925618
13971,915757
13972,905880
13973,896030
13974,886118
13975,876176
13976,866287
13977,856354
13978,846402
13979,836496
13980,826558
13981,816615
13982,806701
13983,796765
13984,787059
13985,777586
13986,767886
13987,758262
13988,748621
13989,739049
13990,729480
13991,721563
13992,712539
13993,702846
13994,693145
13995,683518
13996,673894
13997,664209
13998,654583
13999,644850
14000,635247
14001,625717
14002,615993
14003,606360
14004,598531
14005,588863
14006,579241
14007,569577
14008,560599
14009,555343
14010,545531
14011,535653
14012,525785
14013,515892
14014,505986
14015,496098
14016,486199
14017,476263
14018,466343
14019,456462
14020,446514
14021,436644
14022,426986
14023,417319
14024,410067
14025,400132
14026,390191
14027,380291
14028,370358
14029,361411
14030,351740
14031,342058
14032,332391
14033,322899
14034,313281
14035,303538
14036,293849
14037,284190
14038,274476
14039,264913
14040,255908
14041,246198
14042,239049
14043,229365
14044,219749
14045,209995
14046,200372
14047,190722
14048,185297
14049,175442
14050,165526
14051,155675
14052,145723
14053,135795
14054,126035
14055,116090
14056,106180
14057,96656
14058,86977
14059,77203
14060,67726
14061,1110136
14062,1100317
14063,1090441
14064,1080554
14065,1070873
14066,1061008
14067,1051106
14068,1042981
14069,1033128
14070,1023200
14071,1013278
14072,1004270
14073,994597
14074,985052
14075,975407
14076,965834
14077,956201
14078,946608
14079,936970
14080,927274
14081,919565
14082,909883
14083,900287
14084,890654
14085,880995
14086,871383
14087,867178
14088,857318
14089,847434
14090,837582
14091,827654
14092,817705
14093,807827
14094,797927
14095,788013
14096,778124
14097,768181
14098,758266
14099,748376
14100,738475
14101,728565
14102,718912
14103,709179
14104,700169
14105,690523
14106,682548
14107,672847
14108,663247
14109,653537
14110,643911
14111,634201
14112,624551
14113,615042
14114,605350
14115,595776
14116,586037
14117,576470
14118,566872
14119,559692
14120,550778
14121,541159
14122,531456
14123,521901
14124,512231
14125,502617
14126,495248
14127,490177
14128,480238
14129,470350
14130,460417
14131,450529
14132,440631
14133,430725
14134,420814
14135,410932
14136,400983
14137,391090
14138,381190
14139,371295
14140,361372
14141,351460
14142,341523
14143,331613
14144,321709
14145,313467
14146,303777
14147,294119
14148,284420
14149,274787
14150,265186
14151,255291
14152,246165
14153,236501
14154,226884
14155,217166
14156,207522
14157,199636
14158,189979
14159,180348
14160,170695
14161,161222
14162,151497
14163,141785
14164,132110
14165,122504
14166,117304
14167,107422
14168,97541
14169,87663
14170,77747
14171,67855
14172,1109340
14173,1099556
14174,1089720
14175,1079814
14176,1069865
14177,1059983
14178,1050111
14179,1040164
14180,1030272
14181,1020365
14182,1010478
14183,1002514
14184,993621
14185,983717
14186,973822
14187,964051
14188,954482
14189,944888
14190,935292
14191,925748
14192,916144
14193,906681
14194,897069
14195,887492
14196,879591
14197,869949
14198,860331
14199,850603
14200,841593
14201,832014
14202,822305
14203,812713
14204,803014
14205,799253
14206,789379
14207,779523
14208,769556
14209,759735
14210,749873
14211,740001
14212,730093
14213,720213
14214,710300
14215,700412
14216,690550
14217,680603
14218,670709
14219,660827
14220,651099
14221,643423
14222,633800
14223,624061
14224,614405
14225,604990
14226,595344
14227,585737
14228,578808
14229,568920
14230,558976
14231,549058
14232,539117
14233,529093
14234,520255
14235,510536
14236,500858
14237,491232
14238,481649
14239,471918
14240,462325
14241,452864
14242,443150
14243,433547
14244,428553
14245,418621
14246,408763
14247,398872
14248,388978
14249,379082
14250,369137
14251,359178
14252,349274
14253,339379
14254,329469
14255,319582
14256,309986
14257,300532
14258,290968
14259,281336
14260,273464
14261,263747
14262,254175
14263,244476
14264,235510
14265,225861
14266,216264
14267,206547
14268,196909
14269,187281
14270,177678
14271,167912
14272,158351
14273,150877
14274,141213
14275,131487
14276,121896
14277,112136
14278,102366
14279,92822
14280,83729
14281,74029
14282,64568
14283,1107361
14284,1103668
14285,1093821
14286,1083888
14287,1073960
14288,1064057
14289,1054125
14290,1044173
14291,1034283
14292,1024339
14293,1014400
14294,1004511
14295,994574
14296,984630
14297,974725
14298,966504
14299,956925
14300,947321
14301,937738
14302,928234
14303,918619
14304,908942
14305,899798
14306,890377
14307,880721
14308,871049
14309,861630
14310,852045
14311,844317
14312,835559
14313,826116
14314,816525
14315,806905
14316,797252
14317,787620
14318,777954
14319,768312
14320,758635
14321,749249
14322,744624
14323,734804
14324,724981
14325,715166
14326,705266
14327,695393
14328,685493
14329,675588
14330,665699
14331,658145
14332,648195
14333,638310
14334,628358
14335,618443
14336,608543
14337,598945
14338,589303
14339,579667
14340,570010
14341,560271
14342,550731
14343,541120
14344,532132
14345,522474
14346,512861
14347,503211
14348,493552
14349,485805
14350,476194
14351,466518
14352,456877
14353,447625
14354,438034
14355,428339
14356,418714
14357,409109
14358,399491
14359,389803
14360,380783
14361,371032
14362,369660
14363,359961
14364,350110
14365,340211
14366,330327
14367,320426
14368,310531
14369,300619
14370,290720
14371,280798
14372,270917
14373,261002
14374,251056
14375,241210
14376,231276
14377,221377
14378,211736
14379,202179
14380,192494
14381,182850
14382,173251
14383,163510
14384,153825
14385,144394
14386,134661
14387,124968
14388,117124
14389,107461
14390,97781
14391,88109
14392,79030
14393,69412
14394,1111935
14395,1102164
14396,1092211
14397,1082421
14398,1072503
14399,1062573
14400,1052730
14401,1047723
14402,1037865
14403,1027979
14404,1018071
14405,1008180
14406,998280
14407,988389
14408,978505
14409,968564
14410,958676
14411,949035
14412,939462
14413,931642
14414,922100
14415,912560
14416,902967
14417,893664
14418,884061
14419,874338
14420,864777
14421,855212
14422,845684
14423,836153
14424,827251
14425,817654
14426,809814
14427,800219
14428,790518
14429,780960
14430,771220
14431,761673
14432,752038
14433,742503
14434,735019
14435,725119
14436,715189
14437,705241
14438,695352
14439,686145
14440,678951
14441,669076
14442,659202
14443,649306
14444,639431
14445,629485
14446,619540
14447,609647
14448,599757
14449,589988
14450,580386
14451,570710
14452,562795
14453,553217
14454,543655
14455,533983
14456,524980
14457,515341
14458,505707
14459,496047
14460,486390
14461,476787
14462,467077
14463,457473
14464,447808
14465,440192
14466,430377
14467,420775
14468,411131
14469,401526
14470,391834
14471,382261
14472,373123
14473,363443
14474,353824
14475,344155
14476,334477
14477,327757
14478,318146
14479,310300
14480,300501
14481,290612
14482,280716
14483,270822
14484,260968
14485,251051
14486,241141
14487,231247
14488,222050
14489,212446
14490,204460
14491,194790
14492,185064
14493,175481
14494,165855
14495,156276
14496,146675
14497,137111
14498,127473
14499,117800
14500,108136
14501,98489
14502,88777
14503,80807
14504,71922
14505,1114667
14506,1104877
14507,1095005
14508,1085184
14509,1075397
14510,1065557
14511,1055748
14512,1045907
14513,1036037
14514,1026104
14515,1016194
14516,1008498
14517,998898
14518,992203
14519,982420
14520,972630
14521,962733
14522,952848
14523,942952
14524,933058
14525,923152
14526,913446
14527,903854
14528,894265
14529,886964
14530,877354
14531,867800
14532,858201
14533,848557
14534,838924
14535,829306
14536,822000
14537,812131
14538,802199
14539,792248
14540,782328
14541,773981
14542,764465
14543,754902
14544,745343
14545,735928
14546,726390
14547,716837
14548,707229
14549,697650
14550,687967
14551,678158
14552,669112
14553,659382
14554,651578
14555,641994
14556,632394
14557,625225
14558,615383
14559,605502
14560,595601
14561,585723
14562,575840
14563,565897
14564,555941
14565,546139
14566,536226
14567,528069
14568,519098
14569,509408
14570,499877
14571,490178
14572,480605
14573,471026
14574,461361
14575,451752
14576,442154
14577,432665
14578,422953
14579,413304
14580,405477
14581,395810
14582,386226
14583,376493
14584,367537
14585,357919
14586,348171
14587,338519
14588,328776
14589,319262
14590,309620
14591,299860
14592,290301
14593,282656
14594,272906
14595,263343
14596,253655
14597,246233
14598,236344
14599,226485
14600,216516
14601,206707
14602,196851
14603,186971
14604,177110
14605,169117
14606,159565
14607,149988
14608,140275
14609,130841
14610,122404
14611,112787
14612,103091
14613,93492
14614,83758
14615,74180
14616,65239
14617,1107845
14618,1099968
14619,1090208
14620,1080312
14621,1070469
14622,1060535
14623,1050589
14624,1040687
14625,1030871
14626,1020927
14627,1011251
14628,1001628
14629,991978
14630,982449
14631,974683
14632,965844
14633,956255
14634,946658
14635,940195
14636,930328
14637,920453
14638,912678
14639,902838
14640,892903
14641,882974
14642,873072
14643,863142
14644,853252
14645,843346
14646,833454
14647,823759
14648,814793
14649,805215
14650,795537
14651,785952
14652,776354
14653,766736
14654,757078
14655,747487
14656,737852
14657,730245
14658,720638
14659,710887
14660,701364
14661,691666
14662,682117
14663,672503
14664,663551
14665,654004
14666,644393
14667,634726
14668,625030
14669,617259
14670,607634
14671,598043
14672,588503
14673,578903
14674,569229
14675,561572
14676,551720
14677,541831
14678,531944
14679,522063
14680,512159
14681,502254
14682,494098
14683,484551
14684,474936
14685,465318
14686,455742
14687,446068
14688,436434
14689,427049
14690,417309
14691,407663
14692,398115
14693,388508
14694,378754
14695,371032
14696,362054
14697,352454
14698,342795
14699,333142
14700,323502
14701,313837
14702,304168
14703,294476
14704,284782
14705,275300
14706,265650
14707,255958
14708,248043
14709,238353
14710,228683
14711,218927
14712,209965
14713,200354
14714,192464
14715,182585
14716,172688
14717,162804
14718,152812
14719,125019
14720,125007
14721,125020
14722,115372
14723,105696
14724,96043
14725,86426
14726,76733
14727,67096
14728,1111498
14729,1101729
14730,1091860
14731,1081920
14732,1072015
14733,1063926
14734,1054062
14735,1044168
14736,1034259
14737,1024382
14738,1014863
14739,1005275
14740,995724
14741,988320
14742,978384
14743,968440
14744,958528
14745,948629
14746,940295
14747,930678
14748,921013
14749,911492
14750,901930
14751,884281
14752,882709
14753,877706
14754,867819
14755,857931
14756,848052
14757,838168
14758,828256
14759,818357
14760,808476
14761,798525
14762,788625
14763,778891
14764,769248
14765,759683
14766,750177
14767,740621
14768,731008
14769,721533
14770,711861
14771,702010
14772,693768
14773,683928
14774,674098
14775,664206
14776,655118
14777,645263
14778,635384
14779,625441
14780,615544
14781,605605
14782,595674
14783,585754
14784,575856
14785,567681
14786,557981
14787,548159
14788,538248
14789,528339
14790,518434
14791,508533
14792,500912
14793,491024
14794,481154
14795,471239
14796,461342
14797,453304
14798,443702
14799,434060
14800,424327
14801,415037
14802,405438
14803,395816
14804,386091
14805,376589
14806,366821
14807,357205
14808,348196
14809,338561
14810,330588
14811,321019
14812,311393
14813,301804
14814,292068
14815,282393
14816,272822
14817,263484
14818,253806
14819,244165
14820,234513
14821,224864
14822,215224
14823,207279
14824,198291
14825,188572
14826,178849
14827,169134
14828,159550
14829,149898
14830,140296
14831,130611
14832,122883
14833,113005
14834,103141
14835,93231
14836,84131
14837,74686
14838,65041
14839,1107779
14840,1121893
14841,1112047
14842,1102102
14843,1094569
14844,1084650
14845,1074702
14846,1064812
14847,1054871
14848,1044933
14849,1035040
14850,1025172
14851,1015690
14852,1006100
14853,996554
14854,987128
14855,977543
14856,968601
14857,958983
14858,949361
14859,939845
14860,930165
14861,922432
14862,912826
14863,903316
14864,893785
14865,884419
14866,874894
14867,865212
14868,855593
14869,846075
14870,839531
14871,829687
14872,819795
14873,809900
14874,800282
14875,790748
14876,781166
14877,771579
14878,762043
14879,752421
14880,742890
14881,733491
14882,724020
14883,714443
14884,704812
14885,695224
14886,685656
14887,678567
14888,669643
14889,656103
14890,629976
14891,630017
14892,630029
14893,592432
14894,592758
14895,592811
14896,591776
14897,515784
14898,515758
14899,515789
14900,517494
14901,517514
14902,517529
14903,517607
14904,502673
14905,502687
14906,496129
14907,486541
14908,477016
14909,467386
14910,459921
14911,450057
14912,440233
14913,430860
14914,421147
14915,411470
14916,401802
14917,392070
14918,382533
14919,372892
14920,363889
14921,354279
14922,344533
14923,334903
14924,325269
14925,317363
14926,307715
14927,298065
14928,288459
14929,278980
14930,269389
14931,259728
14932,250113
14933,240414
14934,230748
14935,221147
14936,212165
14937,202521
14938,194606
14939,184979
14940,175255
14941,165542
14942,155874
14943,146199
14944,136618
14945,129612
14946,119709
14947,109765
14948,99855
14949,92565
14950,1130772
14951,1123025
14952,1114285
14953,1104361
14954,1094493
14955,1084561
14956,1074619
14957,1064721
14958,1054839
14959,1044893
14960,1035005
14961,1025056
14962,1015353
14963,1005787
14964,998659
14965,989171
14966,979620
14967,969904
14968,961040
14969,951430
14970,941737
14971,932214
14972,922616
14973,912942
14974,903260
14975,893653
14976,883977
14977,876369
14978,866888
14979,857246
14980,847574
14981,838023
14982,828332
14983,818719
14984,809864
14985,800128
14986,790620
14987,780984
14988,774348
14989,764499
14990,754710
14991,744828
14992,734957
14993,725062
14994,715335
14995,705704
14996,696143
14997,686427
14998,676830
14999,667242
15000,658268
15001,648597
15002,640784
15003,631126
15004,621470
15005,611846
15006,602155
15007,592499
15008,583023
15009,573525
15010,563865
15011,554256
15012,544634
15013,534965
15014,525394
15015,517470
15016,508460
15017,498940
15018,489185
15019,479562
15020,469946
15021,460311
15022,450606
15023,441053
15024,431479
15025,422020
15026,412418
15027,404532
15028,394820
15029,385224
15030,375539
15031,365884
15032,356947
15033,347305
15034,337596
15035,327939
15036,318212
15037,308582
15038,298955
15039,289333
15040,279709
15041,272096
15042,262407
15043,252752
15044,243156
15045,233404
15046,223770
15047,216519
15048,206615
15049,196661
15050,186744
15051,176792
15052,166836
15053,158276
15054,148666
15055,138938
15056,129411
15057,119921
15058,110175
15059,100532
15060,90867
15061,81240
15062,71712
15063,1114061
15064,1105085
15065,1095257
15066,1088651
15067,1078786
15068,1068905
15069,1058977
15070,1049034
15071,1039145
15072,1029206
15073,1019262
15074,1009328
15075,999463
15076,989525
15077,979756
15078,970126
15079,962458
15080,953584
15081,943986
15082,934449
15083,924886
15084,915190
15085,905677
15086,895971
15087,886345
15088,876854
15089,867348
15090,857762
15091,848061
15092,840256
15093,830677
15094,821043
15095,811452
15096,802536
15097,792906
15098,783341
15099,773766
15100,764237
15101,754646
15102,745086
15103,735409
15104,725789
15105,718364
15106,708522
15107,698823
15108,689088
15109,679467
15110,669871
15111,660297
15112,651299
15113,641641
15114,631947
15115,622321
15116,612641
15117,604201
15118,594988
15119,585443
15120,575846
15121,566444
15122,556892
15123,547195
15124,537546
15125,528034
15126,518341
15127,508705
15128,499827
15129,490125
15130,482200
15131,472633
15132,462975
15133,453253
15134,443636
15135,433967
15136,424343
15137,414890
15138,405309
15139,395699
15140,386118
15141,376470
15142,366812
15143,358934
15144,351158
15145,341288
15146,331421
15147,321522
15148,311662
15149,301798
15150,294628
15151,284739
15152,274868
15153,264931
15154,254982
15155,245033
15156,236130
15157,226528
15158,216908
15159,207316
15160,198333
15161,188653
15162,179030
15163,169353
15164,159671
15165,149929
15166,140332
15167,130698
15168,120967
15169,113240
15170,103616
15171,93973
15172,84368
15173,74713
15174,65111
15175,1370863
15176,1362201
15177,1352298
15178,1342350
15179,1332481
15180,1322542
15181,1314793
15182,1304958
15183,1295128
15184,1291808
15185,1281925
15186,1272040
15187,1262107
15188,1252252
15189,1242381
15190,1232431
15191,1222580
15192,1212651
15193,1202701
15194,1192763
15195,1182874
15196,1173158
15197,1163640
15198,1154035
15199,1144474
15200,1134950
15201,1125596
15202,1116024
15203,1106486
15204,1096883
15205,1087333
15206,1077712
15207,1070036
15208,1061350
15209,1051854
15210,1042226
15211,1032740
15212,1023435
15213,1013802
15214,1004335
15215,994789
15216,985290
15217,975988
15218,966379
15219,956718
15220,949386
15221,939561
15222,929794
15223,920213
15224,911504
15225,902005
15226,892521
15227,883004
15228,873534
15229,863898
15230,854410
15231,844914
15232,835282
15233,827906
15234,818364
15235,808766
15236,799182
15237,789593
15238,780048
15239,770561
15240,761855
15241,752273
15242,742699
15243,733220
15244,723570
15245,716014
15246,706533
15247,697000
15248,687465
15249,678088
15250,668439
15251,658822
15252,649169
15253,642109
15254,632201
15255,622266
15256,612312
15257,602418
15258,594174
15259,584690
15260,577709
15261,567833
15262,557940
15263,548065
15264,538124
15265,528178
15266,518263
15267,508367
15268,498469
15269,488854
15270,479205
15271,471444
15272,462828
15273,453215
15274,443583
15275,434051
15276,424383
15277,414750
15278,405079
15279,395506
15280,385866
15281,376485
15282,366910
15283,357313
15284,349729
15285,340354
15286,330679
15287,320931
15288,311961
15289,302135
15290,292277
15291,282425
15292,272752
15293,263159
15294,253430
15295,243777
15296,234205
15297,228585
15298,218916
15299,211652
15300,201786
15301,191906
15302,182076
15303,172166
15304,162258
15305,152410
15306,142551
15307,1184950
15308,1175153
15309,1167131
15310,1157217
15311,1147500
15312,1137629
15313,1127733
15314,1117867
15315,1107930
15316,1098017
15317,1088112
15318,1078209
15319,1068314
15320,1059269
15321,1049348
15322,1041077
15323,1031241
15324,1021353
15325,1011741
15326,1002250
15327,992635
15328,983185
15329,973790
15330,964153
15331,954736
15332,945155
15333,935621
15334,925917
15335,918207
15336,909279
15337,902111
15338,892280
15339,882400
15340,872533
15341,862701
15342,852815
15343,842909
15344,833079
15345,823189
15346,813293
15347,803649
15348,795702
15349,786085
15350,776519
15351,766619
15352,757613
15353,748032
15354,738458
15355,731098
15356,721208
15357,711274
15358,701335
15359,691417
15360,681526
15361,673723
15362,664181
15363,654577
15364,644958
15365,635396
15366,625820
15367,616204
15368,607380
15369,597803
15370,588256
15371,578720
15372,569036
15373,561243
15374,551729
15375,542061
15376,534493
15377,524618
15378,514732
15379,504843
15380,494958
15381,485107
15382,475203
15383,465341
15384,456303
15385,446711
15386,438879
15387,429440
15388,419801
15389,410265
15390,400537
15391,390910
15392,381296
15393,371884
15394,362306
15395,352704
15396,342911
15397,333221
15398,323545
15399,315661
15400,306677
15401,297041
15402,287378
15403,277787
15404,268096
15405,258482
15406,248878
15407,239225
15408,229498
15409,219963
15410,210341
15411,200682
15412,192770
15413,183204
15414,173563
15415,163952
15416,156660
15417,146785
15418,136899
15419,127019
15420,117136
15421,107193
15422,97336
15423,87458
15424,77521
15425,69641
15426,1367962
15427,1358122
15428,1348356
15429,1338520
15430,1328674
15431,1318848
15432,1311528
15433,1301656
15434,1291757
15435,1281870
15436,1272316
15437,1268878
15438,1259503
15439,1250199
15440,1240764
15441,1231753
15442,1222208
15443,1212838
15444,1203375
15445,1193923
15446,1184509
15447,1175164
15448,1166800
15449,1157449
15450,1150559
15451,1141150
15452,1131831
15453,1124996
15454,1115128
15455,1105269
15456,1095388
15457,1085482
15458,1078014
15459,1068095
15460,1058204
15461,1048294
15462,1038358
15463,1031128
15464,1022957
15465,1013580
15466,1004113
15467,994675
15468,985219
15469,975846
15470,966462
15471,957062
15472,947889
15473,938742
15474,929250
15475,919793
15476,912718
15477,903358
15478,893825
15479,884334
15480,876132
15481,866669
15482,857221
15483,847796
15484,838457
15485,828936
15486,819621
15487,810214
15488,800720
15489,793741
15490,784304
15491,774869
15492,767516
15493,757676
15494,747825
15495,737930
15496,728465
15497,719077
15498,709625
15499,700243
15500,690925
15501,684410
15502,675011
15503,665530
15504,656134
15505,646970
15506,637560
15507,628089
15508,618664
15509,609324
15510,599880
15511,590468
15512,582188
15513,572786
15514,565567
15515,556127
15516,546669
15517,537166
15518,527692
15519,518258
15520,508885
15521,499748
15522,490281
15523,480884
15524,471525
15525,462102
15526,452659
15527,445508
15528,437136
15529,427663
15530,418415
15531,411106
15532,401223
15533,391376
15534,381453
15535,371561
15536,362200
15537,353415
15538,344099
15539,334592
15540,327463
15541,318030
15542,308584
15543,299146
15544,290972
15545,281580
15546,272207
15547,262790
15548,253451
15549,244086
15550,234634
15551,225229
15552,215792
15553,208971
15554,199548
15555,190126
15556,180745
15557,171284
15558,161880
15559,152497
15560,144933
15561,135023
15562,125275
15563,115785
15564,106537
15565,99193
15566,89880
15567,80353
15568,70928
15569,61839
15570,52478
15571,45128
15572,35258
15573,25365
15574,15514
15575,5798
15576,1056342
15577,1047099
15578,1042800
15579,1033679
15580,1024370
15581,1015038
15582,1005632
15583,996296
15584,986853
15585,977840
15586,968396
15587,959085
15588,949781
15589,940417
15590,930990
15591,924234
15592,916329
15593,906969
15594,897641
15595,888174
15596,878839
15597,869449
15598,860090
15599,850640
15600,841274
15601,832106
15602,822743
15603,813339
15604,806265
15605,796965
15606,787613
15607,778122
15608,769794
15609,760410
15610,755886
15611,746092
15612,736250
15613,726345
15614,716477
15615,706581
15616,696686
15617,689060
15618,679537
15619,670089
15620,660644
15621,651207
15622,641689
15623,632298
15624,623907
15625,614462
15626,605100
15627,595597
15628,586239
15629,579109
15630,569747
15631,560522
15632,551164
15633,542294
15634,532832
15635,523402
15636,513965
15637,504550
15638,495093
15639,485606
15640,477362
15641,467945
15642,460846
15643,451403
15644,441964
15645,432528
15646,423063
15647,413644
15648,404480
15649,395477
15650,387990
15651,378125
15652,368281
15653,358384
15654,348485
15655,341168
15656,333022
15657,323700
15658,314262
15659,304914
15660,295640
15661,286143
15662,279185
15663,269252
15664,259319
15665,249395
15666,239464
15667,229997
15668,222867
15669,213413
15670,204015
15671,194565
15672,186261
15673,176934
15674,167673
15675,158282
15676,148967
15677,139594
15678,130244
15679,120952
15680,111952
15681,105192
15682,95880
15683,86614
15684,77104
15685,67681
15686,58263
15687,48821
15688,40439
15689,30916
15690,23534
15691,13675
15692,3838
15693,1139859
15694,1130822
15695,1121608
15696,1112325
15697,1103511
15698,1094198
15699,1084762
15700,1075351
15701,1066336
15702,1056945
15703,1047632
15704,1039491
15705,1030104
15706,1023324
15707,1013965
15708,1004543
15709,995170
15710,985613
15711,976270
15712,966797
15713,957710
15714,948215
15715,938862
15716,929343
15717,920047
15718,910720
15719,888112
15720,889671
15721,886001
15722,876716
15723,867329
15724,857888
15725,848539
15726,839276
15727,829899
15728,822774
15729,812955
15730,803110
15731,793211
15732,785415
15733,776096
15734,766644
15735,757217
15736,748907
15737,739481
15738,730066
15739,720684
15740,711203
15741,701809
15742,692386
15743,683043
15744,673595
15745,666575
15746,657147
15747,647712
15748,638158
15749,628763
15750,606692
15751,606728
15752,601221
15753,591828
15754,582473
15755,573052
15756,563565
15757,556242
15758,546851
15759,537327
15760,527925
15761,518765
15762,509549
15763,500107
15764,493182
15765,483305
15766,473369
15767,463475
15768,456085
15769,446200
15770,437858
15771,428589
15772,419127
15773,409755
15774,400332
15775,390997
15776,381571
15777,372511
15778,363091
15779,353769
15780,344376
15781,334943
15782,325604
15783,318417
15784,310312
15785,300921
15786,291497
15787,282003
15788,272612
15789,263212
15790,253933
15791,244513
15792,235037
15793,226047
15794,216598
15795,207245
15796,200139
15797,190837
15798,182242
15799,172853
15800,164450
15801,155031
15802,145544
15803,136140
15804,126655
15805,117384
15806,107948
15807,100417
15808,90592
15809,83608
15810,74250
15811,64846
15812,55366
15813,45956
15814,36456
15815,27216
15816,19260
15817,1178328
15818,1168618
15819,1158733
15820,1148907
15821,1144519
15822,1134683
15823,1124737
15824,1114917
15825,1105619
15826,1095737
15827,1085833
15828,1075979
15829,1066089
15830,1056600
15831,1047231
15832,1038955
15833,1029530
15834,1022518
15835,1013192
15836,1003680
15837,994233
15838,984671
15839,975264
15840,965799
15841,956717
15842,947249
15843,937786
15844,928345
15845,921834
15846,911985
15847,902174
15848,893900
15849,884422
15850,875025
15851,865464
15852,856008
15853,846740
15854,837377
15855,827945
15856,818498
15857,809361
15858,799902
15859,790432
15860,783185
15861,773988
15862,764541
15863,755089
15864,746832
15865,737342
15866,727954
15867,720564
15868,710628
15869,700706
15870,690860
15871,681479
15872,672041
15873,665122
15874,655708
15875,646240
15876,636748
15877,627259
15878,617927
15879,608496
15880,600151
15881,590635
15882,581275
15883,572076
15884,562786
15885,555356
15886,546061
15887,536580
15888,527157
15889,511318
15890,486918
15891,486949
15892,486987
15893,452791
15894,452818
15895,452901
15896,386983
15897,387014
15898,389111
15899,389262
15900,389261
15901,389261
15902,389296
15903,375009
15904,375036
15905,366103
15906,356803
15907,347329
15908,337875
15909,328377
15910,318933
15911,311672
15912,303356
15913,293997
15914,284541
15915,275218
15916,265816
15917,256415
15918,247044
15919,237608
15920,228234
15921,219016
15922,209585
15923,200207
15924,192880
15925,183447
15926,174076
15927,164566
15928,156375
15929,146912
15930,137499
15931,128144
15932,118652
15933,109264
15934,100247
15935,90913
15936,81455
15937,74971
15938,65592
15939,56243
15940,46817
15941,37465
15942,28028
15943,18595
15944,10672
15945,1151887
15946,1142597
15947,1133347
15948,1123944
15949,1121206
15950,1111963
15951,1102176
15952,1092550
15953,1083934
15954,1074571
15955,1065023
15956,1055658
15957,1046183
15958,1036820
15959,1027511
15960,1019482
15961,1010038
15962,1003102
15963,997623
15964,987774
15965,977931
15966,968044
15967,958157
15968,948258
15969,938359
15970,930850
15971,920941
15972,911041
15973,901095
15974,891194
15975,882722
15976,874751
15977,865371
15978,856033
15979,846619
15980,837252
15981,827863
15982,818472
15983,809025
15984,799623
15985,790487
15986,781151
15987,771776
15988,764257
15989,755067
15990,745520
15991,736048
15992,727557
15993,718136
15994,708710
15995,699293
15996,689923
15997,680553
15998,671196
15999,661683
16000,652228
16001,646409
16002,639232
16003,629386
16004,619529
16005,609626
16006,599724
16007,589868
16008,581433
16009,572055
16010,562648
16011,553236
16012,543934
16013,536901
16014,527545
16015,518086
16016,508618
16017,499459
16018,489937
16019,480428
16020,470932
16021,461432
16022,452053
16023,442646
16024,434388
16025,424953
16026,417813
16027,408435
16028,399014
16029,389581
16030,380183
16031,370730
16032,361266
16033,352168
16034,342696
16035,333336
16036,324002
16037,314560
16038,305141
16039,297880
16040,289539
16041,280129
16042,272569
16043,262674
16044,252807
16045,242897
16046,232988
16047,223282
16048,213980
16049,204805
16050,195857
16051,186451
16052,179488
16053,170170
16054,160654
16055,151223
16056,142767
16057,133244
16058,123844
16059,114410
16060,105032
16061,95553
16062,86152
16063,76768
16064,67367
16065,60281
16066,50830
16067,41385
16068,31852
16069,22583
16070,13066
16071,3598
16072,1056116
16073,1046921
16074,1037563
16075,1028132
16076,1018742
16077,1015451
16078,1006091
16079,996704
16080,987199
16081,978044
16082,971187
16083,961312
16084,951404
16085,941500
16086,931572
16087,921659
16088,912951
16089,903788
16090,896642
16091,887312
16092,877776
16093,868263
16094,858761
16095,849271
16096,839780
16097,830656
16098,821460
16099,812035
16100,802538
16101,793173
16102,783692
16103,776558
16104,768126
16105,758732
16106,749261
16107,739732
16108,730340
16109,720811
16110,711432
16111,701987
16112,692560
16113,683414
16114,674136
16115,664769
16116,657611
16117,648093
16118,638634
16119,629217
16120,620784
16121,613440
16122,600683
16123,593633
16124,583745
16125,574225
16126,564846
16127,555448
16128,545895
16129,538892
16130,529467
16131,519966
16132,510444
16133,501041
16134,491633
16135,482130
16136,473812
16137,464404
16138,454969
16139,445628
16140,436149
16141,429178
16142,419840
16143,410452
16144,400935
16145,391806
16146,382410
16147,372904
16148,363541
16149,354222
16150,344753
16151,335297
16152,326798
16153,317417
16154,309949
16155,300507
16156,290968
16157,281462
16158,271991
16159,262505
16160,255000
16161,245159
16162,235271
16163,225382
16164,215708
16165,206284
16166,196896
16167,189386
16168,181005
16169,171527
16170,162100
16171,152557
16172,143179
16173,133734
16174,126370
16175,116507
16176,106558
16177,96649
16178,87204
16179,77838
16180,70581
16181,61155
16182,51644
16183,42186
16184,33840
16185,24297
16186,15041
16187,5614
16188,1053653
16189,1044366
16190,1035017
16191,1025580
16192,1016105
16193,1013445
16194,1004124
16195,994742
16196,985302
16197,975867
16198,966345
16199,956834
16200,949675
16201,939782
16202,929902
16203,920038
16204,910363
16205,903093
16206,893684
16207,884187
16208,874660
16209,865580
16210,856369
16211,846920
16212,837507
16213,828083
16214,818591
16215,809123
16216,800570
16217,791137
16218,783785
16219,774321
16220,764810
16221,755258
16222,745718
16223,736294
16224,726858
16225,717643
16226,708158
16227,698763
16228,689533
16229,680076
16230,670612
16231,663029
16232,654804
16233,645391
16234,635960
16235,626454
16236,616926
16237,607453
16238,597960
16239,590608
16240,580726
16241,570865
16242,560967
16243,551078
16244,545784
16245,536296
16246,526716
16247,517338
16248,508821
16249,499414
16250,489981
16251,480625
16252,471240
16253,461832
16254,452383
16255,442833
16256,433425
16257,426401
16258,417012
16259,407541
16260,397963
16261,388469
16262,379177
16263,369685
16264,361196
16265,351756
16266,342284
16267,332791
16268,323381
16269,315918
16270,306523
16271,297042
16272,287519
16273,278389
16274,268953
16275,259605
16276,250199
16277,242594
16278,232647
16279,225323
16280,215429
16281,205535
16282,196409
16283,186969
16284,177415
16285,167921
16286,158534
16287,149052
16288,139572
16289,130399
16290,120931
16291,111468
16292,102371
16293,92832
16294,83338
16295,76305
16296,67992
16297,58086
16298,48185
16299,38273
16300,28366
16301,18494
16302,9110
16303,1171520
16304,1162410
16305,1153571
16306,1144185
16307,1134652
16308,1129723
16309,1120345
16310,1110891
16311,1101598
16312,1093473
16313,1084045
16314,1074629
16315,1065155
16316,1055715
16317,1046237
16318,1039029
16319,1029212
16320,1019334
16321,1010943
16322,1001560
16323,992086
16324,982754
16325,973285
16326,963838
16327,954564
16328,946227
16329,936802
16330,927315
16331,917863
16332,908449
16333,901093
16334,891737
16335,882187
16336,872744
16337,863585
16338,854139
16339,844549
16340,835031
16341,825554
16342,816102
16343,806699
16344,798288
16345,788889
16346,781806
16347,772459
16348,762960
16349,753537
16350,744127
16351,734272
16352,724802
16353,715644
16354,706104
16355,696701
16356,687269
16357,679732
16358,669914
16359,661021
16360,652820
16361,643387
16362,633915
16363,624509
16364,615189
16365,605777
16366,596373
16367,586959
16368,577542
16369,568484
16370,559053
16371,549622
16372,542347
16373,532894
16374,523398
16375,513953
16376,505557
16377,496150
16378,486715
16379,479140
16380,469205
16381,459261
16382,449357
16383,439489
16384,430017
16385,423989
16386,414572
16387,405108
16388,395622
16389,386205
16390,376659
16391,367281
16392,358837
16393,349427
16394,340042
16395,330605
16396,323069
16397,313947
16398,304416
16399,294986
16400,285492
16401,276345
16402,266863
16403,257409
16404,247972
16405,238518
16406,229122
16407,219702
16408,211839
16409,202644
16410,195514
16411,186213
16412,176702
16413,167275
16414,157808
16415,148398
16416,138930
16417,129854
16418,120496
16419,111106
16420,101696
16421,92279
16422,82847
16423,75555
16424,67266
16425,57726
16426,48315
16427,38842
16428,29681
16429,20229
16430,10879
16431,1172880
16432,1163542
16433,1155071
16434,1145682
16435,1136334
16436,1133635
16437,1124333
16438,1114950
16439,1105518
16440,1097483
16441,1087973
16442,1081980
16443,1072549
16444,1063068
16445,1053649
16446,1044146
16447,1034724
16448,1025313
16449,1018935
16450,1009466
16451,1000041
16452,990624
16453,981114
16454,971714
16455,962169
16456,953781
16457,944378
16458,935126
16459,925714
16460,916232
16461,909147
16462,899843
16463,890307
16464,880770
16465,871700
16466,862164
16467,852714
16468,843266
16469,833754
16470,824319
16471,814883
16472,806487
16473,797214
16474,791328
16475,781459
16476,771597
16477,761707
16478,752244
16479,742759
16480,733270
16481,726468
16482,716527
16483,706581
16484,696686
16485,686747
16486,677160
16487,670132
16488,661786
16489,652414
16490,642940
16491,633487
16492,624010
16493,614611
16494,605277
16495,595842
16496,586450
16497,577289
16498,567979
16499,558528
16500,551174
16501,541731
16502,532328
16503,522790
16504,514391
16505,504877
16506,495479
16507,486020
16508,476534
16509,467165
16510,457868
16511,448487
16512,439094
16513,431919
16514,425610
16515,415723
16516,405834
16517,395946
16518,386046
16519,376147
16520,366671
16521,357307
16522,347862
16523,338451
16524,329103
16525,321756
16526,312364
16527,302835
16528,293349
16529,284141
16530,274656
16531,265224
16532,255847
16533,246644
16534,237178
16535,228339
16536,219886
16537,210414
16538,203404
16539,193966
16540,184517
16541,175027
16542,165561
16543,156082
16544,146584
16545,137508
16546,128135
16547,118757
16548,109356
16549,99872
16550,90529
16551,82858
16552,74551
16553,67744
16554,57909
16555,48040
16556,38135
16557,28271
16558,18321
16559,8454
16560,1056862
16561,1048258
16562,1039074
16563,1029716
16564,1027010
16565,1017716
16566,1008363
16567,998984
16568,991229
16569,981890
16570,972450
16571,963193
16572,953816
16573,944494
16574,935045
16575,925635
16576,916217
16577,910711
16578,901288
16579,891918
16580,882551
16581,873198
16582,863717
16583,856657
16584,846756
16585,836804
16586,827333
16587,817933
16588,808509
16589,801490
16590,792142
16591,782646
16592,773264
16593,768877
16594,758968
16595,749075
16596,739183
16597,729246
16598,719391
16599,709450
16600,699500
16601,689601
16602,682163
16603,672779
16604,663383
16605,653938
16606,644484
16607,635127
16608,625731
16609,616927
16610,607588
16611,598222
16612,588827
16613,579397
16614,569994
16615,562729
16616,554533
16617,545139
16618,535796
16619,526379
16620,516969
16621,507542
16622,498145
16623,488692
16624,479317
16625,458395
16626,458428
16627,436259
16628,438467
16629,433698
16630,424203
16631,414709
16632,407101
16633,397217
16634,387661
16635,378276
16636,368827
16637,359435
16638,350011
16639,340549
16640,331139
16641,324115
16642,314654
16643,305240
16644,295771
16645,286246
16646,276840
16647,267492
16648,259074
16649,249628
16650,240272
16651,230757
16652,221563
16653,214181
16654,204807
16655,195375
16656,186005
16657,176904
16658,167476
16659,158231
16660,148883
16661,139531
16662,130124
16663,120666
16664,112203
16665,103219
16666,96040
16667,86608
16668,77190
16669,67671
16670,58262
16671,48896
16672,41570
16673,31731
16674,21841
16675,11925
16676,2434
16677,1053993
16678,1044750
16679,1042156
16680,1034678
16681,1025347
16682,1016062
16683,1006690
16684,997315
16685,987916
16686,980864
16687,970966
16688,961069
16689,951126
16690,941297
16691,931948
16692,925276
16693,915828
16694,906400
16695,897019
16696,888865
16697,879698
16698,870246
16699,860822
16700,851455
16701,842037
16702,832720
16703,823351
16704,813932
16705,807113
16706,797687
16707,788291
16708,778814
16709,769424
16710,760032
16711,753324
16712,743470
16713,733621
16714,723757
16715,714219
16716,704863
16717,697672
16718,688279
16719,664321
16720,664472
16721,659945
16722,650487
16723,641035
16724,631935
16725,622588
16726,613247
16727,603898
16728,595634
16729,586206
16730,579218
16731,569861
16732,560382
16733,550942
16734,541491
16735,532110
16736,522869
16737,513798
16738,504364
16739,495009
16740,485604
16741,476235
16742,466865
16743,459661
16744,451415
16745,442063
16746,432603
16747,423169
16748,413727
16749,404503
16750,384902
16751,387311
16752,377876
16753,367989
16754,358153
16755,348423
16756,341038
16757,331573
16758,322172
16759,312785
16760,304537
16761,295270
16762,285830
16763,276469
16764,267194
16765,257772
16766,248417
16767,239003
16768,229625
16769,224016
16770,214683
16771,205512
16772,196184
16773,186694
16774,177265
16775,167821
16776,159409
16777,149949
16778,140580
16779,131187
16780,121847
16781,115482
16782,106116
16783,96596
16784,87320
16785,78152
16786,68750
16787,59260
16788,49835
16789,42248
16790,32355
16791,24719
16792,14824
16793,4920
16794,1127226
16795,1117963
16796,1108634
16797,1099244
16798,1089815
16799,1080420
16800,1071004
16801,1062188
16802,1052923
16803,1043621
16804,1034293
16805,1024823
16806,1015491
16807,1008728
16808,1000649
16809,991243
16810,981786
16811,972331
16812,963029
16813,953600
16814,944264
16815,934807
16816,925403
16817,916282
16818,906918
16819,897460
16820,890206
16821,880786
16822,871279
16823,861819
16824,853330
16825,843792
16826,834381
16827,825104
16828,815646
16829,810329
16830,800484
16831,790593
16832,780697
16833,770849
16834,761403
16835,751914
16836,742376
16837,732866
16838,723586
16839,714341
16840,705995
16841,696625
16842,687255
16843,677861
16844,668485
16845,661024
16846,651621
16847,642216
16848,632767
16849,623578
16850,614065
16851,604739
16852,595420
16853,586116
16854,576747
16855,567342
16856,558946
16857,549598
16858,542180
16859,532700
16860,523178
16861,513737
16862,504183
16863,494715
16864,485364
16865,476319
16866,466915
16867,457492
16868,448140
16869,440405
16870,430505
16871,422019
16872,413679
16873,404158
16874,394714
16875,385265
16876,375985
16877,366543
16878,357037
16879,347693
16880,338319
16881,329127
16882,319694
16883,310247
16884,302789
16885,293369
16886,283918
16887,274420
16888,266083
16889,256844
16890,247483
16891,229536
16892,229556
16893,196265
16894,196199
16895,196206
16896,125132
16897,126249
16898,126428
16899,126474
16900,126473
16901,126550
16902,126466
16903,111481
16904,112838
16905,104743
16906,95728
16907,86266
16908,78656
16909,69654
16910,60248
16911,50697
16912,41236
16913,32029
16914,22846
16915,13356
16916,1134887
16917,1125055
16918,1115675
16919,1106373
16920,1098532
16921,1089078
16922,1084814
16923,1075516
16924,1066098
16925,1056717
16926,1047267
16927,1037766
16928,1028289
16929,1019160
16930,1009679
16931,1000296
16932,990926
16933,981487
16934,972045
16935,965053
16936,956781
16937,947393
16938,937885
16939,928434
16940,918984
16941,909634
16942,900300
16943,890909
16944,881540
16945,872389
16946,862955
16947,855806
16948,846309
16949,836901
16950,827382
16951,817521
16952,809071
16953,799589
16954,790155
16955,780781
16956,771407
16957,761901
16958,752590
16959,743204
16960,733790
16961,727798
16962,718330
16963,708874
16964,699391
16965,689947
16966,680547
16967,671158
16968,662881
16969,653505
16970,644035
16971,634650
16972,625282
16973,617974
16974,608626
16975,599077
16976,589701
16977,580556
16978,571092
16979,561610
16980,552109
16981,542880
16982,533436
16983,523982
16984,515732
16985,506337
16986,499091
16987,489573
16988,480144
16989,470687
16990,461216
16991,451844
16992,442420
16993,433367
16994,426501
16995,416578
16996,406641
16997,396729
16998,386794
16999,378760
17000,370446
17001,361016
17002,351574
17003,342169
17004,332917
17005,323657
17006,314249
17007,304820
17008,295470
17009,286324
17010,276905
17011,267385
17012,260055
17013,250699
17014,241156
17015,231646
17016,223352
17017,213938
17018,204598
17019,195089
17020,185713
17021,176740
17022,167353
17023,157853
17024,148445
17025,141525
17026,133758
17027,123899
17028,114075
17029,104186
17030,94279
17031,84396
17032,76038
17033,66615
17034,57086
17035,47884
17036,38509
17037,30804
17038,20945
17039,11081
17040,1198330
17041,1189074
17042,1179834
17043,1170415
17044,1160983
17045,1151580
17046,1142123
17047,1132625
17048,1124278
17049,1114717
17050,1112225
17051,1102902
17052,1093473
17053,1083981
17054,1074510
17055,1065018
17056,1055526
17057,1046368
17058,1036891
17059,1027350
17060,1017869
17061,1008430
17062,998958
17063,991487
17064,984284
17065,974451
17066,964555
17067,954666
17068,944979
17069,935613
17070,926236
17071,916767
17072,907516
17073,898175
17074,888706
17075,879259
17076,871629
17077,862074
17078,852598
17079,843080
17080,834630
17081,825114
17082,815661
17083,806191
17084,796752
17085,787261
17086,777746
17087,768393
17088,758939
17089,751657
17090,742129
17091,732667
17092,723191
17093,713867
17094,704424
17095,694958
17096,687529
17097,677583
17098,667648
17099,657925
17100,648405
17101,640771
17102,631260
17103,621718
17104,618004
17105,608175
17106,598306
17107,588400
17108,578502
17109,568612
17110,558678
17111,548775
17112,538844
17113,528896
17114,519872
17115,510342
17116,500841
17117,491204
17118,481702
17119,472143
17120,462563
17121,453336
17122,444088
17123,434546
17124,425030
17125,415546
17126,405975
17127,398333
17128,390024
17129,380582
17130,371091
17131,361625
17132,352133
17133,342622
17134,333168
17135,323658
17136,314150
17137,304901
17138,295396
17139,285924
17140,278317
17141,268842
17142,259291
17143,252107
17144,242258
17145,232399
17146,222731
17147,213221
17148,203729
17149,194191
17150,184680
17151,175152
17152,165506
17153,159730
17154,150201
17155,140698
17156,131166
17157,121724
17158,112182
17159,102761
17160,94158
17161,84606
17162,75008
17163,65482
17164,56128
17165,48164
17166,38377
17167,1087373
17168,1077677
17169,1068412
17170,1058615
17171,1048766
17172,1039461
17173,1030081
17174,1020680
17175,1011205
17176,1002829
17177,993341
17178,988933
17179,979530
17180,970015
17181,960572
17182,955460
17183,945567
17184,935664
17185,925768
17186,915871
17187,905963
17188,896060
17189,886156
17190,876264
17191,868156
17192,859821
17193,850263
17194,840823
17195,831375
17196,821939
17197,812420
17198,805426
17199,795493
17200,785538
17201,775628
17202,765695
17203,755901
17204,748342
17205,738830
17206,729239
17207,719698
17208,711113
17209,701510
17210,692082
17211,682602
17212,673155
17213,664410
17214,654930
17215,645549
17216,636036
17217,628751
17218,619307
17219,609736
17220,600253
17221,593988
17222,584135
17223,574289
17224,564382
17225,554492
17226,544599
17227,534957
17228,525517
17229,517851
17230,508355
17231,498992
17232,489523
17233,480326
17234,470785
17235,461325
17236,451796
17237,442304
17238,432742
17239,423227
17240,414738
17241,405246
17242,397682
17243,388115
17244,378580
17245,369007
17246,359432
17247,349918
17248,340364
17249,331105
17250,321594
17251,312125
17252,302578
17253,293032
17254,283463
17255,276236
17256,267642
17257,258074
17258,248617
17259,239062
17260,229547
17261,222278
17262,212389
17263,202511
17264,192613
17265,182732
17266,172825
17267,163203
17268,155509
17269,146089
17270,136501
17271,126976
17272,118540
17273,108950
17274,100146
17275,90663
17276,81193
17277,71583
17278,62019
17279,52687
17280,42823
17281,34928
17282,25085
17283,15177
17284,1059897
17285,1050078
17286,1040219
17287,1030613
17288,1022197
17289,1012701
17290,1003133
17291,993691
17292,984250
17293,977654
17294,968150
17295,958554
17296,948946
17297,939769
17298,930377
17299,920842
17300,918228
17301,908410
17302,898484
17303,888580
17304,878643
17305,868693
17306,858791
17307,848892
17308,838943
17309,828995
17310,819258
17311,809783
17312,800291
17313,791000
17314,781449
17315,771989
17316,762454
17317,752928
17318,743364
17319,735688
17320,727238
17321,717727
17322,708232
17323,698799
17324,689313
17325,679848
17326,670351
17327,660852
17328,651264
17329,642059
17330,632432
17331,622891
17332,615271
17333,605766
17334,596287
17335,586703
17336,578347
17337,568882
17338,559336
17339,549784
17340,542656
17341,532769
17342,522861
17343,513020
17344,503109
17345,495670
17346,486264
17347,476695
17348,467113
17349,457621
17350,448069
17351,438454
17352,429806
17353,420209
17354,410655
17355,401169
17356,391551
17357,384071
17358,374600
17359,365087
17360,355714
17361,346444
17362,336794
17363,327300
17364,317737
17365,308191
17366,298638
17367,289072
17368,280412
17369,270868
17370,264065
17371,254670
17372,245194
17373,235693
17374,226191
17375,216815
17376,207352
17377,198095
17378,188578
17379,181586
17380,171727
17381,161887
17382,152004
17383,142685
17384,134204
17385,124629
17386,115154
17387,105660
17388,96126
17389,86826
17390,77400
17391,67909
17392,58355
17393,49080
17394,39599
17395,1083025
17396,1075220
17397,1065386
17398,1055463
17399,1045590
17400,1036960
17401,1027401
17402,1017831
17403,1010364
17404,1000423
17405,990520
17406,980616
17407,970674
17408,960754
17409,952625
17410,943159
17411,933733
17412,924200
17413,914716
17414,905214
17415,895698
17416,887176
17417,877624
17418,870748
17419,860847
17420,850934
17421,841527
17422,831384
17423,814891
17424,813105
17425,803780
17426,794221
17427,784839
17428,775397
17429,765881
17430,756422
17431,746848
17432,738182
17433,728712
17434,721005
17435,711488
17436,701975
17437,692389
17438,682851
17439,673337
17440,663830
17441,654608
17442,645044
17443,635495
17444,625957
17445,616513
17446,606989
17447,599287
17448,590589
17449,581062
17450,571524
17451,561989
17452,552414
17453,542882
17454,533720
17455,524177
17456,514699
17457,505400
17458,497697
17459,487861
17460,478641
17461,469143
17462,459592
17463,450056
17464,418230
17465,418267
17466,418289
17467,412025
17468,402433
17469,392871
17470,383405
17471,373970
17472,364506
17473,357127
17474,347683
17475,338177
17476,328579
17477,319101
17478,309535
17479,300045
17480,291483
17481,281921
17482,272453
17483,262988
17484,253500
17485,245719
17486,236298
17487,226760
17488,217194
17489,207928
17490,198415
17491,188850
17492,179370
17493,169829
17494,160328
17495,150745
17496,142188
17497,134824
17498,125047
17499,115511
17500,106001
17501,96494
17502,86963
17503,77653
17504,68184
17505,58887
17506,51358
17507,1097061
17508,1087374
17509,1077436
17510,1068030
17511,1063981
17512,1058114
17513,1048524
17514,1039836
17515,1031150
17516,1022634
17517,1013837
17518,1005124
17519,996542
17520,987818
17521,979696
17522,970931
17523,962187
17524,957250
17525,948738
17526,940095
17527,931312
17528,925104
17529,916293
17530,907495
17531,898892
17532,890032
17533,881314
17534,872550
17535,863777
17536,857641
17537,852341
17538,843549
17539,834770
17540,826134
17541,817279
17542,808584
17543,799941
17544,793468
17545,784655
17546,775947
17547,767161
17548,758431
17549,754109
17550,745483
17551,736742
17552,728242
17553,720004
17554,711180
17555,702497
17556,693800
17557,685126
17558,676646
17559,667849
17560,661483
17561,652711
17562,648002
17563,639358
17564,630782
17565,622002
17566,613165
17567,604536
17568,595810
17569,587654
17570,578997
17571,570247
17572,561487
17573,553136
17574,544476
17575,539870
17576,558717
17577,550434
17578,540987
17579,531627
17580,521987
17581,512551
17582,503068
17583,493399
17584,483842
17585,474646
17586,465255
17587,455753
17588,451000
17589,441487
17590,431854
17591,422443
17592,413881
17593,404260
17594,394725
17595,385206
17596,375506
17597,366059
17598,356445
17599,347049
17600,337559
17601,330724
17602,321161
17603,311643
17604,302156
17605,292597
17606,283025
17607,273481
17608,266043
17609,256148
17610,246203
17611,236263
17612,226516
17613,219173
17614,209725
17615,202241
17616,192387
17617,182499
17618,172607
17619,162708
17620,152804
17621,143210
17622,133544
17623,123963
17624,115118
17625,105533
17626,97958
17627,88500
17628,78840
17629,69287
17630,59690
17631,50152
17632,40578
17633,31178
17634,21676
17635,12294
17636,2493
17637,1074529
17638,1066969
17639,1066062
17640,1062345
17641,1054582
17642,1046944
17643,1038709
17644,1030827
17645,1023092
17646,1014882
17647,1006844
17648,998970
17649,991821
17650,984121
17651,976628
17652,973780
17653,966198
17654,961674
17655,956246
17656,947405
17657,937884
17658,928327
17659,918652
17660,909055
17661,899404
17662,889880
17663,880263
17664,870687
17665,863118
17666,853861
17667,844323
17668,834679
17669,825087
17670,815546
17671,806023
17672,797103
17673,787421
17674,777759
17675,768176
17676,758548
17677,750661
17678,741029
17679,731432
17680,721947
17681,712699
17682,702995
17683,693371
17684,683827
17685,674238
17686,664630
17687,655025
17688,646023
17689,636420
17690,628491
17691,619050
17692,609327
17693,599736
17694,591862
17695,581993
17696,572129
17697,562275
17698,552334
17699,542444
17700,532605
17701,522707
17702,513168
17703,505150
17704,496312
17705,486827
17706,477220
17707,467541
17708,457991
17709,448339
17710,441008
17711,431153
17712,421221
17713,411267
17714,401362
17715,391420
17716,383737
17717,374175
17718,364570
17719,355106
17720,337961
17721,336564
17722,326989
17723,317475
17724,307912
17725,298285
17726,288696
17727,279017
17728,269466
17729,261830
17730,252304
17731,242735
17732,233120
17733,225206
17734,215318
17735,205434
17736,195541
17737,185644
17738,175987
17739,166499
17740,157192
17741,149352
17742,139782
17743,130158
17744,120617
17745,111258
17746,101572
17747,91983
17748,82400
17749,72787
17750,52588
17751,52603
17752,44203
17753,34645
17754,27010
17755,17558
17756,8039
17757,1071788
17758,1062288
17759,1052473
17760,1042795
17761,1033726
17762,1024284
17763,1014648
17764,1005004
17765,995511
17766,985818
17767,980936
17768,972260
17769,962562
17770,953010
17771,943467
17772,933810
17773,926460
17774,916594
17775,906737
17776,896836
17777,886960
17778,877065
17779,867965
17780,860209
17781,850505
17782,840870
17783,831275
17784,822434
17785,812752
17786,803324
17787,794029
17788,784383
17789,774770
17790,765101
17791,755474
17792,745861
17793,739594
17794,729899
17795,720370
17796,710771
17797,701090
17798,691546
17799,682025
17800,673118
17801,663664
17802,654076
17803,644421
17804,635037
17805,627295
17806,617755
17807,608134
17808,598542
17809,589088
17810,579560
17811,570031
17812,562181
17813,554779
17814,544880
17815,534954
17816,525058
17817,515128
17818,506092
17819,496421
17820,486848
17821,477268
17822,467730
17823,458044
17824,485057
17825,475928
17826,466437
17827,456906
17828,447324
17829,437751
17830,428242
17831,421014
17832,412120
17833,402537
17834,393000
17835,383336
17836,373802
17837,364199
17838,354657
17839,344990
17840,335464
17841,325953
17842,316275
17843,306743
17844,298796
17845,289412
17846,279839
17847,270135
17848,261355
17849,251769
17850,241897
17851,234508
17852,224677
17853,214831
17854,204925
17855,195034
17856,185151
17857,176880
17858,167368
17859,157756
17860,148178
17861,138599
17862,129327
17863,119769
17864,111062
17865,101497
17866,91919
17867,82305
17868,72709
17869,64865
17870,55319
17871,45674
17872,36072
17873,26743
17874,17269
17875,7632
17876,1058810
17877,1049282
17878,1039745
17879,1030166
17880,1021218
17881,1011644
17882,1004445
17883,994826
17884,985257
17885,975590
17886,965919
17887,956369
17888,946768
17889,937338
17890,927614
17891,905176
17892,905205
17893,868557
17894,868586
17895,868921
17896,869921
17897,796889
17898,796945
17899,797025
17900,797122
17901,797190
17902,797207
17903,797224
17904,781162
17905,781167
17906,774773
17907,765301
17908,757398
17909,747972
17910,738355
17911,728772
17912,719889
17913,710284
17914,700651
17915,693219
17916,683342
17917,673452
17918,663602
17919,653714
17920,643831
17921,635299
17922,625595
17923,615984
17924,606346
17925,596619
17926,587086
17927,577490
17928,568626
17929,558975
17930,551063
17931,541173
17932,531268
17933,522415
17934,512866
17935,503224
17936,493608
17937,484098
17938,474454
17939,464961
17940,455279
17941,445709
17942,436310
17943,426707
17944,417761
17945,408146
17946,400218
17947,390675
17948,381070
17949,371445
17950,361769
17951,352238
17952,342592
17953,333212
17954,323644
17955,314149
17956,304572
17957,294994
17958,285358
17959,277345
17960,268459
17961,258866
17962,249201
17963,239593
17964,229880
17965,220333
17966,210621
17967,200977
17968,191347
17969,181962
17970,173977
17971,164071
17972,155029
17973,145382
17974,135721
17975,126277
17976,117225
17977,107575
17978,97945
17979,88270
17980,78772
17981,69477
17982,59815
17983,50314
17984,40734
17985,33097
17986,23413
17987,13990
17988,4398
17989,1055072
17990,1045598
17991,1036064
17992,1027226
17993,1017662
17994,1008083
17995,998646
17996,989027
17997,981198
17998,971636
17999,962011
18000,952494
18001,943042
18002,933391
18003,923682
18004,914103
18005,904574
18006,895059
18007,885392
18008,876563
18009,866924
18010,859457
18011,849616
18012,840647
18013,831174
18014,821617
18015,812074
18016,802502
18017,795504
18018,785657
18019,775700
18020,765801
18021,755858
18022,745907
18023,737187
18024,728293
18025,718669
18026,709103
18027,699460
18028,689940
18029,680360
18030,670771
18031,661144
18032,651640
18033,642280
18034,632654
18035,623132
18036,615256
18037,605705
18038,596168
18039,586480
18040,577675
18041,568071
18042,558502
18043,548852
18044,539295
18045,529664
18046,520077
18047,510378
18048,501000
18049,493322
18050,483836
18051,474202
18052,464569
18053,454930
18054,445356
18055,435740
18056,426868
18057,417264
18058,407622
18059,397955
18060,388382
18061,380452
18062,370912
18063,361286
18064,351748
18065,342401
18066,332749
18067,323199
18068,313537
18069,303925
18070,294208
18071,284605
18072,275704
18073,266102
18074,258212
18075,248774
18076,239258
18077,229603
18078,219948
18079,210292
18080,200744
18081,191337
18082,181689
18083,172105
18084,162374
18085,152868
18086,143247
18087,135477
18088,127308
18089,117443
18090,107574
18091,97827
18092,88468
18093,78763
18094,69163
18095,59532
18096,49953
18097,40588
18098,31020
18099,21468
18100,13762
18101,4254
18102,1055860
18103,1046396
18104,1037688
18105,1028157
18106,1018682
18107,1009113
18108,999613
18109,989918
18110,980308
18111,970725
18112,961046
18113,953615
18114,943942
18115,934454
18116,924871
18117,915284
18118,905638
18119,898670
18120,888797
18121,878851
18122,868937
18123,858995
18124,849054
18125,841256
18126,831676
18127,821994
18128,814757
18129,804863
18130,794973
18131,785115
18132,775170
18133,765281
18134,755692
18135,746123
18136,737177
18137,727538
18138,719708
18139,710189
18140,700647
18141,691124
18142,681621
18143,671971
18144,662470
18145,653081
18146,643483
18147,633949
18148,624381
18149,614796
18150,605338
18151,597262
18152,588335
18153,578777
18154,569173
18155,559628
18156,549944
18157,540400
18158,530816
18159,521246
18160,511673
18161,502278
18162,492653
18163,483049
18164,475241
18165,465654
18166,456108
18167,446477
18168,438839
18169,428972
18170,419140
18171,409204
18172,399284
18173,389376
18174,379510
18175,370064
18176,360500
18177,352845
18178,343225
18179,333694
18180,324020
18181,314511
18182,304874
18183,295249
18184,286364
18185,276732
18186,267059
18187,257458
18188,247898
18189,240060
18190,230524
18191,220984
18192,211417
18193,201990
18194,192450
18195,182833
18196,173234
18197,163647
18198,154028
18199,144374
18200,135522
18201,125843
18202,117939
18203,108462
18204,98821
18205,89295
18206,79913
18207,72252
18208,62395
18209,52581
18210,42680
18211,32763
18212,22914
18213,13043
18214,3167
18215,1057035
18216,1048266
18217,1038655
18218,1029205
18219,1019557
18220,1002296
18221,1000372
18222,988776
18223,983367
18224,973460
18225,963528
18226,953623
18227,943714
18228,935301
18229,925896
18230,916344
18231,906729
18232,897796
18233,888306
18234,878650
18235,869101
18236,859677
18237,850186
18238,840497
18239,830923
18240,821362
18241,813670
18242,804132
18243,794395
18244,784922
18245,775364
18246,765842
18247,758572
18248,748703
18249,738842
18250,728929
18251,719036
18252,709753
18253,701931
18254,692444
18255,682903
18256,673321
18257,663939
18258,654470
18259,644981
18260,635380
18261,625886
18262,616542
18263,606940
18264,598028
18265,588479
18266,580682
18267,571109
18268,561569
18269,552003
18270,542432
18271,532826
18272,523276
18273,513790
18274,504314
18275,494681
18276,485107
18277,475395
18278,465874
18279,457949
18280,449069
18281,439481
18282,429787
18283,420109
18284,410505
18285,400810
18286,392860
18287,383007
18288,373121
18289,363183
18290,353298
18291,343408
18292,336281
18293,326663
18294,317032
18295,307467
18296,298602
18297,289025
18298,279352
18299,269724
18300,260121
18301,250526
18302,240954
18303,231390
18304,221818
18305,214157
18306,204519
18307,194923
18308,185401
18309,175953
18310,166334
18311,156788
18312,147842
18313,138202
18314,128646
18315,118985
18316,109404
18317,101613
18318,92279
18319,82863
18320,73077
18321,63652
18322,54045
18323,44384
18324,34853
18325,27403
18326,19721
18327,9843
18328,1049788
18329,1040200
18330,1032546
18331,1022961
18332,1013422
18333,1003847
18334,994232
18335,984609
18336,974885
18337,965394
18338,955751
18339,946221
18340,936520
18341,926955
18342,917404
18343,909452
18344,900609
18345,891015
18346,881382
18347,871845
18348,862155
18349,852567
18350,842957
18351,833377
18352,823696
18353,814323
18354,804615
18355,795027
18356,787233
18357,777571
18358,767847
18359,758334
18360,749338
18361,739712
18362,730060
18363,720393
18364,710658
18365,703500
18366,693626
18367,683735
18368,673849
18369,665556
18370,655960
18371,646479
18372,636983
18373,627334
18374,617701
18375,608066
18376,599144
18377,589541
18378,579837
18379,570296
18380,560705
18381,552955
18382,543370
18383,533859
18384,524274
18385,514822
18386,505250
18387,495618
18388,486146
18389,476471
18390,466863
18391,457202
18392,448401
18393,438757
18394,430917
18395,421392
18396,411866
18397,402303
18398,392652
18399,382948
18400,373287
18401,363931
18402,354254
18403,344653
18404,335023
18405,326980
18406,317086
18407,307888
18408,299037
18409,289440
18410,279827
18411,270286
18412,260583
18413,251057
18414,241452
18415,231922
18416,222337
18417,212879
18418,203323
18419,193710
18420,185945
18421,176346
18422,166726
18423,157170
18424,148277
18425,138678
18426,129022
18427,121444
18428,111557
18429,101643
18430,91707
18431,81810
18432,71857
18433,63743
18434,54188
18435,44627
18436,35060
18437,25499
18438,16023
18439,6344
18440,1057758
18441,1048106
18442,1038721
18443,1029164
18444,1019630
18445,1013737
18446,1004173
18447,994540
18448,984946
18449,975640
18450,965168
18451,956414
18452,946780
18453,937177
18454,927529
18455,917965
18456,909058
18457,899468
18458,891710
18459,882158
18460,872545
18461,863041
18462,853487
18463,843853
18464,834316
18465,824852
18466,815265
18467,805652
18468,796097
18469,786541
18470,777027
18471,769128
18472,760328
18473,750830
18474,741211
18475,731648
18476,722060
18477,712379
18478,702825
18479,693211
18480,683524
18481,674042
18482,664452
18483,654736
18484,646854
18485,637343
18486,627641
18487,618058
18488,609126
18489,599562
18490,589824
18491,580244
18492,570567
18493,560968
18494,551354
18495,541644
18496,532098
18497,524437
18498,514843
18499,505228
18500,495615
18501,485889
18502,476259
18503,466676
18504,457680
18505,447984
18506,448433
18507,438733
18508,429185
18509,421407
18510,411966
18511,402483
18512,392671
18513,382909
18514,373262
18515,363740
18516,354042
18517,344496
18518,334910
18519,325374
18520,316471
18521,306905
18522,299081
18523,291477
18524,281593
18525,271724
18526,261810
18527,251944
18528,242082
18529,239737
18530,232243
18531,222318
18532,212388
18533,202478
18534,192546
18535,183984
18536,175191
18537,165494
18538,156066
18539,146510
18540,136980
18541,127415
18542,117870
18543,108293
18544,98616
18545,89504
18546,79858
18547,70265
18548,62596
18549,52995
18550,43363
18551,33787
18552,24806
18553,15474
18554,5919
18555,1057224
18556,1047619
18557,1038157
18558,1028501
18559,1018903
18560,1009364
18561,1002253
18562,992803
18563,985763
18564,975890
18565,965989
18566,956115
18567,946219
18568,936293
18569,937513
18570,927880
18571,918302
18572,908805
18573,901018
18574,891489
18575,881917
18576,872363
18577,862922
18578,853339
18579,843733
18580,834158
18581,824562
18582,815017
18583,805431
18584,796689
18585,787021
18586,779101
18587,769530
18588,759909
18589,750286
18590,740692
18591,731107
18592,721443
18593,712050
18594,702484
18595,692998
18596,683434
18597,673894
18598,664341
18599,656588
18600,647583
18601,637919
18602,630341
18603,620497
18604,610604
18605,600765
18606,590864
18607,580923
18608,571020
18609,569296
18610,559763
18611,550204
18612,542310
18613,532706
18614,523260
18615,513668
18616,504689
18617,495105
18618,485505
18619,475881
18620,466278
18621,456598
18622,447172
18623,437618
18624,427915
18625,420233
18626,410717
18627,401008
18628,391470
18629,381835
18630,372271
18631,362719
18632,355251
18633,345312
18634,335365
18635,325450
18636,315503
18637,307393
18638,297847
18639,288151
18640,278492
18641,269133
18642,261632
18643,251731
18644,241846
18645,231960
18646,222042
18647,212163
18648,209942
18649,200479
18650,193493
18651,183637
18652,173976
18653,164412
18654,154837
18655,145275
18656,135724
18657,126374
18658,116665
18659,107170
18660,97737
18661,88242
18662,78663
18663,70773
18664,61914
18665,52478
18666,42702
18667,33206
18668,23637
18669,14253
18670,4761
18671,1055574
18672,1046020
18673,1036753
18674,1027121
18675,1017481
18676,1010010
18677,1000486
18678,990777
18679,981202
18680,972348
18681,962701
18682,955903
18683,946027
18684,936141
18685,926196
18686,916308
18687,906403
18688,896479
18689,888452
18690,878816
18691,869529
18692,859992
18693,850466
18694,840876
18695,831705
18696,822665
18697,813136
18698,803686
18699,794102
18700,784597
18701,776865
18702,767313
18703,757609
18704,748064
18705,738692
18706,729135
18707,719529
18708,709881
18709,700248
18710,690587
18711,680988
18712,671897
18713,662267
18714,654609
18715,645135
18716,635532
18717,625975
18718,616395
18719,606799
18720,587724
18721,589467
18722,579595
18723,569699
18724,559838
18725,549960
18726,540065
18727,532727
18728,522844
18729,513181
18730,503667
18731,494072
18732,484468
18733,474905
18734,468315
18735,458403
18736,448454
18737,438541
18738,428601
18739,418663
18740,409574
18741,399952
18742,390308
18743,380742
18744,371899
18745,362291
18746,352779
18747,343335
18748,333781
18749,324174
18750,307135
18751,304968
18752,295385
18753,287569
18754,278074
18755,268419
18756,258839
18757,249203
18758,239786
18759,230077
18760,222181
18761,212351
18762,202473
18763,192561
18764,182728
18765,174852
18766,165320
18767,155787
18768,146251
18769,136862
18770,127241
18771,117630
18772,108177
18773,98607
18774,88952
18775,79431
18776,70549
18777,60915
18778,53266
18779,43598
18780,33972
18781,24425
18782,14963
18783,5321
18784,1069758
18785,1060964
18786,1051411
18787,1041802
18788,1032322
18789,1022719
18790,1013129
18791,1008103
18792,999211
18793,989675
18794,980166
18795,970780
18796,961186
18797,951642
18798,942032
18799,932387
18800,926598
18801,916757
18802,906858
18803,896982
18804,887081
18805,893671
18806,884347
18807,874679
18808,865807
18809,856239
18810,846703
18811,837396
18812,827797
18813,818216
18814,808553
18815,798996
18816,789396
18817,782008
18818,772416
18819,762799
18820,753165
18821,743628
18822,733899
18823,724393
18824,715669
18825,706043
18826,696565
18827,687021
18828,677480
18829,669599
18830,659995
18831,650378
18832,640878
18833,631575
18834,622006
18835,612515
18836,605558
18837,595665
18838,585717
18839,578244
18840,568317
18841,558372
18842,548499
18843,538564
18844,529305
18845,519668
18846,510061
18847,500493
18848,490942
18849,481659
18850,471955
18851,462442
18852,452704
18853,443077
18854,433518
18855,425765
18856,416908
18857,407332
18858,397749
18859,388134
18860,378592
18861,369018
18862,359326
18863,349774
18864,340192
18865,330769
18866,321159
18867,311547
18868,303714
18869,294227
18870,284627
18871,275117
18872,266293
18873,256755
18874,247193
18875,237692
18876,228132
18877,218553
18878,208970
18879,201015
18880,191116
18881,182114
18882,172420
18883,162754
18884,153288
18885,143654
18886,134053
18887,124433
18888,115891
18889,106258
18890,94004
18891,70600
18892,70606
18893,38775
18894,38796
18895,38769
18896,38844
18897,1112181
18898,1112223
18899,1112277
18900,1112314
18901,1112296
18902,1112300
18903,1112307
18904,1097697
18905,1097748
18906,1090074
18907,1080596
18908,1070973
18909,1061297
18910,1051804
18911,1042419
18912,1032763
18913,1023397
18914,1013880
18915,1004169
18916,994637
18917,987956
18918,978061
18919,968167
18920,1063682
18921,1054010
18922,1044450
18923,1034867
18924,1025263
18925,1015628
18926,1006049
18927,996351
18928,986762
18929,977372
18930,967734
18931,958037
18932,950350
18933,940764
18934,931150
18935,921565
18936,912658
18937,903030
18938,893456
18939,886108
18940,876176
18941,866272
18942,856329
18943,846408
18944,836490
18945,827962
18946,818393
18947,808762
18948,799168
18949,789551
18950,780041
18951,770344
18952,761384
18953,751779
18954,742161
18955,732440
18956,725194
18957,715330
18958,705449
18959,695795
18960,686074
18961,676574
18962,667074
18963,657433
18964,647755
18965,638100
18966,628462
18967,618730
18968,609726
18969,600127
18970,592159
18971,582571
18972,573013
18973,563345
18974,553715
18975,544103
18976,534348
18977,524949
18978,515316
18979,505646
18980,496003
18981,486361
18982,476758
18983,468833
18984,459780
18985,450094
18986,440490
18987,430838
18988,421130
18989,411517
18990,401893
18991,392176
18992,382584
18993,373026
18994,363335
18995,355330
18996,345900
18997,336198
18998,326579
18999,316998
19000,307972
19001,298389
19002,288677
19003,279118
19004,269489
19005,259938
19006,250285
19007,240948
19008,231295
19009,223684
19010,214015
19011,204375
19012,194759
19013,185237
19014,175578
19015,165986
19016,157088
19017,147194
19018,137419
19019,127822
19020,109380
19021,110329
19022,95218
19023,91230
19024,81615
19025,72228
19026,62627
19027,53026
19028,43590
19029,33972
19030,24085
19031,14243
19032,5175
19033,1731902
19034,1725458
19035,1715873
19036,1708981
19037,1699099
19038,1689203
19039,1679316
19040,1669409
19041,1659479
19042,1652187
19043,1642307
19044,1632423
19045,1622486
19046,1612589
19047,1603252
19048,1594386
19049,1584894
19050,1575355
19051,1565459
19052,1555753
19053,1546034
19054,1536395
19055,1526731
19056,1517061
19057,1507557
19058,1497958
19059,1488343
19060,1479751
19061,1470126
19062,1460528
19063,1450820
19064,1441909
19065,1432193
19066,1422552
19067,1412892
19068,1403187
19069,1393555
19070,1384057
19071,1374416
19072,1366607
19073,1356739
19074,1346862
19075,1336978
19076,1327328
19077,1317699
19078,1307866
19079,1298554
19080,1289487
19081,1279832
19082,1270222
19083,1260562
19084,1250872
19085,1242242
19086,1232615
19087,1222961
19088,1213430
19089,1203916
19090,1194274
19091,1184666
19092,1174956
19093,1165433
19094,1155811
19095,1146133
19096,1137130
19097,1127563
19098,1119650
19099,1110005
19100,1100413
19101,1090715
19102,1081157
19103,1071526
19104,1061957
19105,1052503
19106,1042875
19107,1033252
19108,1023630
19109,1015870
19110,1005973
19111,996077
19112,987215
19113,977601
19114,967983
19115,958528
19116,948950
19117,939434
19118,929838
19119,920201
19120,910634
19121,901247
19122,891642
19123,882024
19124,873966
19125,864370
19126,854714
19127,845147
19128,836275
19129,826663
19130,817062
19131,807424
19132,797785
19133,788147
19134,778508
19135,768904
19136,759237
19137,751276
19138,741201
19139,732421
19140,722862
19141,713363
19142,703752
19143,694080
19144,686544
19145,676644
19146,666733
19147,656786
19148,648988
19149,639098
19150,629178
19151,619266
19152,609389
19153,600004
19154,590451
19155,580819
19156,571203
19157,561595
19158,552022
19159,542569
19160,533672
19161,524109
19162,515991
19163,506429
19164,496847
19165,487224
19166,477743
19167,468119
19168,458563
19169,449091
19170,439426
19171,429747
19172,420214
19173,410588
19174,400997
19175,393002
19176,384040
19177,374418
19178,364796
19179,355123
19180,345489
19181,335980
19182,326342
19183,316736
19184,307125
19185,297771
19186,288089
19187,280286
19188,270400
19189,260666
19190,251143
19191,241359
19192,232484
19193,222890
19194,213283
19195,203704
19196,194264
19197,184668
19198,175026
19199,165419
19200,155803
19201,148053
19202,138268
19203,128363
19204,118448
19205,108536
19206,98780
19207,89248
19208,80484
19209,70882
19210,61225
19211,51836
19212,42304
19213,35313
19214,25711
19215,16185
19216,6619
19217,1049543
19218,1039978
19219,1030089
19220,1020406
19221,1010776
19222,1000858
19223,990966
19224,981921
19225,972228
19226,965362
19227,958537
19228,948660
19229,938778
19230,928884
19231,918985
19232,909095
19233,899225
19234,889326
19235,2247435
19236,2237880
19237,2228315
19238,2218748
19239,2211301
19240,2202567
19241,2192913
19242,2183308
19243,2173699
19244,2164072
19245,2154439
19246,2147197
19247,2137362
19248,2127429
19249,2117480
19250,2107570
19251,2097645
19252,2089028
19253,2079424
19254,2069824
19255,2060158
19256,2051260
19257,2041604
19258,2032025
19259,2022413
19260,2012828
19261,2003144
19262,1993632
19263,1984174
19264,1977488
19265,1967652
19266,1957804
19267,1953796
19268,1944286
19269,1934739
19270,1925227
19271,1915596
19272,1906654
19273,1896967
19274,1887438
19275,1877723
19276,1868213
19277,1860348
19278,1850741
19279,1841081
19280,1831579
19281,1822047
19282,1812415
19283,1802854
19284,1793162
19285,1783612
19286,1774041
19287,1764391
19288,1755524
19289,1745988
19290,1738064
19291,1728525
19292,1718862
19293,1709277
19294,1699616
19295,1690093
19296,1680484
19297,1670985
19298,1661372
19299,1651670
19300,1642079
19301,1634695
19302,1624828
19303,1620509
19304,1611811
19305,1602212
19306,1592708
19307,1583110
19308,1573603
19309,1563891
19310,1554332
19311,1544793
19312,1535176
19313,1525728
19314,1516142
19315,1506620
19316,1498883
19317,1489282
19318,1479717
19319,1470155
19320,1461135
19321,1451687
19322,1442162
19323,1432575
19324,1423083
19325,1413462
19326,1403804
19327,1394166
19328,1384556
19329,1376988
19330,1367273
19331,1357757
19332,1348087
19333,1338490
19334,1328904
19335,1319231
19336,1310243
19337,1302930
19338,1293071
19339,1283215
19340,1273324
19341,1269867
19342,1260297
19343,1250737
19344,1241097
19345,1231678
19346,1222033
19347,1212438
19348,1202848
19349,1195612
19350,1185678
19351,1175725
19352,1165783
19353,1155838
19354,1147815
19355,1138288
19356,1128606
19357,1119083
19358,1109434
19359,1099838
19360,1090188
19361,1080776
19362,1071183
19363,1061568
19364,1051930
19365,1042290
19366,1032682
19367,1024884
19368,1015990
19369,1006362
19370,996722
19371,987099
19372,977432
19373,967823
19374,960554
19375,950668
19376,940843
19377,930946
19378,921042
19379,911133
19380,908541
19381,898909
19382,889449
19383,879681
19384,870617
19385,861034
19386,851403
19387,841673
19388,832097
19389,822483
19390,812883
19391,803244
19392,793705
19393,786566
19394,776982
19395,767277
19396,757633
19397,748029
19398,738322
19399,728681
19400,719803
19401,710167
19402,700618
19403,691010
19404,681294
19405,673462
19406,663850
19407,654117
19408,644406
19409,635056
19410,625468
19411,615773
19412,606192
19413,596442
19414,588899
19415,579051
19416,569175
19417,559265
19418,555997
19419,546414
19420,536757
19421,527182
19422,517520
19423,507825
19424,498220
19425,488816
19426,479423
19427,469802
19428,460197
19429,450457
19430,440893
19431,433015
19432,424178
19433,414552
19434,404864
19435,395285
19436,385747
19437,376152
19438,366535
19439,356950
19440,347241
19441,337754
19442,328124
19443,318489
19444,310565
19445,301017
19446,291399
19447,281772
19448,272865
19449,263196
19450,253676
19451,246198
19452,236277
19453,228632
19454,218736
19455,208854
19456,198942
19457,189041
19458,179113
19459,174365
19460,164833
19461,155314
19462,145750
19463,136194
19464,127356
19465,117695
19466,108210
19467,98660
19468,89017
19469,81336
19470,71807
19471,62184
19472,52624
19473,43369
19474,33903
19475,24295
19476,14764
19477,5136
19478,1063009
19479,1053364
19480,1044650
19481,1035029
19482,1027885
19483,1018331
19484,1008660
19485,999007
19486,989381
19487,979824
19488,970268
19489,960743
19490,951117
19491,941402
19492,931859
19493,925421
19494,915586
19495,905761
19496,895952
19497,886144
19498,876512
19499,866857
19500,857341
19501,847836
19502,838427
19503,828740
19504,819166
19505,809848
19506,800277
19507,790766
19508,782999
19509,773446
19510,763736
19511,754200
19512,745262
19513,735731
19514,1369507
19515,1360603
19516,1351115
19517,1341861
19518,1332372
19519,1322763
19520,1312909
19521,1306263
19522,1296661
19523,1287095
19524,1277503
19525,1267878
19526,1258235
19527,1248543
19528,1239854
19529,1230269
19530,1220552
19531,1214139
19532,1204296
19533,1194451
19534,1184520
19535,1174627
19536,1164749
19537,1155177
19538,1145550
19539,1135887
19540,1126321
19541,1116800
19542,1107265
19543,1097610
19544,1088759
19545,1079206
19546,1071320
19547,1061860
19548,1052256
19549,1042690
19550,1033105
19551,1023241
19552,1013382
19553,1006386
19554,996475
19555,986538
19556,976597
19557,966661
19558,956713
19559,948792
19560,939836
19561,930184
19562,920688
19563,910978
19564,901394
19565,891785
19566,882204
19567,872607
19568,862993
19569,855398
19570,845495
19571,835617
19572,826490
19573,816880
19574,807281
19575,797673
19576,788655
19577,779010
19578,769306
19579,759734
19580,750142
19581,740566
19582,731107
19583,721499
19584,712373
19585,704944
19586,695392
19587,685789
19588,676154
19589,666585
19590,656965
19591,647303
19592,638513
19593,628917
19594,619333
19595,609714
19596,602182
19597,594389
19598,584835
19599,575250
19600,565561
19601,556148
19602,546484
19603,536941
19604,527349
19605,517708
19606,508242
19607,498615
19608,491319
19609,481425
19610,472210
19611,462673
19612,453041
19613,443489
19614,433905
19615,424375
19616,414810
19617,405364
19618,395903
19619,386331
19620,376746
19621,367150
19622,357511
19623,349851
19624,340929
19625,331422
19626,321825
19627,312229
19628,302651
19629,293192
19630,283685
19631,274133
19632,264508
19633,255174
19634,245569
19635,235884
19636,228449
19637,218919
19638,209383
19639,199900
19640,191063
19641,181438
19642,171790
19643,162157
19644,152665
19645,142981
19646,133494
19647,125963
19648,116086
19649,106714
19650,97128
19651,87619
19652,78030
19653,68431
19654,58998
19655,51839
19656,41955
19657,32011
19658,22095
19659,12158
19660,1059261
19661,1054345
19662,1044842
19663,1035424
19664,1025892
19665,1016807
19666,1007297
19667,997684
19668,988023
19669,978407
19670,969056
19671,959465
19672,950717
19673,941268
19674,933988
19675,924439
19676,914876
19677,905208
19678,895591
19679,886050
19680,876350
19681,866982
19682,857447
19683,847758
19684,838116
19685,828780
19686,819199
19687,814603
19688,804759
19689,794886
19690,784998
19691,775129
19692,765195
19693,755250
19694,746270
19695,736777
19696,727221
19697,718222
19698,708707
19699,699148
19700,691590
19701,681961
19702,672492
19703,662772
19704,654006
19705,644400
19706,634856
19707,625309
19708,615653
19709,606216
19710,596587
19711,587143
19712,577643
19713,569971
19714,560466
19715,550809
19716,541161
19717,531540
19718,521976
19719,512472
19720,503524
19721,457246
19722,457304
19723,457282
19724,457371
19725,456326
19726,448196
19727,438346
19728,428481
19729,418645
19730,408755
19731,398892
19732,389294
19733,379727
19734,370117
19735,360423
19736,351634
19737,342201
19738,334643
19739,325329
19740,315449
19741,305882
19742,296417
19743,286676
19744,277066
19745,267684
19746,257989
19747,248403
19748,238764
19749,229113
19750,219564
19751,211806
19752,203194
19753,186431
19754,184061
19755,174409
19756,164872
19757,155301
19758,148659
19759,138813
19760,128918
19761,118965
19762,109034
19763,99074
19764,90159
19765,80890
19766,73076
19767,63197
19768,53279
19769,43402
19770,33747
19771,24163
19772,14836
19773,5204
19774,1052939
19775,1043556
19776,1034015
19777,1027631
19778,1018060
19779,1008452
19780,998854
19781,989280
19782,979660
19783,970123
19784,961434
19785,951795
19786,942099
19787,932562
19788,922880
19789,914537
19790,905005
19791,895352
19792,885807
19793,876366
19794,866700
19795,856998
19796,847425
19797,837673
19798,828048
19799,818474
19800,809607
19801,799901
19802,791485
19803,781949
19804,772317
19805,762746
19806,757332
19807,747448
19808,737589
19809,727690
19810,717707
19811,707857
19812,697989
19813,688076
19814,678166
19815,668264
19816,658574
19817,649216
19818,639576
19819,629848
19820,608789
19821,608739
19822,590003
19823,590026
19824,581380
19825,571942
19826,562345
19827,552744
19828,544339
19829,534718
19830,525039
19831,515441
19832,506535
19833,496815
19834,487138
19835,477539
19836,467984
19837,458304
19838,448717
19839,439054
19840,429478
19841,421261
19842,411574
19843,401963
19844,392358
19845,384418
19846,374529
19847,364656
19848,354776
19849,344865
19850,335181
19851,325625
19852,315976
19853,307647
19854,297985
19855,288375
19856,278779
19857,269295
19858,259676
19859,250103
19860,240496
19861,233079
19862,223207
19863,213276
19864,203331
19865,193389
19866,184695
19867,175119
19868,165562
19869,155878
19870,146232
19871,136649
19872,127039
19873,117580
19874,107956
19875,98337
19876,88649
19877,79155
19878,69889
19879,61536
19880,52557
19881,42896
19882,33238
19883,23650
19884,14063
19885,6291
19886,1064620
19887,1055101
19888,1045609
19889,1036595
19890,1021835
19891,997132
19892,1000411
19893,1000450
19894,962264
19895,962290
19896,964003
19897,963442
19898,888437
19899,888462
19900,888462
19901,888480
19902,888438
19903,888465
19904,888480
19905,874113
19906,874153
19907,868222
19908,858536
19909,848998
19910,839446
19911,829754
19912,820957
19913,811443
19914,801878
19915,792249
19916,782578
19917,774795
19918,765253
19919,755652
19920,746073
19921,736608
19922,726970
19923,717541
19924,711556
19925,701690
19926,691811
19927,681913
19928,672024
19929,662133
19930,652544
19931,642902
19932,633349
19933,623624
19934,613999
19935,604409
19936,594949
19937,585543
19938,575933
19939,566338
19940,556752
19941,547311
19942,538764
19943,531008
19944,522138
19945,512521
19946,502924
19947,493316
19948,483741
19949,474091
19950,464547
19951,454667
19952,445013
19953,435556
19954,425937
19955,416364
19956,408576
19957,398963
19958,389398
19959,379833
19960,371115
19961,361579
19962,352031
19963,347125
19964,337244
19965,327364
19966,317486
19967,307592
19968,297660
19969,287705
19970,277793
19971,267858
19972,257928
19973,248020
19974,238331
19975,228735
19976,220012
19977,210419
19978,200710
19979,191128
19980,181530
19981,173773
19982,164227
19983,154584
19984,144951
19985,135754
19986,126182
19987,116592
19988,107060
19989,97411
19990,87854
19991,78294
19992,69657
19993,60131
19994,52416
19995,42815
19996,33248
19997,23722
19998,14261
19999,4677
20000,1052267
20001,1043324
20002,1033791
20003,1024315
20004,1018412
20005,1008558
20006,998687
20007,989039
20008,980281
20009,970758
20010,961112
20011,951580
20012,942109
20013,932484
20014,922885
20015,913366
20016,903722
20017,895541
20018,885999
20019,876395
20020,868831
20021,859308
20022,849772
20023,840159
20024,831501
20025,821916
20026,812341
20027,802782
20028,793407
20029,783824
20030,774241
20031,764731
20032,755188
20033,747853
20034,738248
20035,728635
20036,719075
20037,709407
20038,699867
20039,690542
20040,681591
20041,672040
20042,662364
20043,654807
20044,644924
20045,635246
20046,625624
20047,616046
20048,606393
20049,596944
20050,567561
20051,567583
20052,567634
20053,557993
20054,548424
20055,538840
20056,529959
20057,520365
20058,512525
20059,503009
20060,493393
20061,483762
20062,474112
20063,464514
20064,455038
20065,445511
20066,438061
20067,428118
20068,418172
20069,408259
20070,398320
20071,389573
20072,380605
20073,371116
20074,361416
20075,351902
20076,342296
20077,332769
20078,323225
20079,313591
20080,303972
20081,294570
20082,287327
20083,277442
20084,267586
20085,257735
20086,248137
20087,238612
20088,229727
20089,220108
20090,210565
20091,200964
20092,191338
20093,181747
20094,172168
20095,162568
20096,152960
20097,145427
20098,135886
20099,126442
20100,116859
20101,107248
20102,97667
20103,88052
20104,79363
20105,69785
20106,60253
20107,50643
20108,41122
20109,33402
20110,23811
20111,14350
20112,4820
20113,1059960
20114,1050547
20115,1041064
20116,1031652
20117,1022450
20118,1012828
20119,1003387
20120,994727
20121,985055
20122,979819
20123,969929
20124,960177
20125,950539
20126,940931
20127,931372
20128,921834
20129,912522
20130,902913
20131,893414
20132,883891
20133,874194
20134,868717
20135,862480
20136,853794
20137,844223
20138,834677
20139,825013
20140,815365
20141,805822
20142,796277
20143,783792
20144,777201
20145,767739
20146,758085
20147,748507
20148,740748
20149,731114
20150,721474
20151,711877
20152,702927
20153,693391
20154,683855
20155,674263
20156,664660
20157,655135
20158,645477
20159,635954
20160,626516
20161,619439
20162,609573
20163,599688
20164,589916
20165,580423
20166,570835
20167,561340
20168,554115
20169,544195
20170,534247
20171,524355
20172,514422
20173,510115
20174,500546
20175,491055
20176,481373
20177,472171
20178,462658
20179,452985
20180,443484
20181,433833
20182,424313
20183,414687
20184,406036
20185,396485
20186,388647
20187,379036
20188,369467
20189,359851
20190,350226
20191,340556
20192,330961
20193,321550
20194,312158
20195,302591
20196,292993
20197,283386
20198,273778
20199,265890
20200,257067
20201,250047
20202,240151
20203,230266
20204,220442
20205,210544
20206,200597
20207,190726
20208,180832
20209,170875
20210,161230
20211,151609
20212,143719
20213,134149
20214,124586
20215,357689
20216,349893
20217,340442
20218,330842
20219,321393
20220,311865
20221,302163
20222,292615
20223,283003
20224,273500
20225,267066
20226,257436
20227,247816
20228,238260
20229,228643
20230,219274
20231,209816
20232,200943
20233,191381
20234,181810
20235,172282
20236,162610
20237,154876
20238,145316
20239,135679
20240,130372
20241,120527
20242,110649
20243,100749
20244,90863
20245,80964
20246,71088
20247,61181
20248,51228
20249,41305
20250,33128
20251,23548
20252,14025
20253,4471
20254,1050141
20255,1040616
20256,1031098
20257,1022068
20258,1012567
20259,1003037
20260,993501
20261,983943
20262,974275
20263,967699
20264,959106
20265,949590
20266,940106
20267,930521
20268,920842
20269,911193
20270,904956
20271,895025
20272,885079
20273,875164
20274,865273
20275,855324
20276,846202
20277,836515
20278,826875
20279,817326
20280,813382
20281,803525
20282,793653
20283,783730
20284,773817
20285,763925
20286,753995
20287,744069
20288,734164
20289,724234
20290,714505
20291,704920
20292,695347
20293,685702
20294,676117
20295,666507
20296,657771
20297,648269
20298,638715
20299,629107
20300,619559
20301,613933
20302,604422
20303,594805
20304,585164
20305,575733
20306,566213
20307,556638
20308,546952
20309,537505
20310,527757
20311,518121
20312,509309
20313,499585
20314,491747
20315,482257
20316,472557
20317,463027
20318,453404
20319,446246
20320,436359
20321,426523
20322,416638
20323,406744
20324,396856
20325,386990
20326,377036
20327,368538
20328,359617
20329,349924
20330,340418
20331,330807
20332,321263
20333,311629
20334,302119
20335,292479
20336,282868
20337,273429
20338,263876
20339,254290
20340,246297
20341,236725
20342,227169
20343,217498
20344,208544
20345,198912
20346,189431
20347,179799
20348,170242
20349,160639
20350,151063
20351,141444
20352,131877
20353,124351
20354,114730
20355,105121
20356,95484
20357,85915
20358,76495
20359,69646
20360,59790
20361,49933
20362,40026
20363,30135
20364,20280
20365,11684
20366,2339
20367,1045828
20368,1036249
20369,1026947
20370,1017270
20371,1007578
20372,1000412
20373,990514
20374,980589
20375,970670
20376,960733
20377,950791
20378,943140
20379,933518
20380,923915
20381,914277
20382,904645
20383,895044
20384,885477
20385,876027
20386,866489
20387,856957
20388,847587
20389,838117
20390,828530
20391,820673
20392,811857
20393,802248
20394,792593
20395,783026
20396,773494
20397,763925
20398,756871
20399,746999
20400,737137
20401,727236
20402,717350
20403,707414
20404,699637
20405,690060
20406,680499
20407,670824
20408,661914
20409,652185
20410,642634
20411,633010
20412,623328
20413,613776
20414,604183
20415,594599
20416,584996
20417,577412
20418,567720
20419,558148
20420,548574
20421,539005
20422,529330
20423,519761
20424,510761
20425,501117
20426,491533
20427,481929
20428,472311
20429,464426
20430,454897
20431,445293
20432,435673
20433,426236
20434,416679
20435,407118
20436,397502
20437,387806
20438,379851
20439,369961
20440,360061
20441,350160
20442,342797
20443,333260
20444,323699
20445,314038
20446,304367
20447,294731
20448,285155
20449,275734
20450,266143
20451,256434
20452,246828
20453,237386
20454,227856
20455,220048
20456,211068
20457,201466
20458,191860
20459,182264
20460,172718
20461,163107
20462,153497
20463,143825
20464,134248
20465,124854
20466,115206
20467,105593
20468,97934
20469,88256
20470,78671
20471,69295
20472,60388
20473,50748
20474,41166
20475,33581
20476,23657
20477,13755
20478,6338
20479,1053729
20480,1044258
20481,1037035
20482,1027411
20483,1017931
20484,1008326
20485,998775
20486,989159
20487,979605
20488,970765
20489,961247
20490,951524
20491,941904
20492,932328
20493,924550
20494,914952
20495,905357
20496,895808
20497,886431
20498,876819
20499,867296
20500,857583
20501,848111
20502,838420
20503,828820
20504,819929
20505,810455
20506,802479
20507,792952
20508,783229
20509,773630
20510,764056
20511,754454
20512,744741
20513,735388
20514,725742
20515,716210
20516,706596
20517,699709
20518,689835
20519,680999
20520,671949
20521,662330
20522,652826
20523,643276
20524,633793
20525,624154
20526,614563
20527,604897
20528,595288
20529,585827
20530,576232
20531,566675
20532,558741
20533,549185
20534,539636
20535,530063
20536,521136
20537,511572
20538,501869
20539,492281
20540,482702
20541,473121
20542,463461
20543,453803
20544,444127
20545,436474
20546,426896
20547,417264
20548,407668
20549,398068
20550,388445
20551,378564
20552,369800
20553,360191
20554,350557
20555,340894
20556,333169
20557,323274
20558,313763
20559,304110
20560,294546
20561,285107
20562,275529
20563,265972
20564,256377
20565,246732
20566,237055
20567,227671
20568,218576
20569,208919
20570,201022
20571,191460
20572,181919
20573,172310
20574,162742
20575,153170
20576,143593
20577,134192
20578,126759
20579,116855
20580,106921
20581,96966
20582,87061
20583,78351
20584,69746
20585,60155
20586,50600
20587,40931
20588,31295
20589,21727
20590,12170
20591,2692
20592,1054293
20593,1044947
20594,1035420
20595,1025807
20596,1020095
20597,1010251
20598,1000321
20599,990383
20600,981630
20601,971989
20602,962331
20603,952847
20604,943267
20605,933632
20606,924062
20607,914549
20608,904902
20609,898261
20610,888648
20611,878999
20612,869432
20613,859829
20614,850162
20615,840757
20616,831779
20617,822121
20618,812594
20619,803051
20620,784445
20621,785650
20622,770569
20623,766472
20624,756828
20625,747409
20626,737876
20627,728027
20628,718138
20629,708228
20630,698483
20631,688881
20632,679918
20633,670351
20634,662490
20635,652982
20636,645216
20637,635366
20638,625524
20639,615625
20640,605750
20641,595843
20642,585980
20643,576234
20644,566498
20645,556946
20646,547440
20647,539467
20648,530542
20649,520955
20650,511439
20651,501806
20652,492236
20653,482585
20654,472923
20655,463369
20656,453729
20657,444322
20658,434647
20659,424978
20660,417218
20661,407596
20662,397918
20663,388367
20664,379385
20665,369842
20666,360221
20667,350735
20668,341068
20669,331476
20670,321750
20671,312139
20672,302519
20673,294802
20674,285289
20675,277507
20676,267665
20677,257780
20678,247896
20679,237993
20680,230477
20681,220553
20682,210636
20683,200750
20684,190835
20685,181763
20686,172154
20687,162582
20688,152992
20689,143656
20690,134042
20691,124507
20692,114956
20693,105321
20694,95639
20695,86105
20696,77209
20697,67842
20698,60053
20699,50548
20700,40874
20701,31316
20702,21716
20703,12218
20704,2737
20705,1053779
20706,1044161
20707,1034723
20708,1025171
20709,1015656
20710,1005985
20711,998327
20712,989466
20713,979932
20714,970247
20715,964017
20716,954118
20717,944231
20718,934330
20719,924430
20720,914555
20721,897929
20722,894686
20723,884771
20724,876622
20725,867095
20726,857520
20727,847991
20728,839119
20729,829539
20730,819974
20731,810476
20732,800952
20733,791406
20734,781863
20735,772279
20736,762740
20737,755237
20738,745658
20739,736078
20740,726604
20741,716987
20742,707384
20743,697864
20744,688978
20745,679235
20746,669657
20747,660096
20748,650600
20749,645684
20750,636197
20751,626623
20752,616997
20753,607677
20754,599614
20755,589717
20756,579842
20757,569904
20758,553784
20759,550115
20760,541134
20761,531470
20762,523574
20763,514139
20764,504564
20765,495024
20766,485319
20767,475677
20768,466159
20769,456737
20770,447174
20771,437578
20772,427999
20773,418336
20774,408722
20775,400736
20776,391830
20777,382288
20778,372670
20779,363075
20780,353480
20781,343849
20782,336620
20783,326792
20784,316856
20785,306893
20786,296979
20787,287042
20788,277662
20789,268124
20790,258480
20791,248776
20792,239969
20793,230349
20794,222814
20795,212927
20796,203044
20797,193124
20798,183210
20799,173297
20800,163356
20801,155166
20802,145618
20803,135911
20804,126389
20805,116705
20806,107065
20807,97496
20808,88649
20809,78989
20810,69385
20811,59813
20812,50183
20813,42412
20814,32813
20815,23106
20816,13694
20817,4200
20818,1058056
20819,1048521
20820,1038959
20821,1029413
20822,1019865
20823,1010168
20824,1001721
20825,992267
20826,986448
20827,976871
20828,967518
20829,957867
20830,948319
20831,938735
20832,929073
20833,925269
20834,915394
20835,905516
20836,895628
20837,885743
20838,875848
20839,865908
20840,855989
20841,846052
20842,836646
20843,827103
20844,817403
20845,807817
20846,798223
20847,788653
20848,778901
20849,769522
20850,760117
20851,750237
20852,742577
20853,732981
20854,723286
20855,713687
20856,704874
20857,695201
20858,685591
20859,675917
20860,666317
20861,656745
20862,647137
20863,637477
20864,628023
20865,620342
20866,610790
20867,601256
20868,591568
20869,582040
20870,572411
20871,562833
20872,553851
20873,546370
20874,536512
20875,526614
20876,516710
20877,507703
20878,498135
20879,488580
20880,479045
20881,469624
20882,460021
20883,450370
20884,440763
20885,432913
20886,422978
20887,413033
20888,403109
20889,393313
20890,385467
20891,375937
20892,351600
20893,351607
20894,314517
20895,314526
20896,314568
20897,314626
20898,233632
20899,233629
20900,233683
20901,233689
20902,233646
20903,235203
20904,236103
20905,236174
20906,221054
20907,221029
20908,211652
20909,202047
20910,192471
20911,182771
20912,174978
20913,165127
20914,155273
20915,145363
20916,136828
20917,127246
20918,117694
20919,108046
20920,99228
20921,89659
20922,80103
20923,70840
20924,61270
20925,51706
20926,42203
20927,32606
20928,23033
20929,15461
20930,5978
20931,1058361
20932,1048903
20933,1039373
20934,1029786
20935,1020282
20936,1011621
20937,1002108
20938,992419
20939,982891
20940,973269
20941,965904
20942,956376
20943,946800
20944,937207
20945,927828
20946,918134
20947,908477
20948,898933
20949,889231
20950,879690
20951,870138
20952,863817
20953,853934
20954,844645
20955,835106
20956,825560
20957,815959
20958,806413
20959,796906
20960,787366
20961,777996
20962,768406
20963,758899
20964,749282
20965,739797
20966,730391
20967,722708
20968,713984
20969,704396
20970,694900
20971,685294
20972,675766
20973,666299
20974,656833
20975,647267
20976,637602
20977,628209
20978,618599
20979,608933
20980,601117
20981,591687
20982,582160
20983,572548
20984,563782
20985,554092
20986,544595
20987,537067
20988,527130
20989,517190
20990,507290
20991,499430
20992,489515
20993,479630
20994,469780
20995,460186
20996,450669
20997,441117
20998,431460
20999,421950
21000,413027
21001,403494
21002,393900
21003,384304
21004,374706
21005,367222
21006,357726
21007,348082
21008,338537
21009,329059
21010,319426
21011,309845
21012,300164
21013,290419
21014,280867
21015,271237
21016,262402
21017,252906
21018,245218
21019,235600
21020,226064
21021,216397
21022,206884
21023,197265
21024,187682
21025,178373
21026,168844
21027,159281
21028,149684
21029,140105
21030,130441
21031,123318
21032,114524
21033,104850
21034,95587
21035,86048
21036,76383
21037,66821
21038,57342
21039,47715
21040,38072
21041,28733
21042,19160
21043,9699
21044,1066782
21045,1057217
21046,1047723
21047,1038122
21048,1029222
21049,1019622
21050,1009934
21051,1000240
21052,990628
21053,981078
21054,971609
21055,962115
21056,952476
21057,945030
21058,935470
21059,925943
21060,916245
21061,906705
21062,897194
21063,887480
21064,878546
21065,868944
21066,859424
21067,849775
21068,840184
21069,832314
21070,825599
21071,815725
21072,805871
21073,795975
21074,786093
21075,776214
21076,766301
21077,756418
21078,746950
21079,737309
21080,728498
21081,718850
21082,711114
21083,701518
21084,691898
21085,682171
21086,672533
21087,662960
21088,653385
21089,646040
21090,636117
21091,626165
21092,616214
21093,606278
21094,596340
21095,588053
21096,579180
21097,569569
21098,559917
21099,550327
21100,540583
21101,530961
21102,521266
21103,511628
21104,501954
21105,492696
21106,483018
21107,473440
21108,465497
21109,455908
21110,448034
21111,438149
21112,428254
21113,418340
21114,408450
21115,398807
21116,389161
21117,379624
21118,369957
21119,360429
21120,353294
21121,343742
21122,334129
21123,324474
21124,314843
21125,305288
21126,295586
21127,286039
21128,277018
21129,267503
21130,257955
21131,248356
21132,238755
21133,230909
21134,221312
21135,211628
21136,202075
21137,192745
21138,183152
21139,173565
21140,163995
21141,154319
21142,144705
21143,135075
21144,126208
21145,116647
21146,108808
21147,99365
21148,89817
21149,82102
21150,72231
21151,62392
21152,52500
21153,42568
21154,32615
21155,22723
21156,12956
21157,3362
21158,1046266
21159,1038674
21160,1029817
21161,1020332
21162,1010807
21163,1001344
21164,991783
21165,982212
21166,972659
21167,963042
21168,953353
21169,943979
21170,934333
21171,924661
21172,916900
21173,907336
21174,897783
21175,888178
21176,879210
21177,869488
21178,859874
21179,850369
21180,840762
21181,831251
21182,821643
21183,812113
21184,802383
21185,794734
21186,785113
21187,775530
21188,765972
21189,758923
21190,749022
21191,741377
21192,731494
21193,721554
21194,711690
21195,701756
21196,691819
21197,683031
21198,673460
21199,663908
21200,654361
21201,645058
21202,635356
21203,625762
21204,616147
21205,606498
21206,596910
21207,587339
21208,578313
21209,568681
21210,560784
21211,551227
21212,541664
21213,532079
21214,522356
21215,512753
21216,503069
21217,493562
21218,483901
21219,474291
21220,464610
21221,454996
21222,445394
21223,437466
21224,428480
21225,418837
21226,409183
21227,399549
21228,391842
21229,381953
21230,372091
21231,362188
21232,352269
21233,342414
21234,332543
21235,322610
21236,314451
21237,304857
21238,295289
21239,285705
21240,276746
21241,267100
21242,257454
21243,247950
21244,238442
21245,228826
21246,219164
21247,209506
21248,199962
21249,192271
21250,182686
21251,172826
21252,162908
21253,153221
21254,143626
21255,134032
21256,125137
21257,115556
21258,105902
21259,96373
21260,86792
21261,78931
21262,69571
21263,60012
21264,50386
21265,40955
21266,31363
21267,21793
21268,13771
21269,3938
21270,1045919
21271,1036519
21272,1027716
21273,1018173
21274,1011507
21275,1002055
21276,992426
21277,982801
21278,973231
21279,963643
21280,954164
21281,944765
21282,935226
21283,925603
21284,915988
21285,906374
21286,896743
21287,888935
21288,826892
21289,826923
21290,826951
21291,826998
21292,826997
21293,827023
21294,823205
21295,813300
21296,803392
21297,793449
21298,783525
21299,773608
21300,765014
21301,755461
21302,745936
21303,736356
21304,727547
21305,717871
21306,708251
21307,701622
21308,691762
21309,681883
21310,671978
21311,662112
21312,652177
21313,643166
21314,633672
21315,624176
21316,614567
21317,604899
21318,595328
21319,585810
21320,576954
21321,567361
21322,557724
21323,548188
21324,538609
21325,530803
21326,521245
21327,511660
21328,502126
21329,492673
21330,483033
21331,473364
21332,463723
21333,454029
21334,444398
21335,434822
21336,425866
21337,416267
21338,408422
21339,398983
21340,389259
21341,379726
21342,370096
21343,360552
21344,350953
21345,341560
21346,331932
21347,324051
21348,314187
21349,304291
21350,294378
21351,285389
21352,276534
21353,266894
21354,257306
21355,247670
21356,238081
21357,228492
21358,218886
21359,209349
21360,199691
21361,190371
21362,180882
21363,171289
21364,163508
21365,153928
21366,144345
21367,134751
21368,125830
21369,116236
21370,106648
21371,97033
21372,87310
21373,77745
21374,68462
21375,58800
21376,49268
21377,41737
21378,32092
21379,22422
21380,12987
21381,3317
21382,1054467
21383,1045019
21384,1036148
21385,1026601
21386,1017029
21387,1010711
21388,1000838
21389,990971
21390,981618
21391,972177
21392,962722
21393,953230
21394,943618
21395,933990
21396,924336
21397,917179
21398,907269
21399,897336
21400,887393
21401,877485
21402,869218
21403,859619
21404,850049
21405,840519
21406,830985
21407,821383
21408,811719
21409,802277
21410,792703
21411,783044
21412,773352
21413,763879
21414,754317
21415,746449
21416,737656
21417,727932
21418,718362
21419,708800
21420,689513
21421,689545
21422,673304
21423,670234
21424,660644
21425,651420
21426,643667
21427,633763
21428,624280
21429,614707
21430,605103
21431,595484
21432,586550
21433,576863
21434,567280
21435,557577
21436,548024
21437,538557
21438,528902
21439,519323
21440,509763
21441,502181
21442,492664
21443,483120
21444,473398
21445,463737
21446,454145
21447,444520
21448,435497
21449,425875
21450,416169
21451,406643
21452,397032
21453,389204
21454,379631
21455,370053
21456,360369
21457,350965
21458,341377
21459,331773
21460,322192
21461,312599
21462,302961
21463,293469
21464,284511
21465,276978
21466,267082
21467,257416
21468,247866
21469,238214
21470,228673
21471,219068
21472,209498
21473,200093
21474,190538
21475,181040
21476,171464
21477,161941
21478,152262
21479,144405
21480,135540
21481,125855
21482,116336
21483,106636
21484,97076
21485,87746
21486,78189
21487,68601
21488,58951
21489,49556
21490,39981
21491,30362
21492,22485
21493,13156
21494,3659
21495,1054217
21496,1045620
21497,1035789
21498,1026169
21499,1018703
21500,1008816
21501,998892
21502,988977
21503,979064
21504,969131
21505,962799
21506,952945
21507,943013
21508,933072
21509,923161
21510,922075
21511,912533
21512,903604
21513,894040
21514,884379
21515,874777
21516,865141
21517,857335
21518,847784
21519,838158
21520,828483
21521,819134
21522,809495
21523,800014
21524,790463
21525,780816
21526,771135
21527,761568
21528,752574
21529,743109
21530,735298
21531,725835
21532,716222
21533,706693
21534,697130
21535,687624
21536,678052
21537,668616
21538,659062
21539,649552
21540,639978
21541,630445
21542,620926
21543,613081
21544,604135
21545,596776
21546,586876
21547,576986
21548,567103
21549,557254
21550,547306
21551,544651
21552,535125
21553,525742
21554,516160
21555,506692
21556,498928
21557,489415
21558,479804
21559,470142
21560,461349
21561,451716
21562,442146
21563,432558
21564,422909
21565,413235
21566,403669
21567,393960
21568,384413
21569,376905
21570,367255
21571,357642
21572,348015
21573,338392
21574,328790
21575,319238
21576,310237
21577,300697
21578,291100
21579,281471
21580,271773
21581,263999
21582,254548
21583,244881
21584,237464
21585,227621
21586,217726
21587,207822
21588,197877
21589,187994
21590,184560
21591,174991
21592,166185
21593,156700
21594,148862
21595,139252
21596,129719
21597,120105
21598,110492
21599,101165
21600,91625
21601,82232
21602,74792
21603,64861
21604,54927
21605,45016
21606,35080
21607,26313
21608,17553
21609,7993
21610,1059696
21611,1050368
21612,1040824
21613,1031189
21614,1021603
21615,1012027
21616,1002487
21617,993070
21618,983536
21619,974032
21620,966374
21621,956754
21622,947102
21623,937451
21624,931192
21625,921297
21626,911415
21627,901537
21628,891620
21629,881722
21630,871824
21631,861888
21632,852206
21633,844610
21634,835044
21635,825211
21636,815295
21637,805761
21638,796184
21639,786607
21640,777641
21641,768171
21642,758571
21643,748997
21644,739398
21645,731642
21646,722013
21647,712382
21648,702753
21649,693466
21650,683749
21651,674044
21652,664364
21653,654849
21654,645201
21655,635708
21656,626905
21657,617217
21658,609353
21659,599823
21660,590139
21661,581090
21662,571235
21663,563537
21664,553637
21665,543782
21666,533922
21667,524012
21668,514115
21669,504251
21670,494351
21671,486520
21672,477604
21673,468061
21674,458514
21675,449016
21676,439392
21677,429828
21678,420217
21679,410699
21680,401064
21681,391597
21682,381971
21683,372419
21684,364579
21685,354926
21686,345387
21687,335772
21688,327012
21689,317463
21690,307759
21691,298143
21692,288546
21693,278971
21694,269308
21695,259699
21696,250144
21697,242336
21698,232810
21699,223146
21700,213603
21701,204134
21702,196435
21703,186546
21704,179097
21705,169205
21706,159265
21707,149356
21708,139430
21709,130408
21710,120827
21711,111220
21712,101600
21713,92215
21714,82584
21715,73188
21716,63642
21717,53913
21718,44229
21719,34648
21720,25714
21721,9383
21722,8376
21723,1138274
21724,1128810
21725,1120942
21726,1111448
21727,1101870
21728,1092305
21729,1083266
21730,1073749
21731,1064178
21732,1054505
21733,1044801
21734,1035249
21735,1030199
21736,1021372
21737,1011847
21738,1002195
21739,992623
21740,983119
21741,973531
21742,968182
21743,958331
21744,948485
21745,938589
21746,928704
21747,918835
21748,908897
21749,899212
21750,881537
21751,879787
21752,871011
21753,861468
21754,852170
21755,842576
21756,833058
21757,823488
21758,814007
21759,804446
21760,794965
21761,787365
21762,777721
21763,768033
21764,758507
21765,748769
21766,739396
21767,729899
21768,721025
21769,711456
21770,701940
21771,692256
21772,682602
21773,674737
21774,665232
21775,655607
21776,645970
21777,636574
21778,627080
21779,617504
21780,607882
21781,599818
21782,589990
21783,580103
21784,570203
21785,560434
21786,553592
21787,544039
21788,534493
21789,524809
21790,515293
21791,505799
21792,496199
21793,486735
21794,477115
21795,467537
21796,457928
21797,448304
21798,438710
21799,430883
21800,422042
21801,412382
21802,402703
21803,393179
21804,383682
21805,374155
21806,366918
21807,356989
21808,347043
21809,337124
21810,327187
21811,317251
21812,308984
21813,299342
21814,289716
21815,280199
21816,271212
21817,261719
21818,252164
21819,242548
21820,234695
21821,224817
21822,214923
21823,205010
21824,195122
21825,186862
21826,177299
21827,167693
21828,158386
21829,148847
21830,139348
21831,129786
21832,120824
21833,111240
21834,101593
21835,91935
21836,82390
21837,74707
21838,65173
21839,55624
21840,46047
21841,36716
21842,27112
21843,17669
21844,8071
21845,1060668
21846,1051101
21847,1041437
21848,1032694
21849,1023030
21850,1015604
21851,1005977
21852,996279
21853,986775
21854,977236
21855,967572
21856,958069
21857,948731
21858,939257
21859,929611
21860,923180
21861,913331
21862,903426
21863,893536
21864,884948
21865,875296
21866,865774
21867,856153
21868,846555
21869,837130
21870,827590
21871,817977
21872,808422
21873,799048
21874,789505
21875,780017
21876,772173
21877,762595
21878,753014
21879,743410
21880,734509
21881,724941
21882,715354
21883,705758
21884,696172
21885,686690
21886,677056
21887,667400
21888,657899
21889,650124
21890,640517
21891,630683
21892,604559
21893,604605
21894,568392
21895,568647
21896,569656
21897,569620
21898,495967
21899,498029
21900,498071
21901,498161
21902,498161
21903,498176
21904,498145
21905,496586
21906,482682
21907,476800
21908,469564
21909,459658
21910,449709
21911,439810
21912,429867
21913,419917
21914,411713
21915,402067
21916,392543
21917,382943
21918,373350
21919,363876
21920,354331
21921,344977
21922,335284
21923,325727
21924,316131
21925,306529
21926,296909
21927,288979
21928,280046
21929,270505
21930,260825
21931,251243
21932,241651
21933,232122
21934,222398
21935,212767
21936,203166
21937,193719
21938,184151
21939,176198
21940,166678
21941,157046
21942,147514
21943,137854
21944,129053
21945,119495
21946,109844
21947,100202
21948,90632
21949,80979
21950,71820
21951,62229
21952,52691
21953,45125
21954,35543
21955,25989
21956,16504
21957,6993
21958,1057491
21959,1048119
21960,1039381
21961,1029798
21962,1020279
21963,1010723
21964,1001145
21965,993345
21966,983820
21967,974220
21968,964681
21969,955203
21970,945671
21971,936037
21972,926422
21973,916789
21974,907190
21975,897457
21976,888563
21977,879013
21978,872132
21979,862242
21980,852413
21981,843187
21982,833693
21983,824126
21984,814591
21985,805244
21986,795668
21987,786250
21988,776694
21989,767189
21990,757710
21991,749809
21992,740910
21993,731427
21994,721768
21995,712289
21996,702539
21997,693036
21998,683496
21999,673891
22000,664280
22001,654992
22002,645283
22003,635656
22004,627844
22005,618238
22006,608634
22007,599081
22008,590071
22009,580490
22010,570831
22011,563399
22012,553469
22013,543550
22014,533618
22015,523680
22016,513756
22017,505451
22018,497716
22019,487822
22020,477888
22021,467955
22022,458071
22023,448169
22024,438596
22025,429046
22026,419442
22027,409808
22028,400224
22029,392272
22030,382757
22031,373220
22032,363662
22033,354214
22034,344613
22035,335114
22036,325512
22037,315924
22038,306241
22039,296654
22040,287757
22041,278199
22042,270228
22043,260715
22044,251108
22045,241481
22046,231911
22047,222304
22048,212767
22049,203458
22050,193780
22051,184177
22052,174582
22053,164912
22054,155234
22055,147454
22056,138481
22057,130749
22058,120868
22059,110981
22060,101066
22061,91198
22062,81310
22063,71434
22064,61617
22065,52117
22066,42580
22067,32884
22068,25033
22069,15620
22070,6035
22071,1049051
22072,1040200
22073,1030599
22074,1021100
22075,1011569
22076,1001977
22077,992318
22078,982834
22079,973405
22080,963803
22081,956275
22082,946754
22083,937156
22084,927543
22085,917960
22086,908371
22087,898765
22088,889866
22089,880276
22090,870599
22091,861039
22092,851322
22093,843753
22094,834182
22095,824592
22096,814916
22097,807853
22098,797961
22099,788068
22100,778191
22101,768275
22102,758374
22103,748449
22104,739577
22105,729950
22106,722030
22107,712503
22108,702822
22109,693226
22110,683507
22111,674025
22112,664409
22113,654960
22114,647420
22115,637495
22116,627612
22117,617666
22118,607746
22119,598982
22120,590144
22121,580546
22122,571011
22123,561428
22124,551770
22125,542174
22126,532590
22127,522984
22128,513377
22129,504002
22130,494365
22131,484746
22132,477042
22133,467509
22134,457835
22135,448304
22136,440764
22137,430909
22138,421006
22139,411110
22140,401231
22141,391298
22142,381381
22143,371723
22144,362107
22145,354484
22146,344837
22147,335201
22148,325674
22149,316013
22150,302704
22151,296576
22152,287607
22153,277896
22154,268251
22155,258695
22156,249088
22157,241206
22158,231718
22159,222122
22160,212563
22161,203103
22162,193489
22163,183946
22164,174348
22165,164751
22166,155163
22167,145606
22168,136783
22169,127253
22170,119340
22171,109822
22172,100259
22173,90714
22174,81109
22175,71795
22176,64003
22177,54177
22178,44321
22179,34447
22180,24542
22181,14682
22182,4786
22183,1057717
22184,1048977
22185,1039365
22186,1029763
22187,1020233
22188,1010755
22189,1001073
22190,991445
22191,981899
22192,972424
22193,963015
22194,953397
22195,943779
22196,936106
22197,926449
22198,916942
22199,907301
22200,898349
22201,888736
22202,879297
22203,869669
22204,860106
22205,850531
22206,840896
22207,831286
22208,821839
22209,814320
22210,804771
22211,795191
22212,785543
22213,775880
22214,766362
22215,760590
22216,753427
22217,743543
22218,733617
22219,723682
22220,706844
22221,690661
22222,690613
22223,684030
22224,674094
22225,664154
22226,654248
22227,644319
22228,634402
22229,624731
22230,615102
22231,605543
22232,596637
22233,587073
22234,579279
22235,569826
22236,560173
22237,550587
22238,540999
22239,531428
22240,521815
22241,512361
22242,502787
22243,493252
22244,483666
22245,473978
22246,464379
22247,456596
22248,447806
22249,438176
22250,428594
22251,418964
22252,409336
22253,399727
22254,390154
22255,382356
22256,372481
22257,362629
22258,352734
22259,342847
22260,334278
22261,324639
22262,315169
22263,305572
22264,296723
22265,287203
22266,277489
22267,268018
22268,258384
22269,248713
22270,239204
22271,229650
22272,220025
22273,213247
22274,203691
22275,194152
22276,184523
22277,175014
22278,165348
22279,155798
22280,146940
22281,137373
22282,127815
22283,118192
22284,108555
22285,100704
22286,91162
22287,81930
22288,72413
22289,63038
22290,53439
22291,43841
22292,34227
22293,24585
22294,14921
22295,7258
22296,1056672
22297,1047345
22298,1039758
22299,1030184
22300,1020505
22301,1010971
22302,1001408
22303,991998
22304,982403
22305,972920
22306,963358
22307,953785
22308,944232
22309,934663
22310,925115
22311,917385
22312,908456
22313,898860
22314,889417
22315,879858
22316,870233
22317,860563
22318,853289
22319,843430
22320,833499
22321,823550
22322,813638
22323,803709
22324,795279
22325,785673
22326,776142
22327,766483
22328,757570
22329,748010
22330,738314
22331,728787
22332,719224
22333,709617
22334,702544
22335,692651
22336,682758
22337,673701
22338,663950
22339,654372
22340,644939
22341,635369
22342,625705
22343,616286
22344,607337
22345,597815
22346,588229
22347,578689
22348,569047
22349,561900
22350,552435
22351,542792
22352,533270
22353,523890
22354,514261
22355,504774
22356,495060
22357,485490
22358,475911
22359,466313
22360,457422
22361,447834
22362,440103
22363,430456
22364,420928
22365,411220
22366,401571
22367,391984
22368,382474
22369,373016
22370,363421
22371,353703
22372,344121
22373,336868
22374,326981
22375,322575
22376,313655
22377,304056
22378,294507
22379,284844
22380,275257
22381,265658
22382,256103
22383,246484
22384,236942
22385,227496
22386,217910
22387,208293
22388,200486
22389,190941
22390,181313
22391,171748
22392,162724
22393,153175
22394,143574
22395,133950
22396,124294
22397,114754
22398,105107
22399,95478
22400,86163
22401,78515
22402,68902
22403,59268
22404,49653
22405,39971
22406,30414
22407,20747
22408,11871
22409,2434
22410,1053885
22411,1044522
22412,1035114
22413,1027972
22414,1018592
22415,1009137
22416,999590
22417,990156
22418,980562
22419,970843
22420,961400
22421,953961
22422,944029
22423,934078
22424,924180
22425,914247
22426,907150
22427,897612
22428,887951
22429,878416
22430,868819
22431,859239
22432,849516
22433,840173
22434,830615
22435,820913
22436,811481
22437,801989
22438,792467
22439,784667
22440,775642
22441,766002
22442,756387
22443,746819
22444,737300
22445,727745
22446,718208
22447,708573
22448,699129
22449,689771
22450,680098
22451,670574
22452,662682
22453,655380
22454,645525
22455,635680
22456,625768
22457,615887
22458,606031
22459,596286
22460,586727
22461,577127
22462,567669
22463,558138
22464,548520
22465,540910
22466,531325
22467,521783
22468,512219
22469,502593
22470,493014
22471,483343
22472,474432
22473,464825
22474,455305
22475,445741
22476,436169
22477,428266
22478,418696
22479,409063
22480,399416
22481,390086
22482,380496
22483,370910
22484,361335
22485,351641
22486,342034
22487,332436
22488,323587
22489,314002
22490,306163
22491,296597
22492,288584
22493,278708
22494,268833
22495,258979
22496,249080
22497,239179
22498,229285
22499,219761
22500,210073
22501,200553
22502,190930
22503,182957
22504,174079
22505,164484
22506,154916
22507,145329
22508,135899
22509,126290
22510,116762
22511,107152
22512,97534
22513,88148
22514,78799
22515,69209
22516,61386
22517,51749
22518,42056
22519,32468
22520,23570
22521,14065
22522,4445
22523,1055788
22524,1046388
22525,1036949
22526,1027460
22527,1017932
22528,1008221
22529,1000619
22530,991060
22531,981570
22532,974700
22533,964814
22534,954917
22535,945031
22536,935150
22537,925243
22538,915783
22539,906240
22540,896543
22541,888750
22542,879171
22543,869560
22544,859991
22545,850652
22546,841105
22547,831541
22548,821866
22549,812364
22550,802848
22551,792980
22552,784014
22553,774421
22554,766683
22555,757079
22556,747506
22557,737899
22558,728296
22559,718615
22560,709022
22561,699591
22562,690005
22563,680367
22564,670884
22565,661295
22566,651709
22567,643761
22568,634947
22569,625370
22570,615690
22571,607714
22572,597875
22573,588029
22574,578142
22575,568245
22576,558354
22577,548478
22578,538623
22579,529045
22580,521240
22581,511600
22582,502055
22583,492424
22584,483514
22585,473944
22586,464351
22587,454866
22588,445199
22589,435645
22590,426009
22591,416303
22592,406731
22593,398934
22594,389393
22595,379770
22596,370164
22597,360465
22598,350923
22599,341197
22600,332319
22601,322696
22602,313056
22603,303411
22604,293850
22605,286147
22606,276553
22607,266879
22608,257174
22609,247806
22610,239745
22611,229883
22612,220045
22613,210142
22614,200234
22615,190325
22616,181183
22617,171559
22618,163673
22619,154094
22620,144526
22621,134929
22622,125329
22623,115734
22624,106193
22625,99439
22626,89551
22627,79619
22628,69653
22629,59721
22630,49775
22631,41101
22632,32175
22633,22521
22634,13036
22635,3359
22636,1054218
22637,1044853
22638,1035375
22639,1025978
22640,1016452
22641,1007001
22642,997477
22643,987938
22644,980184
22645,970675
22646,961168
22647,951548
22648,942783
22649,933238
22650,926377
22651,916506
22652,906648
22653,896761
22654,886873
22655,876976
22656,867078
22657,859056
22658,849600
22659,839988
22660,830456
22661,820914
22662,811296
22663,801717
22664,792826
22665,783296
22666,773738
22667,764291
22668,754825
22669,747103
22670,737684
22671,727991
22672,718393
22673,708980
22674,699474
22675,689805
22676,680303
22677,670722
22678,661060
22679,651502
22680,642784
22681,633090
22682,625528
22683,615964
22684,606347
22685,596819
22686,587304
22687,577730
22688,568265
22689,558796
22690,550908
22691,541035
22692,531178
22693,521297
22694,511389
22695,503022
22696,494241
22697,484667
22698,475117
22699,465563
22700,456014
22701,446379
22702,436816
22703,427270
22704,417699
22705,408339
22706,398719
22707,389180
22708,381272
22709,371822
22710,362114
22711,352512
22712,343689
22713,334114
22714,324511
22715,315009
22716,305399
22717,295819
22718,286301
22719,276735
22720,267060
22721,250778
22722,249975
22723,240436
22724,230892
22725,221301
22726,211736
22727,204469
22728,194679
22729,186763
22730,176848
22731,166914
22732,157032
22733,147114
22734,137422
22735,127774
22736,118221
22737,108778
22738,99193
22739,89638
22740,80250
22741,70689
22742,61136
22743,51238
22744,42289
22745,32437
22746,24336
22747,14872
22748,5299
22749,1017402
22750,1007775
22751,990807
22752,988680
22753,979475
22754,969883
22755,960252
22756,950628
22757,941172
22758,931528
22759,926274
22760,917560
22761,907952
22762,898287
22763,888654
22764,879058
22765,869427
22766,859760
22767,850096
22768,840466
22769,835240
22770,825378
22771,815493
22772,805584
22773,795674
22774,785783
22775,776260
22776,767251
22777,757646
22778,747981
22779,738461
22780,728784
22781,719200
22782,709517
22783,699953
22784,690301
22785,682822
22786,673219
22787,663671
22788,654044
22789,644442
22790,634798
22791,625155
22792,616232
22793,606644
22794,597034
22795,587401
22796,577776
22797,570028
22798,560463
22799,550896
22800,541277
22801,531868
22802,522253
22803,512550
22804,502958
22805,493347
22806,483791
22807,474086
22808,465347
22809,457653
22810,447803
22811,438225
22812,428540
22813,418959
22814,409338
22815,399782
22816,390184
22817,380743
22818,371301
22819,361595
22820,352057
22821,342458
22822,332935
22823,325130
22824,316153
22825,306509
22826,296908
22827,287343
22828,277720
22829,268134
22830,260908
22831,251001
22832,241082
22833,231146
22834,221194
22835,211234
22836,202723
22837,193220
22838,183659
22839,174073
22840,165067
22841,155522
22842,145939
22843,136506
22844,126985
22845,117343
22846,107754
22847,98188
22848,90502
22849,80861
22850,71587
22851,61928
22852,52287
22853,42722
22854,33141
22855,23559
22856,14815
22857,5198
22858,1048625
22859,1039027
22860,1029380
22861,1022210
22862,1012686
22863,1003101
22864,993517
22865,984182
22866,974575
22867,964941
22868,955375
22869,945807
22870,936253
22871,926727
22872,917782
22873,908261
22874,900430
22875,890925
22876,881273
22877,871768
22878,862102
22879,852544
22880,842976
22881,833486
22882,823990
22883,814466
22884,804802
22885,795257
22886,785734
22887,778106
22888,772118
22889,762248
22890,752361
22891,740864
22892,716757
22893,716737
22894,682678
22895,682553
22896,682533
22897,682589
22898,611278
22899,611209
22900,612727
22901,612810
22902,612786
22903,612807
22904,613644
22905,598736
22906,596806
22907,587206
22908,577587
22909,567951
22910,558530
22911,549136
22912,539510
22913,531925
22914,522244
22915,512609
22916,503160
22917,493567
22918,483928
22919,474408
22920,465413
22921,455776
22922,446189
22923,436549
22924,426882
22925,418956
22926,409389
22927,401643
22928,391757
22929,381882
22930,371975
22931,362120
22932,352222
22933,344939
22934,335060
22935,325114
22936,315166
22937,305249
22938,296911
22939,287287
22940,277799
22941,268063
22942,258396
22943,248841
22944,239124
22945,229870
22946,220329
22947,210723
22948,201128
22949,191531
22950,181908
22951,173668
22952,164807
22953,155185
22954,145538
22955,136024
22956,126380
22957,116754
22958,107155
22959,97467
22960,87933
22961,78464
22962,68986
22963,59350
22964,51679
22965,42031
22966,32492
22967,24627
22968,14821
22969,4913
22970,1055596
22971,1046062
22972,1036524
22973,1027040
22974,1017391
22975,1007709
22976,998193
22977,990984
22978,981522
22979,971906
22980,962294
22981,952717
22982,943168
22983,933601
22984,924686
22985,915032
22986,905432
22987,895814
22988,886230
22989,878514
22990,868853
22991,859320
22992,849623
22993,840238
22994,830641
22995,821110
22996,811508
22997,801891
22998,792219
22999,782672
23000,773754
23001,764216
23002,756301
23003,746641
23004,737120
23005,727493
23006,721799
23007,711952
23008,702047
23009,692139
23010,682263
23011,672320
23012,662433
23013,652538
23014,642595
23015,633922
23016,625119
23017,615488
23018,605958
23019,596287
23020,579910
23021,564645
23022,564610
23023,557530
23024,547983
23025,538533
23026,528950
23027,519334
23028,512186
23029,502663
23030,493126
23031,483530
23032,474568
23033,464930
23034,455245
23035,447977
23036,438097
23037,428169
23038,418254
23039,408313
23040,398411
23041,389714
23042,380192
23043,370527
23044,360964
23045,351448
23046,343870
23047,334013
23048,324130
23049,314193
23050,304260
23051,294327
23052,284476
23053,276609
23054,267011
23055,257487
23056,247830
23057,238522
23058,229008
23059,219404
23060,209880
23061,200210
23062,190619
23063,180965
23064,172085
23065,162391
23066,154545
23067,145068
23068,135444
23069,125857
23070,116259
23071,106615
23072,97009
23073,87518
23074,77874
23075,68511
23076,58770
23077,49229
23078,39680
23079,31985
23080,23074
23081,13667
23082,4076
23083,1054636
23084,1045262
23085,1035784
23086,1028820
23087,1018965
23088,1009027
23089,999118
23090,989258
23091,979324
23092,980359
23093,970899
23094,961192
23095,951594
23096,942808
23097,933229
23098,923673
23099,914101
23100,904423
23101,894791
23102,885285
23103,875614
23104,865906
23105,859044
23106,849348
23107,839845
23108,830218
23109,820530
23110,810855
23111,801328
23112,792313
23113,782667
23114,773059
23115,763375
23116,753731
23117,745988
23118,736527
23119,726882
23120,717349
23121,707851
23122,698302
23123,688754
23124,679111
23125,671791
23126,661919
23127,652032
23128,642139
23129,632259
23130,631962
23131,622387
23132,612738
23133,603191
23134,593485
23135,583922
23136,574259
23137,564769
23138,557270
23139,547332
23140,537383
23141,527425
23142,517486
23143,509109
23144,500259
23145,490604
23146,481058
23147,471526
23148,461974
23149,452325
23150,442792
23151,433237
23152,423699
23153,414333
23154,404778
23155,395253
23156,387414
23157,377838
23158,368141
23159,358641
23160,349692
23161,340207
23162,330644
23163,321121
23164,313689
23165,303863
23166,293976
23167,284105
23168,274212
23169,275292
23170,265439
23171,255555
23172,245666
23173,235746
23174,225834
23175,215926
23176,206869
23177,197406
23178,187775
23179,180465
23180,170959
23181,163237
23182,153682
23183,144122
23184,134470
23185,125001
23186,115398
23187,106045
23188,96363
23189,86801
23190,77121
23191,67581
23192,58741
23193,49212
23194,41468
23195,31867
23196,22265
23197,12747
23198,3194
23199,1053619
23200,1044204
23201,1035045
23202,1025437
23203,1015911
23204,1008870
23205,999013
23206,989128
23207,988308
23208,979463
23209,969839
23210,960247
23211,950705
23212,940999
23213,931399
23214,921792
23215,912291
23216,902654
23217,893174
23218,883511
23219,873930
23220,866179
23221,856698
23222,847073
23223,837655
23224,828716
23225,819152
23226,809453
23227,799842
23228,790156
23229,780592
23230,771072
23231,761414
23232,751792
23233,744104
23234,734514
23235,724900
23236,715304
23237,705645
23238,696002
23239,686408
23240,678915
23241,668996
23242,659063
23243,649118
23244,641575
23245,631694
23246,621807
23247,619403
23248,609819
23249,600477
23250,590871
23251,581244
23252,571639
23253,562112
23254,552590
23255,543084
23256,534235
23257,524519
23258,516766
23259,507221
23260,497563
23261,488100
23262,478610
23263,469092
23264,459462
23265,450011
23266,440455
23267,431074
23268,421407
23269,411803
23270,402221
23271,394344
23272,385420
23273,375837
23274,366276
23275,356593
23276,346965
23277,337336
23278,327662
23279,318010
23280,308303
23281,298925
23282,289339
23283,281901
23284,271991
23285,357670
23286,348141
23287,338543
23288,329604
23289,320005
23290,310254
23291,300618
23292,290984
23293,281381
23294,271792
23295,262234
23296,252518
23297,244939
23298,235362
23299,225851
23300,216296
23301,206598
23302,196915
23303,187549
23304,178495
23305,168939
23306,159339
23307,149696
23308,140117
23309,132270
23310,122689
23311,113122
23312,103519
23313,94028
23314,84391
23315,74701
23316,65135
23317,55392
23318,45754
23319,36061
23320,27132
23321,1073479
23322,1065445
23323,1058322
23324,1048457
23325,1038555
23326,1028658
23327,1018799
23328,1008941
23329,999035
23330,989129
23331,986750
23332,977198
23333,967728
23334,957999
23335,950301
23336,941483
23337,931941
23338,922380
23339,912790
23340,903198
23341,893519
23342,886318
23343,876384
23344,866453
23345,856537
23346,846624
23347,836676
23348,828157
23349,818545
23350,808951
23351,799450
23352,790518
23353,780954
23354,771407
23355,761765
23356,752095
23357,742527
23358,732791
23359,723352
23360,713807
23361,706088
23362,698776
23363,688940
23364,679088
23365,669184
23366,659285
23367,649394
23368,679824
23369,670228
23370,660542
23371,650940
23372,641219
23373,633366
23374,623825
23375,614186
23376,604553
23377,595135
23378,585583
23379,575889
23380,566310
23381,556684
23382,547110
23383,537467
23384,528720
23385,519160
23386,511242
23387,501639
23388,492061
23389,482344
23390,472816
23391,463260
23392,453684
23393,444321
23394,434727
23395,425256
23396,415602
23397,405997
23398,396297
23399,389252
23400,380324
23401,373168
23402,363292
23403,353432
23404,343567
23405,333685
23406,323740
23407,313809
23408,341910
23409,332526
23410,322982
23411,313411
23412,305625
23413,296144
23414,286598
23415,276948
23416,268026
23417,258402
23418,248689
23419,239051
23420,229465
23421,220035
23422,210353
23423,200756
23424,191294
23425,183922
23426,174468
23427,164845
23428,155270
23429,145654
23430,136118
23431,126434
23432,117670
23433,107959
23434,98472
23435,88834
23436,79285
23437,71724
23438,62285
23439,52725
23440,43038
23441,35735
23442,25873
23443,16012
23444,10021
23445,1082657
23446,1077257
23447,1071750
23448,1072867
23449,1066793
23450,1073375
23451,1064625
23452,1058679
23453,1052832
23454,1046232
23455,1040274
23456,1035203
23457,1030288
23458,1024054
23459,1018716
23460,1012216
23461,1005165
23462,996650
23463,990107
23464,981298
23465,971708
23466,962205
23467,952505
23468,942853
23469,933193
23470,923605
23471,914064
23472,904490
23473,895063
23474,885498
23475,875831
23476,867868
23477,858298
23478,848661
23479,839001
23480,831802
23481,821915
23482,812027
23483,802139
23484,792239
23485,782327
23486,896249
23487,886683
23488,877050
23489,869619
23490,860067
23491,850552
23492,841024
23493,831572
23494,822060
23495,812503
23496,803503
23497,793905
23498,784295
23499,774648
23500,764951
23501,757006
23502,747330
23503,737698
23504,728050
23505,718585
23506,708987
23507,699461
23508,689835
23509,680307
23510,670776
23511,661135
23512,652247
23513,642682
23514,634730
23515,625194
23516,615556
23517,606032
23518,596324
23519,588998
23520,579135
23521,569288
23522,559384
23523,549503
23524,539592
23525,529686
23526,519831
23527,518326
23528,511452
23529,501953
23530,492370
23531,482828
23532,473226
23533,463728
23534,454156
23535,444533
23536,434825
23537,425520
23538,415932
23539,406233
23540,398544
23541,388907
23542,379231
23543,369705
23544,360707
23545,351018
23546,341436
23547,334703
23548,324784
23549,314877
23550,304921
23551,295012
23552,285099
23553,276047
23554,266405
23555,256754
23556,247063
23557,237343
23558,229966
23559,220077
23560,210185
23561,200312
23562,190429
23563,180489
23564,178343
23565,170611
23566,160998
23567,151433
23568,141752
23569,132327
23570,122766
23571,113011
23572,103324
23573,93781
23574,84090
23575,74494
23576,65770
23577,56253
23578,48322
23579,38748
23580,29191
23581,19571
23582,10034
23583,1053874
23584,1044215
23585,1034792
23586,1025111
23587,1015500
23588,1005877
23589,996202
23590,986597
23591,978945
23592,969932
23593,960289
23594,950598
23595,940907
23596,931201
23597,921621
23598,914378
23599,904446
23600,894618
23601,884751
23602,874850
23603,864951
23604,890043
23605,880590
23606,871025
23607,861464
23608,852546
23609,842969
23610,833364
23611,823768
23612,814135
23613,804577
23614,794984
23615,785354
23616,775793
23617,768230
23618,758584
23619,748917
23620,739301
23621,729686
23622,720128
23623,710380
23624,701391
23625,691648
23626,681960
23627,672341
23628,662693
23629,654859
23630,645293
23631,635576
23632,625857
23633,616447
23634,606742
23635,597046
23636,587453
23637,580235
23638,570388
23639,560508
23640,550608
23641,540702
23642,539418
23643,529785
23644,520113
23645,510468
23646,500821
23647,491123
23648,481512
23649,472102
23650,464637
23651,454741
23652,444856
23653,434910
23654,425003
23655,415866
23656,406957
23657,397446
23658,387697
23659,378026
23660,368527
23661,358784
23662,349313
23663,339693
23664,332240
23665,322961
23666,313368
23667,303700
23668,296477
23669,287002
23670,277362
23671,267712
23672,258806
23673,249274
23674,239636
23675,230082
23676,220389
23677,212744
23678,202857
23679,192971
23680,183058
23681,183076
23682,173565
23683,163974
23684,154415
23685,144759
23686,135131
23687,125766
23688,116688
23689,107036
23690,97409
23691,87862
23692,78213
23693,70365
23694,60836
23695,51403
23696,41821
23697,32423
23698,22776
23699,13283
23700,3744
23701,1096700
23702,1087124
23703,1077401
23704,1068352
23705,1058800
23706,1050931
23707,1041334
23708,1031749
23709,1022060
23710,1012476
23711,1002923
23712,993270
23713,983883
23714,974242
23715,964696
23716,957841
23717,947953
23718,938068
23719,928162
23720,926172
23721,901329
23722,901345
23723,897194
23724,887465
23725,877837
23726,868246
23727,858598
23728,848889
23729,839517
23730,829865
23731,820215
23732,812380
23733,802800
23734,793183
23735,783511
23736,774652
23737,765103
23738,755496
23739,745937
23740,736226
23741,726751
23742,717220
23743,707678
23744,698058
23745,690366
23746,680741
23747,671101
23748,661384
23749,651741
23750,641879
23751,632015
23752,624504
23753,602052
23754,601999
23755,594724
23756,587360
23757,577484
23758,567598
23759,557724
23760,547785
23761,537846
23762,535126
23763,525500
23764,515919
23765,506345
23766,496734
23767,487162
23768,478260
23769,468569
23770,460784
23771,451249
23772,441611
23773,432054
23774,422517
23775,412825
23776,403270
23777,393860
23778,384200
23779,374546
23780,365027
23781,355337
23782,345679
23783,337955
23784,329164
23785,319587
23786,310039
23787,300382
23788,290781
23789,281231
23790,271671
23791,261967
23792,252405
23793,242947
23794,233391
23795,225964
23796,271863
23797,262261
23798,252637
23799,243065
23800,406542
23801,397039
23802,387456
23803,377872
23804,368246
23805,358568
23806,348914
23807,339363
23808,329917
23809,322414
23810,313054
23811,303507
23812,293843
23813,284191
23814,274465
23815,264820
23816,255834
23817,246268
23818,236564
23819,226933
23820,217219
23821,208554
23822,193263
23823,189531
23824,179895
23825,170507
23826,160905
23827,151270
23828,141694
23829,132082
23830,122394
23831,112816
23832,103789
23833,94185
23834,88255
23835,78412
23836,68525
23837,58627
23838,48751
23839,38805
23840,28896
23841,69035
23842,59711
23843,50198
23844,40657
23845,31011
23846,21505
23847,62379
23848,53900
23849,44404
23850,34853
23851,24974
23852,15290
23853,5821
23854,2042852
23855,2033115
23856,2023182
23857,2013236
23858,2003334
23859,1993392
23860,1986557
23861,1977054
23862,1967367
23863,1957756
23864,1948945
23865,1939286
23866,1929702
23867,1920194
23868,1910587
23869,1900930
23870,1891267
23871,1881597
23872,1872017
23873,1864546
23874,1857468
23875,1847610
23876,1837749
23877,1827846
23878,1817941
23879,1808047
23880,1806754
23881,1797033
23882,1787455
23883,1777871
23884,1768189
23885,1760361
23886,1750772
23887,1741321
23888,1731742
23889,1722198
23890,1712689
23891,1697337
23892,1673269
23893,1673495
23894,1673582
23895,1638630
23896,1639396
23897,1639406
23898,1576474
23899,1576520
23900,1576537
23901,1576520
23902,1576526
23903,1576538
23904,1576483
23905,1561187
23906,1559301
23907,1549584
23908,1539937
23909,1530338
23910,1520652
23911,1513604
23912,1504624
23913,1494917
23914,1485238
23915,1475642
23916,1466102
23917,1456490
23918,1446941
23919,1437646
23920,1428031
23921,1418638
23922,1408994
23923,1399410
23924,1392568
23925,1382910
23926,1373230
23927,1363691
23928,1354713
23929,1345245
23930,1335507
23931,1325776
23932,1316178
23933,1306559
23934,1296882
23935,1287260
23936,1277633
23937,1269943
23938,1260314
23939,1250795
23940,1241104
23941,1231458
23942,1221778
23943,1212182
23944,1203161
23945,1193659
23946,1184054
23947,1176172
23948,1166301
23949,1157405
23950,1147802
23951,1138188
23952,1128564
23953,1119182
23954,1109541
23955,1099954
23956,1090329
23957,1082632
23958,1072705
23959,1062769
23960,1052831
23961,1042894
23962,1034796
23963,1025196
23964,1015564
23965,1006126
23966,996534
23967,986880
23968,977198
23969,967861
23970,958262
23971,948620
23972,939044
23973,929460
23974,919761
23975,912005
23976,903036
23977,893447
23978,883908
23979,874198
23980,864556
23981,854899
23982,845327
23983,835624
23984,825975
23985,818283
23986,808400
23987,798587
23988,789327
23989,779671
23990,770065
23991,760425
23992,751574
23993,741927
23994,732343
23995,722646
23996,712987
23997,703294
23998,693649
23999,683959
24000,674375
24001,666562
24002,657041
24003,647306
24004,637691
24005,628100
24006,619270
24007,609694
24008,600956
24009,591430
24010,581847
24011,572259
24012,562649
24013,554930
24014,545376
24015,535667
24016,526194
24017,516831
24018,507258
24019,497589
24020,488014
24021,478342
24022,468705
24023,459099
24024,451343
24025,441461
24026,432785
24027,423230
24028,413697
24029,404099
24030,394402
24031,384784
24032,375166
24033,365710
24034,356016
24035,346447
24036,336870
24037,327252
24038,317619
24039,309745
24040,300828
24041,291305
24042,281658
24043,271968
24044,262347
24045,252655
24046,243032
24047,233432
24048,223831
24049,214541
24050,204965
24051,195305
24052,187485
24053,177909
24054,168340
24055,158799
24056,149983
24057,140410
24058,130743
24059,123314
24060,113368
24061,103423
24062,93509
24063,83593
24064,75782
24065,65916
24066,56026
24067,46281
24068,36739
24069,27146
24070,17607
24071,8142
24072,1053006
24073,1043518
24074,1034030
24075,1024384
24076,1014903
24077,1007549
24078,998075
24079,988484
24080,978973
24081,969568
24082,960022
24083,950377
24084,940766
24085,931155
24086,921495
24087,911933
24088,903016
24089,893387
24090,885799
24091,876239
24092,866765
24093,857190
24094,847596
24095,837942
24096,828407
24097,819011
24098,809366
24099,799835
24100,790195
24101,780666
24102,770999
24103,763277
24104,756362
24105,746513
24106,736615
24107,726720
24108,716783
24109,714916
24110,705335
24111,695837
24112,686279
24113,676885
24114,667176
24115,657677
24116,650076
24117,640508
24118,630991
24119,621384
24120,612440
24121,602863
24122,593242
24123,583678
24124,574000
24125,564408
24126,554719
24127,545200
24128,535648
24129,528077
24130,518478
24131,508977
24132,499233
24133,489714
24134,480199
24135,470721
24136,461899
24137,452350
24138,442820
24139,433288
24140,423657
24141,415675
24142,406152
24143,398579
24144,388732
24145,378874
24146,368966
24147,359094
24148,349178
24149,346140
24150,336486
24151,326720
24152,317966
24153,308356
24154,300739
24155,291148
24156,281664
24157,271984
24158,262427
24159,252790
24160,243175
24161,236273
24162,226365
24163,216417
24164,206519
24165,196566
24166,186633
24167,177905
24168,169018
24169,159495
24170,149889
24171,140445
24172,130810
24173,121225
24174,111548
24175,101890
24176,92389
24177,83094
24178,73446
24179,64028
24180,56416
24181,46884
24182,37304
24183,30219
24184,20328
24185,10442
24186,1056587
24187,1046938
24188,1037342
24189,1027726
24190,1018274
24191,1008694
24192,999013
24193,992543
24194,983066
24195,973373
24196,963837
24197,954281
24198,944722
24199,935105
24200,926227
24201,916558
24202,906887
24203,897279
24204,887700
24205,879802
24206,870222
24207,860579
24208,850907
24209,841512
24210,831803
24211,822184
24212,812658
24213,802986
24214,793249
24215,783599
24216,774622
24217,764924
24218,757058
24219,747463
24220,737882
24221,728289
24222,721190
24223,711283
24224,701478
24225,691579
24226,681646
24227,671757
24228,661871
24229,651962
24230,642089
24231,634425
24232,625513
24233,615955
24234,606317
24235,596631
24236,587013
24237,577468
24238,567780
24239,558250
24240,548650
24241,539254
24242,529667
24243,520043
24244,512131
24245,502638
24246,493036
24247,483457
24248,474563
24249,464948
24250,455335
24251,445744
24252,436073
24253,426437
24254,416869
24255,407157
24256,397474
24257,390790
24258,381225
24259,371551
24260,362064
24261,354105
24262,344213
24263,336918
24264,326991
24265,317067
24266,307181
24267,297249
24268,287347
24269,278045
24270,268482
24271,258861
24272,249371
24273,239947
24274,230311
24275,220735
24276,211156
24277,201474
24278,191958
24279,182454
24280,173644
24281,164120
24282,156313
24283,146723
24284,137249
24285,127592
24286,117971
24287,108427
24288,98747
24289,89288
24290,79903
24291,70228
24292,60678
24293,51115
24294,41548
24295,554758
24296,546129
24297,536625
24298,527064
24299,517414
24300,507824
24301,500248
24302,490374
24303,480489
24304,470587
24305,460700
24306,450817
24307,440902
24308,433077
24309,423569
24310,414085
24311,404522
24312,395682
24313,385995
24314,376449
24315,366811
24316,357343
24317,347803
24318,338262
24319,328670
24320,319186
24321,311622
24322,302128
24323,292670
24324,283050
24325,273528
24326,263992
24327,254432
24328,245540
24329,236001
24330,226294
24331,216787
24332,207383
24333,199499
24334,189938
24335,180389
24336,170832
24337,161361
24338,151905
24339,142300
24340,132654
24341,124771
24342,114892
24343,105021
24344,95179
24345,85291
24346,77226
24347,67755
24348,58142
24349,48468
24350,39043
24351,29403
24352,19823
24353,10534
24354,1042558
24355,1032928
24356,1023430
24357,1013906
24358,1004268
24359,997838
24360,989322
24361,979669
24362,969956
24363,960374
24364,950681
24365,941048
24366,933794
24367,923895
24368,913972
24369,904033
24370,894122
24371,884215
24372,875569
24373,866024
24374,856490
24375,846943
24376,838075
24377,828591
24378,818882
24379,809293
24380,802327
24381,792498
24382,782673
24383,772850
24384,762961
24385,878139
24386,868613
24387,858983
24388,849438
24389,839748
24390,830176
24391,820551
24392,811689
24393,802025
24394,792342
24395,782772
24396,773175
24397,766542
24398,757005
24399,747418
24400,737861
24401,728602
24402,718919
24403,709255
24404,699696
24405,689994
24406,680444
24407,670903
24408,661870
24409,652321
24410,644479
24411,634997
24412,625499
24413,615853
24414,606325
24415,596824
24416,587233
24417,577885
24418,568357
24419,558710
24420,565246
24421,555359
24422,545441
24423,535583
24424,525641
24425,515767
24426,505822
24427,495871
24428,485952
24429,476004
24430,466043
24431,456177
24432,446187
24433,436296
24434,426391
24435,416449
24436,406489
24437,396582
24438,386634
24439,376687
24440,366784
24441,356841
24442,346888
24443,336977
24444,327044
24445,317091
24446,307173
24447,297229
24448,287274
24449,1021232
24450,1012376
24451,1002830
24452,993313
24453,983747
24454,974177
24455,964586
24456,955648
24457,946214
24458,936627
24459,929735
24460,919828
24461,909932
24462,900216
24463,890533
24464,880998
24465,871499
24466,861952
24467,852418
24468,842882
24469,835501
24470,825595
24471,815664
24472,805763
24473,795850
24474,787638
24475,778140
24476,768694
24477,759122
24478,749555
24479,739993
24480,730462
24481,721016
24482,711462
24483,701803
24484,692344
24485,682742
24486,673168
24487,665243
24488,656537
24489,646874
24490,637263
24491,627634
24492,617953
24493,608372
24494,598779
24495,589151
24496,579545
24497,570157
24498,562422
24499,552529
24500,543229
24501,533700
24502,524053
24503,514529
24504,505624
24505,495998
24506,486405
24507,476887
24508,467285
24509,457741
24510,448135
24511,438487
24512,428895
24513,422032
24514,412625
24515,403052
24516,393473
24517,383885
24518,374257
24519,364544
24520,355700
24521,346095
24522,336425
24523,326809
24524,317176
24525,309300
24526,299872
24527,290407
24528,280809
24529,271466
24530,261946
24531,252372
24532,242763
24533,233193
24534,223601
24535,214004
24536,205065
24537,195378
24538,187757
24539,178278
24540,168627
24541,159019
24542,149444
24543,139860
24544,130266
24545,120786
24546,111201
24547,101498
24548,91884
24549,82223
24550,72577
24551,64734
24552,56168
24553,194682
24554,185311
24555,175668
24556,166103
24557,156769
24558,147118
24559,137635
24560,128034
24561,118590
24562,108935
24563,99364
24564,91764
24565,82280
24566,72714
24567,63026
24568,54190
24569,44612
24570,34912
24571,27125
24572,17239
24573,7303
24574,1056365
24575,1046885
24576,1037302
24577,1031364
24578,1024856
24579,1014983
24580,1005087
24581,995196
24582,985309
24583,975360
24584,981603
24585,971835
24586,962353
24587,952738
24588,943007
24589,935293
24590,925828
24591,916167
24592,906633
24593,897293
24594,887623
24595,878100
24596,868827
24597,859154
24598,849682
24599,840125
24600,831155
24601,821466
24602,813554
24603,803926
24604,794256
24605,784681
24606,775102
24607,765612
24608,755963
24609,746687
24610,737196
24611,727645
24612,718076
24613,708511
24614,698933
24615,690952
24616,682045
24617,674476
24618,664607
24619,654744
24620,644858
24621,631376
24622,614105
24623,614390
24624,606048
24625,596623
24626,587090
24627,577474
24628,569738
24629,560287
24630,550676
24631,540967
24632,532137
24633,522505
24634,512818
24635,503477
24636,493777
24637,484165
24638,474616
24639,464961
24640,455393
24641,447872
24642,438187
24643,428553
24644,419033
24645,409311
24646,399722
24647,390151
24648,381302
24649,371709
24650,373056
24651,363446
24652,353913
24653,346216
24654,336655
24655,326957
24656,317420
24657,309896
24658,299995
24659,290137
24660,280228
24661,270322
24662,264531
24663,255070
24664,246255
24665,236697
24666,228848
24667,219321
24668,209763
24669,200215
24670,190590
24671,181068
24672,171387
24673,161950
24674,154823
24675,144888
24676,134939
24677,125023
24678,115039
24679,106682
24680,97925
24681,88312
24682,78673
24683,69285
24684,59746
24685,50113
24686,40610
24687,31108
24688,21667
24689,12558
24690,3005
24691,1052370
24692,1046036
24693,1036394
24694,1026758
24695,1017254
24696,1008689
24697,1003228
24698,993379
24699,983503
24700,973602
24701,963714
24702,953824
24703,943886
24704,933997
24705,925774
24706,916181
24707,906585
24708,896988
24709,887324
24710,877727
24711,868154
24712,859259
24713,849784
24714,840105
24715,830521
24716,820878
24717,813034
24718,803517
24719,793866
24720,784186
24721,774804
24722,758390
24723,755806
24724,746125
24725,736496
24726,726791
24727,717251
24728,708393
24729,698856
24730,690876
24731,681279
24732,671745
24733,662142
24734,652493
24735,642918
24736,635137
24737,625267
24738,615377
24739,605470
24740,595582
24741,585713
24742,575796
24743,567590
24744,558757
24745,549233
24746,539664
24747,530047
24748,520469
24749,510906
24750,501353
24751,491447
24752,481818
24753,472315
24754,462800
24755,449828
24756,444967
24757,435426
24758,425995
24759,416426
24760,407505
24761,397920
24762,388288
24763,378825
24764,369218
24765,359657
24766,350064
24767,340479
24768,330859
24769,324205
24770,314802
24771,305153
24772,295564
24773,285960
24774,276375
24775,268676
24776,261145
24777,251201
24778,241317
24779,231430
24780,221484
24781,211535
24782,201907
24783,192337
24784,182711
24785,173329
24786,163714
24787,154076
24788,144460
24789,134738
24790,125221
24791,115604
24792,106835
24793,97249
24794,90283
24795,80687
24796,71329
24797,61813
24798,52208
24799,42702
24800,33044
24801,23593
24802,14139
24803,4651
24804,1050631
24805,1041025
24806,1031624
24807,1025393
24808,1017040
24809,1007478
24810,997826
24811,988213
24812,978701
24813,969041
24814,959517
24815,954864
24816,944979
24817,935086
24818,925191
24819,915254
24820,905315
24821,895403
24822,885473
24823,876133
24824,867591
24825,858091
24826,848474
24827,838894
24828,829325
24829,819619
24830,809986
24831,800368
24832,790812
24833,783381
24834,773764
24835,764221
24836,754678
24837,745268
24838,735692
24839,726110
24840,717290
24841,707694
24842,698106
24843,688573
24844,678894
24845,671175
24846,661570
24847,652142
24848,642582
24849,633170
24850,623595
24851,614050
24852,604499
24853,594890
24854,587018
24855,577157
24856,567271
24857,557360
24858,549002
24859,539066
24860,529469
24861,519900
24862,510494
24863,500880
24864,491368
24865,482053
24866,472443
24867,462754
24868,453242
24869,443631
24870,434106
24871,426286
24872,417514
24873,407859
24874,398207
24875,388638
24876,379144
24877,369469
24878,362487
24879,352567
24880,342622
24881,332720
24882,322785
24883,312851
24884,304316
24885,294681
24886,285141
24887,275546
24888,266861
24889,257241
24890,247681
24891,238044
24892,228546
24893,207615
24894,209985
24895,175730
24896,175749
24897,175714
24898,101260
24899,101274
24900,101301
24901,101358
24902,101397
24903,101409
24904,102034
24905,102070
24906,86791
24907,84347
24908,75127
24909,68515
24910,59056
24911,49464
24912,39921
24913,30594
24914,20932
24915,11454
24916,1905
24917,1050472
24918,1040877
24919,1031456
24920,1022946
24921,1013313
24922,1006346
24923,996858
24924,987346
24925,977774
24926,968149
24927,958527
24928,949005
24929,939635
24930,929997
24931,920424
24932,910867
24933,901369
24934,895363
24935,885484
24936,875551
24937,866549
24938,856988
24939,847443
24940,837907
24941,828290
24942,818762
24943,809177
24944,799635
24945,790341
24946,780804
24947,771244
24948,763478
24949,754042
24950,744470
24951,734915
24952,726088
24953,716477
24954,706915
24955,697261
24956,687696
24957,678220
24958,668585
24959,659010
24960,649361
24961,641830
24962,632331
24963,622824
24964,613260
24965,603639
24966,594005
24967,584462
24968,575659
24969,566043
24970,556389
24971,546799
24972,537128
24973,529430
24974,519961
24975,510361
24976,500790
24977,491463
24978,481946
24979,472305
24980,464945
24981,455061
24982,445133
24983,435217
24984,425272
24985,415332
24986,407278
24987,397645
24988,388369
24989,378914
24990,369326
24991,359850
24992,350253
24993,340858
24994,331375
24995,321860
24996,312291
24997,302714
24998,293203
24999,286471
25000,277634
25001,268077
25002,258542
25003,249085
25004,239448
25005,229777
25006,220237
25007,210691
25008,201056
25009,191719
25010,182184
25011,172527
25012,164767
25013,115329
25014,115314
25015,115342
25016,116375
25017,116347
25018,106870
25019,97308
25020,87695
25021,78427
25022,68867
25023,59336
25024,49806
25025,42474
25026,32891
25027,23355
25028,13926
25029,4429
25030,1116978
25031,1107473
25032,1098769
25033,1089120
25034,1079778
25035,1070113
25036,1060552
25037,1055433
25038,1045837
25039,1036271
25040,1026668
25041,1017258
25042,1007597
25043,998005
25044,988347
25045,978759
25046,969131
25047,959433
25048,950409
25049,940853
25050,933095
25051,923221
25052,916482
25053,906648
25054,896773
25055,886889
25056,876994
25057,867084
25058,857189
25059,847281
25060,837345
25061,873099
25062,863515
25063,855805
25064,846870
25065,837320
25066,827650
25067,818065
25068,808439
25069,798773
25070,789149
25071,779424
25072,769827
25073,760420
25074,750859
25075,741118
25076,736565
25077,726919
25078,717325
25079,707660
25080,700657
25081,690995
25082,681668
25083,674114
25084,664172
25085,654274
25086,644345
25087,634402
25088,624494
25089,616310
25090,606748
25091,599280
25092,589406
25093,579510
25094,569655
25095,559747
25096,556745
25097,547111
25098,537482
25099,527887
25100,518321
25101,510604
25102,501106
25103,491466
25104,481880
25105,472361
25106,462808
25107,453039
25108,443446
25109,433736
25110,424037
25111,414468
25112,405493
25113,395831
25114,388019
25115,378427
25116,368716
25117,359042
25118,349457
25119,339882
25120,330278
25121,320935
25122,311398
25123,301870
25124,292303
25125,282673
25126,273027
25127,265223
25128,256221
25129,246632
25130,236966
25131,229544
25132,219607
25133,209734
25134,199912
25135,189994
25136,180100
25137,567083
25138,558018
25139,548511
25140,541476
25141,532020
25142,522562
25143,512980
25144,504278
25145,494765
25146,485191
25147,475539
25148,466009
25149,456326
25150,446753
25151,437126
25152,427522
25153,420185
25154,410629
25155,401214
25156,391636
25157,382017
25158,372416
25159,362916
25160,354071
25161,344457
25162,334817
25163,325273
25164,315693
25165,307955
25166,297369
25167,288854
25168,279279
25169,269860
25170,262910
25171,253018
25172,243137
25173,233233
25174,223329
25175,213432
25176,204378
25177,194824
25178,186997
25179,177491
25180,167886
25181,158246
25182,148916
25183,139271
25184,129735
25185,120337
25186,112753
25187,102863
25188,92918
25189,83020
25190,73095
25191,64294
25192,55440
25193,45818
25194,36364
25195,26822
25196,17210
25197,7609
25198,1532786
25199,1523404
25200,1513806
25201,1504751
25202,1495319
25203,1485690
25204,1478977
25205,1469364
25206,1459693
25207,1450135
25208,1441290
25209,1436708
25210,1426869
25211,1416970
25212,1407129
25213,1397164
25214,1387330
25215,1377433
25216,1367519
25217,1358408
25218,1348707
25219,1339170
25220,1329608
25221,1319948
25222,1310434
25223,1300753
25224,1292110
25225,1282506
25226,1272955
25227,1263447
25228,1253853
25229,1246090
25230,1236485
25231,1226925
25232,1217298
25233,1207916
25234,1198422
25235,1188864
25236,1179317
25237,1169720
25238,1160197
25239,1150441
25240,1141653
25241,1132032
25242,1124210
25243,1114614
25244,1105003
25245,1095412
25246,1087770
25247,1077930
25248,1068058
25249,1058172
25250,1048287
25251,1038407
25252,1028500
25253,1018614
25254,1008676
25255,1000645
25256,991807
25257,982230
25258,972564
25259,963063
25260,953445
25261,943893
25262,934218
25263,924649
25264,914905
25265,905598
25266,895978
25267,886390
25268,878775
25269,869198
25270,859639
25271,850214
25272,841086
25273,831521
25274,821930
25275,812408
25276,802755
25277,793205
25278,783472
25279,773892
25280,764405
25281,756819
25282,747182
25283,737630
25284,729873
25285,720001
25286,710114
25287,700216
25288,693024
25289,683123
25290,673203
25291,663265
25292,653358
25293,643604
25294,634098
25295,624551
25296,614989
25297,605563
25298,596079
25299,586370
25300,576870
25301,567272
25302,557919
25303,549988
25304,541169
25305,531638
25306,150040
25307,150388
25308,150353
25309,150308
25310,150340
25311,150365
25312,150380
25313,150432
25314,150426
25315,150433
25316,150450
25317,150410
25318,150393
25319,150352
25320,150331
25321,150278
25322,150303
25323,150207
25324,159874
25325,159861
25326,159884
25327,159843
25328,159823
25329,159845
25330,159847
25331,159867
25332,159776
25333,159781
25334,159725
25335,159699
25336,159662
25337,159681
25338,159612
25339,159623
25340,159638
25341,159619
25342,159641
25343,159656
25344,159638
25345,159657
25346,159669
25347,159684
25348,159710
25349,159729
25350,159705
25351,159716
25352,159724
25353,159686
25354,159701
25355,159715
25356,159773
25357,159849
25358,159865
25359,159842
25360,159860
25361,159877
25362,159856
25363,163192
25364,163228
25365,163209
25366,163229
25367,163256
25368,163274
25369,163299
25370,163340
25371,163316
25372,163338
25373,163350
25374,163329
25375,163352
25376,163371
25377,163381
25378,163403
25379,163421
25380,163402
25381,163416
25382,163437
25383,165157
25384,165184
25385,165200
25386,165182
25387,165173
25388,165187
25389,165167
25390,167514
25391,167599
25392,167624
25393,167648
25394,167661
25395,167668
25396,167653
25397,167670
25398,167647
25399,167635
25400,167657
25401,167628
25402,167617
25403,170303
25404,170333
25405,170359
25406,170387
25407,170376
25408,170369
25409,170396
25410,170371
25411,170355
25412,170373
25413,170346
25414,170302
25415,170251
25416,170126
25417,170044
25418,169957
25419,169861
25420,169830
25421,169775
25422,169778
25423,169707
25424,169697
25425,169678
25426,169645
25427,169663
25428,169587
25429,169570
25430,169529
25431,169507
25432,1370510
25433,1370731
25434,1374261
25435,1374330
25436,1374389
25437,1374376
25438,1374396
25439,1374439
25440,1374443
25441,1381140
25442,1381219
25443,1381255
25444,1381260
25445,1381282
25446,1381216
25447,1381204
25448,1381271
25449,1381235
25450,1381247
25451,1381221
25452,1381236
25453,1381233
25454,1381237
25455,1381220
25456,1381148
25457,1381166
25458,1381192
25459,1381184
25460,1381212
25461,1381193
25462,1380003
25463,1370070
25464,1360370
25465,1350530
25466,1340647
25467,1330784
25468,1320890
25469,1310962
25470,1301028
25471,1291125
25472,1281236
25473,1273368
25474,1263496
25475,825705
25476,825655
25477,825872
25478,824589
25479,824636
25480,824691
25481,824684
25482,824648
25483,824646
25484,824524
25485,824761
25486,824823
25487,824844
25488,824884
25489,824874
25490,824913
25491,824926
25492,824967
25493,827429
25494,827419
25495,824271
25496,824305
25497,824287
25498,824535
25499,824613
25500,824576
25501,824573
25502,824574
25503,824591
25504,824606
25505,824646
25506,824614
25507,824604
25508,824564
25509,824586
25510,824523
25511,825940
25512,827010
25513,827103
25514,827176
25515,827162
25516,827185
25517,829244
25518,829283
25519,827821
25520,817933
25521,808028
25522,798044
25523,788223
25524,779292
25525,769800
25526,760192
25527,750563
25528,730755
25529,730799
25530,722181
25531,712469
25532,702848
25533,693180
25534,683452
25535,673922
25536,664245
25537,657719
25538,648171
25539,638590
25540,628867
25541,619311
25542,609706
25543,600047
25544,591136
25545,581519
25546,571871
25547,562324
25548,552689
25549,544920
25550,535386
25551,525525
25552,515611
25553,506040
25554,496385
25555,486724
25556,477118
25557,469223
25558,459335
25559,449456
25560,439552
25561,429639
25562,421896
25563,412737
25564,403110
25565,393488
25566,383821
25567,374317
25568,364767
25569,355297
25570,345678
25571,336037
25572,326409
25573,316845
25574,307242
25575,299349
25576,290631
25577,281058
25578,271486
25579,261869
25580,252237
25581,242635
25582,233052
25583,223477
25584,213873
25585,204528
25586,194886
25587,185312
25588,177441
25589,167851
25590,158288
25591,148804
25592,139839
25593,130213
25594,120630
25595,112947
25596,104981
25597,95074
25598,85180
25599,75245
25600,65293
25601,55398
25602,45929
25603,36385
25604,26783
25605,17197
25606,7610
25607,1075450
25608,1066961
25609,1057424
25610,1047839
25611,1038275
25612,1028593
25613,1022445
25614,1012948
25615,1003258
25616,993720
25617,984215
25618,974589
25619,964999
25620,955323
25621,945630
25622,936055
25623,926482
25624,917620
25625,908000
25626,900144
25627,890673
25628,881146
25629,871507
25630,862016
25631,852414
25632,842726
25633,833247
25634,823713
25635,814162
25636,809220
25637,799365
25638,789510
25639,779609
25640,769711
25641,759849
25642,834077
25643,824790
25644,815279
25645,805952
25646,796389
25647,786789
25648,777143
25649,767781
25650,758142
25651,748483
25652,742308
25653,732776
25654,723154
25655,713660
25656,704838
25657,695245
25658,685649
25659,676046
25660,666477
25661,656835
25662,647261
25663,637583
25664,628084
25665,735826
25666,726392
25667,717047
25668,707660
25669,698297
25670,688649
25671,679015
25672,669999
25673,660408
25674,650684
25675,645312
25676,635442
25677,625552
25678,615636
25679,605767
25680,595867
25681,585959
25682,576362
25683,566714
25684,557052
25685,547424
25686,537730
25687,528108
25688,519462
25689,509795
25690,502196
25691,492600
25692,482998
25693,473421
25694,463782
25695,454076
25696,444518
25697,437539
25698,427653
25699,417702
25700,407790
25701,397847
25702,387909
25703,379284
25704,370346
25705,360729
25706,351124
25707,341556
25708,331730
25709,322053
25710,312459
25711,303124
25712,293573
25713,284162
25714,274495
25715,267820
25716,257962
25717,248113
25718,238222
25719,228371
25720,219500
25721,210063
25722,2247415
25723,2247471
25724,2247531
25725,2247577
25726,2247620
25727,2238738
25728,2228833
25729,2223147
25730,2213303
25731,2203411
25732,2193467
25733,2183570
25734,2173677
25735,2163740
25736,2154923
25737,2145034
25738,2135095
25739,2125184
25740,2115317
25741,2106900
25742,2097064
25743,2087205
25744,2077349
25745,2067500
25746,2057606
25747,2047703
25748,2037777
25749,2027882
25750,2017981
25751,2008106
25752,2005199
25753,1995327
25754,1985466
25755,1975542
25756,1965600
25757,1955740
25758,1945805
25759,1921239
25760,1921272
25761,1916019
25762,1906087
25763,1896191
25764,1886313
25765,1876372
25766,1866501
25767,1856560
25768,1846616
25769,1836719
25770,1826816
25771,1816883
25772,1806962
25773,1797077
25774,1787136
25775,1777207
25776,1767278
25777,1757344
25778,1747435
25779,1737494
25780,1750320
25781,1740461
25782,1730587
25783,1720682
25784,1711851
25785,1701981
25786,1692044
25787,1682168
25788,1675201
25789,1665316
25790,1655462
25791,1645532
25792,1635587
25793,1625703
25794,1615762
25795,1605815
25796,1595838
25797,1585967
25798,1576019
25799,1568686
25800,1563680
25801,1553793
25802,1543869
25803,1533928
25804,1523978
25805,1515869
25806,1506027
25807,1496096
25808,1486183
25809,1476324
25810,1466725
25811,1456857
25812,1446960
25813,1437019
25814,1427124
25815,1417179
25816,1408146
25817,1398258
25818,1390001
25819,1380122
25820,1370219
25821,1360288
25822,1350298
25823,1340466
25824,1330532
25825,1323353
25826,1313476
25827,1303588
25828,1293694
25829,1283798
25830,1273903
25831,1263998
25832,1258774
25833,1248925
25834,1239009
25835,1229144
25836,1219160
25837,1209247
25838,1199341
25839,1189406
25840,1179469
25841,1169569
25842,1159629
25843,1149705
25844,1141399
25845,1131610
25846,1121666
25847,1111774
25848,1102819
25849,1092912
25850,1082946
25851,1073121
25852,1063174
25853,1053279
25854,1043358
25855,1033484
25856,1023576
25857,1015432
25858,1005531
25859,995925
25860,986075
25861,976186
25862,968827
25863,958935
25864,949085
25865,939186
25866,929295
25867,919364
25868,909448
25869,903952
25870,1155746
25871,1146810
25872,1137304
25873,1128091
25874,1118550
25875,1108995
25876,1099460
25877,1089901
25878,1080324
25879,1070694
25880,1061990
25881,1052397
25882,1045696
25883,1036221
25884,1026551
25885,1016956
25886,1007347
25887,997743
25888,988127
25889,978743
25890,969143
25891,959445
25892,949881
25893,940242
25894,930823
25895,923177
25896,914268
25897,904724
25898,895066
25899,885473
25900,879349
25901,869471
25902,861985
25903,852109
25904,842215
25905,832331
25906,822418
25907,812507
25908,824364
25909,814948
25910,805379
25911,795772
25912,786877
25913,777318
25914,767696
25915,758157
25916,748531
25917,738939
25918,729273
25919,719760
25920,710223
25921,702629
25922,692991
25923,683354
25924,673675
25925,664091
25926,654472
25927,644843
25928,636018
25929,626498
25930,616888
25931,607262
25932,597742
25933,589846
25934,580424
25935,570787
25936,561158
25937,551783
25938,542259
25939,535498
25940,525640
25941,515792
25942,505876
25943,495962
25944,706457
25945,697117
25946,690615
25947,681032
25948,671494
25949,662168
25950,652500
25951,643078
25952,633543
25953,624132
25954,614549
25955,604950
25956,595282
25957,585697
25958,576040
25959,568197
25960,559392
25961,549794
25962,539933
25963,530014
25964,520497
25965,510636
25966,500738
25967,490860
25968,480951
25969,471247
25970,461767
25971,452059
25972,444141
25973,434592
25974,424991
25975,415374
25976,406499
25977,396879
25978,389633
25979,379789
25980,369902
25981,360001
25982,350124
25983,340219
25984,330313
25985,396422
25986,386988
25987,377437
25988,367873
25989,358240
25990,348651
25991,339095
25992,330246
25993,320601
25994,311184
25995,301582
25996,291933
25997,284368
25998,274965
25999,265402
26000,255782
26001,246350
26002,236757
26003,227170
26004,217556
26005,209724
26006,199805
26007,189883
26008,180061
26009,170517
26010,162708
26011,153106
26012,143517
26013,133839
26014,124493
26015,114967
26016,105433
26017,96071
26018,88706
26019,78775
26020,68869
26021,58945
26022,49043
26023,40179
26024,31443
26025,21779
26026,12265
26027,2757
26028,1047822
26029,1038289
26030,1028759
26031,1019198
26032,1009664
26033,1000427
26034,990944
26035,981284
26036,974851
26037,965264
26038,955774
26039,946220
26040,937333
26041,927787
26042,918201
26043,908595
26044,898928
26045,889402
26046,879683
26047,870097
26048,860473
26049,853014
26050,843168
26051,833618
26052,824146
26053,814514
26054,804936
26055,795395
26056,786462
26057,776871
26058,771723
26059,761825
26060,751956
26061,742078
26062,732143
26063,722260
26064,712406
26065,717915
26066,708399
26067,698770
26068,689102
26069,679502
26070,669906
26071,660323
26072,651539
26073,641875
26074,634067
26075,624563
26076,614980
26077,605499
26078,595973
26079,586305
26080,576810
26081,567449
26082,557815
26083,548258
26084,538677
26085,529162
26086,519491
26087,511623
26088,502882
26089,493204
26090,483647
26091,474019
26092,464498
26093,455005
26094,445421
26095,435885
26096,426319
26097,419106
26098,409220
26099,399336
26100,398550
26101,388999
26102,379518
26103,369919
26104,360988
26105,351315
26106,341626
26107,334044
26108,324163
26109,314265
26110,304324
26111,294388
26112,284446
26113,276469
26114,266900
26115,257318
26116,247823
26117,238257
26118,228718
26119,219107
26120,210267
26121,200627
26122,191154
26123,181637
26124,172114
26125,164413
26126,154861
26127,145325
26128,135677
26129,126309
26130,116672
26131,107141
26132,97826
26133,88147
26134,78532
26135,68900
26136,59969
26137,52567
26138,42710
26139,118647
26140,109001
26141,99525
26142,89966
26143,80298
26144,70702
26145,61209
26146,51708
26147,42071
26148,32500
26149,22835
26150,13413
26151,1058889
26152,1050019
26153,1040558
26154,1031079
26155,1021413
26156,1011819
26157,1002194
26158,992630
26159,983003
26160,973333
26161,963948
26162,954410
26163,944714
26164,936975
26165,927413
26166,917803
26167,908208
26168,899269
26169,889681
26170,880031
26171,870353
26172,860650
26173,851048
26174,841456
26175,831703
26176,822056
26177,815117
26178,805246
26179,795353
26180,828070
26181,818472
26182,808794
26183,799200
26184,790276
26185,780789
26186,771134
26187,761561
26188,751833
26189,744015
26190,734416
26191,724848
26192,715248
26193,706391
26194,696783
26195,687093
26196,677411
26197,667763
26198,658199
26199,648612
26200,639715
26201,630081
26202,622172
26203,612541
26204,602937
26205,593351
26206,583736
26207,574095
26208,564548
26209,555119
26210,547302
26211,537374
26212,527426
26213,517516
26214,507576
26215,498911
26216,491510
26217,481625
26218,471756
26219,461847
26220,451915
26221,442008
26222,473397
26223,463844
26224,454202
26225,444823
26226,435202
26227,425613
26228,417861
26229,408318
26230,398691
26231,389052
26232,380063
26233,370439
26234,360772
26235,351083
26236,341611
26237,331970
26238,322504
26239,312785
26240,303194
26241,295486
26242,285950
26243,276370
26244,266705
26245,257076
26246,247488
26247,237871
26248,229005
26249,219443
26250,209880
26251,200290
26252,190643
26253,182634
26254,173335
26255,166044
26256,156196
26257,146312
26258,136457
26259,126538
26260,116593
26261,106679
26262,96777
26263,90833
26264,82104
26265,72603
26266,64881
26267,55443
26268,45746
26269,36181
26270,26555
26271,17159
26272,7611
26273,1136428
26274,1126734
26275,1117179
26276,1107576
26277,1097845
26278,1088140
26279,1080676
26280,1071759
26281,1062072
26282,1052470
26283,1042872
26284,1033247
26285,1023608
26286,1013946
26287,1004286
26288,994676
26289,985236
26290,975619
26291,966023
26292,959074
26293,949442
26294,943126
26295,933250
26296,923364
26297,913454
26298,903524
26299,893594
26300,883701
26301,873790
26302,871486
26303,861929
26304,852287
26305,844833
26306,835359
26307,825721
26308,816165
26309,806569
26310,796873
26311,787266
26312,779656
26313,769725
26314,759785
26315,749867
26316,740014
26317,732209
26318,722707
26319,713067
26320,703475
26321,694061
26322,684492
26323,674949
26324,665473
26325,655812
26326,646180
26327,636665
26328,627765
26329,618129
26330,610387
26331,600857
26332,591243
26333,581731
26334,574289
26335,564390
26336,554548
26337,544662
26338,534737
26339,524833
26340,520125
26341,510457
26342,501098
26343,493337
26344,484341
26345,474753
26346,465157
26347,455539
26348,445985
26349,436357
26350,426753
26351,417076
26352,407470
26353,398075
26354,388609
26355,378946
26356,371178
26357,361567
26358,352120
26359,342579
26360,333837
26361,324170
26362,316892
26363,307387
26364,297878
26365,288243
26366,278686
26367,269172
26368,259665
26369,252113
26370,242608
26371,233009
26372,223463
26373,216292
26374,206458
26375,196585
26376,186691
26377,184220
26378,174701
26379,165060
26380,155484
26381,147944
26382,138466
26383,128841
26384,119392
26385,109892
26386,100358
26387,90867
26388,81154
26389,71532
26390,62104
26391,52398
26392,43556
26393,33921
26394,26338
26395,16732
26396,7233
26397,1075852
26398,1070028
26399,1064788
26400,1058719
26401,1055237
26402,1050042
26403,1044013
26404,1038297
26405,1033083
26406,1026608
26407,1042271
26408,1041842
26409,1033012
26410,1023862
26411,1014621
26412,1008352
26413,998461
26414,990586
26415,980729
26416,970783
26417,960882
26418,950943
26419,941000
26420,978746
26421,969105
26422,959462
26423,949866
26424,940856
26425,931287
26426,921646
26427,911968
26428,902367
26429,892742
26430,883149
26431,873480
26432,863811
26433,893528
26434,883965
26435,874444
26436,864746
26437,855163
26438,845539
26439,835782
26440,826837
26441,817326
26442,807714
26443,798138
26444,788525
26445,780578
26446,770930
26447,761332
26448,751635
26449,742225
26450,732595
26451,722850
26452,715431
26453,705574
26454,695690
26455,685785
26456,675948
26457,669953
26458,662036
26459,652567
26460,642839
26461,633180
26462,623535
26463,613841
26464,604226
26465,594723
26466,585126
26467,575388
26468,565740
26469,556116
26470,546433
26471,538688
26472,529689
26473,520087
26474,510530
26475,500900
26476,491285
26477,481645
26478,472064
26479,462332
26480,452763
26481,443260
26482,433645
26483,424024
26484,416809
26485,407220
26486,397604
26487,387937
26488,379069
26489,369477
26490,359917
26491,353223
26492,343369
26493,333482
26494,323601
26495,313693
26496,303802
26497,327106
26498,317594
26499,307998
26500,298421
26501,296998
26502,287348
26503,277657
26504,268837
26505,259213
26506,249503
26507,239907
26508,230163
26509,222516
26510,213077
26511,203451
26512,193783
26513,184412
26514,174750
26515,165166
26516,157341
26517,147407
26518,137464
26519,127555
26520,117611
26521,108018
26522,100258
26523,90723
26524,81057
26525,71617
26526,62062
26527,52437
26528,42791
26529,33271
26530,23926
26531,17611
26532,7793
26533,1130347
26534,1120812
26535,1113061
26536,1104292
26537,1094747
26538,1085169
26539,1075521
26540,1065874
26541,1056224
26542,1046673
26543,1037082
26544,1027468
26545,1018002
26546,1008362
26547,998651
26548,990739
26549,981263
26550,971480
26551,961954
26552,952968
26553,943241
26554,933629
26555,924033
26556,914457
26557,904896
26558,895331
26559,885685
26560,876224
26561,868519
26562,858831
26563,849147
26564,839568
26565,829869
26566,820216
26567,810561
26568,801543
26569,792037
26570,785271
26571,775391
26572,765494
26573,755624
26574,745682
26575,743834
26576,734338
26577,724983
26578,715421
26579,705918
26580,696419
26581,686793
26582,677291
26583,667669
26584,664957
26585,655428
26586,647731
26587,638205
26588,628725
26589,619127
26590,609489
26591,600038
26592,590376
26593,580959
26594,571426
26595,561704
26596,552157
26597,542567
26598,532995
26599,525097
26600,516216
26601,506634
26602,497041
26603,487518
26604,477982
26605,468365
26606,458856
26607,449321
26608,439781
26609,432856
26610,422994
26611,413105
26612,410313
26613,400863
26614,391379
26615,381756
26616,372960
26617,363406
26618,353888
26619,346314
26620,336388
26621,326465
26622,316515
26623,306569
26624,296650
26625,288674
26626,279014
26627,269421
26628,259806
26629,250215
26630,240779
26631,231257
26632,222300
26633,212819
26634,203251
26635,193635
26636,184312
26637,176421
26638,166888
26639,157330
26640,147602
26641,138250
26642,128712
26643,119169
26644,109455
26645,99854
26646,90191
26647,80670
26648,71832
26649,64197
26650,61875
26651,52414
26652,42757
26653,33132
26654,23815
26655,14282
26656,4654
26657,1048013
26658,1038443
26659,1028933
26660,1019427
26661,1009901
26662,1000313
26663,992889
26664,983929
26665,974265
26666,964709
26667,955089
26668,945443
26669,935830
26670,926259
26671,916742
26672,907153
26673,897749
26674,888172
26675,878618
26676,870917
26677,861403
26678,851777
26679,842134
26680,833257
26681,823747
26682,814094
26683,804538
26684,794983
26685,785406
26686,775835
26687,766355
26688,760319
26689,750449
26690,740570
26691,730670
26692,720771
26693,720244
26694,710575
26695,700980
26696,692077
26697,682412
26698,672731
26699,663229
26700,653702
26701,646044
26702,636551
26703,626958
26704,617317
26705,607954
26706,598355
26707,588827
26708,579291
26709,569624
26710,559982
26711,550416
26712,541642
26713,531981
26714,524270
26715,514694
26716,505065
26717,495433
26718,485874
26719,476360
26720,466752
26721,457394
26722,450293
26723,440377
26724,430476
26725,420529
26726,410604
26727,401547
26728,394420
26729,384530
26730,374627
26731,364709
26732,354801
26733,352298
26734,342744
26735,333316
26736,323601
26737,314151
26738,304923
26739,295266
26740,317627
26741,308155
26742,298477
26743,288808
26744,280018
26745,270480
26746,260823
26747,251307
26748,241553
26749,232031
26750,222463
26751,212877
26752,203217
26753,195711
26754,186098
26755,176412
26756,166861
26757,157199
26758,147636
26759,138114
26760,129464
26761,119984
26762,110478
26763,100964
26764,91479
26765,83705
26766,74259
26767,67917
26768,58083
26769,48277
26770,38332
26771,28419
26772,18534
26773,8583
26774,1129749
26775,1120229
26776,1111749
26777,1102129
26778,1097367
26779,1087901
26780,1078304
26781,1068707
26782,1059162
26783,1049604
26784,1039981
26785,1030517
26786,1020919
26787,1011247
26788,1001682
26789,991931
26790,982207
26791,974578
26792,965928
26793,956369
26794,946729
26795,937183
26796,927543
26797,917949
26798,908282
26799,898681
26800,889020
26801,879604
26802,869938
26803,860264
26804,852601
26805,842993
26806,838503
26807,828657
26808,818758
26809,808850
26810,798979
26811,789085
26812,779182
26813,769274
26814,759373
26815,749462
26816,739552
26817,1563536
26818,1554119
26819,1544556
26820,1534944
26821,1525317
26822,1515702
26823,1506155
26824,1498927
26825,1489012
26826,1479103
26827,1469197
26828,1459301
26829,1450987
26830,1441468
26831,1431947
26832,1422413
26833,1413126
26834,1403334
26835,1393787
26836,1384109
26837,1374565
26838,1365030
26839,1355386
26840,1346486
26841,1336949
26842,1329073
26843,1322836
26844,1312999
26845,1303098
26846,1293198
26847,1283312
26848,1273373
26849,1263470
26850,1253530
26851,1243601
26852,1289249
26853,1279606
26854,1269943
26855,1262386
26856,1253381
26857,1243699
26858,1234176
26859,1224607
26860,1215014
26861,1205468
26862,1195861
26863,1186267
26864,1176700
26865,1167159
26866,1157579
26867,1147999
26868,1140031
26869,1130421
26870,1120793
26871,1111195
26872,1102229
26873,1092619
26874,1083034
26875,1073471
26876,1063900
26877,1054810
26878,1045244
26879,1035629
26880,1028619
26881,1018732
26882,1049114
26883,1039469
26884,1029887
26885,1020314
26886,1010628
26887,1001056
26888,992076
26889,982357
26890,972779
26891,963138
26892,953383
26893,946685
26894,937147
26895,927610
26896,920005
26897,910682
26898,901102
26899,891552
26900,881967
26901,872443
26902,862709
26903,853141
26904,844137
26905,834457
26906,826634
26907,817086
26908,807346
26909,797759
26910,788541
26911,779005
26912,769390
26913,759871
26914,750376
26915,740826
26916,731178
26917,721569
26918,711961
26919,705874
26920,695983
26921,686107
26922,725263
26923,715654
26924,706037
26925,696499
26926,689290
26927,679432
26928,669507
26929,659565
26930,649667
26931,639737
26932,631018
26933,621412
26934,611716
26935,602093
26936,593147
26937,583429
26938,573712
26939,564157
26940,554621
26941,544993
26942,535346
26943,525782
26944,516106
26945,508408
26946,498773
26947,489140
26948,479521
26949,469825
26950,460175
26951,450628
26952,441464
26953,431846
26954,422243
26955,412587
26956,402966
26957,395115
26958,387723
26959,377827
26960,367947
26961,358064
26962,348166
26963,338263
26964,328362
26965,318459
26966,308573
26967,298632
26968,289410
26969,279905
26970,272042
26971,262382
26972,252808
26973,243087
26974,233248
26975,223363
26976,213465
26977,203940
26978,194329
26979,184639
26980,174998
26981,165547
26982,156027
26983,148100
26984,139292
26985,129666
26986,120040
26987,110500
26988,100776
26989,91124
26990,81483
26991,71754
26992,62163
26993,52833
26994,43198
26995,33605
26996,25492
26997,15996
26998,8424
26999,1015732
27000,1006833
27001,997242
27002,987733
27003,978060
27004,968563
27005,958891
27006,949315
27007,939728
27008,930133
27009,923104
27010,913423
27011,904023
27012,894445
27013,884860
27014,875362
27015,865712
27016,856758
27017,847271
27018,837629
27019,828003
27020,818380
27021,811428
27022,801853
27023,792362
27024,782815
27025,773502
27026,764023
27027,754476
27028,745000
27029,737573
27030,727665
27031,717747
27032,707831
27033,697977
27034,690247
27035,680749
27036,671313
27037,661732
27038,654342
27039,644463
27040,634573
27041,624678
27042,614810
27043,605229
27044,595572
27045,586030
27046,576428
27047,568707
27048,559971
27049,550254
27050,540851
27051,531343
27052,521817
27053,512278
27054,502712
27055,493133
27056,483627
27057,474254
27058,464674
27059,455187
27060,447290
27061,437725
27062,428216
27063,418642
27064,409794
27065,400339
27066,390739
27067,381154
27068,371625
27069,362046
27070,352398
27071,342852
27072,333213
27073,325555
27074,316016
27075,306355
27076,296799
27077,289176
27078,279320
27079,269435
27080,259548
27081,249680
27082,239794
27083,230280
27084,220649
27085,212923
27086,203418
27087,193829
27088,184435
27089,175080
27090,165568
27091,156003
27092,146469
27093,136776
27094,127254
27095,117732
27096,108829
27097,99196
27098,91490
27099,81846
27100,72559
27101,63125
27102,53529
27103,43994
27104,34426
27105,25038
27106,15469
27107,6027
27108,1057684
27109,1048199
27110,1038649
27111,1031122
27112,1022256
27113,1012668
27114,1003066
27115,993448
27116,983792
27117,976688
27118,966776
27119,956905
27120,946970
27121,937056
27122,927167
27123,917258
27124,916483
27125,906935
27126,897335
27127,887678
27128,878769
27129,869138
27130,859590
27131,852483
27132,842547
27133,832603
27134,822698
27135,812766
27136,802818
27137,794223
27138,784520
27139,775025
27140,765395
27141,755850
27142,746181
27143,736653
27144,727691
27145,718077
27146,708548
27147,701192
27148,691295
27149,681669
27150,671941
27151,662612
27152,653059
27153,643655
27154,634148
27155,624601
27156,617175
27157,607273
27158,597404
27159,587465
27160,581670
27161,572245
27162,564475
27163,554949
27164,545348
27165,535827
27166,526162
27167,516595
27168,506945
27169,497463
27170,487955
27171,478273
27172,468624
27173,459000
27174,449407
27175,441590
27176,432894
27177,423181
27178,413576
27179,403984
27180,394380
27181,384730
27182,375194
27183,365514
27184,355835
27185,346414
27186,336792
27187,327125
27188,319325
27189,309667
27190,299984
27191,290450
27192,281595
27193,272011
27194,262493
27195,252801
27196,245398
27197,235558
27198,225717
27199,296080
27200,286562
27201,279012
27202,269406
27203,259955
27204,250243
27205,240559
27206,231134
27207,221557
27208,212534
27209,202962
27210,193354
27211,183961
27212,174313
27213,166496
27214,156907
27215,147394
27216,137673
27217,128226
27218,118661
27219,109078
27220,99477
27221,89888
27222,80161
27223,70680
27224,61725
27225,52159
27226,44237
27227,34668
27228,25191
27229,1134287
27230,1124473
27231,1114718
27232,1105018
27233,1098034
27234,1088145
27235,1080860
27236,1070985
27237,1061047
27238,1051106
27239,1041213
27240,1031304
27241,1029096
27242,1019520
27243,1010084
27244,1000463
27245,990852
27246,981297
27247,971668
27248,962152
27249,952805
27250,943140
27251,933577
27252,925782
27253,916209
27254,906664
27255,896975
27256,888098
27257,878519
27258,868794
27259,859127
27260,849556
27261,839911
27262,830398
27263,820775
27264,811255
27265,803572
27266,794041
27267,784577
27268,775051
27269,765495
27270,755857
27271,746338
27272,737492
27273,727980
27274,720255
27275,710378
27276,700514
27277,697063
27278,687715
27279,678139
27280,668656
27281,659301
27282,649759
27283,640146
27284,630535
27285,620845
27286,611298
27287,601723
27288,592786
27289,583249
27290,575415
27291,565901
27292,556271
27293,546787
27294,537174
27295,527534
27296,518064
27297,508655
27298,499196
27299,489615
27300,480091
27301,470446
27302,460861
27303,452921
27304,443975
27305,434424
27306,424840
27307,415227
27308,405634
27309,396050
27310,386344
27311,376820
27312,367102
27313,359815
27314,349979
27315,340071
27316,373549
27317,364038
27318,354443
27319,344811
27320,336004
27321,326356
27322,316742
27323,307112
27324,297412
27325,287853
27326,278272
27327,268657
27328,258996
27329,251475
27330,241912
27331,232316
27332,222739
27333,213182
27334,203652
27335,196651
27336,186756
27337,176817
27338,166902
27339,156961
27340,147003
27341,138733
27342,129156
27343,119662
27344,110071
27345,100681
27346,91078
27347,81569
27348,71916
27349,62263
27350,52649
27351,42756
27352,33882
27353,26945
27354,17103
27355,7203
27356,1062165
27357,1054269
27358,1046364
27359,1039005
27360,1031117
27361,1024347
27362,1016709
27363,1008518
27364,1000412
27365,992670
27366,984492
27367,983064
27368,979339
27369,971040
27370,963098
27371,955753
27372,947676
27373,939532
27374,932083
27375,923606
27376,915487
27377,1024740
27378,1015056
27379,1005457
27380,997945
27381,988353
27382,978633
27383,969101
27384,960070
27385,950374
27386,940744
27387,931048
27388,921406
27389,911686
27390,901964
27391,892340
27392,885034
27393,882848
27394,873305
27395,863787
27396,854190
27397,844636
27398,835046
27399,825488
27400,816551
27401,806997
27402,797292
27403,787640
27404,778050
27405,770196
27406,760613
27407,750951
27408,741313
27409,731928
27410,722340
27411,712705
27412,703035
27413,693446
27414,683716
27415,674120
27416,665125
27417,655416
27418,647469
27419,637887
27420,628191
27421,618517
27422,608907
27423,599243
27424,589686
27425,580255
27426,570558
27427,560847
27428,551213
27429,541531
27430,531912
27431,525635
27432,515775
27433,505934
27434,496047
27435,491616
27436,482009
27437,472430
27438,465123
27439,455216
27440,445326
27441,435422
27442,425489
27443,415572
27444,407009
27445,397509
27446,387948
27447,378336
27448,369337
27449,359717
27450,350126
27451,340415
27452,330880
27453,321336
27454,311743
27455,302077
27456,292451
27457,284895
27458,275319
27459,265715
27460,256340
27461,246788
27462,237073
27463,227365
27464,218448
27465,208786
27466,199037
27467,189433
27468,179795
27469,171968
27470,162538
27471,155187
27472,145281
27473,144446
27474,134966
27475,125343
27476,115775
27477,106069
27478,96455
27479,87013
27480,78178
27481,68275
27482,60467
27483,50828
27484,41331
27485,31895
27486,22349
27487,12722
27488,3278
27489,1241330
27490,1231819
27491,1222304
27492,1212678
27493,1203077
27494,1193494
27495,1186181
27496,1177372
27497,1167859
27498,1158267
27499,1148582
27500,1138981
27501,1129396
27502,1119818
27503,1110213
27504,1100607
27505,1091139
27506,1081499
27507,1071792
27508,1063976
27509,1058269
27510,1048412
27511,1038542
27512,1028668
27513,1018759
27514,1008861
27515,998910
27516,989020
27517,979085
27518,978586
27519,969034
27520,959561
27521,952384
27522,942785
27523,933246
27524,923622
27525,913962
27526,904461
27527,894925
27528,886161
27529,876527
27530,866938
27531,857266
27532,847696
27533,839997
27534,830463
27535,820808
27536,811322
27537,801807
27538,792301
27539,782828
27540,773515
27541,766347
27542,756446
27543,746509
27544,736567
27545,726653
27546,718400
27547,708965
27548,701936
27549,692039
27550,682144
27551,672272
27552,662333
27553,652432
27554,642525
27555,675388
27556,666007
27557,656541
27558,646944
27559,639209
27560,630400
27561,620857
27562,611370
27563,601804
27564,592196
27565,582676
27566,573168
27567,563554
27568,553932
27569,544600
27570,534919
27571,525415
27572,517853
27573,508313
27574,498632
27575,489191
27576,480500
27577,470836
27578,461365
27579,451837
27580,442398
27581,432844
27582,423324
27583,413744
27584,404263
27585,396787
27586,387141
27587,377624
27588,370759
27589,360884
27590,351019
27591,341155
27592,331208
27593,322024
27594,312522
27595,303002
27596,293384
27597,286632
27598,277059
27599,267446
27600,257823
27601,248325
27602,238694
27603,229123
27604,219525
27605,209962
27606,200485
27607,190959
27608,182050
27609,172479
27610,164624
27611,155071
27612,145477
27613,135893
27614,126350
27615,116661
27616,107105
27617,97739
27618,88124
27619,78524
27620,69018
27621,59387
27622,49817
27623,42064
27624,33276
27625,23623
27626,14105
27627,4446
27628,1055323
27629,1045893
27630,1036370
27631,1026948
27632,1017392
27633,1007941
27634,998405
27635,988924
27636,981608
27637,971997
27638,962531
27639,952868
27640,943821
27641,934206
27642,924579
27643,917131
27644,907258
27645,897344
27646,887428
27647,877531
27648,867591
27649,859184
27650,849186
27651,839697
27652,829967
27653,820378
27654,810783
27655,801136
27656,792198
27657,782643
27658,772909
27659,763330
27660,753783
27661,745821
27662,736240
27663,726527
27664,716878
27665,707536
27666,697856
27667,692004
27668,682128
27669,672204
27670,662322
27671,652450
27672,642516
27673,632590
27674,632258
27675,622903
27676,613313
27677,603796
27678,594182
27679,584695
27680,575130
27681,565666
27682,556038
27683,546584
27684,536842
27685,527184
27686,517654
27687,509876
27688,501086
27689,491550
27690,481894
27691,542660
27692,533163
27693,523673
27694,514113
27695,504548
27696,494923
27697,485510
27698,475893
27699,466323
27700,459155
27701,449671
27702,439962
27703,430785
27704,421535
27705,411928
27706,405430
27707,395560
27708,385678
27709,375783
27710,365916
27711,356031
27712,346090
27713,346294
27714,336725
27715,327064
27716,317550
27717,308038
27718,298480
27719,288930
27720,279958
27721,270286
27722,260710
27723,251060
27724,241455
27725,233687
27726,224256
27727,214577
27728,205095
27729,195647
27730,185984
27731,176447
27732,166797
27733,157559
27734,148055
27735,138508
27736,129522
27737,119969
27738,112256
27739,102879
27740,93274
27741,83714
27742,74147
27743,64552
27744,54909
27745,45612
27746,43133
27747,33244
27748,23379
27749,13461
27750,1243598
27751,1242988
27752,1236133
27753,1226900
27754,1217607
27755,1208331
27756,1199021
27757,1189836
27758,1180686
27759,1171427
27760,1162062
27761,1153151
27762,1143932
27763,1134603
27764,1128637
27765,1119303
27766,1110069
27767,1100794
27768,1092888
27769,1083800
27770,1074512
27771,1065199
27772,1055864
27773,1046575
27774,1037304
27775,1028046
27776,1018740
27777,1012765
27778,1003471
27779,994260
27780,984977
27781,975688
27782,966407
27783,957082
27784,950962
27785,941139
27786,931294
27787,921479
27788,912235
27789,905709
27790,896420
27791,887174
27792,877829
27793,868854
27794,859540
27795,850207
27796,840925
27797,831689
27798,822472
27799,813203
27800,805209
27801,795966
27802,789394
27803,780034
27804,770715
27805,761361
27806,751970
27807,742639
27808,733215
27809,724231
27810,714881
27811,705589
27812,696326
27813,687093
27814,677762
27815,671094
27816,663143
27817,653758
27818,644595
27819,635280
27820,625966
27821,616705
27822,607329
27823,599773
27824,589919
27825,580039
27826,570362
27827,561025
27828,554322
27829,545150
27830,535854
27831,526557
27832,518875
27833,509614
27834,500373
27835,491149
27836,481896
27837,472651
27838,463306
27839,454163
27840,444941
27841,438905
27842,429586
27843,420354
27844,411023
27845,401712
27846,392383
27847,383167
27848,375775
27849,365838
27850,356401
27851,347233
27852,338327
27853,331802
27854,322582
27855,313223
27856,303928
27857,294919
27858,285698
27859,276295
27860,266993
27861,257567
27862,250014
27863,240129
27864,230742
27865,221439
27866,214709
27867,205579
27868,196201
27869,186832
27870,177427
27871,168126
27872,158743
27873,150032
27874,140736
27875,131509
27876,122209
27877,112832
27878,103504
27879,96899
27880,88974
27881,79673
27882,70392
27883,61033
27884,51775
27885,42922
27886,33776
27887,24492
27888,15195
27889,6200
27890,1056323
27891,1047007
27892,1043877
27893,1034564
27894,1025176
27895,1015823
27896,1008122
27897,998767
27898,989363
27899,979983
27900,970666
27901,961283
27902,954664
27903,944781
27904,934889
27905,926596
27906,917113
27907,907765
27908,898318
27909,888823
27910,879303
27911,869892
27912,861521
27913,852263
27914,842854
27915,833449
27916,824000
27917,817046
27918,807957
27919,798518
27920,789115
27921,779895
27922,770535
27923,761023
27924,751635
27925,742093
27926,732729
27927,723331
27928,714955
27929,705556
27930,698319
27931,688915
27932,679461
27933,669988
27934,660506
27935,651080
27936,641567
27937,632423
27938,622927
27939,613513
27940,604076
27941,595305
27942,588050
27943,579199
27944,570140
27945,560685
27946,551173
27947,541680
27948,532189
27949,522809
27950,515705
27951,505802
27952,495864
27953,485951
27954,476091
27955,466721
27956,459331
27957,449805
27958,440290
27959,430839
27960,422426
27961,413127
27962,403731
27963,394314
27964,385053
27965,375653
27966,366257
27967,356857
27968,347459
27969,340284
27970,330837
27971,321483
27972,311988
27973,302451
27974,293021
27975,283571
27976,275260
27977,265792
27978,256308
27979,246878
27980,237491
27981,230132
27982,220620
27983,211126
27984,201731
27985,192532
27986,183117
27987,173711
27988,164217
27989,154743
27990,145593
27991,136135
27992,127673
27993,118803
27994,111559
27995,102136
27996,92641
27997,83140
27998,73633
27999,64177
28000,54715
28001,45703
28002,36292
28003,26833
28004,17632
28005,8131
28006,1053906
28007,1049913
28008,1042126
28009,1032719
28010,1023357
28011,1013915
28012,1004574
28013,995095
28014,986145
28015,976742
28016,967316
28017,958091
28018,948698
28019,939318
28020,932876
28021,927578
28022,917684
28023,907794
28024,897865
28025,887963
28026,878028
28027,868157
28028,858768
28029,849334
28030,839900
28031,830408
28032,820901
28033,815362
28034,806054
28035,796622
28036,787211
28037,777860
28038,768415
28039,759015
28040,750585
28041,741187
28042,731631
28043,722311
28044,712916
28045,705773
28046,696378
28047,686877
28048,677413
28049,668167
28050,658689
28051,649163
28052,642268
28053,632388
28054,622453
28055,612538
28056,602988
28057,593486
28058,586256
28059,576902
28060,569817
28061,559932
28062,550038
28063,540145
28064,530233
28065,520507
28066,511151
28067,501787
28068,492431
28069,483033
28070,473626
28071,466256
28072,457933
28073,448446
28074,438937
28075,429529
28076,420259
28077,410897
28078,401527
28079,392129
28080,382730
28081,373830
28082,364055
28083,354210
28084,347283
28085,337428
28086,328065
28087,318619
28088,310165
28089,300722
28090,291268
28091,281805
28092,272408
28093,262947
28094,253501
28095,243989
28096,234559
28097,227620
28098,218138
28099,210928
28100,201043
28101,191152
28102,181267
28103,171348
28104,162589
28105,153167
28106,143689
28107,134267
28108,124754
28109,117351
28110,107955
28111,99020
28112,89549
28113,80459
28114,71049
28115,61726
28116,52346
28117,42970
28118,33560
28119,24107
28120,15750
28121,6254
28122,1052145
28123,1042890
28124,1033450
28125,1023999
28126,1014526
28127,1005104
28128,995709
28129,986616
28130,977215
28131,967742
28132,958339
28133,948935
28134,939545
28135,932372
28136,924035
28137,914627
28138,905175
28139,899551
28140,889712
28141,879816
28142,869918
28143,859991
28144,850059
28145,840149
28146,830218
28147,820621
28148,815087
28149,805712
28150,796192
28151,786771
28152,778396
28153,768916
28154,759746
28155,752376
28156,742440
28157,732534
28158,722592
28159,712657
28160,703205
28161,696232
28162,686803
28163,677319
28164,667916
28165,658425
28166,648955
28167,639531
28168,631179
28169,621712
28170,612276
28171,602813
28172,593435
28173,586207
28174,576845
28175,567367
28176,557868
28177,548717
28178,539316
28179,532359
28180,522453
28181,512610
28182,502427
28183,492845
28184,483674
28185,474202
28186,466721
28187,457292
28188,447810
28189,438307
28190,428771
28191,419245
28192,409801
28193,400623
28194,391213
28195,381867
28196,372370
28197,362920
28198,353742
28199,346579
28200,338237
28201,328792
28202,319313
28203,309888
28204,300456
28205,291060
28206,281732
28207,272263
28208,262872
28209,253691
28210,244226
28211,234739
28212,227363
28213,218174
28214,208721
28215,199273
28216,190856
28217,181403
28218,174128
28219,164242
28220,154392
28221,144486
28222,134590
28223,124801
28224,115450
28225,108561
28226,99414
28227,89919
28228,80359
28229,70900
28230,61493
28231,52035
28232,43644
28233,34205
28234,24680
28235,15416
28236,6053
28237,1114062
28238,1110492
28239,1104912
28240,1130448
28241,1121829
28242,1112426
28243,1103042
28244,1093572
28245,1084209
28246,1074903
28247,1065398
28248,1056979
28249,1047513
28250,1041190
28251,1031768
28252,1022170
28253,1012680
28254,1003160
28255,993650
28256,984104
28257,978774
28258,971252
28259,961342
28260,951417
28261,941484
28262,931583
28263,921649
28264,911996
28265,902461
28266,894235
28267,884781
28268,875378
28269,865965
28270,856532
28271,847220
28272,837700
28273,828523
28274,818983
28275,809485
28276,802839
28277,793374
28278,783872
28279,774432
28280,765920
28281,756443
28282,746991
28283,737423
28284,727887
28285,718386
28286,708895
28287,699491
28288,689992
28289,683060
28290,673557
28291,664109
28292,654607
28293,645111
28294,635576
28295,626227
28296,619155
28297,609265
28298,599388
28299,589488
28300,579803
28301,572196
28302,562849
28303,553308
28304,543762
28305,534509
28306,525046
28307,515557
28308,506052
28309,496659
28310,487184
28311,477729
28312,469123
28313,459701
28314,452049
28315,442599
28316,433021
28317,423440
28318,413937
28319,404518
28320,395129
28321,385834
28322,376245
28323,366759
28324,357277
28325,347781
28326,338272
28327,330674
28328,322129
28329,312638
28330,303178
28331,293691
28332,284362
28333,274903
28334,265485
28335,255993
28336,248749
28337,238846
28338,228996
28339,219092
28340,210489
28341,201514
28342,191952
28343,182473
28344,173882
28345,164443
28346,154945
28347,145349
28348,135824
28349,126219
28350,116811
28351,106951
28352,97042
28353,89453
28354,79603
28355,69721
28356,59833
28357,50169
28358,40606
28359,31111
28360,23734
28361,13827
28362,3895
28363,1047521
28364,1038276
28365,1031540
28366,1022096
28367,1012609
28368,1003212
28369,993983
28370,984546
28371,975054
28372,965515
28373,955988
28374,946467
28375,937015
28376,931414
28377,921488
28378,911592
28379,902135
28380,892591
28381,883098
28382,873622
28383,864035
28384,854558
28385,845303
28386,836920
28387,827430
28388,817907
28389,808526
28390,799070
28391,791731
28392,783208
28393,773749
28394,764205
28395,754662
28396,745128
28397,735662
28398,726231
28399,716737
28400,707252
28401,697969
28402,688547
28403,679183
28404,671604
28405,662125
28406,652571
28407,643017
28408,634514
28409,624871
28410,615424
28411,605987
28412,596435
28413,586954
28414,577464
28415,570171
28416,560342
28417,551281
28418,541773
28419,532208
28420,522768
28421,513282
28422,503799
28423,494375
28424,485783
28425,477003
28426,467538
28427,458016
28428,448525
28429,440934
28430,431501
28431,422008
28432,412599
28433,403374
28434,393986
28435,384465
28436,375006
28437,365542
28438,356093
28439,346578
28440,338011
28441,328441
28442,320882
28443,311507
28444,301956
28445,292521
28446,283091
28447,273531
28448,264086
28449,254820
28450,244420
28451,235802
28452,226250
28453,216661
28454,209156
28455,200379
28456,190876
28457,181612
28458,172195
28459,162631
28460,153096
28461,143503
28462,136812
28463,126943
28464,116997
28465,107045
28466,97137
28467,87211
28468,80148
28469,70642
28470,61128
28471,51611
28472,42950
28473,33506
28474,23960
28475,14620
28476,5125
28477,1051457
28478,1042213
28479,1032796
28480,1023400
28481,1019350
28482,1010008
28483,1000531
28484,991208
28485,981902
28486,972385
28487,962924
28488,954543
28489,945045
28490,935561
28491,925996
28492,916494
28493,909279
28494,902926
28495,893066
28496,883241
28497,873346
28498,863445
28499,853543
28500,843679
28501,833945
28502,824468
28503,814938
28504,806413
28505,796988
28506,789447
28507,779988
28508,770592
28509,761075
28510,751479
28511,742098
28512,732831
28513,723605
28514,714102
28515,704671
28516,695201
28517,685679
28518,676237
28519,668598
28520,660159
28521,650636
28522,641133
28523,631669
28524,622277
28525,612825
28526,603403
28527,593969
28528,584471
28529,575212
28530,565778
28531,556257
28532,548688
28533,541424
28534,531545
28535,521660
28536,511760
28537,502230
28538,492812
28539,483289
28540,473834
28541,464417
28542,454843
28543,445417
28544,435899
28545,428617
28546,419158
28547,409626
28548,400101
28549,390646
28550,381092
28551,371511
28552,363019
28553,353481
28554,343993
28555,334646
28556,325157
28557,317586
28558,308196
28559,298695
28560,289179
28561,279921
28562,270469
28563,260998
28564,251628
28565,244069
28566,234138
28567,224198
28568,214497
28569,205020
28570,197611
28571,188165
28572,178643
28573,171322
28574,161431
28575,151547
28576,141639
28577,131743
28578,121810
28579,112311
28580,102770
28581,93692
28582,84215
28583,76924
28584,68318
28585,58418
28586,48898
28587,39344
28588,29945
28589,20363
28590,11096
28591,1688
28592,1013636
28593,1004652
28594,995216
28595,985739
28596,978807
28597,969437
28598,960005
28599,950642
28600,942279
28601,932826
28602,923316
28603,913978
28604,904476
28605,894972
28606,885470
28607,875966
28608,866585
28609,859544
28610,850316
28611,840924
28612,831450
28613,824713
28614,814868
28615,805021
28616,795109
28617,785241
28618,775789
28619,766247
28620,756801
28621,749311
28622,739947
28623,730512
28624,720912
28625,711729
28626,702297
28627,692955
28628,683575
28629,674210
28630,664826
28631,655416
28632,647078
28633,637607
28634,629994
28635,620631
28636,611207
28637,601659
28638,592228
28639,582790
28640,573387
28641,564224
28642,554806
28643,545447
28644,535931
28645,526448
28646,516893
28647,509276
28648,500864
28649,491468
28650,481997
28651,472583
28652,465104
28653,455244
28654,445386
28655,435478
28656,425586
28657,416001
28658,406500
28659,396912
28660,390400
28661,380987
28662,371513
28663,362029
28664,353515
28665,344075
28666,334578
28667,326731
28668,316802
28669,306874
28670,296964
28671,287629
28672,278150
28673,270988
28674,265666
28675,256315
28676,246985
28677,237511
28678,228094
28679,218606
28680,210053
28681,200509
28682,191033
28683,181571
28684,172074
28685,164792
28686,155420
28687,145921
28688,136507
28689,127253
28690,117697
28691,108204
28692,100799
28693,90950
28694,81122
28695,71219
28696,61309
28697,51400
28698,43428
28699,33588
28700,23691
28701,13789
28702,3880
28703,1047998
28704,1038621
28705,1029627
28706,1020229
28707,1010809
28708,1001364
28709,992022
28710,982662
28711,975535
28712,968495
28713,959076
28714,949707
28715,940273
28716,930832
28717,921354
28718,912061
28719,902681
28720,893130
28721,883945
28722,874554
28723,865138
28724,858073
28725,848624
28726,839136
28727,829637
28728,821222
28729,811661
28730,802197
28731,793232
28732,786056
28733,776157
28734,766309
28735,756417
28736,746556
28737,738864
28738,729371
28739,719854
28740,710288
28741,700780
28742,691345
28743,681911
28744,673601
28745,664671
28746,655288
28747,645872
28748,636436
28749,629038
28750,619581
28751,610117
28752,600512
28753,591264
28754,581749
28755,572204
28756,562746
28757,553175
28758,543614
28759,534052
28760,525505
28761,516084
28762,508416
28763,498943
28764,489373
28765,479846
28766,470307
28767,460792
28768,451299
28769,444284
28770,434415
28771,427298
28772,417391
28773,407514
28774,397574
28775,387657
28776,377824
28777,368367
28778,358918
28779,349753
28780,340496
28781,331308
28782,321968
28783,312840
28784,303473
28785,294258
28786,285546
28787,276213
28788,268787
28789,259651
28790,250405
28791,241125
28792,232843
28793,223355
28794,213988
28795,204559
28796,195038
28797,185563
28798,176066
28799,166582
28800,157126
28801,150162
28802,140764
28803,131349
28804,121903
28805,112346
28806,102953
28807,93820
28808,85445
28809,75937
28810,66459
28811,59496
28812,49654
28813,40205
28814,30825
28815,21411
28816,12044
28817,2848
28818,1059088
28819,1049940
28820,1040724
28821,1031574
28822,1022193
28823,1012827
28824,1005293
28825,996127
28826,992955
28827,983732
28828,974306
28829,965095
28830,955950
28831,946419
28832,936949
28833,927763
28834,918434
28835,908985
28836,899502
28837,890062
28838,880671
28839,873658
28840,865348
28841,856172
28842,846792
28843,837341
28844,828035
28845,818630
28846,809362
28847,799944
28848,790472
28849,781362
28850,777402
28851,767542
28852,757652
28853,747752
28854,737863
28855,727969
28856,719066
28857,709695
28858,700156
28859,690693
28860,681263
28861,671900
28862,662541
28863,653496
28864,644110
28865,637085
28866,627663
28867,618220
28868,608778
28869,599313
28870,589863
28871,582441
28872,572535
28873,562748
28874,553402
28875,544038
28876,534583
28877,527199
28878,518025
28879,508539
28880,499149
28881,489941
28882,480455
28883,471095
28884,461702
28885,452288
28886,442916
28887,433446
28888,425019
28889,418220
28890,408499
28891,399118
28892,389689
28893,380186
28894,370737
28895,361260
28896,351825
28897,342574
28898,333160
28899,323721
28900,314293
28901,305103
28902,295820
28903,288587
28904,280417
28905,270962
28906,261428
28907,251953
28908,242423
28909,232958
28910,223665
28911,214240
28912,204856
28913,195711
28914,186388
28915,176965
28916,169604
28917,160239
28918,150777
28919,141337
28920,132879
28921,123385
28922,114453
28923,105018
28924,95608
28925,86203
28926,76742
28927,67290
28928,57926
28929,1233237
28930,1223480
28931,1214371
28932,1204634
28933,1194769
28934,1185026
28935,1175260
28936,1169568
28937,1160243
28938,1150809
28939,1141368
28940,1131893
28941,1125180
28942,1115704
28943,1106282
28944,1096780
28945,1087680
28946,1078268
28947,1068980
28948,1059542
28949,1050867
28950,1041724
28951,1032502
28952,1024386
28953,1015084
28954,1007840
28955,998574
28956,989341
28957,979996
28958,970661
28959,961309
28960,952032
28961,942936
28962,933761
28963,924417
28964,915199
28965,905940
28966,896521
28967,892325
28968,882424
28969,872579
28970,863028
28971,853722
28972,844391
28973,834996
28974,828076
28975,818176
28976,808293
28977,798352
28978,788853
28979,779579
28980,772331
28981,762925
28982,753449
28983,743902
28984,735374
28985,725847
28986,716377
28987,706966
28988,697416
28989,687934
28990,678488
28991,669068
28992,659605
28993,652387
28994,642873
28995,633362
28996,623826
28997,614316
28998,604808
28999,595247
29000,586776
29001,577350
29002,567817
29003,558381
29004,548937
29005,541216
29006,533902
29007,524051
29008,514207
29009,504307
29010,494413
29011,484511
29012,474975
29013,465545
29014,456057
29015,446666
29016,438199
29017,428750
29018,421261
29019,411756
29020,402292
29021,393118
29022,383741
29023,374217
29024,364794
29025,355618
29026,346083
29027,336750
29028,327264
29029,317810
29030,308302
29031,300763
29032,292361
29033,282864
29034,273424
29035,263971
29036,254540
29037,245131
29038,236216
29039,226790
29040,217270
29041,208035
29042,198526
29043,189078
29044,182840
29045,175493
29046,165644
29047,155766
29048,145910
29049,136323
29050,126868
29051,117307
29052,107814
29053,98281
29054,88757
29055,79226
29056,69708
29057,62541
29058,53052
29059,43477
29060,33988
29061,24654
29062,15085
29063,5642
29064,1053964
29065,1044632
29066,1035339
29067,1025958
29068,1016493
29069,1011778
29070,1002384
29071,992923
29072,983513
29073,974450
29074,965040
29075,955443
29076,945971
29077,938354
29078,928448
29079,918542
29080,908929
29081,899294
29082,891971
29083,882617
29084,873149
29085,865975
29086,856091
29087,846205
29088,836306
29089,826376
29090,816476
29091,806574
29092,797452
29093,787958
29094,778455
29095,770941
29096,762491
29097,753139
29098,743576
29099,734047
29100,724623
29101,715194
29102,705747
29103,696276
29104,686809
29105,677551
29106,668047
29107,658559
29108,650918
29109,641441
29110,631836
29111,622395
29112,613853
29113,604342
29114,594815
29115,585313
29116,575849
29117,566363
29118,556841
29119,547376
29120,537931
29121,530643
29122,521116
29123,511775
29124,502183
29125,494218
29126,484321
29127,474432
29128,464987
29129,455527
29130,446005
29131,436502
29132,427098
29133,419399
29134,410081
29135,400667
29136,391194
29137,382012
29138,372623
29139,363183
29140,353757
29141,344254
29142,334818
29143,325325
29144,316794
29145,307280
29146,299653
29147,290253
29148,280690
29149,271246
29150,261815
29151,252263
29152,242818
29153,233522
29154,223959
29155,214457
29156,204876
29157,195434
29158,185938
29159,178492
29160,169901
29161,160363
29162,150818
29163,141328
29164,133367
29165,123512
29166,113604
29167,103696
29168,93803
29169,84690
29170,75155
29171,65678
29172,58141
29173,48642
29174,39132
29175,29565
29176,20926
29177,11741
29178,2251
29179,1049719
29180,1040442
29181,1031142
29182,1021725
29183,1012283
29184,1002850
29185,998356
29186,989060
29187,977569
29188,970168
29189,960604
29190,951130
29191,941656
29192,933230
29193,923717
29194,914168
29195,904737
29196,895299
29197,888076
29198,878734
29199,869293
29200,859823
29201,850734
29202,841373
29203,831968
29204,825344
29205,815495
29206,805594
29207,795704
29208,785799
29209,776026
29210,768481
29211,758967
29212,749441
29213,739887
29214,730352
29215,720817
29216,711244
29217,702052
29218,692620
29219,683160
29220,673665
29221,664211
29222,654699
29223,647128
29224,638688
29225,629161
29226,619634
29227,610110
29228,600719
29229,591313
29230,581862
29231,572499
29232,563027
29233,553781
29234,544308
29235,534877
29236,528000
29237,518510
29238,509011
29239,499490
29240,490926
29241,481438
29242,471949
29243,464809
29244,454954
29245,445096
29246,435227
29247,425329
29248,415410
29249,408035
29250,398538
29251,389094
29252,379555
29253,370024
29254,360512
29255,351106
29256,342588
29257,333335
29258,323797
29259,314341
29260,304810
29261,297110
29262,287728
29263,278180
29264,268604
29265,259287
29266,249768
29267,240325
29268,230869
29269,221305
29270,211762
29271,202192
29272,193583
29273,184073
29274,176540
29275,167045
29276,157551
29277,147966
29278,138472
29279,128959
29280,119492
29281,110198
29282,102339
29283,94983
29284,85100
29285,75201
29286,65306
29287,55573
29288,47082
29289,37543
29290,27942
29291,18612
29292,9059
29293,1056255
29294,1046892
29295,1037579
29296,1028132
29297,1019137
29298,1009703
29299,1000293
29300,995421
29301,986046
29302,976569
29303,967037
29304,958762
29305,949262
29306,939744
29307,930263
29308,920686
29309,911281
29310,901891
29311,892458
29312,882993
29313,875981
29314,866493
29315,857010
29316,847492
29317,837908
29318,828415
29319,818937
29320,810518
29321,801159
29322,794212
29323,784305
29324,774448
29325,765118
29326,755672
29327,746193
29328,736628
29329,727368
29330,717902
29331,708477
29332,699161
29333,689726
29334,680247
29335,670808
29336,662253
29337,652742
29338,645042
29339,635586
29340,626074
29341,616494
29342,606918
29343,597403
29344,587962
29345,578799
29346,569300
29347,559811
29348,550405
29349,540963
29350,531427
29351,523545
29352,514924
29353,505107
29354,495538
29355,486072
29356,476633
29357,467087
29358,457639
29359,448101
29360,438554
29361,429359
29362,421643
29363,411749
29364,402830
29365,393280
29366,383776
29367,374166
29368,365601
29369,356117
29370,346563
29371,337081
29372,327540
29373,318067
29374,308562
29375,299012
29376,289509
29377,282235
29378,272871
29379,263272
29380,253755
29381,244250
29382,234764
29383,225144
29384,217663
29385,207730
29386,197776
29387,188072
29388,178433
29389,170880
29390,161408
29391,151869
29392,142347
29393,133115
29394,123516
29395,114023
29396,104461
29397,94893
29398,85742
29399,76267
29400,67679
29401,60464
29402,50752
29403,41258
29404,31680
29405,22175
29406,12779
29407,3179
29408,1162874
29409,1154021
29410,1144557
29411,1135236
29412,1125812
29413,1116277
29414,1106850
29415,1101680
29416,1093411
29417,1083930
29418,1074421
29419,1064880
29420,1055341
29421,1045826
29422,1036250
29423,1026738
29424,1017242
29425,1008010
29426,998553
29427,989107
29428,982469
29429,973090
29430,963695
29431,954163
29432,945654
29433,936191
29434,926656
29435,917201
29436,907703
29437,898221
29438,888830
29439,879311
29440,872409
29441,862704
29442,853219
29443,843677
29444,834140
29445,824570
29446,815043
29447,805579
29448,797046
29449,787602
29450,778198
29451,768763
29452,759210
29453,751659
29454,742214
29455,732693
29456,723117
29457,713890
29458,704328
29459,694830
29460,685379
29461,675888
29462,666374
29463,656807
29464,648270
29465,638716
29466,631151
29467,621598
29468,612096
29469,602564
29470,592994
29471,583428
29472,573890
29473,564882
29474,555407
29475,545993
29476,536420
29477,527018
29478,517495
29479,511368
29480,501475
29481,491825
29482,482311
29483,472909
29484,463596
29485,454117
29486,446765
29487,436827
29488,426911
29489,417005
29490,407071
29491,397223
29492,389659
29493,380151
29494,370645
29495,361050
29496,352560
29497,343096
29498,333508
29499,323972
29500,314491
29501,304955
29502,295390
29503,285810
29504,276350
29505,268966
29506,259459
29507,250023
29508,240443
29509,230930
29510,221481
29511,211915
29512,203747
29513,194320
29514,184733
29515,175084
29516,165653
29517,158731
29518,149272
29519,142231
29520,132381
29521,122534
29522,112631
29523,102729
29524,92811
29525,82921
29526,73330
29527,63822
29528,55284
29529,45815
29530,38265
29531,28737
29532,19358
29533,9848
29534,1134157
29535,1124731
29536,1115340
29537,1106500
29538,1097038
29539,1087538
29540,1078084
29541,1068609
29542,1059134
29543,1054500
29544,1046332
29545,1036820
29546,1027446
29547,1018179
29548,1008712
29549,999156
29550,989796
29551,979901
29552,970328
29553,961108
29554,951591
29555,942133
29556,934981
29557,925473
29558,919878
29559,909974
29560,900600
29561,891187
29562,881731
29563,872272
29564,862762
29565,853388
29566,843917
29567,834460
29568,824949
29569,817896
29570,808500
29571,799054
29572,789535
29573,779988
29574,770445
29575,760971
29576,752438
29577,742954
29578,733441
29579,723935
29580,714537
29581,706933
29582,697521
29583,688020
29584,678452
29585,669247
29586,659800
29587,650247
29588,642763
29589,632871
29590,622928
29591,612988
29592,603949
29593,594519
29594,587020
29595,577554
29596,567980
29597,560613
29598,550730
29599,540820
29600,530924
29601,521024
29602,511402
29603,501998
29604,492624
29605,483232
29606,473841
29607,466255
29608,457749
29609,448297
29610,438904
29611,429380
29612,420055
29613,410665
29614,401141
29615,391815
29616,382388
29617,373153
29618,363732
29619,354286
29620,347893
29621,338452
29622,328922
29623,319412
29624,310955
29625,301441
29626,291934
29627,282474
29628,273078
29629,263614
29630,254157
29631,244611
29632,235136
29633,228001
29634,218552
29635,208992
29636,199468
29637,191834
29638,181980
29639,172094
29640,162659
29641,153151
29642,143592
29643,134104
29644,124481
29645,117210
29646,107759
29647,98279
29648,88819
29649,79585
29650,70021
29651,60530
29652,51011
29653,41497
29654,31997
29655,22493
29656,14146
29657,4634
29658,1052800
29659,1043520
29660,1034224
29661,1024658
29662,1015243
29663,1005739
29664,996247
29665,987237
29666,977864
29667,968392
29668,958958
29669,949578
29670,940088
29671,933008
29672,924814
29673,915355
29674,905900
29675,896504
29676,891733
29677,881834
29678,871981
29679,862076
29680,852181
29681,842282
29682,832383
29683,822485
29684,814451
29685,804975
29686,795436
29687,785972
29688,777628
29689,768209
29690,758915
29691,752458
29692,742510
29693,732608
29694,722705
29695,712760
29696,702849
29697,695167
29698,685669
29699,676324
29700,666602
29701,657046
29702,647861
29703,638118
29704,629678
29705,620268
29706,610816
29707,601322
29708,591993
29709,584584
29710,575197
29711,565594
29712,556081
29713,546736
29714,537257
29715,527862
29716,520779
29717,510904
29718,501015
29719,491127
29720,481560
29721,472027
29722,464630
29723,455182
29724,445666
29725,436243
29726,426893
29727,417267
29728,407766
29729,398662
29730,389165
29731,379783
29732,370353
29733,360859
29734,351531
29735,344009
29736,335445
29737,326036
29738,316609
29739,307033
29740,297566
29741,288023
29742,278712
29743,269333
29744,259887
29745,250623
29746,241213
29747,231708
29748,224183
29749,214836
29750,205526
29751,195891
29752,187368
29753,177889
29754,168441
29755,161379
29756,151531
29757,141670
29758,131781
29759,121864
29760,111972
29761,104301
29762,95271
29763,85685
29764,76187
29765,66758
29766,57144
29767,47611
29768,39026
29769,29555
29770,19964
29771,10570
29772,1057139
29773,1052753
29774,1043493
29775,1033975
29776,1024531
29777,1015927
29778,1006711
29779,997280
29780,987880
29781,978353
29782,968844
29783,959324
29784,950908
29785,941409
29786,934421
29787,924944
29788,915441
29789,905910
29790,896535
29791,887059
29792,877583
29793,868523
29794,860938
29795,853901
29796,844000
29797,834078
29798,824172
29799,814305
29800,805941
29801,796472
29802,787016
29803,777483
29804,768036
29805,758600
29806,749097
29807,739634
29808,730205
29809,720959
29810,711535
29811,702019
29812,695547
29813,686150
29814,676674
29815,667073
29816,658542
29817,649043
29818,639508
29819,630017
29820,620885
29821,611531
29822,602094
29823,592737
29824,583286
29825,576456
29826,566995
29827,557434
29828,547969
29829,538464
29830,528981
29831,519486
29832,510944
29833,501594
29834,493879
29835,484005
29836,474144
29837,465811
29838,456389
29839,446941
29840,437452
29841,428258
29842,418772
29843,409263
29844,399789
29845,390317
29846,380861
29847,371472
29848,362930
29849,353448
29850,345929
29851,336439
29852,326993
29853,317478
29854,307954
29855,298565
29856,289108
29857,279874
29858,270439
29859,260952
29860,251479
29861,241978
29862,232522
29863,224930
29864,216561
29865,207064
29866,197551
29867,188141
29868,178691
29869,169319
29870,159911
29871,150392
29872,140941
29873,131682
29874,123826
29875,113939
29876,105639
29877,96173
29878,86660
29879,77211
29880,68861
29881,59395
29882,49974
29883,40523
29884,31097
29885,21714
29886,12396
29887,2861
29888,1049607
29889,1045458
29890,1036174
29891,1026788
29892,1017359
29893,1007791
29894,998278
29895,988833
29896,981021
29897,971112
29898,961670
29899,952223
29900,942952
29901,936159
29902,926821
29903,917338
29904,907799
29905,898603
29906,889227
29907,879773
29908,870324
29909,860789
29910,851325
29911,841930
29912,833492
29913,826452
29914,816633
29915,807150
29916,797613
29917,788061
29918,778609
29919,769152
29920,759599
29921,750377
29922,740900
29923,731425
29924,721953
29925,712487
29926,703050
29927,695883
29928,687403
29929,677915
29930,668484
29931,659076
29932,649593
29933,640231
29934,630796
29935,621320
29936,611902
29937,602692
29938,593235
29939,583763
29940,576441
29941,567058
29942,557524
29943,548093
29944,539569
29945,530047
29946,520578
29947,511151
29948,501721
29949,492275
29950,483080
29951,473598
29952,464115
29953,456950
29954,447467
29955,437933
29956,428409
29957,419007
29958,409556
29959,400092
29960,391559
29961,382099
29962,372652
29963,363225
29964,353754
29965,346254
29966,336956
29967,327483
29968,318027
29969,308803
29970,299349
29971,289969
29972,280510
29973,271052
29974,261548
29975,252029
29976,243487
29977,234014
29978,226995
29979,217584
29980,208068
29981,198709
29982,189225
29983,179793
29984,170350
29985,161106
29986,151691
29987,142135
29988,132593
29989,123097
29990,113579
29991,106072
29992,98013
29993,88682
29994,79132
29995,69621
29996,60156
29997,50634
29998,43650
29999,33790
30000,23853
