seq,latency_ns
3880,25747
3881,19368
3882,9535
3883,1054763
3884,1045380
3885,1035909
3886,1031037
3887,1021229
3888,1011333
3889,1001443
3890,991574
3891,981693
3892,974249
3893,964966
3894,955637
3895,946013
3896,937798
3897,928387
3898,918765
3899,909464
3900,899969
3901,890426
3902,880985
3903,871470
3904,861997
3905,854576
3906,845112
3907,835568
3908,826201
3909,816728
3910,807255
3911,797898
3912,789095
3913,779754
3914,770476
3915,760945
3916,751576
3917,743978
3918,734602
3919,725213
3920,715904
3921,706616
3922,720545
3923,710734
3924,700835
3925,690908
3926,681081
3927,671143
3928,661209
3929,651335
3930,641390
3931,631439
3932,621549
3933,611604
3934,601662
3935,591714
3936,581790
3937,571839
3938,561972
3939,552028
3940,542084
3941,532178
3942,522273
3943,512339
3944,502430
3945,492487
3946,482594
3947,472689
3948,462750
3949,452838
3950,442655
3951,432978
3952,423061
3953,413168
3954,403220
3955,393269
3956,383331
3957,1558879
3958,1549792
3959,1540378
3960,1531544
3961,1522020
3962,1512534
3963,1502870
3964,1500228
3965,1490402
3966,1480512
3967,1470616
3968,1460734
3969,1450788
3970,1440869
3971,1431007
3972,1421060
3973,1411126
3974,1401454
3975,1391834
3976,1382884
3977,1373396
3978,1363837
3979,1354351
3980,1344698
3981,1336986
3982,1327383
3983,1317803
3984,1308190
3985,1298797
3986,1289211
3987,1279932
3988,1270395
3989,1263078
3990,1253145
3991,1243199
3992,1233307
3993,1223350
3994,1214365
3995,1204595
3996,1194652
3997,1184709
3998,1174969
3999,1165288
4000,1155752
4001,1146258
4002,1136660
4003,1130682
4004,1120855
4005,1110954
4006,1101055
4007,1091164
4008,1081507
4009,1071881
4010,1062293
4011,1052703
4012,1043059
4013,1033495
4014,1023826
4015,1014121
4016,1004610
4017,995201
4018,985559
4019,976106
4020,968404
4021,959070
4022,949600
4023,939947
4024,931122
4025,921538
4026,911937
4027,902307
4028,892716
4029,883058
4030,873438
4031,863831
4032,854213
4033,846519
4034,836961
4035,827327
4036,817761
4037,808216
4038,798632
4039,788998
4040,780113
4041,770641
4042,761040
4043,751463
4044,741757
4045,735381
4046,725522
4047,715632
4048,705725
4049,695847
4050,686062
4051,676484
4052,666919
4053,657379
4054,647775
4055,638265
4056,629822
4057,620325
4058,612671
4059,603322
4060,594031
4061,584825
4062,575258
4063,565818
4064,556663
4065,547166
4066,538171
4067,528806
4068,519216
4069,509930
4070,500438
4071,493748
4072,485655
4073,476212
4074,466977
4075,457832
4076,448449
4077,438930
4078,429481
4079,420111
4080,410516
4081,401332
4082,391954
4083,382393
4084,375161
4085,366000
4086,356558
4087,350450
4088,340673
4089,330807
4090,320896
4091,313322
4092,303407
4093,293486
4094,283597
4095,273653
4096,263700
4097,255660
4098,280267
4099,270905
4100,261443
4101,251968
4102,242507
4103,233067
4104,224608
4105,215111
4106,205924
4107,196768
4108,187263
4109,179902
4110,170756
4111,161393
4112,151999
4113,142704
4114,132796
4115,123314
4116,113448
4117,103547
4118,93682
4119,83795
4120,74619
4121,64841
4122,56579
4123,46691
4124,36835
4125,27187
4126,17599
4127,8210
4128,1051531
4129,1042203
4130,1032716
4131,1027093
4132,1017216
4133,1007356
4134,997419
4135,987473
4136,978330
4137,968864
4138,959351
4139,949865
4140,940266
4141,930716
4142,921139
4143,911608
4144,901966
4145,892665
4146,883120
4147,873463
4148,865754
4149,856111
4150,846486
4151,837060
4152,828063
4153,818557
4154,809003
4155,799447
4156,789760
4157,780253
4158,770718
4159,761109
4160,751579
4161,743915
4162,734247
4163,724709
4164,715094
4165,705463
4166,695783
4167,686239
4168,678035
4169,668662
4170,659111
4171,649511
4172,640022
4173,634192
4174,624352
4175,614497
4176,604590
4177,594696
4178,584831
4179,574933
4180,565133
4181,555543
4182,545920
4183,536209
4184,527428
4185,517806
4186,510112
4187,500517
4188,490965
4189,481391
4190,471768
4191,462188
4192,452563
4193,445520
4194,435606
4195,425658
4196,415705
4197,405751
4198,395801
4199,387043
4200,378259
4201,368670
4202,359099
4203,349462
4204,339892
4205,330355
4206,320770
4207,311126
4208,301627
4209,292090
4210,282566
4211,273068
4212,265089
4213,255499
4214,245899
4215,236273
4216,230320
4217,220538
4218,210638
4219,200721
4220,190838
4221,180930
4222,171057
4223,161167
4224,151245
4225,143306
4226,133866
4227,124549
4228,115160
4229,105871
4230,96409
4231,87068
4232,78845
4233,69543
4234,60094
4235,50582
4236,41277
4237,33776
4238,24396
4239,14907
4240,5311
4241,1048440
4242,1038654
4243,1028750
4244,1019293
4245,1009837
4246,1000342
4247,991313
4248,982296
4249,972752
4250,965212
4251,955862
4252,946539
4253,937006
4254,927343
4255,917721
4256,908186
4257,898647
4258,889120
4259,884255
4260,874315
4261,864527
4262,854649
4263,844768
4264,835088
4265,825483
4266,815863
4267,806287
4268,796660
4269,786957
4270,777354
4271,767801
4272,758199
4273,748738
4274,739296
4275,729740
4276,722104
4277,712702
4278,703016
4279,693492
4280,684766
4281,675187
4282,665483
4283,656015
4284,646412
4285,636885
4286,627277
4287,617647
4288,607959
4289,600295
4290,590655
4291,581066
4292,571553
4293,561926
4294,552227
4295,544931
4296,535066
4297,525158
4298,515269
4299,505329
4300,495372
4301,487164
4302,482259
4303,472360
4304,462510
4305,452627
4306,442680
4307,432786
4308,422841
4309,412909
4310,402991
4311,393050
4312,383954
4313,374327
4314,366743
4315,357162
4316,347560
4317,337843
4318,328254
4319,318584
4320,308983
4321,299585
4322,289888
4323,280257
4324,270626
4325,260960
4326,251325
4327,243485
4328,234518
4329,224895
4330,215199
4331,205605
4332,195959
4333,186331
4334,176646
4335,166979
4336,157327
4337,147881
4338,138188
4339,128559
4340,120950
4341,111219
4342,101575
4343,91981
4344,86074
4345,76225
4346,66379
4347,56478
4348,46555
4349,36667
4350,26755
4351,16811
4352,6898
4353,1050388
4354,1041123
4355,1031776
4356,1022190
4357,1012645
4358,1003160
4359,993593
4360,984718
4361,975099
4362,965379
4363,955782
4364,946236
4365,938494
4366,928856
4367,919337
4368,909671
4369,900182
4370,890704
4371,881058
4372,871446
4373,861979
4374,852378
4375,842746
4376,833928
4377,824316
4378,816408
4379,806766
4380,797108
4381,787642
4382,778107
4383,768486
4384,758924
4385,749566
4386,739906
4387,734804
4388,724993
4389,715141
4390,705239
4391,696763
4392,686869
4393,676985
4394,667092
4395,657209
4396,647267
4397,637320
4398,629607
4399,619699
4400,609811
4401,599868
4402,589928
4403,580003
4404,570482
4405,560865
4406,551298
4407,541596
4408,532598
4409,523049
4410,513386
4411,503767
4412,494166
4413,484528
4414,474948
4415,465250
4416,455552
4417,447966
4418,438358
4419,428755
4420,419019
4421,409549
4422,399792
4423,390210
4424,381278
4425,371588
4426,361981
4427,352383
4428,342795
4429,335018
4430,329081
4431,319252
4432,309385
4433,299645
4434,289743
4435,279824
4436,269971
4437,260056
4438,250098
4439,240205
4440,230251
4441,220306
4442,212191
4443,202556
4444,192888
4445,183280
4446,173714
4447,164120
4448,154463
4449,144993
4450,135447
4451,125809
4452,116129
4453,106463
4454,96806
4455,89796
4456,80968
4457,71381
4458,61831
4459,52175
4460,42624
4461,32995
4462,23325
4463,13832
4464,4254
4465,1047356
4466,1037924
4467,1028344
4468,1020871
4469,1011552
4470,1002104
4471,992640
4472,984264
4473,980148
4474,970225
4475,960362
4476,950466
4477,940544
4478,930683
4479,920774
4480,910829
4481,900923
4482,891017
4483,881090
4484,871240
4485,861585
4486,851904
4487,842370
4488,833649
4489,824010
4490,814340
4491,804669
4492,795101
4493,787262
4494,777644
4495,768029
4496,758413
4497,748994
4498,739346
4499,729769
4500,720200
4501,712464
4502,702580
4503,692630
4504,682673
4505,673003
4506,665117
4507,655543
4508,645917
4509,636343
4510,626688
4511,617129
4512,607382
4513,597976
4514,588365
4515,578712
4516,572601
4517,562754
4518,552858
4519,542980
4520,533122
4521,523253
4522,513596
4523,503925
4524,494325
4525,484681
4526,475082
4527,465444
4528,455920
4529,446565
4530,436937
4531,427364
4532,419491
4533,409781
4534,400151
4535,390469
4536,381524
4537,371836
4538,362153
4539,352568
4540,343028
4541,333363
4542,323706
4543,314088
4544,304487
4545,296721
4546,287045
4547,277378
4548,267673
4549,258012
4550,248411
4551,238787
4552,229839
4553,220303
4554,210572
4555,200995
4556,191307
4557,183590
4558,173961
4559,167909
4560,158073
4561,148236
4562,138361
4563,128495
4564,118554
4565,108645
4566,98736
4567,88799
4568,78895
4569,68959
4570,60791
4571,51227
4572,41591
4573,31925
4574,22271
4575,12869
4576,3319
4577,1047002
4578,1037704
4579,1028191
4580,1018941
4581,1009383
4582,999929
4583,992728
4584,984268
4585,974815
4586,965339
4587,955895
4588,946297
4589,936851
4590,927306
4591,917860
4592,908309
4593,898992
4594,889602
4595,880179
4596,872248
4597,862611
4598,852996
4599,843441
4600,834367
4601,824711
4602,824100
4603,816106
4604,806167
4605,796156
4606,786294
4607,776404
4608,766462
4609,756541
4610,746674
4611,736741
4612,726827
4613,716824
4614,706975
4615,697030
4616,687086
4617,677136
4618,667194
4619,657294
4620,647360
4621,637408
4622,627505
4623,617955
4624,608255
4625,598858
4626,589247
4627,579632
4628,570005
4629,560404
4630,550786
4631,541231
4632,532197
4633,522575
4634,514693
4635,505060
4636,495443
4637,485861
4638,476183
4639,466645
4640,457073
4641,447498
4642,438027
4643,428418
4644,422931
4645,413081
4646,403249
4647,393345
4648,383554
4649,373945
4650,364253
4651,354335
4652,344806
4653,335087
4654,325501
4655,315811
4656,306277
4657,296761
4658,287214
4659,277544
4660,269712
4661,260111
4662,250479
4663,240910
4664,232047
4665,222400
4666,212710
4667,203138
4668,193417
4669,183803
4670,174118
4671,164499
4672,154806
4673,147113
4674,137534
4675,127899
4676,118287
4677,108657
4678,99051
4679,89543
4680,80493
4681,71073
4682,61475
4683,51897
4684,42185
4685,34464
4686,24872
4687,15298
4688,8822
4689,1048813
4690,1039417
4691,1030255
4692,1021011
4693,1011654
4694,1002325
4695,993265
4696,984799
4697,975400
4698,968248
4699,958884
4700,949453
4701,940003
4702,930587
4703,921254
4704,911982
4705,902801
4706,895074
4707,885156
4708,875224
4709,865594
4710,856106
4711,848383
4712,839824
4713,830344
4714,820943
4715,811446
4716,802112
4717,792734
4718,783319
4719,773717
4720,764118
4721,754734
4722,745064
4723,735384
4724,727679
4725,717975
4726,708324
4727,698738
4728,689812
4729,680197
4730,680416
4731,670576
4732,660694
4733,650839
4734,640903
4735,631006
4736,621114
4737,611166
4738,601224
4739,591321
4740,581377
4741,571435
4742,561553
4743,551606
4744,541659
4745,531722
4746,521763
4747,511816
4748,501909
4749,492472
4750,482855
4751,473339
4752,463712
4753,454234
4754,444692
4755,435082
4756,425398
4757,415749
4758,406069
4759,396341
4760,387320
4761,377650
4762,369789
4763,360224
4764,350609
4765,341041
4766,331366
4767,321716
4768,312074
4769,302713
4770,293050
4771,283425
4772,273859
4773,268285
4774,258427
4775,248605
4776,238715
4777,228802
4778,218924
4779,209016
4780,199057
4781,189205
4782,179684
4783,170069
4784,160380
4785,150895
4786,141345
4787,131713
4788,123737
4789,114107
4790,104471
4791,94872
4792,86122
4793,76536
4794,66996
4795,57309
4796,47706
4797,38040
4798,28428
4799,18818
4800,9321
4801,1054411
4802,1045138
4803,1035490
4804,1025879
4805,1016254
4806,1006522
4807,996855
4808,989485
4809,979544
4810,969594
4811,959716
4812,949774
4813,941762
4814,932237
4815,922530
4816,923422
4817,913585
4818,903692
4819,893750
4820,883882
4821,874004
4822,864065
4823,854186
4824,844243
4825,834304
4826,824387
4827,814510
4828,804571
4829,794630
4830,784693
4831,774741
4832,764847
4833,754906
4834,744991
4835,735096
4836,725146
4837,715207
4838,705300
4839,696681
4840,687915
4841,678345
4842,668764
4843,659097
4844,649505
4845,639805
4846,630126
4847,620556
4848,610843
4849,601358
4850,591492
4851,582176
4852,574378
4853,564779
4854,555130
4855,545484
4856,536549
4857,526873
4858,517320
4859,511691
4860,501823
4861,491955
4862,482114
4863,472217
4864,462343
4865,452460
4866,442563
4867,432648
4868,422755
4869,413006
4870,411721
4871,401939
4872,392053
4873,382111
4874,372233
4875,362294
4876,352356
4877,342454
4878,332555
4879,322663
4880,312777
4881,302830
4882,292893
4883,282994
4884,273064
4885,263112
4886,253219
4887,243306
4888,233371
4889,223458
4890,215420
4891,205792
4892,196268
4893,186642
4894,177011
4895,167363
4896,157704
4897,148276
4898,138632
4899,128960
4900,119263
4901,113161
4902,103307
4903,95038
4904,85209
4905,75338
4906,65444
4907,55543
4908,45594
4909,35654
4910,27966
4911,18040
4912,8091
4913,1048720
4914,1039086
4915,1029392
4916,1021910
4917,1012353
4918,1002760
4919,993117
4920,984161
4921,974616
4922,965016
4923,955509
4924,945842
4925,936301
4926,926552
4927,916961
4928,907375
4929,899746
4930,890141
4931,880718
4932,871080
4933,861555
4934,851993
4935,842414
4936,833415
4937,823929
4938,814311
4939,804727
4940,795169
4941,787386
4942,777868
4943,768204
4944,764154
4945,754233
4946,744366
4947,734420
4948,724513
4949,714650
4950,704707
4951,694769
4952,684868
4953,674937
4954,665018
4955,655153
4956,645426
4957,635873
4958,626280
4959,616652
4960,607036
4961,597634
4962,588000
4963,578364
4964,568690
4965,559042
4966,549364
4967,541634
4968,532649
4969,523115
4970,513500
4971,503849
4972,494284
4973,484669
4974,475048
4975,465450
4976,455839
4977,446378
4978,436807
4979,427269
4980,419345
4981,409763
4982,400149
4983,390441
4984,381420
4985,371892
4986,362244
4987,357078
4988,347248
4989,337342
4990,327443
4991,317524
4992,307614
4993,297697
4994,287793
4995,277880
4996,267982
4997,258060
4998,248352
4999,238631
5000,229670
5001,220097
5002,210477
5003,200913
5004,191267
5005,183433
5006,173896
5007,164242
5008,154550
5009,145152
5010,135435
5011,125838
5012,118181
5013,108261
5014,98349
5015,88449
5016,78532
5017,68773
5018,61029
5019,51490
5020,41835
5021,32309
5022,22620
5023,13038
5024,3428
5025,1046521
5026,1036873
5027,1027338
5028,1017742
5029,1008168
5030,1004990
5031,995102
5032,985225
5033,975351
5034,965463
5035,955547
5036,945648
5037,935758
5038,925807
5039,915922
5040,905986
5041,896263
5042,886743
5043,877064
5044,869253
5045,859670
5046,850070
5047,840330
5048,831399
5049,821842
5050,812051
5051,802580
5052,792981
5053,783448
5054,773816
5055,764201
5056,754592
5057,746958
5058,737277
5059,727768
5060,718117
5061,708516
5062,698897
5063,689278
5064,680261
5065,670580
5066,660974
5067,651289
5068,641720
5069,633838
5070,624217
5071,614629
5072,604982
5073,598439
5074,588596
5075,578737
5076,568865
5077,558958
5078,549067
5079,539203
5080,529292
5081,519393
5082,511247
5083,501603
5084,492004
5085,482407
5086,472751
5087,463102
5088,453446
5089,444019
5090,434373
5091,424798
5092,415160
5093,405506
5094,395849
5095,387930
5096,378999
5097,369281
5098,359638
5099,349963
5100,340324
5101,330741
5102,321202
5103,311469
5104,301838
5105,292404
5106,282805
5107,273195
5108,265366
5109,255669
5110,245991
5111,236370
5112,227371
5113,217716
5114,208155
5115,200167
5116,194466
5117,184599
5118,174683
5119,164744
5120,154853
5121,144897
5122,134985
5123,125095
5124,115146
5125,105202
5126,95310
5127,85370
5128,76195
5129,66514
5130,56789
5131,47136
5132,37496
5133,29731
5134,20105
5135,10575
5136,1053552
5137,1044225
5138,1034667
5139,1025035
5140,1015439
5141,1005865
5142,996177
5143,986508
5144,977699
5145,968149
5146,960722
5147,950986
5148,941435
5149,931787
5150,922124
5151,912625
5152,902993
5153,893599
5154,884083
5155,874500
5156,864913
5157,855220
5158,845650
5159,843749
5160,833867
5161,823993
5162,814101
5163,804200
5164,794294
5165,784404
5166,774503
5167,764552
5168,754647
5169,744700
5170,734761
5171,724843
5172,715460
5173,705787
5174,696151
5175,686496
5176,677477
5177,667906
5178,658255
5179,648616
5180,639039
5181,629411
5182,619734
5183,610086
5184,600425
5185,592710
5186,583116
5187,573393
5188,563852
5189,554379
5190,544752
5191,535162
5192,526220
5193,516510
5194,506853
5195,497249
5196,487587
5197,479642
5198,470104
5199,460461
5200,450857
5201,444070
5202,434211
5203,424330
5204,414456
5205,404561
5206,394642
5207,384756
5208,374860
5209,364933
5210,356939
5211,347289
5212,337695
5213,328039
5214,318451
5215,308799
5216,299169
5217,289745
5218,282016
5219,272138
5220,262188
5221,252241
5222,242329
5223,234299
5224,225354
5225,215759
5226,206050
5227,196355
5228,186735
5229,177105
5230,167521
5231,157872
5232,148388
5233,138942
5234,129284
5235,119538
5236,111686
5237,102067
5238,92388
5239,82822
5240,74086
5241,64548
5242,54912
5243,45376
5244,38925
5245,29087
5246,19237
5247,9354
5248,1021247
5249,1013824
5250,1004216
5251,977416
5252,977005
5253,974940
5254,965381
5255,955807
5256,946857
5257,937220
5258,927618
5259,918129
5260,908453
5261,900727
5262,891204
5263,881466
5264,871856
5265,862404
5266,852893
5267,843400
5268,833816
5269,824272
5270,814804
5271,805271
5272,796290
5273,786697
5274,778960
5275,769465
5276,760011
5277,750471
5278,740831
5279,731337
5280,721697
5281,712332
5282,702773
5283,693070
5284,683544
5285,673920
5286,664304
5287,662026
5288,652212
5289,642278
5290,632359
5291,622485
5292,612544
5293,602616
5294,592718
5295,582770
5296,572833
5297,562925
5298,552990
5299,543045
5300,533331
5301,523761
5302,514120
5303,504509
5304,495535
5305,485867
5306,476238
5307,466538
5308,457002
5309,447331
5310,437679
5311,428006
5312,418445
5313,410615
5314,400958
5315,391334
5316,381668
5317,372155
5318,362500
5319,352864
5320,344898
5321,334986
5322,325033
5323,315092
5324,305252
5325,297501
5326,287970
5327,278355
5328,268739
5329,259347
5330,255061
5331,245193
5332,235300
5333,225392
5334,215444
5335,205505
5336,195610
5337,185667
5338,175723
5339,165793
5340,155845
5341,145902
5342,136065
5343,126363
5344,116691
5345,107229
5346,97649
5347,87937
5348,78304
5349,68755
5350,54208
5351,51341
5352,42384
5353,32821
5354,23183
5355,13653
5356,3095
5357,1046535
5358,1036999
5359,1027451
5360,1017932
5361,1008504
5362,998919
5363,989404
5364,981611
5365,972035
5366,962399
5367,952740
5368,943829
5369,934186
5370,924540
5371,914962
5372,905434
5373,903302
5374,893470
5375,883617
5376,873724
5377,863839
5378,853925
5379,844021
5380,834087
5381,824195
5382,814246
5383,804318
5384,794421
5385,784509
5386,774574
5387,764655
5388,754748
5389,746368
5390,736874
5391,727209
5392,717645
5393,708186
5394,698662
5395,689164
5396,679497
5397,669825
5398,660133
5399,650469
5400,641413
5401,631729
5402,624005
5403,614309
5404,604722
5405,595035
5406,585490
5407,575811
5408,566220
5409,556693
5410,547113
5411,537455
5412,527721
5413,518176
5414,508473
5415,501234
5416,494728
5417,484838
5418,474929
5419,465042
5420,455167
5421,445257
5422,437206
5423,427341
5424,417426
5425,407489
5426,397553
5427,387601
5428,378332
5429,368759
5430,359173
5431,349554
5432,340537
5433,328966
5434,321278
5435,311755
5436,302186
5437,292541
5438,274114
5439,273368
5440,263702
5441,256069
5442,246389
5443,236853
5444,227144
5445,217588
5446,207988
5447,198326
5448,189350
5449,179657
5450,170082
5451,160442
5452,150862
5453,142986
5454,133394
5455,119740
5456,114187
5457,104723
5458,95102
5459,89624
5460,79821
5461,69943
5462,60091
5463,50225
5464,36958
5465,30393
5466,19716
5467,10986
5468,1053828
5469,1000799
5470,1000798
5471,1000832
5472,1000756
5473,1000736
5474,995192
5475,985598
5476,976049
5477,966475
5478,956932
5479,949098
5480,940193
5481,930627
5482,921034
5483,911522
5484,901827
5485,892289
5486,882706
5487,873067
5488,863370
5489,854011
5490,844332
5491,834708
5492,826855
5493,817212
5494,807545
5495,797964
5496,788928
5497,779287
5498,769687
5499,760094
5500,750456
5501,740822
5502,735109
5503,725294
5504,715435
5505,705499
5506,695563
5507,685680
5508,675758
5509,665841
5510,655952
5511,646045
5512,637010
5513,627424
5514,617751
5515,608157
5516,598570
5517,590584
5518,580985
5519,571378
5520,561694
5521,552278
5522,542580
5523,532916
5524,523253
5525,515220
5526,505276
5527,495334
5528,485440
5529,475564
5530,467620
5531,457958
5532,448284
5533,438627
5534,429027
5535,419380
5536,409653
5537,400310
5538,390675
5539,381044
5540,371422
5541,361681
5542,352095
5543,344213
5544,337884
5545,328011
5546,318174
5547,308262
5548,298357
5549,288478
5550,278131
5551,268637
5552,258728
5553,248796
5554,238886
5555,228982
5556,220788
5557,211311
5558,201710
5559,192133
5560,183273
5561,173683
5562,164006
5563,154338
5564,144728
5565,135066
5566,124669
5567,115833
5568,105087
5569,98592
5570,89066
5571,79376
5572,69670
5573,59956
5574,50492
5575,40821
5576,31899
5577,22224
5578,12374
5579,3516771
5580,3507280
5581,3499964
5582,3490336
5583,3480731
5584,3471090
5585,3461893
5586,3452219
5587,3453730
5588,3443869
5589,3433934
5590,3424039
5591,3414170
5592,3404228
5593,3394285
5594,3384390
5595,3374485
5596,3364553
5597,3354651
5598,3344698
5599,3334763
5600,3324855
5601,3314908
5602,3304974
5603,3295106
5604,3285158
5605,3275216
5606,3265312
5607,3255443
5608,3246566
5609,3237003
5610,3227342
5611,3217711
5612,3208126
5613,3198506
5614,3188998
5615,3179369
5616,3169812
5617,3160412
5618,3150855
5619,3141096
5620,3133223
5621,3123619
5622,3113935
5623,3104268
5624,3095289
5625,3085640
5626,3082473
5627,3075158
5628,3065232
5629,3055344
5630,3045486
5631,3035542
5632,3025605
5633,3015709
5634,3005785
5635,2995847
5636,2985937
5637,2976018
5638,2966082
5639,2956172
5640,2946267
5641,2936323
5642,2926417
5643,2916466
5644,2906532
5645,2896671
5646,2886961
5647,2877231
5648,2867639
5649,2858207
5650,2848597
5651,2838958
5652,2829300
5653,2819688
5654,2809956
5655,2800315
5656,2791368
5657,2781745
5658,2773847
5659,2764489
5660,2754815
5661,2745188
5662,2735524
5663,2725978
5664,2716242
5665,2706804
5666,2702551
5667,2692691
5668,2682830
5669,2672950
5670,2663066
5671,2653146
5672,2643262
5673,2633335
5674,2623386
5675,2613493
5676,2603577
5677,2593627
5678,2583731
5679,2570890
5680,2564476
5681,2555032
5682,2545445
5683,2536019
5684,2528398
5685,2516499
5686,2509108
5687,2499473
5688,2490455
5689,2480840
5690,2471174
5691,2461476
5692,2451822
5693,2442351
5694,2432618
5695,2422967
5696,2413395
5697,2405681
5698,2396117
5699,2386457
5700,2376889
5701,2367173
5702,2357537
5703,2347933
5704,2338869
5705,2332531
5706,2322672
5707,2312806
5708,2302933
5709,2293023
5710,2283082
5711,2273183
5712,2263458
5713,2253977
5714,2244353
5715,2234712
5716,2225032
5717,2215465
5718,2205804
5719,2196175
5720,2187226
5721,2177582
5722,2169664
5723,2160042
5724,2150420
5725,2140763
5726,2131110
5727,2121467
5728,2111780
5729,2103960
5730,2094023
5731,2084073
5732,2074126
5733,2064172
5734,2054229
5735,2046036
5736,2036951
5737,2027368
5738,2017756
5739,2008123
5740,1998510
5741,1988843
5742,1979137
5743,1969443
5744,1959927
5745,1953651
5746,1943827
5747,1933971
5748,1924078
5749,1914197
5750,1904333
5751,1894434
5752,1885373
5753,1875792
5754,1866037
5755,1856409
5756,1846764
5757,1837019
5758,1827403
5759,1817772
5760,1808073
5761,1800394
5762,1790764
5763,1781118
5764,1771516
5765,1761962
5766,1752310
5767,1742703
5768,1733684
5769,1724030
5770,1714436
5771,1704825
5772,1695149
5773,1687272
5774,1677690
5775,1668014
5776,1658415
5777,1649055
5778,1639419
5779,1629706
5780,1620166
5781,1610435
5782,1600738
5783,1591154
5784,1584760
5785,1574902
5786,1565067
5787,1555139
5788,1545445
5789,1536147
5790,1526658
5791,1517162
5792,1507564
5793,1498096
5794,1488396
5795,1478845
5796,1461147
5797,1459617
5798,1449984
5799,1442823
5800,1433880
5801,1424314
5802,1413704
5803,1405064
5804,1395362
5805,1385719
5806,1376079
5807,1366436
5808,1356731
5809,1347252
5810,1337702
5811,1328101
5812,1320297
5813,1310783
5814,1301124
5815,1291578
5816,1282667
5817,1273045
5818,1263402
5819,1253723
5820,937334
5821,937293
5822,937283
5823,937262
5824,940508
5825,940571
5826,940615
5827,940658
5828,940705
5829,940727
5830,940731
5831,942796
5832,942806
5833,942833
5834,942903
5835,942883
5836,942902
5837,942921
5838,942940
5839,942954
5840,942989
5841,942972
5842,942961
5843,942988
5844,942968
5845,942945
5846,942961
5847,942941
5848,942957
5849,942984
5850,944150
5851,943651
5852,933750
5853,924052
5854,914394
5855,904803
5856,895150
5857,885723
5858,876074
5859,866449
5860,856782
5861,847101
5862,837462
5863,829604
5864,820869
5865,811208
5866,804642
5867,794816
5868,784913
5869,774977
5870,765076
5871,755170
5872,745266
5873,735313
5874,725354
5875,715416
5876,706998
5877,697452
5878,687807
5879,678313
5880,669230
5881,659629
5882,649934
5883,640295
5884,630730
5885,621106
5886,611502
5887,601849
5888,592272
5889,584565
5890,574979
5891,565360
5892,555725
5893,546104
5894,536471
5895,526836
5896,517855
5897,508254
5898,498565
5899,489016
5900,479400
5901,471529
5902,461945
5903,452293
5904,442596
5905,433165
5906,423548
5907,247010
5908,247018
5909,250327
5910,250386
5911,250424
5912,250395
5913,250419
5914,250438
5915,250414
5916,250426
5917,250412
5918,250421
5919,250398
5920,250384
5921,250418
5922,250429
5923,250416
5924,248855
5925,238910
5926,228956
5927,220686
5928,211759
5929,202156
5930,176361
5931,176292
5932,173079
5933,160693
5934,155713
5935,145054
5936,135900
5937,125962
5938,116060
5939,106167
5940,97069
5941,91096
5942,82301
5943,72369
5944,63840
5945,54300
5946,44669
5947,35044
5948,25318
5949,11498
5950,1058226
5951,1048445
5952,1044660
5953,1034813
5954,1024943
5955,1015007
5956,1005063
5957,995151
5958,985258
5959,975318
5960,965390
5961,955428
5962,945517
5963,935577
5964,925627
5965,915918
5966,906326
5967,896738
5968,887116
5969,877816
5970,868194
5971,858510
5972,848880
5973,839214
5974,829622
5975,820076
5976,811203
5977,801547
5978,793788
5979,784180
5980,774625
5981,764996
5982,755295
5983,745655
5984,736072
5985,726553
5986,716966
5987,707374
5988,697809
5989,688090
5990,678508
5991,671195
5992,662328
5993,652735
5994,643113
5995,637861
5996,628027
5997,618163
5998,608269
5999,598359
6000,588468
6001,578559
6002,568662
6003,558710
6004,548770
6005,538897
6006,529249
6007,519594
6008,510675
6009,500967
6010,491291
6011,481632
6012,471995
6013,462827
6014,453194
6015,443539
6016,433875
6017,426326
6018,416646
6019,407041
6020,397527
6021,387858
6022,378193
6023,368624
6024,359690
6025,282391
6026,282525
6027,282549
6028,282526
6029,284237
6030,284303
6031,284385
6032,282696
6033,273049
6034,263460
6035,253898
6036,244256
6037,239822
6038,229969
6039,220069
6040,210123
6041,200229
6042,190285
6043,180370
6044,170471
6045,160522
6046,150580
6047,140890
6048,131270
6049,121877
6050,112295
6051,102703
6052,93045
6053,83468
6054,73789
6055,65865
6056,57119
6057,45601
6058,37870
6059,28219
6060,18558
6061,8919
6062,1051345
6063,1041718
6064,1032179
6065,1022995
6066,1013464
6067,1003801
6068,996167
6069,986682
6070,977160
6071,967572
6072,958855
6073,949117
6074,939523
6075,929880
6076,920438
6077,910812
6078,901205
6079,891563
6080,885626
6081,875761
6082,865891
6083,855997
6084,846100
6085,836187
6086,826453
6087,816885
6088,807994
6089,798374
6090,788815
6091,779135
6092,769565
6093,761703
6094,752163
6095,742558
6096,732892
6097,723415
6098,713801
6099,704262
6100,694598
6101,685015
6102,675364
6103,665688
6104,656729
6105,647094
6106,639186
6107,629645
6108,619919
6109,610230
6110,600636
6111,590876
6112,581341
6113,571870
6114,562193
6115,552488
6116,542863
6117,533154
6118,523504
6119,515601
6120,506696
6121,497026
6122,487400
6123,480731
6124,470830
6125,461014
6126,451098
6127,441190
6128,431291
6129,421405
6130,411483
6131,401582
6132,392646
6133,383025
6134,373343
6135,363735
6136,354763
6137,345218
6138,335583
6139,327511
6140,317604
6141,307672
6142,297741
6143,287830
6144,277876
6145,269703
6146,260046
6147,250354
6148,240766
6149,231142
6150,221378
6151,211738
6152,202636
6153,192998
6154,183324
6155,173711
6156,164032
6157,156155
6158,146554
6159,136880
6160,127275
6161,117780
6162,108111
6163,98517
6164,88965
6165,79245
6166,72733
6167,62894
6168,51646
6169,1090881
6170,1085948
6171,1076121
6172,1066223
6173,1056360
6174,1046416
6175,1036682
6176,1027253
6177,1017786
6178,1008243
6179,998743
6180,989231
6181,979604
6182,970105
6183,962258
6184,953376
6185,943757
6186,934152
6187,924650
6188,915135
6189,905576
6190,896039
6191,886469
6192,876842
6193,867484
6194,857854
6195,848215
6196,840481
6197,830873
6198,821284
6199,811569
6200,802681
6201,793016
6202,783405
6203,773760
6204,764150
6205,754506
6206,744937
6207,735313
6208,731225
6209,721377
6210,711482
6211,701558
6212,691678
6213,681738
6214,671802
6215,661935
6216,652026
6217,642122
6218,632242
6219,622363
6220,612698
6221,604785
6222,595155
6223,585504
6224,575916
6225,566534
6226,556894
6227,547303
6228,537659
6229,528082
6230,518421
6231,508711
6232,499665
6233,490048
6234,482096
6235,472529
6236,462936
6237,453291
6238,443662
6239,433999
6240,424386
6241,414951
6242,406839
6243,396926
6244,376688
6245,376614
6246,367095
6247,359222
6248,350282
6249,340569
6250,327787
6251,324994
6252,315112
6253,305210
6254,295353
6255,285406
6256,275460
6257,265584
6258,255625
6259,245686
6260,236248
6261,226689
6262,217106
6263,207487
6264,198461
6265,188911
6266,179275
6267,169686
6268,160096
6269,150510
6270,140885
6271,131289
6272,121680
6273,113953
6274,104288
6275,93547
6276,84974
6277,75367
6278,66004
6279,56342
6280,47395
6281,37828
6282,28242
6283,18370
6284,6840
6285,1052673
6286,1042901
6287,1033122
6288,1023266
6289,1013798
6290,1004187
6291,994541
6292,984893
6293,975285
6294,971925
6295,961995
6296,952111
6297,942176
6298,932242
6299,922367
6300,912421
6301,902489
6302,892601
6303,882657
6304,872724
6305,863079
6306,853388
6307,843857
6308,834381
6309,824739
6310,816234
6311,808352
6312,799417
6313,789879
6314,780282
6315,770746
6316,761175
6317,751614
6318,741983
6319,732409
6320,722783
6321,713303
6322,703744
6323,694190
6324,686235
6325,676741
6326,667235
6327,657738
6328,648800
6329,639227
6330,629582
6331,620120
6332,610479
6333,600798
6334,591166
6335,581600
6336,576709
6337,566866
6338,557015
6339,547119
6340,537179
6341,527314
6342,517391
6343,507448
6344,499582
6345,489626
6346,479681
6347,469780
6348,459813
6349,450694
6350,441101
6351,431232
6352,421451
6353,412046
6354,402480
6355,392781
6356,383194
6357,373458
6358,363755
6359,354142
6360,345141
6361,335431
6362,327621
6363,318055
6364,308381
6365,298746
6366,289067
6367,279438
6368,269824
6369,260291
6370,250590
6371,241134
6372,231487
6373,221883
6374,212316
6375,204509
6376,195568
6377,185980
6378,176236
6379,169939
6380,160067
6381,150168
6382,140255
6383,130378
6384,120453
6385,110520
6386,100618
6387,90665
6388,81635
6389,68638
6390,62640
6391,53009
6392,44149
6393,34294
6394,1076741
6395,1066978
6396,1057076
6397,1047187
6398,1037304
6399,1027360
6400,1017484
6401,1010416
6402,1000898
6403,991435
6404,981865
6405,972231
6406,962680
6407,953232
6408,945097
6409,935635
6410,926123
6411,916605
6412,907013
6413,899177
6414,889629
6415,880028
6416,870358
6417,860965
6418,851460
6419,841977
6420,832295
6421,822868
6422,816902
6423,807035
6424,797161
6425,787290
6426,777376
6427,767495
6428,757869
6429,748256
6430,738563
6431,728967
6432,719346
6433,709893
6434,700383
6435,690790
6436,681226
6437,671606
6438,662011
6439,655101
6440,646198
6441,636545
6442,627135
6443,617539
6444,608002
6445,598443
6446,590614
6447,580679
6448,570742
6449,560821
6450,550878
6451,541056
6452,533304
6453,523726
6454,514131
6455,504511
6456,495577
6457,485973
6458,476351
6459,466647
6460,457024
6461,447393
6462,437788
6463,428183
6464,421931
6465,412105
6466,402223
6467,392311
6468,382395
6469,372496
6470,362661
6471,353040
6472,344109
6473,334503
6474,324879
6475,315203
6476,305559
6477,276445
6478,276442
6479,276431
6480,268230
6481,258707
6482,249049
6483,239460
6484,229811
6485,220160
6486,210605
6487,200960
6488,192034
6489,182316
6490,174552
6491,164932
6492,155324
6493,145725
6494,136136
6495,126487
6496,116875
6497,107434
6498,97790
6499,88173
6500,78610
6501,69192
6502,59591
6503,51814
6504,42905
6505,33303
6506,23447
6507,1065777
6508,1059737
6509,1049936
6510,1040071
6511,1030145
6512,1020275
6513,1010362
6514,1000421
6515,990530
6516,980585
6517,970652
6518,960746
6519,951140
6520,942149
6521,932624
6522,926256
6523,916799
6524,907270
6525,897784
6526,888173
6527,878632
6528,869000
6529,862302
6530,852740
6531,843068
6532,833444
6533,823843
6534,814126
6535,804494
6536,795719
6537,786055
6538,776468
6539,766863
6540,757250
6541,749310
6542,739699
6543,730013
6544,720335
6545,710914
6546,701279
6547,691760
6548,683592
6549,673682
6550,667016
6551,657122
6552,647199
6553,637275
6554,627368
6555,617454
6556,607533
6557,597854
6558,588184
6559,578585
6560,568965
6561,559576
6562,549851
6563,543586
6564,533974
6565,524327
6566,514739
6567,506911
6568,498002
6569,488333
6570,478736
6571,469020
6572,459447
6573,449781
6574,440186
6575,430553
6576,420825
6577,411350
6578,401726
6579,392158
6580,384244
6581,374656
6582,364910
6583,355222
6584,346250
6585,336532
6586,326868
6587,317200
6588,307561
6589,297928
6590,288307
6591,278682
6592,272296
6593,262479
6594,252611
6595,242717
6596,232832
6597,222875
6598,212942
6599,203361
6600,194460
6601,184744
6602,178168
6603,168574
6604,158857
6605,151107
6606,141512
6607,131988
6608,122420
6609,113006
6610,103470
6611,93899
6612,84140
6613,74786
6614,65214
6615,55633
6616,46727
6617,37089
6618,29340
6619,19806
6620,10269
6621,1281064
6622,1271399
6623,1261551
6624,1251618
6625,1241681
6626,1231790
6627,1221795
6628,1211902
6629,1202017
6630,1192061
6631,1182191
6632,1172383
6633,1162512
6634,1152648
6635,1154954
6636,1145071
6637,1135171
6638,1125286
6639,1115348
6640,1105520
6641,1095680
6642,1085778
6643,1075909
6644,1066069
6645,1056197
6646,1046316
6647,1036466
6648,1026596
6649,1016702
6650,1006886
6651,999239
6652,989316
6653,979424
6654,969470
6655,959598
6656,949741
6657,939860
6658,929975
6659,920144
6660,910250
6661,900357
6662,890518
6663,880566
6664,870631
6665,860686
6666,850734
6667,840799
6668,830880
6669,820941
6670,810997
6671,801077
6672,791137
6673,781193
6674,771290
6675,761341
6676,757889
6677,748036
6678,738102
6679,728222
6680,718340
6681,708396
6682,698458
6683,688560
6684,678615
6685,668679
6686,658769
6687,648818
6688,638878
6689,628999
6690,619053
6691,609111
6692,599211
6693,589256
6694,579346
6695,569446
6696,559500
6697,549607
6698,539752
6699,529810
6700,519878
6701,509964
6702,500015
6703,490075
6704,480186
6705,470236
6706,460321
6707,450411
6708,440465
6709,430532
6710,420629
6711,410684
6712,400760
6713,390819
6714,380898
6715,370956
6716,361059
6717,351111
6718,341197
6719,334472
6720,324564
6721,314690
6722,304815
6723,294800
6724,284955
6725,275051
6726,265102
6727,255188
6728,245298
6729,235349
6730,225433
6731,215535
6732,205588
6733,1047400
6734,1037999
6735,1028376
6736,1018901
6737,1009537
6738,999859
6739,990268
6740,980751
6741,971217
6742,961620
6743,952113
6744,943187
6745,933534
6746,924146
6747,916285
6748,906696
6749,897009
6750,882700
6751,877610
6752,868198
6753,858681
6754,850691
6755,840816
6756,830893
6757,820986
6758,809798
6759,802860
6760,793969
6761,787917
6762,778018
6763,768135
6764,758274
6765,748364
6766,738420
6767,728547
6768,718591
6769,708648
6770,698688
6771,688768
6772,680485
6773,670911
6774,664605
6775,655102
6776,646363
6777,636640
6778,627062
6779,617453
6780,607737
6781,598267
6782,588649
6783,578951
6784,569324
6785,561747
6786,552058
6787,542371
6788,532760
6789,523054
6790,513473
6791,503822
6792,494748
6793,485206
6794,475597
6795,465859
6796,456196
6797,448347
6798,438771
6799,429086
6800,419495
6801,410038
6802,400358
6803,390752
6804,384614
6805,374780
6806,364963
6807,355054
6808,345211
6809,335311
6810,325388
6811,315818
6812,306233
6813,296515
6814,286907
6815,277294
6816,270536
6817,261236
6818,251576
6819,241956
6820,232354
6821,222750
6822,213055
6823,205965
6824,197084
6825,187484
6826,177941
6827,168312
6828,158658
6829,149047
6830,139483
6831,129823
6832,120227
6833,110873
6834,101204
6835,91616
6836,83659
6837,74157
6838,64567
6839,54943
6840,43499
6841,36311
6842,26661
6843,16982
6844,7377
6845,1051642
6846,1041957
6847,1039992
6848,1030168
6849,1020270
6850,1010393
6851,1000506
6852,990550
6853,980627
6854,970732
6855,960778
6856,952876
6857,942984
6858,933062
6859,923148
6860,918506
6861,911130
6862,901585
6863,892134
6864,882496
6865,873108
6866,863570
6867,853984
6868,844309
6869,834753
6870,825250
6871,401518
6872,402540
6873,402547
6874,404257
6875,404408
6876,404420
6877,404407
6878,404466
6879,404463
6880,404487
6881,404579
6882,404634
6883,404687
6884,404714
6885,404731
6886,404765
6887,406289
6888,407370
6889,411916
6890,411997
6891,412051
6892,412085
6893,412145
6894,412157
6895,412147
6896,412199
6897,412175
6898,412161
6899,412196
6900,412176
6901,412161
6902,412208
6903,412183
6904,412170
6905,412211
6906,412186
6907,412173
6908,412193
6909,412172
6910,412158
6911,412181
6912,412127
6913,409308
6914,399392
6915,389620
6916,379933
6917,370433
6918,360769
6919,351225
6920,345460
6921,335778
6922,326214
6923,316564
6924,306990
6925,299165
6926,289510
6927,279869
6928,270213
6929,260787
6930,251065
6931,241441
6932,235064
6933,225225
6934,215338
6935,205458
6936,195541
6937,185596
6938,184904
6939,175342
6940,165763
6941,156188
6942,146548
6943,136932
6944,127358
6945,117919
6946,108384
6947,98816
6948,89197
6949,79778
6950,70048
6951,62443
6952,53544
6953,43893
6954,34280
6955,24631
6956,15071
6957,5506
6958,1049623
6959,1039766
6960,1029830
6961,1019934
6962,1010033
6963,1000110
6964,992270
6965,982762
6966,973082
6967,963433
6968,954574
6969,944844
6970,935278
6971,925678
6972,916122
6973,906540
6974,896986
6975,891588
6976,881743
6977,871849
6978,861946
6979,852018
6980,842132
6981,832182
6982,831152
6983,821523
6984,812571
6985,802971
6986,793360
6987,783747
6988,774060
6989,766447
6990,756949
6991,747328
6992,737818
6993,728353
6994,718847
6995,709283
6996,699612
6997,689959
6998,680401
6999,670763
7000,661779
7001,651247
7002,644387
7003,634750
7004,625200
7005,615557
7006,606038
7007,596369
7008,584993
7009,577408
7010,567911
7011,558265
7012,548665
7013,539040
7014,529479
7015,522363
7016,513579
7017,503846
7018,497777
7019,487937
7020,478047
7021,468153
7022,458279
7023,448362
7024,438460
7025,428574
7026,418616
7027,408733
7028,407783
7029,398190
7030,388700
7031,379014
7032,370003
7033,360421
7034,350857
7035,341277
7036,331707
7037,322136
7038,312521
7039,302991
7040,293409
7041,285690
7042,276136
7043,266468
7044,256792
7045,247213
7046,237706
7047,228068
7048,219019
7049,209525
7050,199827
7051,190144
7052,180551
7053,172583
7054,163231
7055,153651
7056,144055
7057,134592
7058,125066
7059,115310
7060,109217
7061,101065
7062,91126
7063,81293
7064,71412
7065,61470
7066,57683
7067,48227
7068,38679
7069,29145
7070,19802
7071,10150
7072,1052357
7073,1042986
7074,1033280
7075,1023802
7076,1014233
7077,1004724
7078,995159
7079,987579
7080,978609
7081,969065
7082,959506
7083,949885
7084,940261
7085,930733
7086,921089
7087,911431
7088,901895
7089,892354
7090,882833
7091,873261
7092,865319
7093,855750
7094,846167
7095,836434
7096,827459
7097,817880
7098,808246
7099,798705
7100,789128
7101,779479
7102,769940
7103,764581
7104,754709
7105,744861
7106,734990
7107,725112
7108,715174
7109,705267
7110,700533
7111,690867
7112,681993
7113,672406
7114,662726
7115,653168
7116,643438
7117,635644
7118,626084
7119,615053
7120,606843
7121,597504
7122,587771
7123,578280
7124,568803
7125,559078
7126,549585
7127,539991
7128,531082
7129,521392
7130,513633
7131,503970
7132,494351
7133,484753
7134,475185
7135,465635
7136,456094
7137,446625
7138,437027
7139,427363
7140,417681
7141,408150
7142,398505
7143,390560
7144,381636
7145,372040
7146,365389
7147,355949
7148,346078
7149,336175
7150,326117
7151,316381
7152,306497
7153,296581
7154,286680
7155,276735
7156,275526
7157,266097
7158,256358
7159,246769
7160,237952
7161,228364
7162,218742
7163,211885
7164,201965
7165,192037
7166,182089
7167,172198
7168,162252
7169,153400
7170,143793
7171,134164
7172,124655
7173,114866
7174,105173
7175,95574
7176,86747
7177,77160
7178,67522
7179,57859
7180,46198
7181,40515
7182,30987
7183,19263
7184,11860
7185,2456
7186,1044850
7187,1033559
7188,1025727
7189,1020031
7190,1010172
7191,1000267
7192,990339
7193,980457
7194,976692
7195,967106
7196,957616
7197,948060
7198,938435
7199,928818
7200,919178
7201,909714
7202,900115
7203,890543
7204,881076
7205,871591
7206,861994
7207,854885
7208,846008
7209,836472
7210,826847
7211,817305
7212,807610
7213,798085
7214,788595
7215,778918
7216,769262
7217,759937
7218,750288
7219,740766
7220,732940
7221,723259
7222,713826
7223,704283
7224,695423
7225,685814
7226,676301
7227,666793
7228,657269
7229,647727
7230,638041
7231,628461
7232,622088
7233,612243
7234,602365
7235,597588
7236,591241
7237,581701
7238,572170
7239,562553
7240,553757
7241,544206
7242,534649
7243,524943
7244,515403
7245,507892
7246,498326
7247,488772
7248,479294
7249,469912
7250,456030
7251,450672
7252,441120
7253,431576
7254,421930
7255,412341
7256,403606
7257,394055
7258,386363
7259,376785
7260,367097
7261,357523
7262,348009
7263,338442
7264,328941
7265,321821
7266,311834
7267,301889
7268,292031
7269,282033
7270,272082
7271,263767
7272,254777
7273,245300
7274,234398
7275,229161
7276,219288
7277,209424
7278,199480
7279,189534
7280,179636
7281,169680
7282,159726
7283,146739
7284,146485
7285,136867
7286,127287
7287,117699
7288,108781
7289,99388
7290,89748
7291,80321
7292,70790
7293,61207
7294,51654
7295,42123
7296,32404
7297,24894
7298,15498
7299,5867
7300,1557043
7301,1550258
7302,1542413
7303,1534489
7304,1534910
7305,1526851
7306,1519005
7307,1511279
7308,1503374
7309,1515786
7310,1508345
7311,1500353
7312,1492515
7313,1486013
7314,1477893
7315,1470005
7316,1462622
7317,1459294
7318,1449441
7319,1439587
7320,1429644
7321,1419711
7322,1410730
7323,1401161
7324,1391596
7325,1382020
7326,1372411
7327,1362754
7328,1353217
7329,1343763
7330,1334155
7331,1324590
7332,1315023
7333,1305406
7334,1295917
7335,1288371
7336,1279433
7337,1269875
7338,1260165
7339,1250635
7340,1241165
7341,1231464
7342,1221974
7343,1212347
7344,1202782
7345,1193357
7346,1183932
7347,1174405
7348,1166664
7349,1157054
7350,1147344
7351,1137560
7352,1128461
7353,1118845
7354,1109260
7355,1099596
7356,1096487
7357,1086618
7358,1076785
7359,1066896
7360,1056951
7361,1047080
7362,1037176
7363,1027252
7364,1017350
7365,1007398
7366,997461
7367,989961
7368,980026
7369,970089
7370,960190
7371,950244
7372,940303
7373,930745
7374,921147
7375,911564
7376,902058
7377,892619
7378,882989
7379,874568
7380,864958
7381,855392
7382,845776
7383,836176
7384,827380
7385,817946
7386,810329
7387,800729
7388,791188
7389,781622
7390,772012
7391,762413
7392,752796
7393,743406
7394,733768
7395,724135
7396,714564
7397,704923
7398,698706
7399,688825
7400,678947
7401,669038
7402,659160
7403,649540
7404,640346
7405,630634
7406,621053
7407,611308
7408,601757
7409,592335
7410,582709
7411,573136
7412,565566
7413,555958
7414,546278
7415,536641
7416,527709
7417,518181
7418,508532
7419,498925
7420,489360
7421,479733
7422,470117
7423,460554
7424,450861
7425,443189
7426,433639
7427,424140
7428,414543
7429,404831
7430,395277
7431,385510
7432,376740
7433,367115
7434,357418
7435,347790
7436,338156
7437,330222
7438,320610
7439,310984
7440,301374
7441,295431
7442,285606
7443,275738
7444,265837
7445,255984
7446,246076
7447,236139
7448,226248
7449,216331
7450,207355
7451,197680
7452,187983
7453,178441
7454,168781
7455,159201
7456,149544
7457,140060
7458,130440
7459,120883
7460,111294
7461,101568
7462,91891
7463,84271
7464,75327
7465,65830
7466,54461
7467,46777
7468,37179
7469,27516
7470,20152
7471,9653
7472,1065363
7473,1058712
7474,1051114
7475,1043620
7476,1042425
7477,1034775
7478,1027253
7479,1019012
7480,1015254
7481,1008143
7482,1000210
7483,996544
7484,969843
7485,969988
7486,967437
7487,958321
7488,950145
7489,954378
7490,945712
7491,936721
7492,927431
7493,918206
7494,908792
7495,899294
7496,890369
7497,880637
7498,871165
7499,861526
7500,851998
7501,844393
7502,834889
7503,825283
7504,813401
7505,806268
7506,796655
7507,787114
7508,777593
7509,767935
7510,758478
7511,748858
7512,740397
7513,730831
7514,723117
7515,713592
7516,703971
7517,694398
7518,684913
7519,675429
7520,666004
7521,656561
7522,647063
7523,637484
7524,627790
7525,618207
7526,612467
7527,602594
7528,592738
7529,582856
7530,573061
7531,563697
7532,554169
7533,544633
7534,534975
7535,525377
7536,515764
7537,506379
7538,496817
7539,487238
7540,479697
7541,470100
7542,460454
7543,450936
7544,442280
7545,432537
7546,422894
7547,413348
7548,403637
7549,394046
7550,384390
7551,374729
7552,365166
7553,357458
7554,347807
7555,338218
7556,328808
7557,319123
7558,309583
7559,300016
7560,291051
7561,281644
7562,272009
7563,262344
7564,252675
7565,244884
7566,235287
7567,225739
7568,216183
7569,210123
7570,200298
7571,190489
7572,180596
7573,173224
7574,163335
7575,153455
7576,143549
7577,133746
7578,123893
7579,113952
7580,104198
7581,94318
7582,84536
7583,71328
7584,65251
7585,55811
7586,46203
7587,36624
7588,27007
7589,17481
7590,7816
7591,1068382
7592,1065389
7593,1057304
7594,1049305
7595,1041579
7596,1033743
7597,1025628
7598,1018310
7599,1010189
7600,1002559
7601,996192
7602,988073
7603,979985
7604,977970
7605,969904
7606,961876
7607,954087
7608,949562
7609,940974
7610,932282
7611,927197
7612,917422
7613,907685
7614,897779
7615,887874
7616,878000
7617,868524
7618,858909
7619,849454
7620,839794
7621,830225
7622,820633
7623,811161
7624,802639
7625,793116
7626,783533
7627,774137
7628,764546
7629,757023
7630,747534
7631,737885
7632,728217
7633,718961
7634,709538
7635,699939
7636,690424
7637,680847
7638,671283
7639,661668
7640,653022
7641,643357
7642,635763
7643,626268
7644,616771
7645,607347
7646,597575
7647,588081
7648,578445
7649,569050
7650,557308
7651,549709
7652,540073
7653,530457
7654,524821
7655,514970
7656,505087
7657,495185
7658,485441
7659,475692
7660,466074
7661,456521
7662,446820
7663,437301
7664,427745
7665,418322
7666,408844
7667,399404
7668,391809
7669,382303
7670,372718
7671,363061
7672,354195
7673,344576
7674,335005
7675,327195
7676,317336
7677,307393
7678,297483
7679,287591
7680,277640
7681,270600
7682,261171
7683,251767
7684,242320
7685,232743
7686,223168
7687,213609
7688,204910
7689,195326
7690,185746
7691,176121
7692,166759
7693,159196
7694,149939
7695,140333
7696,130684
7697,125423
7698,115562
7699,105815
7700,95990
7701,86181
7702,76388
7703,66552
7704,56657
7705,46840
7706,38471
7707,28449
7708,19554
7709,10091
7710,1123203
7711,1116010
7712,1106563
7713,1097602
7714,1088127
7715,1078795
7716,1069299
7717,1059676
7718,1050096
7719,1046053
7720,1037320
7721,1027727
7722,1018254
7723,1008621
7724,999045
7725,989561
7726,979975
7727,970541
7728,960887
7729,951738
7730,942283
7731,932660
7732,930300
7733,920537
7734,910645
7735,900737
7736,890848
7737,880940
7738,871078
7739,887157
7740,877324
7741,867456
7742,857527
7743,847620
7744,837715
7745,827855
7746,817945
7747,807946
7748,798058
7749,788139
7750,778194
7751,768365
7752,758466
7753,748526
7754,738552
7755,728665
7756,718744
7757,708798
7758,698805
7759,688913
7760,679007
7761,669063
7762,659127
7763,649230
7764,639281
7765,629338
7766,619467
7767,609540
7768,599595
7769,589660
7770,579710
7771,569768
7772,559878
7773,549923
7774,539983
7775,530033
7776,520102
7777,510172
7778,502532
7779,492602
7780,482663
7781,472691
7782,467501
7783,457631
7784,447791
7785,437854
7786,427923
7787,417953
7788,408040
7789,398099
7790,388206
7791,378280
7792,368384
7793,358449
7794,348472
7795,338522
7796,328686
7797,318787
7798,308854
7799,298893
7800,289017
7801,279074
7802,269173
7803,259247
7804,249352
7805,239667
7806,230108
7807,220470
7808,210896
7809,203647
7810,193919
7811,184300
7812,174635
7813,165233
7814,156073
7815,146385
7816,137359
7817,127821
7818,118121
7819,108548
7820,98916
7821,91346
7822,81868
7823,72303
7824,62620
7825,57313
7826,47525
7827,37689
7828,23207
7829,17887
7830,1060720
7831,1051325
7832,1042741
7833,1032912
7834,1026918
7835,1017276
7836,1007465
7837,997574
7838,987689
7839,746576
7840,746405
7841,746452
7842,746449
7843,746481
7844,746457
7845,746435
7846,746422
7847,748244
7848,749448
7849,749470
7850,749540
7851,749611
7852,749633
7853,749717
7854,749731
7855,749758
7856,749792
7857,749824
7858,749861
7859,749926
7860,751549
7861,751628
7862,751642
7863,744886
7864,735952
7865,725843
7866,716223
7867,713509
7868,703659
7869,692085
7870,683899
7871,663838
7872,663774
7873,654122
7874,644218
7875,634298
7876,624346
7877,614445
7878,604509
7879,592955
7880,586761
7881,576835
7882,566885
7883,557022
7884,547079
7885,537144
7886,527227
7887,517328
7888,507383
7889,497491
7890,487560
7891,477613
7892,467700
7893,457772
7894,447832
7895,437923
7896,427987
7897,418081
7898,410406
7899,400784
7900,391200
7901,381624
7902,371984
7903,362289
7904,352705
7905,343252
7906,333626
7907,324149
7908,314468
7909,304813
7910,298839
7911,288990
7912,279093
7913,269214
7914,259306
7915,249581
7916,239963
7917,230315
7918,220817
7919,211778
7920,202113
7921,192706
7922,183119
7923,173585
7924,165637
7925,156120
7926,146435
7927,136928
7928,128173
7929,118571
7930,108980
7931,99413
7932,89842
7933,80213
7934,70642
7935,61451
7936,51752
7937,44422
7938,34791
7939,23558
7940,15705
7941,6063
7942,1235083
7943,1229390
7944,1230367
7945,1223057
7946,1216542
7947,1209071
7948,1201694
7949,1208956
7950,1199598
7951,1190056
7952,1180505
7953,1175091
7954,1165237
7955,1155415
7956,1145539
7957,1135638
7958,1125769
7959,1115837
7960,1106222
7961,1096589
7962,1089077
7963,1079807
7964,1070156
7965,1060723
7966,1051164
7967,1041743
7968,1032209
7969,1023456
7970,1014075
7971,1004580
7972,995033
7973,985425
7974,975948
7975,968153
7976,959386
7977,949517
7978,939322
7979,929710
7980,919840
7981,909939
7982,902136
7983,892250
7984,882306
7985,870790
7986,862466
7987,852529
7988,842634
7989,832743
7990,823178
7991,813697
7992,804781
7993,795185
7994,792696
7995,782810
7996,772913
7997,763080
7998,753148
7999,743238
8000,733349
8001,723404
8002,713467
8003,703569
8004,693628
8005,683678
8006,673784
8007,663825
8008,653931
8009,644318
8010,634640
8011,625007
8012,615379
8013,607643
8014,598009
8015,588389
8016,578798
8017,569365
8018,559670
8019,550041
8020,540368
8021,530710
8022,521131
8023,511416
8024,502581
8025,492983
8026,485213
8027,475659
8028,466064
8029,456528
8030,446978
8031,437354
8032,427779
8033,418406
8034,408710
8035,399141
8036,389504
8037,386202
8038,376382
8039,366540
8040,356631
8041,346718
8042,336829
8043,326919
8044,317005
8045,307111
8046,297151
8047,287213
8048,277334
8049,267373
8050,257482
8051,247862
8052,240152
8053,230637
8054,221234
8055,212202
8056,203300
8057,193667
8058,184019
8059,174408
8060,164719
8061,155135
8062,145506
8063,135798
8064,126235
8065,119924
8066,110369
8067,100748
8068,91367
8069,81742
8070,72235
8071,62536
8072,53727
8073,44109
8074,34485
8075,25033
8076,13938
8077,7783
8078,1057152
8079,1048949
8080,1043445
8081,1033605
8082,1023725
8083,1013843
8084,1005892
8085,996025
8086,986101
8087,976210
8088,966278
8089,956337
8090,949872
8091,940001
8092,930047
8093,920163
8094,910225
8095,900287
8096,890383
8097,880454
8098,870788
8099,861230
8100,851683
8101,842205
8102,832671
8103,825138
8104,816555
8105,807031
8106,797427
8107,787986
8108,778490
8109,768947
8110,759399
8111,749841
8112,740295
8113,730876
8114,721263
8115,711712
8116,704177
8117,694573
8118,684909
8119,675425
8120,666655
8121,657016
8122,650746
8123,640931
8124,631123
8125,621219
8126,611338
8127,601493
8128,591552
8129,582243
8130,572731
8131,563507
8132,553894
8133,544290
8134,534739
8135,525119
8136,516308
8137,506705
8138,497152
8139,487573
8140,477980
8141,470418
8142,460873
8143,451268
8144,441677
8145,432383
8146,422862
8147,413320
8148,403740
8149,394125
8150,382175
8151,375088
8152,366259
8153,356624
8154,349111
8155,339628
8156,330038
8157,320520
8158,310958
8159,301490
8160,291785
8161,282481
8162,272810
8163,263235
8164,253620
8165,247654
8166,237840
8167,227981
8168,218094
8169,208191
8170,198615
8171,188976
8172,179433
8173,169816
8174,160401
8175,150836
8176,141287
8177,131895
8178,122322
8179,112752
8180,105121
8181,95517
8182,86122
8183,76508
8184,68185
8185,57924
8186,49044
8187,41188
8188,31258
8189,21378
8190,11431
8191,1060294
8192,1049147
8193,1046805
8194,1037410
8195,1027976
8196,1018425
8197,1008790
8198,999250
8199,989948
8200,981344
8201,966984
8202,961573
8203,951683
8204,941855
8205,934134
8206,924330
8207,914435
8208,909168
8209,899304
8210,889455
8211,879563
8212,869670
8213,859782
8214,849889
8215,839982
8216,830069
8217,820142
8218,811544
8219,802097
8220,792416
8221,782756
8222,773161
8223,763537
8224,753883
8225,744447
8226,734805
8227,725248
8228,715624
8229,705970
8230,696373
8231,688734
8232,679805
8233,670248
8234,660566
8235,650868
8236,641252
8237,631666
8238,622142
8239,612467
8240,602891
8241,593417
8242,583875
8243,574336
8244,566787
8245,557241
8246,547605
8247,538001
8248,529092
8249,519526
8250,513417
8251,503568
8252,493733
8253,483841
8254,473934
8255,464037
8256,454164
8257,445797
8258,436181
8259,426612
8260,416990
8261,407362
8262,397747
8263,388168
8264,379244
8265,369618
8266,360063
8267,350552
8268,340953
8269,333244
8270,323689
8271,313998
8272,304473
8273,295141
8274,285494
8275,275869
8276,266276
8277,256703
8278,247072
8279,237458
8280,228639
8281,219035
8282,211321
8283,201674
8284,192187
8285,182640
8286,173067
8287,163432
8288,153857
8289,144457
8290,136230
8291,126348
8292,116453
8293,110524
8294,100652
8295,90771
8296,80880
8297,70973
8298,61076
8299,51406
8300,41824
8301,32322
8302,22721
8303,13203
8304,3722
8305,1053761
8306,1044386
8307,1034811
8308,1030144
8309,1020667
8310,1011247
8311,1001684
8312,993132
8313,983200
8314,973296
8315,963408
8316,953516
8317,943613
8318,933695
8319,923821
8320,913924
8321,906909
8322,897364
8323,887829
8324,878287
8325,868625
8326,859122
8327,849525
8328,841093
8329,831400
8330,821834
8331,812139
8332,802584
8333,794954
8334,785393
8335,775794
8336,770247
8337,760422
8338,750542
8339,740672
8340,730779
8341,720833
8342,710978
8343,701091
8344,691148
8345,681228
8346,673013
8347,663390
8348,653898
8349,644324
8350,634661
8351,625094
8352,615372
8353,605965
8354,596321
8355,586791
8356,577210
8357,567639
8358,557951
8359,550226
8360,541273
8361,531635
8362,521937
8363,512447
8364,502807
8365,493183
8366,483609
8367,473964
8368,464355
8369,455043
8370,445339
8371,435695
8372,427950
8373,418291
8374,408725
8375,399110
8376,390231
8377,380583
8378,371008
8379,364826
8380,354952
8381,345078
8382,335188
8383,325239
8384,315318
8385,305707
8386,296060
8387,286486
8388,276921
8389,267369
8390,257718
8391,248132
8392,239885
8393,229963
8394,220033
8395,210354
8396,200828
8397,193020
8398,183509
8399,173907
8400,164418
8401,155005
8402,145441
8403,135895
8404,126384
8405,116788
8406,107214
8407,97557
8408,88765
8409,79181
8410,72055
8411,62394
8412,52839
8413,43245
8414,33637
8415,23988
8416,14409
8417,5064
8418,1132450
8419,1123085
8420,1113648
8421,1104081
8422,1098682
8423,1085298
8424,1081643
8425,1071848
8426,1061938
8427,1052055
8428,1039547
8429,1032257
8430,1022366
8431,1012415
8432,1002499
8433,993220
8434,983687
8435,974143
8436,966557
8437,957020
8438,947388
8439,937771
8440,929315
8441,919845
8442,910373
8443,900745
8444,891238
8445,881561
8446,872075
8447,862446
8448,852917
8449,846664
8450,836196
8451,827534
8452,817951
8453,808361
8454,798792
8455,789314
8456,780469
8457,770929
8458,761333
8459,751754
8460,742073
8461,734520
8462,724930
8463,715318
8464,708949
8465,699103
8466,689223
8467,679330
8468,669432
8469,659576
8470,649636
8471,639741
8472,629807
8473,620070
8474,612427
8475,602774
8476,593168
8477,583534
8478,574038
8479,564421
8480,554848
8481,545445
8482,535957
8483,526358
8484,516678
8485,507016
8486,497416
8487,489712
8488,480785
8489,471205
8490,443315
8491,443312
8492,442252
8493,432656
8494,424701
8495,414862
8496,404934
8497,394974
8498,385084
8499,375152
8500,367230
8501,357725
8502,348149
8503,338581
8504,329867
8505,320229
8506,310667
8507,304620
8508,294828
8509,284943
8510,275052
8511,265158
8512,255218
8513,245497
8514,236013
8515,226481
8516,216870
8517,207326
8518,197835
8519,188295
8520,179435
8521,169865
8522,160231
8523,150582
8524,141111
8525,133317
8526,123798
8527,114186
8528,104586
8529,95172
8530,86151
8531,76597
8532,66997
8533,57506
8534,1264412
8535,1255179
8536,1257345
8537,1248280
8538,1266430
8539,1256966
8540,1248103
8541,1238406
8542,1229103
8543,1219978
8544,1210346
8545,1202373
8546,1193069
8547,1183333
8548,1177973
8549,1169103
8550,1161552
8551,1159269
8552,1151618
8553,1142294
8554,1132678
8555,1123243
8556,1113645
8557,1104114
8558,1094607
8559,1085033
8560,1075637
8561,1066262
8562,1056663
8563,1047054
8564,1039477
8565,1029832
8566,1020193
8567,1010606
8568,1001694
8569,992103
8570,982548
8571,972969
8572,963447
8573,953925
8574,944254
8575,934688
8576,925054
8577,917459
8578,907826
8579,898257
8580,888638
8581,878970
8582,869469
8583,859956
8584,851226
8585,841671
8586,832039
8587,822524
8588,812994
8589,806964
8590,797091
8591,787255
8592,777414
8593,767461
8594,757593
8595,747942
8596,738450
8597,730298
8598,720359
8599,710422
8600,700972
8601,691386
8602,683672
8603,674102
8604,664530
8605,654930
8606,645296
8607,635708
8608,626088
8609,616728
8610,607242
8611,597723
8612,588129
8613,578589
8614,568860
8615,561151
8616,552226
8617,542597
8618,532953
8619,523301
8620,513798
8621,504189
8622,494637
8623,484969
8624,475429
8625,465936
8626,456327
8627,446753
8628,438787
8629,429182
8630,419571
8631,409907
8632,404083
8633,394257
8634,384394
8635,374503
8636,364616
8637,354731
8638,344828
8639,334960
8640,325065
8641,318069
8642,308409
8643,298890
8644,289297
8645,279693
8646,270139
8647,260546
8648,252265
8649,242466
8650,229677
8651,222614
8652,211538
8653,204555
8654,194715
8655,184844
8656,174931
8657,165336
8658,155703
8659,145997
8660,136390
8661,126760
8662,117111
8663,107479
8664,98570
8665,89033
8666,76746
8667,71654
8668,62062
8669,52473
8670,40240
8671,33294
8672,23878
8673,14485
8674,4918
8675,1057935
8676,1061571
8677,1051727
8678,1041910
8679,1032006
8680,1022129
8681,1012243
8682,1002324
8683,992380
8684,982498
8685,972578
8686,962624
8687,952736
8688,942840
8689,932890
8690,923004
8691,913063
8692,903462
8693,893970
8694,884374
8695,874835
8696,866304
8697,856788
8698,847500
8699,839914
8700,829992
8701,820039
8702,810153
8703,800217
8704,790274
8705,782680
8706,773051
8707,763492
8708,753916
8709,744364
8710,734876
8711,725453
8712,716616
8713,707046
8714,697593
8715,688009
8716,678505
8717,670667
8718,669095
8719,659219
8720,649395
8721,639463
8722,629530
8723,619632
8724,609695
8725,599760
8726,589855
8727,579920
8728,569973
8729,560087
8730,550145
8731,540196
8732,530299
8733,520441
8734,510840
8735,501311
8736,491721
8737,482193
8738,472585
8739,462883
8740,453300
8741,443773
8742,434295
8743,426568
8744,417759
8745,408562
8746,398980
8747,389435
8748,379832
8749,370237
8750,360616
8751,351056
8752,341481
8753,332130
8754,322428
8755,312832
8756,305124
8757,295526
8758,285953
8759,276112
8760,266481
8761,260843
8762,251034
8763,241114
8764,230495
8765,221335
8766,211436
8767,201501
8768,191582
8769,181661
8770,171709
8771,161791
8772,151906
8773,142160
8774,1159957
8775,1150161
8776,1141865
8777,1132059
8778,1122112
8779,1112195
8780,1102278
8781,893074
8782,893425
8783,893457
8784,893425
8785,893641
8786,893743
8787,893767
8788,893761
8789,893793
8790,893809
8791,893802
8792,895011
8793,895118
8794,897079
8795,897229
8796,897247
8797,897321
8798,897394
8799,897376
8800,897410
8801,899587
8802,900206
8803,890342
8804,880484
8805,870560
8806,860663
8807,850765
8808,840879
8809,830947
8810,821092
8811,811167
8812,801263
8813,791384
8814,781458
8815,771542
8816,761650
8817,751708
8818,741790
8819,732040
8820,718274
8821,714390
8822,704491
8823,694614
8824,685662
8825,676025
8826,666344
8827,656673
8828,647063
8829,637377
8830,627846
8831,618208
8832,608598
8833,602181
8834,592627
8835,583052
8836,574165
8837,564682
8838,555070
8839,545482
8840,536622
8841,527011
8842,517438
8843,507825
8844,498214
8845,492218
8846,482371
8847,472512
8848,462607
8849,452725
8850,442819
8851,432912
8852,423025
8853,413372
8854,403792
8855,394263
8856,385254
8857,375661
8858,368086
8859,358560
8860,348922
8861,339344
8862,329779
8863,320070
8864,310497
8865,300992
8866,291317
8867,281697
8868,272147
8869,262279
8870,252369
8871,244101
8872,233550
8873,225522
8874,215615
8875,205713
8876,195833
8877,185951
8878,176008
8879,166101
8880,156148
8881,146470
8882,136946
8883,127266
8884,119339
8885,109749
8886,100234
8887,90673
8888,84523
8889,74649
8890,64751
8891,54874
8892,44977
8893,35021
8894,25119
8895,15181
8896,5248
8897,1060019
8898,1050958
8899,1041595
8900,1032096
8901,1022180
8902,1012520
8903,1004947
8904,995020
8905,985083
8906,975180
8907,965525
8908,955906
8909,948403
8910,938823
8911,929185
8912,919620
8913,910261
8914,900615
8915,891158
8916,881558
8917,871966
8918,862423
8919,852744
8920,844392
8921,834998
8922,827299
8923,816824
8924,808211
8925,798569
8926,788992
8927,779504
8928,769877
8929,760481
8930,750974
8931,746284
8932,736392
8933,726543
8934,716661
8935,706762
8936,696883
8937,686942
8938,677031
8939,667406
8940,657858
8941,648285
8942,638831
8943,629157
8944,619529
8945,610382
8946,600787
8947,591198
8948,583501
8949,573905
8950,563496
8951,554650
8952,545786
8953,536209
8954,526614
8955,516967
8956,507333
8957,495948
8958,488071
8959,478438
8960,468897
8961,461347
8962,451812
8963,442263
8964,432675
8965,422989
8966,413441
8967,403914
8968,395056
8969,385425
8970,375702
8971,366184
8972,356560
8973,350426
8974,340568
8975,330708
8976,320822
8977,310947
8978,301054
8979,291199
8980,281643
8981,271800
8982,261900
8983,252000
8984,243022
8985,214926
8986,216756
8987,215339
8988,205475
8989,195523
8990,185916
8991,176221
8992,166709
8993,157318
8994,147615
8995,138017
8996,128508
8997,118998
8998,109355
8999,101639
9000,92712
9001,82072
9002,73777
9003,64143
9004,54543
9005,44933
9006,37365
9007,27467
9008,17595
9009,7639
9010,1057578
9011,1048252
9012,1040713
9013,1031127
9014,1021576
9015,1011958
9016,1002320
9017,997614
9018,987762
9019,977873
9020,930200
9021,930088
9022,930006
9023,930123
9024,928477
9025,918533
9026,908809
9027,899212
9028,889534
9029,880084
9030,870476
9031,860987
9032,851982
9033,842390
9034,832753
9035,823351
9036,813907
9037,806530
9038,796824
9039,787423
9040,777760
9041,768503
9042,758890
9043,749393
9044,739899
9045,729040
9046,720848
9047,711277
9048,702392
9049,692864
9050,683898
9051,675344
9052,665880
9053,656300
9054,646699
9055,637139
9056,627504
9057,618012
9058,608336
9059,602364
9060,592476
9061,582632
9062,572764
9063,562867
9064,553123
9065,543536
9066,533966
9067,524307
9068,514718
9069,505038
9070,495498
9071,485864
9072,476272
9073,466906
9074,457363
9075,447781
9076,440004
9077,430420
9078,420749
9079,411119
9080,402323
9081,392690
9082,383033
9083,373424
9084,363756
9085,354256
9086,344689
9087,335211
9088,325621
9089,318207
9090,308536
9091,298961
9092,289113
9093,279250
9094,269370
9095,259497
9096,250392
9097,240533
9098,230667
9099,220794
9100,209698
9101,202715
9102,196490
9103,186605
9104,176785
9105,166888
9106,156963
9107,147075
9108,137113
9109,128892
9110,118975
9111,109029
9112,99112
9113,89219
9114,80190
9115,71011
9116,61420
9117,51867
9118,42235
9119,32658
9120,22973
9121,13559
9122,4008
9123,1059859
9124,1052193
9125,1045105
9126,1037099
9127,1035067
9128,1031992
9129,1023951
9130,1016121
9131,1008671
9132,1001150
9133,1068964
9134,1068878
9135,1068926
9136,1068966
9137,1069364
9138,1069455
9139,1069368
9140,1074594
9141,1074678
9142,1074744
9143,1074810
9144,1080532
9145,1080600
9146,1080569
9147,1080615
9148,1080571
9149,1080647
9150,1080633
9151,1080629
9152,1080665
9153,1080664
9154,1080656
9155,1080698
9156,1080682
9157,1080672
9158,1080708
9159,1080696
9160,1080695
9161,1080746
9162,1080681
9163,1080676
9164,1080663
9165,1082040
9166,1082114
9167,1082176
9168,1082180
9169,1082217
9170,1082226
9171,1082256
9172,1082285
9173,1082311
9174,1082330
9175,1082364
9176,1083266
9177,1083291
9178,1085102
9179,1085203
9180,1085262
9181,1085299
9182,1085327
9183,1089214
9184,1089318
9185,1089398
9186,1089426
9187,1089459
9188,1089537
9189,1089567
9190,1089606
9191,1089651
9192,1089659
9193,1089687
9194,1089758
9195,1089742
9196,1089772
9197,1089822
9198,1089805
9199,1089827
9200,1089868
9201,1089855
9202,1089880
9203,1089927
9204,1090329
9205,1090404
9206,1090488
9207,1090515
9208,1091614
9209,1091692
9210,1091678
9211,1093728
9212,1093765
9213,1093747
9214,1093745
9215,1093727
9216,1093710
9217,1094770
9218,1094805
9219,1094763
9220,1094761
9221,1094760
9222,1094763
9223,1098712
9224,1098817
9225,1098783
9226,1098786
9227,1098789
9228,1098776
9229,1098762
9230,1098795
9231,1098732
9232,1098734
9233,1098778
9234,1098770
9235,1098763
9236,1098795
9237,1098805
9238,1098797
9239,1098823
9240,1098807
9241,1098834
9242,1100664
9243,1100729
9244,1100765
9245,1100853
9246,1100808
9247,1100801
9248,1100813
9249,1100798
9250,1100809
9251,1100863
9252,1100842
9253,1100867
9254,1100842
9255,1102469
9256,1104097
9257,1104177
9258,1104170
9259,1104213
9260,1104290
9261,1104387
9262,1108593
9263,1108657
9264,1108716
9265,1108788
9266,1108851
9267,1108876
9268,1108942
9269,1108992
9270,1108980
9271,1108974
9272,1109005
9273,1109026
9274,1109045
9275,1109080
9276,1109063
9277,1109058
9278,1109089
9279,1109073
9280,1109064
9281,1109435
9282,1109536
9283,1109531
9284,1109590
9285,1109577
9286,1109611
9287,1109639
9288,1110457
9289,1110502
9290,1110540
9291,1110554
9292,1110518
9293,1112266
9294,1112286
9295,1112314
9296,1112364
9297,1112423
9298,1112434
9299,1112532
9300,1112584
9301,1116551
9302,1116652
9303,1116706
9304,1116748
9305,1116814
9306,1116829
9307,1116875
9308,1116929
9309,1116911
9310,1116870
9311,1116884
9312,1116823
9313,1116812
9314,1118951
9315,1118938
9316,1118904
9317,1118940
9318,1118875
9319,1118867
9320,1118929
9321,1118909
9322,1118852
9323,1118891
9324,1118834
9325,1118821
9326,1118839
9327,1118863
9328,1118794
9329,1118849
9330,1118797
9331,1118781
9332,1120120
9333,1120156
9334,1120143
9335,1120175
9336,1121289
9337,1121361
9338,1121413
9339,1121484
9340,1121557
9341,1129873
9342,1129886
9343,1129953
9344,1130032
9345,1130014
9346,1130011
9347,1130067
9348,1130050
9349,1130041
9350,1130026
9351,1130021
9352,1130006
9353,1130040
9354,1130064
9355,1130049
9356,1130093
9357,1130037
9358,1130028
9359,1130075
9360,1130054
9361,1130044
9362,1130035
9363,1130014
9364,1130045
9365,1130072
9366,1130039
9367,1130041
9368,1130064
9369,1130044
9370,1130066
9371,1130137
9372,1130121
9373,1130107
9374,1130159
9375,1130093
9376,1130122
9377,1130082
9378,1130059
9379,1130051
9380,1137147
9381,1137154
9382,1137197
9383,1137193
9384,1137164
9385,1137186
9386,1137227
9387,1137165
9388,1137191
9389,1137171
9390,1137210
9391,1137166
9392,1137202
9393,1137158
9394,1137160
9395,1137155
9396,1137134
9397,1137102
9398,1137087
9399,1137073
9400,1137064
9401,1137095
9402,1137077
9403,1137067
9404,1137092
9405,1137075
9406,1137066
9407,1137088
9408,1137073
9409,1138361
9410,1138448
9411,1138472
9412,1138511
9413,1138542
9414,1138588
9415,1138615
9416,1140627
9417,1140613
9418,1140603
9419,1144744
9420,1144751
9421,1144807
9422,1144855
9423,1144886
9424,1144878
9425,1144939
9426,1144921
9427,1144910
9428,1144922
9429,1144896
9430,1144880
9431,1144939
9432,1144924
9433,1144913
9434,1144916
9435,1144961
9436,1144951
9437,1144980
9438,1144963
9439,1144948
9440,1144980
9441,1144959
9442,1144949
9443,1144981
9444,1144910
9445,1144901
9446,1144892
9447,1146174
9448,1147373
9449,1147413
9450,1147407
9451,1147449
9452,1147480
9453,1147501
9454,1140104
9455,1130249
9456,1120388
9457,1110480
9458,1100630
9459,1094893
9460,1085041
9461,1075191
9462,1065356
9463,1055429
9464,1045555
9465,1035699
9466,1025782
9467,1015919
9468,1006006
9469,996067
9470,986483
9471,976836
9472,966356
9473,959879
9474,950330
9475,940734
9476,931282
9477,921619
9478,912051
9479,902518
9480,893609
9481,884015
9482,874414
9483,864705
9484,855166
9485,847430
9486,837917
9487,828519
9488,818935
9489,809637
9490,800021
9491,790405
9492,780759
9493,771175
9494,761643
9495,752106
9496,743365
9497,733916
9498,726275
9499,716777
9500,707518
9501,701929
9502,692092
9503,682262
9504,672359
9505,662412
9506,652523
9507,642621
9508,201589
9509,201526
9510,201495
9511,202476
9512,202724
9513,202807
9514,202801
9515,202869
9516,202850
9517,202840
9518,205046
9519,205045
9520,205057
9521,205093
9522,205073
9523,205065
9524,205121
9525,205097
9526,205090
9527,205117
9528,205842
9529,205941
9530,206000
9531,205978
9532,205968
9533,206035
9534,206016
9535,206010
9536,206031
9537,207826
9538,207909
9539,207950
9540,207932
9541,207988
9542,208022
9543,212290
9544,212399
9545,212513
9546,212551
9547,212586
9548,212644
9549,212653
9550,212681
9551,212727
9552,206944
9553,197024
9554,187119
9555,177230
9556,167317
9557,157425
9558,147486
9559,137573
9560,127927
9561,118293
9562,110526
9563,100934
9564,91502
9565,442033
9566,442584
9567,442568
9568,442554
9569,442618
9570,442633
9571,442635
9572,442682
9573,442690
9574,442634
9575,446565
9576,448025
9577,448064
9578,448082
9579,448065
9580,448029
9581,448050
9582,448060
9583,448080
9584,448079
9585,448215
9586,461015
9587,461133
9588,461102
9589,461154
9590,461198
9591,461156
9592,461151
9593,461142
9594,461159
9595,461185
9596,461221
9597,461256
9598,461248
9599,461289
9600,461275
9601,461265
9602,461287
9603,461249
9604,461275
9605,461305
9606,461334
9607,461325
9608,461342
9609,461323
9610,461353
9611,461382
9612,461399
9613,461414
9614,461463
9615,461470
9616,461490
9617,461515
9618,461500
9619,461481
9620,463624
9621,463605
9622,463614
9623,463644
9624,463629
9625,463634
9626,463689
9627,463673
9628,463668
9629,467981
9630,467993
9631,468006
9632,468058
9633,468047
9634,468043
9635,468083
9636,468067
9637,468062
9638,468099
9639,468095
9640,468085
9641,468113
9642,468094
9643,468086
9644,468116
9645,468100
9646,468094
9647,468153
9648,468134
9649,468154
9650,468174
9651,468153
9652,468142
9653,468184
9654,468165
9655,468156
9656,468202
9657,468184
9658,468212
9659,468233
9660,468211
9661,468201
9662,468378
9663,468364
9664,468362
9665,468396
9666,468374
9667,468360
9668,468423
9669,468440
9670,468459
9671,472786
9672,472897
9673,472959
9674,473006
9675,473024
9676,473064
9677,473112
9678,473135
9679,473136
9680,473194
9681,473179
9682,473168
9683,473203
9684,473182
9685,473166
9686,473193
9687,473175
9688,473204
9689,473226
9690,473876
9691,473955
9692,474003
9693,474058
9694,474092
9695,474107
9696,474092
9697,474124
9698,474179
9699,474246
9700,474279
9701,474305
9702,474288
9703,475713
9704,476867
9705,476898
9706,476922
9707,476948
9708,476961
9709,477001
9710,476985
9711,477038
9712,477071
9713,477089
9714,481226
9715,481261
9716,481314
9717,481277
9718,481305
9719,481319
9720,481335
9721,481313
9722,481346
9723,483397
9724,483399
9725,483417
9726,483401
9727,483348
9728,483380
9729,483325
9730,483357
9731,483405
9732,483393
9733,483391
9734,483427
9735,483410
9736,483396
9737,483451
9738,483435
9739,483459
9740,483494
9741,483979
9742,484069
9743,484121
9744,484145
9745,484183
9746,484249
9747,484261
9748,484294
9749,484314
9750,484344
9751,484381
9752,485111
9753,485126
9754,486760
9755,486953
9756,486933
9757,491256
9758,491340
9759,491414
9760,491457
9761,491526
9762,491475
9763,491464
9764,491514
9765,491464
9766,491451
9767,491479
9768,491455
9769,491400
9770,491439
9771,491421
9772,491414
9773,491432
9774,491451
9775,491444
9776,491468
9777,491452
9778,491443
9779,491462
9780,491493
9781,491526
9782,491567
9783,491553
9784,492515
9785,492596
9786,492633
9787,492624
9788,492695
9789,492725
9790,492759
9791,492828
9792,492808
9793,495179
9794,495247
9795,495298
9796,495351
9797,495404
9798,495431
9799,499666
9800,499701
9801,499757
9802,499766
9803,499825
9804,499786
9805,499774
9806,499760
9807,499743
9808,499701
9809,499720
9810,499645
9811,499638
9812,499634
9813,499603
9814,499574
9815,499612
9816,499589
9817,499550
9818,500444
9819,500552
9820,500572
9821,500618
9822,500598
9823,500590
9824,500662
9825,500710
9826,503294
9827,503316
9828,503271
9829,503260
9830,503248
9831,503234
9832,503212
9833,503247
9834,503212
9835,503251
9836,503239
9837,503273
9838,503272
9839,503221
9840,503249
9841,503274
9842,507551
9843,507579
9844,507625
9845,507691
9846,507679
9847,507674
9848,507721
9849,507717
9850,507712
9851,507730
9852,507706
9853,507701
9854,498057
9855,488131
9856,478176
9857,468279
9858,458393
9859,448432
9860,438547
9861,428740
9862,418827
9863,409176
9864,400328
9865,389807
9866,381151
9867,371619
9868,361947
9869,354124
9870,344538
9871,334891
9872,325290
9873,315814
9874,306238
9875,296616
9876,286980
9877,277596
9878,267997
9879,258366
9880,249417
9881,239780
9882,232097
9883,222252
9884,212558
9885,206599
9886,196721
9887,186864
9888,176963
9889,167052
9890,157172
9891,147258
9892,137306
9893,127399
9894,117487
9895,109097
9896,100245
9897,90672
9898,81044
9899,71479
9900,61959
9901,52375
9902,42713
9903,33069
9904,23610
9905,14319
9906,4725
9907,1049091
9908,1042581
9909,1032962
9910,1023343
9911,1013887
9912,1005198
9913,995647
9914,986096
9915,976512
9916,966926
9917,957388
9918,947787
9919,938153
9920,929076
9921,921848
9922,912443
9923,684796
9924,684739
9925,684750
9926,684770
9927,684737
9928,693238
9929,693306
9930,693312
9931,693316
9932,693385
9933,693373
9934,693373
9935,693447
9936,693432
9937,693425
9938,693480
9939,693468
9940,693492
9941,693532
9942,693555
9943,693540
9944,693576
9945,693564
9946,693556
9947,693630
9948,693612
9949,693616
9950,693697
9951,693682
9952,693675
9953,693705
9954,693687
9955,693678
9956,693712
9957,693698
9958,693691
9959,693723
9960,694191
9961,694313
9962,694351
9963,694376
9964,694411
9965,694457
9966,694439
9967,694481
9968,694526
9969,694583
9970,698870
9971,698966
9972,699044
9973,699040
9974,699099
9975,699152
9976,699154
9977,699189
9978,699225
9979,699232
9980,699273
9981,699289
9982,699283
9983,699320
9984,699308
9985,700060
9986,700217
9987,700265
9988,700258
9989,700296
9990,700325
9991,700318
9992,701321
9993,701359
9994,701392
9995,701428
9996,701415
9997,702995
9998,703072
9999,703088
10000,703127
10001,703222
10002,703258
10003,703305
10004,703384
10005,703400
10006,703438
10007,703506
10008,704342
10009,704387
10010,706343
10011,706404
10012,710375
10013,710479
10014,710520
10015,710596
10016,710654
10017,710724
10018,710720
10019,710755
10020,710740
10021,710738
10022,710785
10023,711999
10024,711996
10025,712049
10026,712039
10027,712046
10028,712088
10029,712073
10030,713688
10031,713787
10032,713775
10033,713779
10034,713817
10035,713805
10036,713803
10037,713862
10038,713850
10039,713851
10040,713856
10041,713843
10042,713799
10043,713792
10044,713775
10045,713766
10046,713739
10047,713721
10048,713670
10049,713956
10050,713930
10051,713934
10052,715631
10053,705755
10054,695883
10055,685985
10056,676098
10057,666150
10058,656256
10059,646320
10060,636402
10061,626491
10062,616698
10063,607082
10064,597522
10065,588162
10066,578535
10067,568879
10068,559286
10069,549710
10070,540048
10071,530360
10072,521327
10073,511756
10074,503737
10075,493944
10076,484095
10077,474238
10078,464372
10079,454497
10080,444633
10081,435070
10082,425449
10083,415881
10084,406257
10085,396686
10086,387011
10087,379091
10088,370261
10089,360547
10090,350965
10091,345315
10092,335500
10093,325635
10094,315730
10095,305894
10096,295983
10097,286092
10098,276193
10099,266247
10100,256790
10101,247271
10102,237599
10103,227982
10104,219088
10105,209527
10106,199881
10107,190526
10108,180817
10109,171303
10110,161641
10111,152035
10112,142491
10113,134792
10114,125152
10115,115534
10116,105999
10117,96328
10118,86740
10119,77132
10120,68343
10121,58751
10122,49181
10123,39615
10124,29993
10125,22406
10126,12863
10127,3307
10128,1055287
10129,1046105
10130,1036624
10131,1034874
10132,1024987
10133,1016656
10134,1006774
10135,996838
10136,986950
10137,977034
10138,967125
10139,957228
10140,947302
10141,937361
10142,927459
10143,917517
10144,907573
10145,898256
10146,888655
10147,879149
10148,869582
10149,860367
10150,966957
10151,976868
10152,983588
10153,983781
10154,984158
10155,984419
10156,984617
10157,985292
10158,985690
10159,985807
10160,986304
10161,987303
10162,987530
10163,987903
10164,996093
10165,996324
10166,996640
10167,997084
10168,1002816
10169,1003475
10170,1014962
10171,1015171
10172,1015648
10173,1015645
10174,1015780
10175,1016103
10176,1016098
10177,1020810
10178,1021290
10179,1021674
10180,1021966
10181,1022512
10182,1022915
10183,1023004
10184,1029156
10185,1029413
10186,1029926
10187,1030490
10188,1030882
10189,1039324
10190,1039905
10191,1040266
10192,1040343
10193,1042021
10194,1042223
10195,1042466
10196,1042980
10197,1043178
10198,1043417
10199,1043738
10200,1053848
10201,1053948
10202,1056379
10203,1056437
10204,1056480
10205,1056555
10206,1056602
10207,1062474
10208,1062554
10209,1062593
10210,1062596
10211,1062677
10212,1062705
10213,1062685
10214,1062736
10215,1062757
10216,1062741
10217,1062758
10218,1062751
10219,1062723
10220,1062696
10221,1062641
10222,1062619
10223,1062582
10224,1062575
10225,1062568
10226,1062571
10227,1062560
10228,1062565
10229,1062545
10230,1062533
10231,1062506
10232,1062544
10233,1062504
10234,1062500
10235,1064420
10236,1064409
10237,1064407
10238,1064462
10239,1064446
10240,1064444
10241,1064484
10242,1064469
10243,1069173
10244,1069237
10245,1069223
10246,1066353
10247,1056451
10248,1046509
10249,1036574
10250,1024117
10251,1016756
10252,1006808
10253,996890
10254,986965
10255,977155
10256,967575
10257,958160
10258,948559
10259,939051
10260,929335
10261,919691
10262,909877
10263,899996
10264,891150
10265,881322
10266,873147
10267,863305
10268,853459
10269,843590
10270,833701
10271,823819
10272,813918
10273,804010
10274,794086
10275,784226
10276,774325
10277,764404
10278,754505
10279,746064
10280,737324
10281,727469
10282,721874
10283,712017
10284,702084
10285,692189
10286,682305
10287,672402
10288,662508
10289,652608
10290,642714
10291,632796
10292,622883
10293,612943
10294,603026
10295,593121
10296,583186
10297,573266
10298,563371
10299,553474
10300,543603
10301,533680
10302,523781
10303,513887
10304,503976
10305,494149
10306,484249
10307,474361
10308,464457
10309,454569
10310,445010
10311,435425
10312,426504
10313,416830
10314,407256
10315,397805
10316,1448643
10317,1440962
10318,1431136
10319,1421252
10320,1411378
10321,1408490
10322,1398605
10323,1388740
10324,1378832
10325,1368961
10326,1359098
10327,1349159
10328,1339265
10329,1329372
10330,1319468
10331,1309571
10332,1299667
10333,1289734
10334,1279723
10335,1269890
10336,1259981
10337,1252468
10338,1242577
10339,1232633
10340,1222735
10341,1212840
10342,1202901
10343,1193017
10344,1183086
10345,1173149
10346,1163241
10347,1153300
10348,1143326
10349,1133490
10350,1123615
10351,1113664
10352,1103763
10353,1093818
10354,1083788
10355,1073980
10356,1064053
10357,1058040
10358,1048184
10359,1038267
10360,1028327
10361,1018414
10362,1008478
10363,998547
10364,988637
10365,978694
10366,968762
10367,958866
10368,948927
10369,938983
10370,928979
10371,919153
10372,909209
10373,899272
10374,889397
10375,879448
10376,869534
10377,859601
10378,849654
10379,839739
10380,829811
10381,820088
10382,810217
10383,800366
10384,790473
10385,780884
10386,771035
10387,761177
10388,751302
10389,741432
10390,731565
10391,721641
10392,712546
10393,702701
10394,694468
10395,684623
10396,678875
10397,669020
10398,659161
10399,649292
10400,639409
10401,629450
10402,619635
10403,609719
10404,599807
10405,589857
10406,579932
10407,569999
10408,560059
10409,550111
10410,540207
10411,530275
10412,520376
10413,510438
10414,500495
10415,490591
10416,480667
10417,470719
10418,460799
10419,450860
10420,441596
10421,431747
10422,421853
10423,412094
10424,403313
10425,393782
10426,383918
10427,374203
10428,364611
10429,354975
10430,345316
10431,335668
10432,326106
10433,318716
10434,309282
10435,299647
10436,293727
10437,283877
10438,274004
10439,266818
10440,256922
10441,246983
10442,237085
10443,227146
10444,217220
10445,207296
10446,197387
10447,187447
10448,177531
10449,167936
10450,158290
10451,148746
10452,139179
10453,129485
10454,119889
10455,110166
10456,101252
10457,91642
10458,83939
10459,74320
10460,65138
10461,55498
10462,45913
10463,36275
10464,26648
10465,17263
10466,7720
10467,1065134
10468,1055632
10469,1046186
10470,1036679
10471,1031993
10472,1023942
10473,1014266
10474,1004671
10475,999915
10476,990002
10477,980109
10478,970258
10479,960317
10480,950381
10481,940506
10482,930607
10483,920662
10484,911183
10485,901616
10486,891905
10487,882344
10488,873579
10489,863977
10490,854588
10491,844922
10492,835503
10493,825977
10494,816414
10495,806735
10496,797316
10497,789849
10498,780387
10499,770807
10500,761331
10501,751732
10502,743255
10503,733753
10504,724889
10505,715377
10506,705761
10507,696244
10508,686554
10509,678805
10510,669329
10511,659761
10512,650106
10513,640716
10514,631192
10515,625429
10516,615602
10517,605748
10518,595885
10519,585985
10520,576085
10521,566189
10522,556632
10523,547044
10524,537597
10525,527708
10526,517842
10527,507937
10528,498040
10529,488148
10530,478268
10531,468359
10532,458449
10533,448558
10534,438925
10535,432670
10536,422768
10537,412886
10538,402970
10539,393364
10540,383730
10541,374333
10542,366282
10543,356389
10544,346480
10545,336543
10546,326676
10547,316748
10548,308774
10549,299121
10550,289604
10551,279877
10552,270986
10553,261577
10554,255818
10555,245937
10556,236067
10557,226130
10558,216219
10559,206324
10560,196411
10561,187843
10562,178314
10563,168840
10564,159227
10565,149725
10566,140189
10567,130578
10568,121703
10569,112192
10570,102489
10571,92887
10572,83306
10573,76305
10574,66698
10575,57115
10576,47511
10577,38190
10578,28609
10579,19047
10580,9543
10581,1099705
10582,1093409
10583,1087024
10584,1087795
10585,1080353
10586,1090062
10587,1080785
10588,1071355
10589,1061886
10590,1052285
10591,1042838
10592,1033442
10593,1028126
10594,1018247
10595,1008405
10596,998541
10597,988609
10598,978720
10599,969245
10600,960514
10601,951010
10602,941416
10603,931959
10604,922361
10605,912861
10606,903206
10607,893765
10608,884304
10609,874884
10610,865413
10611,855890
10612,848144
10613,838691
10614,829026
10615,819567
10616,810823
10617,801397
10618,791944
10619,782481
10620,773005
10621,763365
10622,753923
10623,744425
10624,734948
10625,727568
10626,718032
10627,708408
10628,698902
10629,689222
10630,679713
10631,670141
10632,668706
10633,658847
10634,648972
10635,639066
10636,629174
10637,619288
10638,609341
10639,599404
10640,589510
10641,579574
10642,569666
10643,559784
10644,549878
10645,541957
10646,532053
10647,522126
10648,512189
10649,502285
10650,492345
10651,482410
10652,472503
10653,462599
10654,452704
10655,443056
10656,433483
10657,424007
10658,414376
10659,404830
10660,395204
10661,385693
10662,376106
10663,368328
10664,359540
10665,350104
10666,340496
10667,330948
10668,321309
10669,311763
10670,302215
10671,292576
10672,290965
10673,281137
10674,271194
10675,261288
10676,251397
10677,241461
10678,231571
10679,221653
10680,211713
10681,201794
10682,191897
10683,181951
10684,172036
10685,162110
10686,152168
10687,142276
10688,132386
10689,125785
10690,116479
10691,106982
10692,97373
10693,87838
10694,78277
10695,68736
10696,59797
10697,50180
10698,40635
10699,31035
10700,21460
10701,14073
10702,4672
10703,1051355
10704,1041918
10705,1033018
10706,1023517
10707,1014022
10708,1004428
10709,994773
10710,985175
10711,975632
10712,979029
10713,969110
10714,959217
10715,949342
10716,939456
10717,929524
10718,919642
10719,909742
10720,899804
10721,889928
10722,879996
10723,870051
10724,860137
10725,850231
10726,840298
10727,830377
10728,820939
10729,811312
10730,801868
10731,792374
10732,782928
10733,773594
10734,764035
10735,754495
10736,744893
10737,735573
10738,726117
10739,716863
10740,709158
10741,699588
10742,690016
10743,680469
10744,671529
10745,661927
10746,652465
10747,644932
10748,635053
10749,625124
10750,615178
10751,610399
10752,600465
10753,590618
10754,580754
10755,570823
10756,560899
10757,551016
10758,541083
10759,531143
10760,521254
10761,511319
10762,501375
10763,491481
10764,481580
10765,472207
10766,462835
10767,453085
10768,443557
10769,434228
10770,424590
10771,414997
10772,405386
10773,395604
10774,385959
10775,376400
10776,367428
10777,357774
10778,350196
10779,340674
10780,330967
10781,321353
10782,311771
10783,302145
10784,292487
10785,282971
10786,273516
10787,264313
10788,254794
10789,244948
10790,239533
10791,229701
10792,219872
10793,210003
10794,200120
10795,190181
10796,180304
10797,170399
10798,160469
10799,150564
10800,140656
10801,130725
10802,120810
10803,110875
10804,101398
10805,91493
10806,81580
10807,71643
10808,62662
10809,52817
10810,42909
10811,33167
10812,23584
10813,14114
10814,4667
10815,1050019
10816,1040518
10817,1035387
10818,1025917
10819,1016427
10820,1006899
10821,997390
10822,987943
10823,978359
10824,969717
10825,960026
10826,950591
10827,940957
10828,931516
10829,923793
10830,920783
10831,910933
10832,901055
10833,891128
10834,881195
10835,871308
10836,861406
10837,851525
10838,841615
10839,831687
10840,821733
10841,811828
10842,801960
10843,792406
10844,783014
10845,773412
10846,763827
10847,754393
10848,744853
10849,736387
10850,728210
10851,718302
10852,708371
10853,698461
10854,688520
10855,679680
10856,670761
10857,661206
10858,651669
10859,641835
10860,631984
10861,622182
10862,612288
10863,602341
10864,592411
10865,582562
10866,572622
10867,562970
10868,555170
10869,545529
10870,539722
10871,529862
10872,519974
10873,510084
10874,500190
10875,490291
10876,480364
10877,470484
10878,460577
10879,450686
10880,440784
10881,433073
10882,423411
10883,413869
10884,404229
10885,394634
10886,385023
10887,375458
10888,366749
10889,357165
10890,347673
10891,338084
10892,328413
10893,320546
10894,311106
10895,301432
10896,291891
10897,282440
10898,272905
10899,263215
10900,253674
10901,244125
10902,234537
10903,225013
10904,216153
10905,206526
10906,198890
10907,189271
10908,179702
10909,174032
10910,164197
10911,154344
10912,144445
10913,134558
10914,124641
10915,114701
10916,104785
10917,94901
10918,84957
10919,75766
10920,67269
10921,57649
10922,48047
10923,38466
10924,28833
10925,19303
10926,9821
10927,1054150
10928,1044616
10929,1035285
10930,1025672
10931,1016138
10932,1008731
10933,999235
10934,989605
10935,980032
10936,971245
10937,961613
10938,952017
10939,942468
10940,932836
10941,923327
10942,913705
10943,904130
10944,894559
10945,888135
10946,878590
10947,868925
10948,859421
10949,854855
10950,845016
10951,835118
10952,827121
10953,817196
10954,807267
10955,797368
10956,787440
10957,777529
10958,767637
10959,757691
10960,747762
10961,737853
10962,727941
10963,717995
10964,708081
10965,698339
10966,688834
10967,679207
10968,670398
10969,660758
10970,652774
10971,642956
10972,633049
10973,623137
10974,613247
10975,603305
10976,593402
10977,583495
10978,573846
10979,564293
10980,554640
10981,545030
10982,535467
10983,527624
10984,518782
10985,509274
10986,499637
10987,489968
10988,484178
10989,474367
10990,464481
10991,454580
10992,444683
10993,434737
10994,424827
10995,414928
10996,405453
10997,395894
10998,386188
10999,376651
11000,367739
11001,358128
11002,348529
11003,338885
11004,329289
11005,319758
11006,310183
11007,300659
11008,291081
11009,283576
11010,273975
11011,264430
11012,254787
11013,245294
11014,235651
11015,226117
11016,217100
11017,207490
11018,197934
11019,188347
11020,178783
11021,170960
11022,161385
11023,151788
11024,142166
11025,132808
11026,123097
11027,113593
11028,107852
11029,98000
11030,88163
11031,78293
11032,68371
11033,58473
11034,49040
11035,39482
11036,29938
11037,20252
11038,10669
11039,1061374
11040,1051902
11041,1042580
11042,1032990
11043,1023437
11044,1013856
11045,1004320
11046,994662
11047,986995
11048,978409
11049,968775
11050,958409
11051,949316
11052,939621
11053,930076
11054,922194
11055,912262
11056,902333
11057,892559
11058,882619
11059,872681
11060,864878
11061,855284
11062,845666
11063,836043
11064,827209
11065,817699
11066,808159
11067,803030
11068,793159
11069,783205
11070,773430
11071,763532
11072,753673
11073,743758
11074,733819
11075,724158
11076,714509
11077,704918
11078,695388
11079,685769
11080,677082
11081,667250
11082,657310
11083,647423
11084,637515
11085,629312
11086,619402
11087,609540
11088,599730
11089,589828
11090,580159
11091,570519
11092,560936
11093,551324
11094,541675
11095,532104
11096,523394
11097,513716
11098,506119
11099,496494
11100,486934
11101,477166
11102,467674
11103,458114
11104,448542
11105,439083
11106,429474
11107,423760
11108,413889
11109,404055
11110,394187
11111,384278
11112,374620
11113,365038
11114,355413
11115,345836
11116,336310
11117,326761
11118,317171
11119,307542
11120,297934
11121,290352
11122,280779
11123,271253
11124,263687
11125,254064
11126,244458
11127,234789
11128,226034
11129,216446
11130,206912
11131,197212
11132,187733
11133,178104
11134,168521
11135,158921
11136,149391
11137,142751
11138,133238
11139,123606
11140,114071
11141,104555
11142,94965
11143,85361
11144,76694
11145,67185
11146,61779
11147,52062
11148,42252
11149,32363
11150,22463
11151,12556
11152,2660
11153,1127371
11154,1121050
11155,1113910
11156,1108953
11157,1099558
11158,1091965
11159,1084838
11160,1078529
11161,1069224
11162,1064718
11163,1055371
11164,1045966
11165,1036489
11166,1026922
11167,1017357
11168,1007857
11169,998528
11170,988907
11171,979414
11172,969836
11173,960315
11174,950912
11175,943545
11176,934802
11177,925299
11178,915815
11179,906321
11180,896811
11181,887284
11182,877790
11183,868240
11184,858744
11185,854000
11186,844143
11187,834252
11188,824342
11189,814496
11190,804629
11191,795008
11192,786358
11193,776474
11194,766528
11195,756663
11196,746769
11197,736863
11198,726972
11199,716990
11200,707184
11201,699615
11202,690059
11203,680464
11204,670897
11205,661348
11206,651777
11207,642161
11208,633215
11209,623625
11210,614110
11211,604514
11212,594922
11213,587329
11214,577817
11215,568223
11216,558626
11217,549227
11218,539703
11219,530119
11220,520562
11221,510898
11222,501321
11223,491750
11224,486032
11225,476176
11226,466280
11227,456388
11228,446653
11229,437105
11230,427506
11231,420115
11232,410576
11233,401245
11234,391654
11235,381981
11236,372552
11237,362916
11238,353373
11239,345671
11240,336926
11241,327282
11242,317640
11243,308047
11244,298404
11245,288883
11246,279247
11247,269742
11248,260185
11249,250850
11250,241211
11251,231689
11252,223995
11253,214503
11254,204935
11255,195292
11256,186519
11257,176996
11258,167383
11259,159210
11260,149264
11261,139361
11262,129414
11263,120030
11264,114294
11265,104439
11266,94544
11267,84666
11268,74728
11269,64833
11270,55277
11271,45625
11272,36645
11273,27109
11274,17729
11275,8174
11276,1090321
11277,1103543
11278,1095779
11279,1088170
11280,1080254
11281,1075626
11282,1068307
11283,1060638
11284,1053309
11285,1045924
11286,1038070
11287,1030190
11288,1023642
11289,1014164
11290,1006801
11291,997274
11292,987695
11293,978188
11294,968637
11295,958987
11296,949432
11297,940105
11298,930494
11299,921034
11300,911592
11301,902004
11302,892571
11303,887728
11304,877857
11305,867968
11306,858133
11307,848232
11308,838322
11309,828436
11310,818496
11311,808565
11312,798660
11313,788763
11314,778817
11315,768908
11316,760282
11317,750740
11318,741221
11319,731645
11320,722827
11321,713216
11322,703604
11323,693996
11324,684349
11325,674701
11326,665080
11327,655531
11328,645853
11329,639626
11330,630050
11331,620431
11332,610776
11333,601422
11334,591786
11335,582226
11336,573401
11337,563754
11338,554116
11339,544464
11340,534883
11341,527098
11342,521386
11343,511516
11344,501618
11345,491711
11346,481815
11347,471872
11348,461991
11349,452087
11350,442129
11351,432207
11352,422296
11353,412583
11354,404776
11355,395110
11356,385541
11357,375890
11358,366342
11359,356694
11360,347101
11361,337736
11362,329624
11363,319720
11364,309767
11365,299822
11366,289866
11367,281716
11368,272831
11369,263250
11370,253600
11371,244044
11372,234414
11373,224755
11374,215093
11375,205403
11376,196053
11377,186672
11378,177098
11379,167522
11380,159755
11381,150140
11382,144459
11383,134615
11384,124764
11385,114879
11386,104978
11387,95058
11388,85162
11389,75256
11390,65342
11391,55453
11392,45544
11393,37914
11394,28244
11395,18801
11396,9238
11397,1701595
11398,1692339
11399,1683077
11400,1675269
11401,1665770
11402,1656426
11403,1647092
11404,1637558
11405,1634219
11406,1624967
11407,1615546
11408,1606018
11409,1596815
11410,1587443
11411,1577978
11412,1568416
11413,1558934
11414,1549537
11415,1539714
11416,1531228
11417,1521435
11418,1513973
11419,1504125
11420,1499379
11421,1489504
11422,1479624
11423,1469710
11424,1459798
11425,1449872
11426,1439943
11427,1430077
11428,1420134
11429,1410214
11430,1400290
11431,1391310
11432,1382925
11433,1373481
11434,1363955
11435,1354476
11436,1345042
11437,1335465
11438,1326054
11439,1316719
11440,1307350
11441,1298047
11442,1288594
11443,1279226
11444,1271843
11445,1262353
11446,1252945
11447,1243406
11448,1234905
11449,1225383
11450,1216098
11451,1206598
11452,1184667
11453,1184571
11454,1178035
11455,1168543
11456,1159063
11457,1153322
11458,1143474
11459,1133645
11460,1123751
11461,1113951
11462,1104499
11463,1095099
11464,1086992
11465,1077080
11466,1067599
11467,1058038
11468,1048626
11469,1041034
11470,1031602
11471,1022051
11472,1012499
11473,1003292
11474,993706
11475,984156
11476,974713
11477,965180
11478,955655
11479,946139
11480,937499
11481,928057
11482,920499
11483,911017
11484,901473
11485,891922
11486,882371
11487,872838
11488,863373
11489,854171
11490,844594
11491,835110
11492,825586
11493,816079
11494,806616
11495,800937
11496,791088
11497,781193
11498,771490
11499,762028
11500,752471
11501,742977
11502,732416
11503,724078
11504,714599
11505,705362
11506,695940
11507,686477
11508,679027
11509,669903
11510,660405
11511,650861
11512,642156
11513,632642
11514,623086
11515,613812
11516,604228
11517,594728
11518,585223
11519,575720
11520,566215
11521,559265
11522,549888
11523,540336
11524,530803
11525,521243
11526,511699
11527,502135
11528,493629
11529,483763
11530,473858
11531,463990
11532,454125
11533,445807
11534,440430
11535,430578
11536,420719
11537,410814
11538,400910
11539,391003
11540,381098
11541,371161
11542,361210
11543,351293
11544,341391
11545,331486
11546,323970
11547,314561
11548,305094
11549,295551
11550,286002
11551,276125
11552,266224
11553,256859
11554,247358
11555,237853
11556,228411
11557,218789
11558,209472
11559,201746
11560,194008
11561,184498
11562,175035
11563,165503
11564,155973
11565,146426
11566,138803
11567,128946
11568,119007
11569,109062
11570,99137
11571,89433
11572,81985
11573,72496
11574,67410
11575,57558
11576,47669
11577,37736
11578,27815
11579,17924
11580,7980
11581,1053906
11582,1044691
11583,1035298
11584,1025892
11585,1022596
11586,1013163
11587,1003706
11588,994375
11589,985181
11590,975770
11591,966673
11592,958370
11593,948943
11594,939451
11595,929963
11596,920513
11597,913988
11598,904552
11599,895106
11600,885651
11601,876594
11602,867170
11603,857756
11604,848223
11605,838729
11606,829305
11607,819919
11608,811468
11609,801966
11610,794624
11611,785220
11612,775695
11613,770617
11614,760763
11615,750931
11616,741036
11617,731123
11618,721248
11619,711347
11620,701456
11621,691558
11622,681622
11623,675102
11624,666641
11625,657170
11626,647808
11627,638274
11628,628786
11629,619330
11630,609875
11631,600486
11632,591066
11633,581904
11634,572549
11635,563067
11636,555799
11637,546387
11638,536947
11639,527403
11640,518963
11641,509141
11642,499290
11643,489420
11644,479523
11645,469613
11646,459747
11647,449850
11648,440151
11649,432984
11650,423510
11651,414056
11652,404586
11653,398757
11654,388865
11655,379012
11656,369108
11657,359209
11658,349304
11659,339391
11660,329592
11661,322001
11662,312535
11663,302995
11664,293459
11665,284168
11666,274604
11667,265103
11668,255541
11669,247433
11670,237491
11671,227543
11672,218362
11673,209033
11674,201537
11675,192062
11676,182500
11677,172957
11678,163321
11679,153799
11680,144285
11681,135032
11682,125431
11683,115864
11684,106357
11685,96788
11686,87667
11687,80271
11688,71878
11689,62418
11690,52808
11691,43262
11692,33788
11693,28109
11694,18226
11695,8326
11696,1055349
11697,1046674
11698,1037287
11699,1027907
11700,1024095
11701,1014697
11702,1005375
11703,996172
11704,987944
11705,978557
11706,969163
11707,959725
11708,950312
11709,940816
11710,931461
11711,921939
11712,912506
11713,905716
11714,896348
11715,886726
11716,877328
11717,867816
11718,858381
11719,848973
11720,840478
11721,830946
11722,821570
11723,812237
11724,802760
11725,795270
11726,785889
11727,776313
11728,767073
11729,757957
11730,748568
11731,739144
11732,738107
11733,728198
11734,718312
11735,708402
11736,698458
11737,688506
11738,678612
11739,668702
11740,658784
11741,648885
11742,638928
11743,628978
11744,619099
11745,609636
11746,600179
11747,590794
11748,581568
11749,572096
11750,514805
11751,516652
11752,518186
11753,518268
11754,518277
11755,516775
11756,506867
11757,496968
11758,487061
11759,477141
11760,467232
11761,457323
11762,447480
11763,437611
11764,429514
11765,419657
11766,409750
11767,399850
11768,391330
11769,381424
11770,371545
11771,367897
11772,357996
11773,348104
11774,338193
11775,328259
11776,318319
11777,308417
11778,298469
11779,288528
11780,278606
11781,268653
11782,258699
11783,248788
11784,239036
11785,229475
11786,219905
11787,210346
11788,200849
11789,193175
11790,183766
11791,174185
11792,164676
11793,155400
11794,145841
11795,136288
11796,126768
11797,117215
11798,107676
11799,98110
11800,89640
11801,80687
11802,73453
11803,63936
11804,54401
11805,44806
11806,35352
11807,25766
11808,16351
11809,7054
11810,1145535
11811,1143195
11812,1133306
11813,1123428
11814,1113495
11815,1105776
11816,1097840
11817,1088422
11818,1078901
11819,1069491
11820,1059973
11821,1050581
11822,1041115
11823,1031501
11824,1022093
11825,1012875
11826,1003410
11827,993913
11828,986791
11829,977255
11830,967858
11831,958355
11832,949999
11833,940452
11834,931089
11835,921613
11836,912158
11837,902709
11838,893294
11839,883871
11840,874469
11841,867386
11842,857872
11843,848373
11844,838767
11845,829419
11846,819887
11847,810355
11848,801667
11849,792227
11850,786713
11851,776810
11852,766903
11853,757029
11854,747121
11855,737240
11856,727335
11857,717436
11858,707989
11859,698519
11860,689060
11861,679601
11862,670088
11863,660473
11864,651887
11865,642346
11866,634819
11867,625445
11868,616159
11869,606693
11870,597217
11871,587794
11872,578361
11873,571141
11874,561239
11875,551292
11876,541386
11877,531462
11878,521829
11879,514289
11880,505732
11881,496373
11882,486906
11883,477419
11884,467933
11885,458504
11886,449155
11887,439868
11888,418529
11889,429118
11890,387196
11891,387165
11892,387202
11893,387198
11894,332021
11895,331955
11896,331961
11897,331971
11898,331967
11899,331986
11900,218977
11901,218944
11902,218959
11903,218978
11904,218870
11905,218891
11906,218829
11907,218829
11908,218853
11909,218870
11910,218877
11911,200932
11912,200899
11913,193124
11914,183221
11915,173317
11916,163388
11917,154764
11918,145437
11919,135904
11920,126360
11921,117054
11922,107504
11923,97891
11924,88958
11925,79433
11926,69852
11927,60365
11928,51816
11929,51505
11930,41687
11931,31815
11932,21915
11933,12014
11934,1177082
11935,1167724
11936,1158485
11937,1149779
11938,1140260
11939,1130931
11940,1121364
11941,1111862
11942,1102429
11943,1098869
11944,1090581
11945,1081273
11946,1071818
11947,1062448
11948,1052951
11949,1043428
11950,1033973
11951,1024493
11952,1015047
11953,1005888
11954,996387
11955,986975
11956,979669
11957,970233
11958,960688
11959,951146
11960,942715
11961,933229
11962,923757
11963,914368
11964,904940
11965,895486
11966,886103
11967,880946
11968,871054
11969,861157
11970,851255
11971,841367
11972,831460
11973,822242
11974,812777
11975,805273
11976,795355
11977,785416
11978,775907
11979,766538
11980,757106
11981,749558
11982,740090
11983,730511
11984,721011
11985,711709
11986,702299
11987,692824
11988,683305
11989,673814
11990,664388
11991,655062
11992,646394
11993,636877
11994,629316
11995,619708
11996,610172
11997,600624
11998,591124
11999,581716
12000,572171
12001,562943
12002,553498
12003,543994
12004,534442
12005,524898
12006,519695
12007,509823
12008,500362
12009,490865
12010,481411
12011,471797
12012,462257
12013,452696
12014,443253
12015,433677
12016,424381
12017,415057
12018,405476
12019,395974
12020,388408
12021,378904
12022,369399
12023,359833
12024,351290
12025,341678
12026,332158
12027,322629
12028,313067
12029,303499
12030,293997
12031,284567
12032,274976
12033,267595
12034,258155
12035,248626
12036,239104
12037,229538
12038,220403
12039,210923
12040,202253
12041,192645
12042,183089
12043,173544
12044,163940
12045,156390
12046,151688
12047,141805
12048,131897
12049,121995
12050,1172323
12051,1162536
12052,1152628
12053,1142775
12054,1132856
12055,1122950
12056,1115229
12057,1105365
12058,1101083
12059,1091228
12060,1081365
12061,1071529
12062,1061626
12063,1051675
12064,1041729
12065,1032158
12066,1022310
12067,1012360
12068,1002504
12069,992556
12070,982674
12071,974673
12072,966252
12073,956399
12074,946494
12075,936598
12076,926657
12077,916765
12078,908515
12079,898625
12080,888730
12081,878785
12082,868886
12083,858966
12084,854225
12085,844339
12086,834441
12087,824498
12088,814562
12089,804664
12090,794715
12091,784814
12092,774923
12093,765015
12094,755184
12095,745691
12096,736109
12097,728813
12098,719355
12099,709834
12100,700304
12101,686932
12102,681256
12103,671786
12104,663162
12105,653555
12106,644028
12107,634459
12108,625007
12109,618315
12110,608824
12111,599329
12112,589857
12113,580602
12114,571076
12115,561628
12116,552095
12117,542549
12118,533084
12119,523578
12120,515148
12121,505525
12122,497977
12123,492334
12124,482522
12125,472621
12126,462761
12127,452876
12128,442962
12129,433066
12130,423166
12131,413260
12132,403338
12133,393425
12134,383961
12135,376244
12136,367832
12137,358273
12138,348797
12139,339289
12140,329737
12141,320232
12142,310716
12143,301171
12144,291654
12145,282387
12146,272753
12147,263261
12148,255688
12149,246364
12150,236650
12151,227342
12152,218714
12153,209228
12154,199686
12155,190148
12156,180634
12157,171076
12158,161840
12159,152373
12160,142878
12161,135692
12162,130397
12163,120511
12164,110638
12165,100735
12166,90838
12167,80945
12168,71029
12169,61164
12170,51340
12171,41894
12172,1092028
12173,1087387
12174,1077546
12175,1067650
12176,1057749
12177,1048461
12178,1038610
12179,1028716
12180,1018801
12181,1010816
12182,1000927
12183,990984
12184,981052
12185,971451
12186,964747
12187,955263
12188,945792
12189,936326
12190,926826
12191,917351
12192,907906
12193,898754
12194,889267
12195,879830
12196,870546
12197,861018
12198,851580
12199,845131
12200,836706
12201,831471
12202,821629
12203,811806
12204,801904
12205,791969
12206,782114
12207,772156
12208,762224
12209,752329
12210,742380
12211,732489
12212,725016
12213,715643
12214,706075
12215,696627
12216,688219
12217,678782
12218,669253
12219,659841
12220,650423
12221,640947
12222,631542
12223,621990
12224,612532
12225,605757
12226,596272
12227,586898
12228,577330
12229,567911
12230,558379
12231,548969
12232,540316
12233,530956
12234,521433
12235,511939
12236,502496
12237,494898
12238,485627
12239,476219
12240,466702
12241,461397
12242,451506
12243,441638
12244,431746
12245,421851
12246,411941
12247,402042
12248,392127
12249,382560
12250,375208
12251,365781
12252,356327
12253,346882
12254,337578
12255,328104
12256,318625
12257,309514
12258,300168
12259,290854
12260,281475
12261,272057
12262,262629
12263,255117
12264,246626
12265,237088
12266,227494
12267,217982
12268,208553
12269,199398
12270,190037
12271,180551
12272,171122
12273,161873
12274,152422
12275,142941
12276,135263
12277,125832
12278,116258
12279,106779
12280,101642
12281,91868
12282,81988
12283,1130524
12284,1120701
12285,1110840
12286,1100957
12287,1091213
12288,1081354
12289,1078021
12290,1068203
12291,1058404
12292,1048461
12293,1038559
12294,1028599
12295,1018667
12296,1011421
12297,1002015
12298,992605
12299,983180
12300,973652
12301,966456
12302,957128
12303,947701
12304,938288
12305,929091
12306,919662
12307,910148
12308,900759
12309,891448
12310,882061
12311,872675
12312,864299
12313,854898
12314,847522
12315,838082
12316,828623
12317,819084
12318,809651
12319,804410
12320,794527
12321,784636
12322,774740
12323,764873
12324,755001
12325,745122
12326,735222
12327,727083
12328,718489
12329,708957
12330,699407
12331,689852
12332,680411
12333,670976
12334,661463
12335,652118
12336,642713
12337,633505
12338,624183
12339,614994
12340,607625
12341,598260
12342,588817
12343,579269
12344,570736
12345,561371
12346,551788
12347,542377
12348,532945
12349,523524
12350,514042
12351,504185
12352,494291
12353,487404
12354,478224
12355,469201
12356,460166
12357,451069
12358,445860
12359,436045
12360,426155
12361,416545
12362,407520
12363,398451
12364,389445
12365,383819
12366,374839
12367,365915
12368,357130
12369,348591
12370,339506
12371,330570
12372,321527
12373,312449
12374,303489
12375,294376
12376,287055
12377,278086
12378,272550
12379,263835
12380,254790
12381,245756
12382,236665
12383,227890
12384,219016
12385,210498
12386,202582
12387,192633
12388,183459
12389,174551
12390,165386
12391,161844
12392,154767
12393,145776
12394,137993
12395,129357
12396,119505
12397,113811
12398,103979
12399,94085
12400,84204
12401,74311
12402,64413
12403,54462
12404,44850
12405,35016
12406,25084
12407,15186
12408,8016
12409,1149307
12410,1140088
12411,1130700
12412,1121258
12413,1111904
12414,1102539
12415,1093085
12416,1083606
12417,1080138
12418,1070790
12419,1061333
12420,1051851
12421,1042436
12422,1033068
12423,1023589
12424,1015318
12425,1005757
12426,996305
12427,986854
12428,977382
12429,970084
12430,960662
12431,951195
12432,941829
12433,932565
12434,923098
12435,913708
12436,909544
12437,899691
12438,889787
12439,879876
12440,869985
12441,860067
12442,850365
12443,841012
12444,831562
12445,822024
12446,812557
12447,803154
12448,793726
12449,784541
12450,775659
12451,766339
12452,756946
12453,747480
12454,738099
12455,730667
12456,722126
12457,712567
12458,703180
12459,693732
12460,684245
12461,674843
12462,665415
12463,655951
12464,646436
12465,637184
12466,627729
12467,618325
12468,610816
12469,601453
12470,591997
12471,582542
12472,574090
12473,564591
12474,555161
12475,545759
12476,540230
12477,530356
12478,520465
12479,510556
12480,500646
12481,491155
12482,481750
12483,472314
12484,462816
12485,453436
12486,443921
12487,434500
12488,426386
12489,416504
12490,406920
12491,397462
12492,388093
12493,380567
12494,371300
12495,361863
12496,352369
12497,343230
12498,333691
12499,324209
12500,314718
12501,305250
12502,295764
12503,286202
12504,277580
12505,268325
12506,260947
12507,251117
12508,241258
12509,231403
12510,221485
12511,211572
12512,201678
12513,191793
12514,181895
12515,176349
12516,166440
12517,156574
12518,146677
12519,136754
12520,128203
12521,118648
12522,109086
12523,99488
12524,90062
12525,80452
12526,70936
12527,61439
12528,51892
12529,42650
12530,33193
12531,23683
12532,16248
12533,6769
12534,1147141
12535,1137805
12536,1129884
12537,1120471
12538,1111017
12539,1101693
12540,1092224
12541,1082725
12542,1073250
12543,1063830
12544,1054388
12545,1053264
12546,1043895
12547,1034459
12548,1025052
12549,1015559
12550,1006063
12551,996605
12552,988126
12553,978703
12554,975527
12555,965618
12556,955729
12557,945846
12558,935924
12559,925989
12560,916083
12561,906172
12562,896431
12563,887058
12564,877566
12565,868106
12566,858688
12567,849157
12568,840677
12569,831255
12570,824305
12571,814872
12572,805487
12573,796021
12574,786495
12575,777012
12576,767524
12577,758423
12578,748966
12579,739502
12580,730113
12581,720623
12582,711125
12583,705060
12584,696758
12585,687301
12586,677885
12587,668317
12588,658807
12589,649281
12590,641518
12591,631576
12592,621634
12593,616049
12594,606149
12595,596265
12596,586366
12597,576458
12598,566571
12599,557023
12600,548496
12601,539246
12602,529814
12603,520348
12604,510925
12605,501557
12606,492907
12607,483489
12608,474098
12609,466792
12610,457266
12611,447788
12612,438235
12613,428786
12614,419336
12615,409870
12616,401317
12617,391896
12618,382062
12619,372196
12620,362337
12621,354314
12622,344457
12623,334608
12624,324697
12625,314805
12626,305284
12627,295719
12628,286226
12629,276723
12630,267152
12631,257593
12632,249032
12633,243614
12634,233728
12635,223881
12636,213972
12637,204066
12638,194163
12639,184240
12640,174732
12641,165511
12642,155924
12643,146404
12644,137301
12645,127803
12646,118223
12647,110927
12648,102281
12649,92791
12650,83241
12651,73759
12652,64220
12653,54737
12654,45260
12655,35734
12656,26204
12657,17125
12658,7577
12659,1096689
12660,1093367
12661,1084332
12662,1074787
12663,1065262
12664,1057293
12665,1047807
12666,1038306
12667,1028856
12668,1019576
12669,1009963
12670,1000512
12671,991014
12672,990126
12673,980252
12674,970365
12675,960417
12676,950476
12677,940580
12678,930635
12679,920696
12680,910799
12681,900849
12682,891167
12683,881851
12684,872389
12685,865363
12686,855945
12687,846415
12688,836932
12689,827735
12690,818152
12691,808665
12692,801425
12693,791516
12694,781585
12695,771672
12696,762859
12697,753430
12698,746415
12699,736917
12700,727448
12701,717902
12702,708380
12703,699043
12704,689491
12705,680325
12706,670776
12707,668124
12708,658272
12709,648397
12710,638499
12711,628578
12712,624002
12713,614105
12714,604175
12715,594273
12716,584372
12717,574438
12718,548291
12719,548256
12720,544655
12721,534709
12722,524760
12723,514817
12724,505527
12725,496112
12726,486536
12727,477247
12728,468731
12729,458826
12730,448924
12731,439224
12732,429395
12733,419529
12734,409665
12735,405097
12736,395289
12737,385435
12738,375531
12739,365661
12740,355769
12741,345859
12742,335960
12743,326063
12744,316581
12745,307062
12746,297568
12747,292679
12748,277844
12749,272979
12750,263067
12751,263835
12752,254031
12753,244128
12754,234240
12755,224337
12756,214391
12757,204477
12758,194573
12759,184653
12760,174743
12761,1215771
12762,1211477
12763,1201663
12764,1191774
12765,1181822
12766,1171888
12767,1161980
12768,1152057
12769,1142787
12770,1132915
12771,1123002
12772,1113240
12773,1103470
12774,1093619
12775,1087199
12776,1079475
12777,1069570
12778,1060065
12779,1050585
12780,1041043
12781,1031573
12782,1022117
12783,1012636
12784,1003203
12785,994062
12786,984646
12787,975276
12788,971320
12789,961423
12790,951525
12791,941636
12792,931723
12793,921959
12794,912630
12795,904511
12796,894615
12797,884698
12798,874925
12799,865532
12800,856086
12801,848915
12802,839651
12803,830265
12804,820854
12805,811303
12806,801855
12807,792392
12808,783836
12809,774515
12810,764952
12811,755444
12812,745940
12813,738450
12814,728668
12815,718822
12816,708939
12817,699567
12818,690030
12819,680478
12820,670990
12821,661498
12822,651919
12823,642392
12824,633985
12825,624503
12826,617152
12827,607653
12828,602221
12829,592332
12830,582437
12831,572538
12832,562629
12833,552738
12834,542861
12835,532981
12836,523075
12837,513448
12838,503931
12839,496597
12840,492971
12841,483151
12842,473250
12843,463348
12844,453438
12845,443531
12846,433577
12847,423674
12848,413765
12849,403815
12850,393907
12851,383992
12852,374031
12853,364117
12854,354208
12855,344530
12856,336049
12857,326507
12858,316922
12859,307384
12860,297874
12861,288287
12862,278761
12863,269226
12864,259660
12865,252325
12866,242771
12867,237818
12868,227927
12869,218043
12870,208126
12871,198224
12872,188319
12873,178364
12874,168454
12875,158566
12876,148645
12877,140887
12878,131442
12879,121916
12880,112373
12881,103122
12882,94053
12883,84561
12884,80304
12885,70472
12886,60582
12887,50676
12888,40731
12889,30789
12890,5023
12891,4996
12892,1025429
12893,1025552
12894,1025583
12895,1025590
12896,946979
12897,947575
12898,949434
12899,949452
12900,949437
12901,949398
12902,949417
12903,953258
12904,940217
12905,940690
12906,932228
12907,928048
12908,918152
12909,908270
12910,898335
12911,888422
12912,878490
12913,868546
12914,858641
12915,848739
12916,840255
12917,830844
12918,821291
12919,811772
12920,803439
12921,793799
12922,784354
12923,774915
12924,765502
12925,756088
12926,746650
12927,737422
12928,728205
12929,721107
12930,711568
12931,702147
12932,692615
12933,683147
12934,673691
12935,664387
12936,655908
12937,646371
12938,636898
12939,627408
12940,617970
12941,610338
12942,600845
12943,591391
12944,581860
12945,572644
12946,563200
12947,557785
12948,547915
12949,538015
12950,528106
12951,518198
12952,508308
12953,498400
12954,489419
12955,479539
12956,469624
12957,459684
12958,449770
12959,440258
12960,430778
12961,421460
12962,411937
12963,402460
12964,392961
12965,383668
12966,374101
12967,367724
12968,359216
12969,349745
12970,340265
12971,330701
12972,321190
12973,311750
12974,302222
12975,292727
12976,283132
12977,273993
12978,264485
12979,255074
12980,247629
12981,238124
12982,228603
12983,219082
12984,210539
12985,200993
12986,195651
12987,185762
12988,175858
12989,165957
12990,156056
12991,146154
12992,136230
12993,127295
12994,117758
12995,108226
12996,98649
12997,89701
12998,80234
12999,70725
13000,62607
13001,52705
13002,43051
13003,33589
13004,24063
13005,16648
13006,7133
13007,1146038
13008,1136677
13009,1127941
13010,1118542
13011,1109128
13012,1099769
13013,1090373
13014,1081004
13015,1071553
13016,1063430
13017,1053961
13018,1049921
13019,1040538
13020,1031116
13021,1021695
13022,1012518
13023,1003068
13024,993543
13025,988509
13026,978685
13027,968789
13028,958882
13029,948987
13030,939088
13031,930343
13032,921940
13033,912502
13034,903051
13035,893592
13036,884091
13037,874719
13038,865335
13039,855875
13040,846545
13041,837295
13042,827804
13043,818438
13044,810918
13045,801528
13046,791958
13047,782421
13048,773939
13049,764357
13050,754893
13051,745444
13052,736080
13053,726674
13054,717213
13055,707832
13056,698381
13057,691075
13058,681544
13059,672014
13060,662717
13061,653188
13062,643337
13063,633435
13064,627974
13065,618084
13066,608227
13067,598320
13068,588422
13069,578486
13070,568580
13071,558686
13072,549027
13073,540201
13074,530771
13075,521291
13076,511889
13077,502483
13078,493057
13079,483640
13080,475081
13081,465649
13082,459072
13083,449655
13084,440155
13085,430813
13086,421271
13087,411673
13088,402196
13089,392946
13090,383349
13091,373819
13092,364210
13093,354645
13094,345100
13095,337826
13096,329308
13097,319852
13098,310282
13099,300759
13100,291194
13101,281626
13102,273973
13103,264094
13104,259190
13105,249269
13106,239396
13107,229451
13108,219503
13109,209603
13110,199667
13111,189719
13112,180194
13113,170752
13114,161164
13115,151631
13116,142122
13117,132977
13118,123434
13119,113884
13120,104292
13121,97287
13122,87724
13123,78199
13124,68687
13125,59156
13126,49647
13127,40144
13128,31456
13129,21802
13130,12499
13131,3003
13132,1142886
13133,1139587
13134,1130309
13135,1120836
13136,1111425
13137,1102600
13138,1093142
13139,1083671
13140,1074185
13141,1064728
13142,1055470
13143,1056266
13144,1046366
13145,1036465
13146,1026545
13147,1016604
13148,1006686
13149,996753
13150,986824
13151,976904
13152,966955
13153,957025
13154,947105
13155,937176
13156,927234
13157,917311
13158,907675
13159,901411
13160,893229
13161,883702
13162,874290
13163,864793
13164,855358
13165,845932
13166,836503
13167,827102
13168,817814
13169,811374
13170,801925
13171,792440
13172,785169
13173,775313
13174,765421
13175,755546
13176,746871
13177,737002
13178,727189
13179,717287
13180,707371
13181,697469
13182,697687
13183,687789
13184,677878
13185,667947
13186,658044
13187,648119
13188,638215
13189,628300
13190,618373
13191,608457
13192,598545
13193,588617
13194,578722
13195,568800
13196,558870
13197,548973
13198,539572
13199,530086
13200,520540
13201,511215
13202,501712
13203,492182
13204,482655
13205,474683
13206,464774
13207,454823
13208,445534
13209,436014
13210,428302
13211,418759
13212,409213
13213,399907
13214,390357
13215,380926
13216,371338
13217,362172
13218,352685
13219,343148
13220,333563
13221,324026
13222,318738
13223,308872
13224,298986
13225,289076
13226,279395
13227,269839
13228,260330
13229,250795
13230,241265
13231,231734
13232,222240
13233,212963
13234,203393
13235,193870
13236,186468
13237,176976
13238,167406
13239,157872
13240,149155
13241,139587
13242,130034
13243,120529
13244,110969
13245,101861
13246,92349
13247,82791
13248,73261
13249,66200
13250,56715
13251,47209
13252,37592
13253,28107
13254,18534
13255,9204
13256,1037884
13257,1028595
13258,1019383
13259,1009988
13260,1000607
13261,996859
13262,987555
13263,978034
13264,968604
13265,959401
13266,949981
13267,940486
13268,931024
13269,921570
13270,912089
13271,902716
13272,894367
13273,884871
13274,877554
13275,868156
13276,858649
13277,849317
13278,839789
13279,830342
13280,820909
13281,811723
13282,802315
13283,792850
13284,783402
13285,773964
13286,764515
13287,756685
13288,748245
13289,738373
13290,728512
13291,718614
13292,708705
13293,698802
13294,688906
13295,679039
13296,669412
13297,660101
13298,650564
13299,640966
13300,633462
13301,628054
13302,618198
13303,608305
13304,598401
13305,588511
13306,578597
13307,570455
13308,560517
13309,550582
13310,540664
13311,530726
13312,520783
13313,513379
13314,503787
13315,494297
13316,484823
13317,475271
13318,465762
13319,456166
13320,447542
13321,438129
13322,428536
13323,419052
13324,409617
13325,402075
13326,392684
13327,383216
13328,373650
13329,364371
13330,354892
13331,345339
13332,335750
13333,326209
13334,316751
13335,307194
13336,298562
13337,289040
13338,281451
13339,272019
13340,266564
13341,256704
13342,246797
13343,236922
13344,227033
13345,217123
13346,207198
13347,197294
13348,187383
13349,177466
13350,167556
13351,160967
13352,152427
13353,142973
13354,133523
13355,124012
13356,114502
13357,104963
13358,95399
13359,86313
13360,76771
13361,67602
13362,58070
13363,48524
13364,41245
13365,31771
13366,22268
13367,12709
13368,4397
13369,1054671
13370,1045450
13371,1036120
13372,1026729
13373,1017305
13374,1007872
13375,998478
13376,989112
13377,986165
13378,976873
13379,967374
13380,962663
13381,952766
13382,942865
13383,932979
13384,923063
13385,913151
13386,903248
13387,893365
13388,883528
13389,876294
13390,866949
13391,857353
13392,847841
13393,838710
13394,829414
13395,819911
13396,810440
13397,800893
13398,791389
13399,781587
13400,773129
13401,763280
13402,755297
13403,745444
13404,735572
13405,725676
13406,715804
13407,706158
13408,696738
13409,689313
13410,679406
13411,669466
13412,659556
13413,649611
13414,640103
13415,632502
13416,624060
13417,614473
13418,604929
13419,599663
13420,589810
13421,579899
13422,570004
13423,560103
13424,550194
13425,540292
13426,530377
13427,520468
13428,511964
13429,502525
13430,493008
13431,483454
13432,474883
13433,465343
13434,455830
13435,446312
13436,436810
13437,427564
13438,418106
13439,408582
13440,399106
13441,391885
13442,382376
13443,372878
13444,363230
13445,353754
13446,344228
13447,334710
13448,326100
13449,316621
13450,306184
13451,297555
13452,288009
13453,280414
13454,271034
13455,261462
13456,251923
13457,242655
13458,233146
13459,227687
13460,217775
13461,207880
13462,197962
13463,188040
13464,178137
13465,168222
13466,159838
13467,150332
13468,140858
13469,131210
13470,121656
13471,112101
13472,102584
13473,93281
13474,84216
13475,74622
13476,65234
13477,55653
13478,46069
13479,38735
13480,30144
13481,20646
13482,11297
13483,1060895
13484,1051680
13485,1042353
13486,1033060
13487,1023643
13488,1014293
13489,1005634
13490,996203
13491,986838
13492,983165
13493,973780
13494,964397
13495,954939
13496,946658
13497,937195
13498,932275
13499,922443
13500,912613
13501,902712
13502,892803
13503,882895
13504,872990
13505,864031
13506,854751
13507,845448
13508,836101
13509,826592
13510,816694
13511,808555
13512,798662
13513,788730
13514,778808
13515,768870
13516,758925
13517,750793
13518,740940
13519,731385
13520,721874
13521,712653
13522,703191
13523,693754
13524,684296
13525,674872
13526,665747
13527,656266
13528,647837
13529,638357
13530,630797
13531,621308
13532,611777
13533,602309
13534,592844
13535,583374
13536,573912
13537,564743
13538,559889
13539,550031
13540,540163
13541,530257
13542,520362
13543,511081
13544,502514
13545,493010
13546,483480
13547,473936
13548,464389
13549,454824
13550,445282
13551,435728
13552,426353
13553,417018
13554,407517
13555,397988
13556,390698
13557,381313
13558,371718
13559,362280
13560,353789
13561,344246
13562,334774
13563,325241
13564,315754
13565,306392
13566,296898
13567,287415
13568,277934
13569,270563
13570,261104
13571,251621
13572,242073
13573,232491
13574,222911
13575,213401
13576,204882
13577,199659
13578,189803
13579,179918
13580,170015
13581,160112
13582,150200
13583,140460
13584,130725
13585,121492
13586,112004
13587,102375
13588,93359
13589,83856
13590,74286
13591,64809
13592,56233
13593,46723
13594,39523
13595,30038
13596,20570
13597,11110
13598,1732
13599,1051723
13600,1042413
13601,1033842
13602,1024550
13603,1015124
13604,1005805
13605,996397
13606,986960
13607,983773
13608,975607
13609,966194
13610,956892
13611,947514
13612,938053
13613,928482
13614,920860
13615,910960
13616,901038
13617,896060
13618,886128
13619,876256
13620,866359
13621,856448
13622,846565
13623,836662
13624,827007
13625,817144
13626,807255
13627,797349
13628,787440
13629,777544
13630,767634
13631,758021
13632,748584
13633,741128
13634,731653
13635,722096
13636,712658
13637,703003
13638,693553
13639,684187
13640,675934
13641,666462
13642,656963
13643,647476
13644,637906
13645,630419
13646,620993
13647,611466
13648,601898
13649,592605
13650,583363
13651,573495
13652,563920
13653,554384
13654,544831
13655,535454
13656,530198
13657,520292
13658,510400
13659,500485
13660,490853
13661,481422
13662,471836
13663,462332
13664,452897
13665,443703
13666,434177
13667,424672
13668,415178
13669,405637
13670,396232
13671,388389
13672,379900
13673,370362
13674,360770
13675,351319
13676,341765
13677,332331
13678,322898
13679,313357
13680,303864
13681,294531
13682,285002
13683,275457
13684,267950
13685,258635
13686,249037
13687,239521
13688,230955
13689,221363
13690,211813
13691,202220
13692,192740
13693,183164
13694,173622
13695,164007
13696,158874
13697,148973
13698,139082
13699,129176
13700,119270
13701,109376
13702,99461
13703,90024
13704,81939
13705,72473
13706,63035
13707,53557
13708,43946
13709,36711
13710,27327
13711,17894
13712,8387
13713,1124548
13714,1115294
13715,1105980
13716,1096619
13717,1089739
13718,1079862
13719,1062043
13720,1060348
13721,1050993
13722,1048038
13723,1038722
13724,1029338
13725,1019891
13726,1010457
13727,1000946
13728,991451
13729,982301
13730,972870
13731,963350
13732,953881
13733,944037
13734,934182
13735,933508
13736,923646
13737,913715
13738,903777
13739,893871
13740,883974
13741,874070
13742,864157
13743,854217
13744,844273
13745,834367
13746,824464
13747,814513
13748,801696
13749,796554
13750,787107
13751,777552
13752,769030
13753,759546
13754,750056
13755,740596
13756,731247
13757,721785
13758,712315
13759,702840
13760,693434
13761,686390
13762,677050
13763,667593
13764,658109
13765,648743
13766,639313
13767,629838
13768,621289
13769,611845
13770,602408
13771,592905
13772,583534
13773,581164
13774,576998
13775,567134
13776,557257
13777,547365
13778,537454
13779,527530
13780,517591
13781,507673
13782,497744
13783,487790
13784,477889
13785,467948
13786,458001
13787,448094
13788,438171
13789,428231
13790,418324
13791,408423
13792,398477
13793,389156
13794,379748
13795,370171
13796,360665
13797,350994
13798,341511
13799,334162
13800,325666
13801,316142
13802,306605
13803,297087
13804,287565
13805,278058
13806,268541
13807,259110
13808,249702
13809,240053
13810,230190
13811,220321
13812,212355
13813,202484
13814,197876
13815,188031
13816,178175
13817,168272
13818,158392
13819,150442
13820,140563
13821,130630
13822,120673
13823,110765
13824,100820
13825,90879
13826,80968
13827,71030
13828,61262
13829,51760
13830,42282
13831,32712
13832,24328
13833,14895
13834,5454
13835,1161098
13836,1151811
13837,1149012
13838,1139759
13839,1130435
13840,1120975
13841,1112271
13842,1102869
13843,1093476
13844,1084249
13845,1074264
13846,1064471
13847,1054597
13848,1046374
13849,1036512
13850,1029125
13851,1019349
13852,1009305
13853,1005571
13854,995715
13855,985812
13856,975901
13857,965971
13858,956057
13859,946152
13860,936220
13861,926289
13862,916399
13863,906995
13864,898663
13865,888770
13866,879179
13867,869733
13868,860362
13869,850973
13870,841614
13871,832108
13872,822603
13873,813326
13874,803924
13875,794466
13876,787238
13877,777745
13878,768316
13879,758939
13880,759126
13881,749626
13882,740211
13883,730717
13884,721249
13885,711798
13886,702448
13887,693017
13888,683548
13889,675156
13890,650594
13891,650603
13892,619896
13893,619893
13894,619885
13895,619910
13896,551428
13897,551408
13898,551422
13899,551340
13900,551324
13901,551347
13902,551348
13903,536140
13904,533663
13905,524390
13906,514982
13907,505532
13908,496050
13909,486571
13910,477132
13911,467695
13912,459174
13913,449596
13914,442100
13915,432693
13916,423228
13917,413779
13918,404318
13919,394848
13920,385541
13921,376305
13922,368291
13923,358452
13924,348513
13925,338788
13926,329406
13927,323172
13928,314780
13929,305277
13930,295806
13931,290317
13932,280450
13933,270555
13934,260648
13935,250762
13936,240865
13937,230960
13938,221067
13939,211174
13940,203852
13941,194457
13942,185099
13943,175691
13944,167327
13945,157877
13946,148594
13947,139211
13948,129783
13949,120886
13950,1169300
13951,1159545
13952,1149734
13953,1145996
13954,1136160
13955,1126259
13956,1116379
13957,1106472
13958,1096565
13959,1086670
13960,1079319
13961,1069476
13962,1059615
13963,1050227
13964,1040999
13965,1034284
13966,1024953
13967,1015591
13968,1006081
13969,1001013
13970,991277
13971,981391
13972,971499
13973,961599
13974,951714
13975,941805
13976,932809
13977,923517
13978,916431
13979,907197
13980,898028
13981,888676
13982,879431
13983,870133
13984,860825
13985,851823
13986,842531
13987,833233
13988,823983
13989,814714
13990,805596
13991,798841
13992,790609
13993,781312
13994,771924
13995,762487
13996,753144
13997,743762
13998,734454
13999,724974
14000,715658
14001,706537
14002,697131
14003,687777
14004,680805
14005,671605
14006,662223
14007,652949
14008,647690
14009,637822
14010,627939
14011,618056
14012,608156
14013,598254
14014,588498
14015,579196
14016,571581
14017,565069
14018,555705
14019,546348
14020,536946
14021,527501
14022,518047
14023,508482
14024,500695
14025,490802
14026,481517
14027,472285
14028,462937
14029,455815
14030,446510
14031,437064
14032,427593
14033,418547
14034,409130
14035,399767
14036,390433
14037,380971
14038,371700
14039,362512
14040,354252
14041,344792
14042,337626
14043,328362
14044,319035
14045,309551
14046,300168
14047,290887
14048,286073
14049,276243
14050,266356
14051,256498
14052,246504
14053,236535
14054,226757
14055,218833
14056,210576
14057,201232
14058,191928
14059,182543
14060,173620
14061,164523
14062,154779
14063,144938
14064,135061
14065,125459
14066,115607
14067,105701
14068,98014
14069,88171
14070,78292
14071,68335
14072,59978
14073,50646
14074,41208
14075,31914
14076,22571
14077,13421
14078,4098
14079,1052619
14080,1043470
14081,1042172
14082,1033068
14083,1023793
14084,1014470
14085,1005107
14086,995688
14087,986427
14088,981843
14089,971958
14090,962112
14091,952224
14092,942271
14093,935511
14094,926244
14095,916854
14096,907418
14097,898409
14098,888926
14099,879608
14100,870157
14101,860853
14102,851499
14103,842223
14104,834311
14105,825081
14106,818461
14107,809157
14108,799824
14109,790482
14110,781164
14111,771818
14112,762558
14113,753455
14114,744268
14115,735093
14116,725754
14117,716498
14118,707149
14119,701702
14120,693727
14121,684363
14122,674985
14123,665601
14124,656164
14125,646842
14126,639157
14127,633643
14128,623710
14129,613838
14130,603945
14131,593996
14132,584091
14133,574707
14134,565415
14135,556044
14136,547835
14137,538456
14138,529158
14139,519825
14140,510490
14141,501319
14142,492081
14143,482690
14144,473433
14145,466763
14146,457430
14147,448040
14148,438652
14149,429233
14150,419828
14151,409985
14152,401598
14153,392205
14154,382756
14155,373466
14156,364176
14157,357456
14158,348231
14159,339079
14160,329774
14161,320708
14162,311365
14163,302029
14164,292670
14165,283374
14166,278379
14167,268513
14168,258652
14169,248768
14170,242043
14171,233481
14172,224403
14173,214548
14174,204748
14175,194807
14176,184899
14177,175294
14178,165531
14179,155720
14180,145872
14181,136006
14182,126151
14183,119016
14184,110926
14185,101055
14186,91212
14187,81970
14188,72678
14189,63330
14190,53910
14191,44631
14192,35359
14193,26245
14194,17081
14195,7866
14196,1063081
14197,1053953
14198,1044859
14199,1035607
14200,1028031
14201,1018835
14202,1009698
14203,1000305
14204,991085
14205,981822
14206,977167
14207,967344
14208,957365
14209,947911
14210,938748
14211,929384
14212,920024
14213,910803
14214,903322
14215,893903
14216,885862
14217,876542
14218,867140
14219,857834
14220,848492
14221,841827
14222,832489
14223,823091
14224,813934
14225,804990
14226,795654
14227,786309
14228,778927
14229,769031
14230,759082
14231,749493
14232,741362
14233,731997
14234,725280
14235,715923
14236,706510
14237,697235
14238,687864
14239,678509
14240,669223
14241,660185
14242,650902
14243,641492
14244,632140
14245,626880
14246,617040
14247,607148
14248,598374
14249,589103
14250,579688
14251,570324
14252,560939
14253,551638
14254,542432
14255,533143
14256,523833
14257,514792
14258,505536
14259,496280
14260,489383
14261,480016
14262,470716
14263,461344
14264,453217
14265,443888
14266,434591
14267,425250
14268,415876
14269,406554
14270,397303
14271,388061
14272,378729
14273,372267
14274,363001
14275,353770
14276,344711
14277,335425
14278,326102
14279,316895
14280,308699
14281,299268
14282,289931
14283,280733
14284,270999
14285,265913
14286,256046
14287,246187
14288,236283
14289,226400
14290,216501
14291,206630
14292,196727
14293,186787
14294,176958
14295,167200
14296,159047
14297,149700
14298,142728
14299,133362
14300,123994
14301,115141
14302,105803
14303,96506
14304,87124
14305,78073
14306,68733
14307,59401
14308,50050
14309,40743
14310,31346
14311,25840
14312,17815
14313,8361
14314,1059178
14315,1050224
14316,1040968
14317,1031660
14318,1022476
14319,1013239
14320,1003908
14321,995459
14322,986310
14323,976993
14324,975984
14325,971579
14326,961694
14327,951820
14328,941922
14329,931996
14330,922468
14331,914378
14332,904425
14333,894786
14334,885581
14335,878316
14336,869105
14337,863463
14338,854136
14339,844842
14340,835450
14341,826085
14342,816706
14343,807332
14344,799278
14345,789941
14346,781027
14347,771808
14348,762517
14349,755835
14350,746670
14351,737292
14352,727937
14353,718949
14354,709515
14355,700310
14356,690994
14357,681682
14358,672691
14359,663364
14360,655458
14361,646153
14362,639248
14363,630031
14364,624812
14365,614940
14366,605088
14367,595200
14368,585286
14369,575405
14370,565523
14371,555576
14372,546180
14373,536934
14374,527692
14375,521215
14376,513198
14377,503897
14378,494662
14379,485459
14380,476233
14381,466903
14382,457709
14383,448315
14384,439074
14385,430426
14386,421176
14387,411990
14388,405349
14389,396094
14390,386778
14391,377460
14392,369423
14393,360064
14394,350932
14395,341067
14396,331147
14397,321370
14398,311461
14399,301511
14400,291706
14401,284432
14402,274577
14403,272202
14404,262362
14405,252509
14406,242615
14407,232703
14408,222804
14409,212910
14410,203005
14411,193101
14412,183164
14413,174859
14414,165694
14415,156317
14416,147071
14417,138088
14418,128779
14419,120008
14420,110785
14421,101412
14422,92115
14423,82835
14424,74631
14425,65323
14426,58722
14427,49426
14428,39987
14429,30664
14430,21490
14431,12318
14432,3112
14433,1054481
14434,1046561
14435,1036670
14436,1026824
14437,1017535
14438,1008331
14439,1006158
14440,998505
14441,989130
14442,979795
14443,973910
14444,964050
14445,954165
14446,944227
14447,934336
14448,924410
14449,914944
14450,905629
14451,896178
14452,889725
14453,880420
14454,871105
14455,861843
14456,853843
14457,844575
14458,835186
14459,825830
14460,816517
14461,807128
14462,797813
14463,788469
14464,779022
14465,772820
14466,763474
14467,754307
14468,745074
14469,735660
14470,726292
14471,717004
14472,708839
14473,699493
14474,690129
14475,680792
14476,671492
14477,664583
14478,655372
14479,646159
14480,636804
14481,627816
14482,620059
14483,610258
14484,600425
14485,590482
14486,580917
14487,571539
14488,565519
14489,556292
14490,549861
14491,540586
14492,531199
14493,521922
14494,512530
14495,503191
14496,493864
14497,484711
14498,475371
14499,466089
14500,456754
14501,447713
14502,438386
14503,432888
14504,424906
14505,415684
14506,405859
14507,396003
14508,386079
14509,376217
14510,366317
14511,356457
14512,346600
14513,336742
14514,326885
14515,317326
14516,310403
14517,300978
14518,291684
14519,282322
14520,274159
14521,264787
14522,257223
14523,247335
14524,237455
14525,227594
14526,217749
14527,208241
14528,198907
14529,192148
14530,182860
14531,173469
14532,164410
14533,154982
14534,145746
14535,136429
14536,128276
14537,118789
14538,109899
14539,100519
14540,91037
14541,84111
14542,74850
14543,65479
14544,56096
14545,47009
14546,37703
14547,32092
14548,23015
14549,13655
14550,1064036
14551,1054174
14552,1047021
14553,1037783
14554,1036003
14555,1026814
14556,1017626
14557,1008332
14558,999062
14559,989858
14560,980525
14561,974106
14562,964316
14563,954530
14564,944659
14565,934878
14566,925441
14567,919211
14568,913304
14569,903956
14570,894719
14571,885417
14572,876130
14573,866994
14574,857916
14575,848556
14576,839328
14577,830360
14578,821072
14579,811776
14580,805046
14581,795817
14582,786517
14583,777210
14584,769026
14585,759916
14586,750691
14587,741852
14588,732494
14589,723284
14590,714011
14591,704710
14592,695549
14593,689073
14594,679839
14595,670551
14596,661499
14597,652119
14598,642822
14599,633620
14600,625424
14601,618309
14602,608508
14603,598654
14604,588726
14605,581336
14606,572139
14607,562844
14608,553502
14609,544531
14610,535128
14611,526060
14612,516807
14613,507504
14614,498153
14615,488784
14616,480588
14617,471374
14618,464104
14619,454457
14620,444515
14621,434698
14622,424795
14623,414881
14624,405028
14625,395262
14626,385404
14627,376032
14628,366663
14629,357331
14630,347890
14631,340826
14632,332714
14633,323369
14634,313981
14635,304625
14636,295217
14637,285876
14638,278321
14639,268448
14640,260704
14641,250827
14642,240944
14643,231018
14644,223424
14645,214041
14646,204715
14647,195318
14648,187161
14649,177801
14650,168520
14651,159152
14652,149832
14653,140705
14654,131390
14655,122107
14656,113287
14657,106999
14658,97667
14659,88153
14660,78843
14661,69331
14662,59980
14663,50738
14664,42486
14665,33161
14666,24088
14667,15099
14668,5804
14669,1131301
14670,1122543
14671,1113200
14672,1103982
14673,1095497
14674,1086233
14675,1077148
14676,1067563
14677,1058268
14678,1048975
14679,1039631
14680,1035550
14681,1025669
14682,1016212
14683,1007220
14684,997856
14685,988420
14686,979070
14687,969796
14688,960359
14689,951383
14690,942056
14691,935210
14692,925936
14693,916842
14694,907470
14695,902520
14696,894517
14697,885167
14698,875916
14699,866692
14700,857359
14701,847953
14702,838614
14703,829140
14704,819799
14705,810652
14706,801335
14707,792125
14708,785532
14709,777877
14710,768569
14711,759265
14712,751196
14713,741861
14714,732448
14715,723131
14716,713856
14717,704510
14718,695106
14719,670348
14720,670399
14721,669962
14722,660759
14723,651554
14724,642227
14725,632916
14726,623617
14727,614223
14728,606379
14729,596525
14730,586674
14731,576811
14732,567077
14733,559478
14734,549754
14735,539905
14736,529999
14737,520344
14738,510819
14739,501623
14740,492217
14741,484612
14742,474718
14743,464777
14744,455968
14745,446710
14746,439692
14747,430298
14748,420846
14749,411406
14750,402166
14751,384826
14752,383481
14753,374584
14754,365224
14755,355843
14756,346584
14757,337333
14758,337441
14759,327596
14760,317734
14761,307826
14762,297936
14763,288003
14764,278050
14765,268149
14766,258250
14767,248306
14768,238394
14769,229436
14770,220199
14771,210353
14772,202981
14773,193261
14774,183353
14775,173426
14776,165400
14777,155550
14778,145703
14779,135846
14780,125982
14781,116125
14782,106276
14783,96408
14784,86531
14785,79287
14786,69486
14787,59629
14788,49774
14789,39881
14790,29988
14791,20088
14792,11664
14793,2375
14794,1052350
14795,1043390
14796,1034164
14797,1031562
14798,1026029
14799,1016140
14800,1006245
14801,996343
14802,987291
14803,977983
14804,968602
14805,959397
14806,950053
14807,940729
14808,932895
14809,923502
14810,917345
14811,908074
14812,898799
14813,889493
14814,880149
14815,870692
14816,861515
14817,852590
14818,843254
14819,833905
14820,824605
14821,815339
14822,806097
14823,799415
14824,791406
14825,782039
14826,772718
14827,771355
14828,761569
14829,751685
14830,741747
14831,731843
14832,721907
14833,711964
14834,702066
14835,692144
14836,682564
14837,675169
14838,665246
14839,655389
14840,646689
14841,636841
14842,626897
14843,618939
14844,609014
14845,599069
14846,589178
14847,579237
14848,569300
14849,561046
14850,551687
14851,542273
14852,533137
14853,523669
14854,514511
14855,505278
14856,497129
14857,487777
14858,478441
14859,469094
14860,459714
14861,452810
14862,443667
14863,434276
14864,424826
14865,415825
14866,406491
14867,397133
14868,387824
14869,378514
14870,369259
14871,359896
14872,351727
14873,342264
14874,335292
14875,326005
14876,316848
14877,309030
14878,299129
14879,289313
14880,279413
14881,270231
14882,260918
14883,251710
14884,242329
14885,233079
14886,223624
14887,218035
14888,209888
14889,196653
14890,170845
14891,170888
14892,170855
14893,133482
14894,134054
14895,134104
14896,134199
14897,58721
14898,58698
14899,58762
14900,61770
14901,61772
14902,61835
14903,61945
14904,48018
14905,48049
14906,41750
14907,32451
14908,23171
14909,13997
14910,4750
14911,1053507
14912,1044466
14913,1042750
14914,1033579
14915,1024317
14916,1015063
14917,1008872
14918,998997
14919,989104
14920,979205
14921,969923
14922,960582
14923,951194
14924,941901
14925,935321
14926,927843
14927,918562
14928,909202
14929,900268
14930,890902
14931,881655
14932,872334
14933,863062
14934,853746
14935,844473
14936,836655
14937,827275
14938,820792
14939,811467
14940,802209
14941,792847
14942,783532
14943,774254
14944,764884
14945,758069
14946,748179
14947,738237
14948,728292
14949,718762
14950,709380
14951,702024
14952,693974
14953,684122
14954,674315
14955,664517
14956,657229
14957,647361
14958,637460
14959,627561
14960,617666
14961,607763
14962,597822
14963,587934
14964,579286
14965,570144
14966,560788
14967,551450
14968,543316
14969,534052
14970,524645
14971,515325
14972,506008
14973,496619
14974,487289
14975,477928
14976,468595
14977,461800
14978,452422
14979,443080
14980,433674
14981,424436
14982,415123
14983,406052
14984,397795
14985,388493
14986,379157
14987,369840
14988,360425
14989,353448
14990,344136
14991,334815
14992,325449
14993,316382
14994,307053
14995,299158
14996,289304
14997,279419
14998,269745
14999,260427
15000,252262
15001,242859
15002,235809
15003,226519
15004,217125
15005,207665
15006,198248
15007,188908
15008,179640
15009,170569
15010,161169
15011,151860
15012,142426
15013,133085
15014,123726
15015,117007
15016,109504
15017,100066
15018,90720
15019,81352
15020,72023
15021,62605
15022,53365
15023,44009
15024,34628
15025,25468
15026,16306
15027,6880
15028,1190288
15029,1181225
15030,1172130
15031,1162928
15032,1155460
15033,1146190
15034,1136843
15035,1130673
15036,1120789
15037,1110888
15038,1100988
15039,1091103
15040,1081202
15041,1074982
15042,1065668
15043,1056332
15044,1047137
15045,1037729
15046,1028414
15047,1020909
15048,1011045
15049,1001693
15050,992508
15051,983372
15052,974110
15053,993893
15054,983963
15055,974066
15056,964162
15057,954231
15058,944290
15059,934395
15060,924450
15061,914501
15062,904594
15063,894663
15064,884712
15065,874805
15066,864905
15067,854959
15068,845047
15069,835146
15070,825193
15071,815296
15072,805355
15073,798081
15074,788112
15075,778256
15076,768309
15077,758405
15078,748481
15079,738559
15080,728658
15081,718715
15082,708763
15083,699247
15084,689923
15085,680615
15086,671207
15087,661866
15088,652468
15089,643386
15090,634008
15091,624556
15092,617685
15093,608314
15094,598916
15095,589669
15096,581468
15097,572083
15098,562734
15099,553357
15100,544062
15101,534746
15102,525416
15103,516099
15104,506830
15105,500059
15106,490706
15107,481339
15108,471916
15109,462608
15110,453390
15111,444049
15112,435861
15113,428476
15114,418616
15115,408750
15116,398850
15117,390991
15118,382149
15119,372802
15120,363453
15121,354459
15122,345054
15123,335701
15124,326264
15125,316797
15126,307454
15127,298151
15128,289931
15129,280567
15130,273726
15131,264356
15132,254929
15133,245493
15134,236051
15135,226698
15136,217346
15137,208328
15138,199435
15139,190108
15140,180724
15141,171349
15142,161979
15143,155538
15144,147315
15145,138143
15146,128839
15147,119451
15148,110127
15149,100674
15150,93201
15151,83308
15152,75813
15153,65942
15154,56043
15155,46135
15156,37776
15157,28685
15158,19378
15159,10042
15160,1062567
15161,1053598
15162,1044428
15163,1035210
15164,1025963
15165,1016713
15166,1007381
15167,998143
15168,988837
15169,987129
15170,977899
15171,968832
15172,959496
15173,950312
15174,940995
15175,931652
15176,923807
15177,914023
15178,904151
15179,894337
15180,884443
15181,877169
15182,867325
15183,857427
15184,847577
15185,838432
15186,829015
15187,819679
15188,810329
15189,800970
15190,791657
15191,782382
15192,777604
15193,767757
15194,758137
15195,748843
15196,739357
15197,729976
15198,720594
15199,711176
15200,701951
15201,692901
15202,683595
15203,674242
15204,664908
15205,655514
15206,646259
15207,641565
15208,633565
15209,624223
15210,614802
15211,605406
15212,596177
15213,586796
15214,577438
15215,567972
15216,558630
15217,549763
15218,540482
15219,531202
15220,524540
15221,515236
15222,505899
15223,496574
15224,488531
15225,479132
15226,469877
15227,460497
15228,451161
15229,441854
15230,432451
15231,426091
15232,416209
15233,407237
15234,397829
15235,388486
15236,379157
15237,369704
15238,360336
15239,350927
15240,342655
15241,333331
15242,324128
15243,314850
15244,305470
15245,298568
15246,289366
15247,279967
15248,270612
15249,261607
15250,252128
15251,242767
15252,233350
15253,225333
15254,215429
15255,205499
15256,196893
15257,187549
15258,180823
15259,171460
15260,162080
15261,152957
15262,143630
15263,134214
15264,124849
15265,116282
15266,106905
15267,97588
15268,88291
15269,78987
15270,69667
15271,64591
15272,56575
15273,47205
15274,37955
15275,28536
15276,19487
15277,10127
15278,1058144
15279,1049052
15280,1039808
15281,1031288
15282,1022151
15283,1012852
15284,1009440
15285,1000103
15286,990892
15287,981059
15288,973073
15289,963234
15290,953387
15291,944027
15292,934640
15293,925332
15294,916030
15295,906791
15296,897614
15297,891756
15298,882473
15299,873245
15300,863930
15301,854652
15302,845537
15303,836189
15304,828224
15305,818991
15306,809750
15307,800489
15308,790636
15309,783485
15310,777358
15311,767575
15312,757677
15313,747794
15314,737909
15315,728019
15316,718114
15317,708230
15318,698306
15319,688366
15320,678449
15321,668518
15322,659378
15323,649612
15324,639838
15325,630568
15326,621260
15327,611953
15328,602635
15329,595370
15330,586009
15331,576690
15332,567296
15333,557957
15334,548676
15335,542014
15336,533919
15337,524548
15338,515258
15339,505898
15340,496455
15341,487188
15342,477821
15343,468410
15344,459012
15345,449962
15346,440778
15347,431531
15348,424655
15349,419112
15350,409260
15351,399416
15352,389527
15353,379624
15354,369727
15355,361780
15356,351869
15357,341949
15358,332015
15359,322457
15360,313178
15361,306649
15362,297536
15363,288367
15364,279026
15365,269629
15366,260302
15367,251051
15368,242909
15369,233667
15370,224363
15371,215118
15372,205728
15373,198934
15374,189797
15375,180445
15376,171014
15377,162099
15378,152709
15379,143346
15380,134027
15381,124656
15382,115244
15383,106008
15384,98337
15385,88934
15386,82384
15387,73056
15388,63823
15389,56389
15390,46576
15391,36674
15392,26782
15393,17409
15394,8003
15395,1053254
15396,1043968
15397,1034571
15398,1025268
15399,1019093
15400,1010954
15401,1001559
15402,992268
15403,982894
15404,973639
15405,964380
15406,955224
15407,945828
15408,936432
15409,927334
15410,918072
15411,908647
15412,901818
15413,892446
15414,883045
15415,873634
15416,865658
15417,856308
15418,846901
15419,837640
15420,828308
15421,818919
15422,809550
15423,800208
15424,790869
15425,784195
15426,774846
15427,765000
15428,755142
15429,749691
15430,739841
15431,730107
15432,720253
15433,710386
15434,700482
15435,690622
15436,680712
15437,670801
15438,661303
15439,651945
15440,642647
15441,633612
15442,624209
15443,614866
15444,605468
15445,596037
15446,586646
15447,577237
15448,568882
15449,559468
15450,553511
15451,544188
15452,534705
15453,525359
15454,516023
15455,506607
15456,497287
15457,488159
15458,479967
15459,470036
15460,460133
15461,450827
15462,441406
15463,435374
15464,427103
15465,417661
15466,408251
15467,398888
15468,391445
15469,381562
15470,371669
15471,361771
15472,352027
15473,342940
15474,333503
15475,324130
15476,317042
15477,307635
15478,298162
15479,288612
15480,280277
15481,270859
15482,261370
15483,252020
15484,242632
15485,233289
15486,223863
15487,214661
15488,205314
15489,198555
15490,189137
15491,179748
15492,170314
15493,160903
15494,151545
15495,142193
15496,133740
15497,124349
15498,114920
15499,105547
15500,96402
15501,89565
15502,80143
15503,70763
15504,61396
15505,52321
15506,42888
15507,33519
15508,26055
15509,16240
15510,6379
15511,1049877
15512,1041754
15513,1032368
15514,1026331
15515,1016924
15516,1007452
15517,997934
15518,988492
15519,979037
15520,969656
15521,960667
15522,951244
15523,941771
15524,932486
15525,923114
15526,913679
15527,906758
15528,898480
15529,889039
15530,879589
15531,870178
15532,860711
15533,851407
15534,841999
15535,832627
15536,823293
15537,814157
15538,804779
15539,795361
15540,788180
15541,778773
15542,769316
15543,759818
15544,751680
15545,742260
15546,732908
15547,725629
15548,715771
15549,705918
15550,695995
15551,686080
15552,676434
15553,670745
15554,661383
15555,651894
15556,642441
15557,632992
15558,623562
15559,614192
15560,606035
15561,596490
15562,587116
15563,577600
15564,568243
15565,561209
15566,551864
15567,542364
15568,532930
15569,523780
15570,514374
15571,505009
15572,495583
15573,486209
15574,476813
15575,467341
15576,458959
15577,449660
15578,442623
15579,433130
15580,423682
15581,414308
15582,404872
15583,395581
15584,386229
15585,377108
15586,367830
15587,360380
15588,350557
15589,340688
15590,330822
15591,323133
15592,315038
15593,305690
15594,296284
15595,286891
15596,277473
15597,267936
15598,258593
15599,249225
15600,239899
15601,230756
15602,221433
15603,212036
15604,205008
15605,195886
15606,186393
15607,176952
15608,168599
15609,159230
15610,149779
15611,140439
15612,130924
15613,121558
15614,112381
15615,103027
15616,93643
15617,86922
15618,77673
15619,68244
15620,58876
15621,49381
15622,39956
15623,30676
15624,22326
15625,13126
15626,3898
15627,1242905
15628,1233210
15629,1223331
15630,1213406
15631,1203474
15632,1193558
15633,1183686
15634,1173747
15635,1163824
15636,1153921
15637,1143999
15638,1134089
15639,1124148
15640,1114215
15641,1104277
15642,1094340
15643,1084430
15644,1074516
15645,1064581
15646,1054638
15647,1044713
15648,1034786
15649,1024839
15650,1014919
15651,1004984
15652,995047
15653,985146
15654,975209
15655,966760
15656,956872
15657,946937
15658,936992
15659,927082
15660,917150
15661,907243
15662,899301
15663,889363
15664,886809
15665,876907
15666,867005
15667,857125
15668,847209
15669,837278
15670,827365
15671,817460
15672,807520
15673,797579
15674,787661
15675,777766
15676,767824
15677,757907
15678,747978
15679,738033
15680,728141
15681,718196
15682,708257
15683,698341
15684,688406
15685,678460
15686,668541
15687,658615
15688,648667
15689,638750
15690,628815
15691,618879
15692,608964
15693,599027
15694,589089
15695,579173
15696,569237
15697,559299
15698,549374
15699,539448
15700,529499
15701,519551
15702,509608
15703,499670
15704,492012
15705,482104
15706,472199
15707,462292
15708,452359
15709,442411
15710,432501
15711,422576
15712,412634
15713,402718
15714,392781
15715,382842
15716,372910
15717,362987
15718,353040
15719,327506
15720,327438
15721,323206
15722,313288
15723,303365
15724,293418
15725,283501
15726,273569
15727,263621
15728,253700
15729,243769
15730,233821
15731,223906
15732,213972
15733,204026
15734,194108
15735,184165
15736,174259
15737,164352
15738,154416
15739,144475
15740,134556
15741,124627
15742,1191167
15743,1186247
15744,1176341
15745,1169074
15746,1159854
15747,1150431
15748,1141043
15749,1131603
15750,1109668
15751,1109687
15752,1104354
15753,1097209
15754,1087829
15755,1078482
15756,1069052
15757,1062745
15758,1053356
15759,1043916
15760,1034436
15761,1025340
15762,1016173
15763,1006645
15764,998995
15765,989100
15766,979163
15767,969244
15768,960632
15769,951187
15770,944063
15771,934673
15772,925259
15773,915746
15774,906316
15775,896855
15776,887433
15777,878300
15778,868830
15779,859599
15780,850229
15781,843450
15782,833622
15783,824228
15784,815901
15785,806479
15786,797014
15787,787485
15788,777987
15789,768546
15790,759114
15791,749744
15792,740394
15793,731214
15794,721859
15795,712438
15796,705363
15797,695916
15798,686460
15799,676923
15800,668485
15801,659073
15802,649640
15803,640145
15804,630722
15805,621528
15806,612216
15807,602858
15808,593399
15809,586596
15810,577127
15811,567690
15812,558206
15813,548742
15814,539251
15815,529923
15816,521647
15817,512326
15818,502549
15819,492687
15820,485221
15821,475332
15822,465396
15823,455450
15824,445548
15825,435731
15826,425868
15827,416008
15828,406069
15829,396131
15830,386615
15831,377114
15832,368852
15833,359405
15834,352243
15835,342898
15836,333511
15837,324018
15838,314497
15839,305103
15840,295581
15841,286541
15842,277091
15843,267668
15844,258223
15845,248736
15846,239279
15847,233111
15848,224787
15849,215357
15850,205973
15851,196589
15852,187161
15853,177813
15854,168452
15855,159137
15856,149611
15857,140798
15858,131428
15859,122038
15860,115076
15861,105899
15862,96465
15863,87072
15864,78797
15865,69393
15866,60050
15867,51938
15868,42001
15869,32072
15870,22749
15871,13395
15872,4035
15873,1053800
15874,1044607
15875,1035355
15876,1025982
15877,1016759
15878,1007230
15879,997804
15880,989524
15881,980216
15882,970764
15883,961513
15884,952142
15885,945378
15886,935960
15887,926584
15888,917152
15889,901225
15890,876748
15891,876761
15892,876757
15893,842354
15894,842421
15895,842449
15896,776363
15897,776404
15898,786516
15899,790990
15900,790967
15901,790992
15902,791025
15903,776143
15904,776097
15905,766506
15906,756615
15907,746675
15908,736762
15909,726827
15910,716884
15911,708579
15912,701530
15913,692026
15914,682626
15915,673245
15916,663786
15917,654390
15918,645002
15919,635539
15920,626053
15921,616970
15922,607429
15923,597999
15924,590856
15925,581526
15926,572086
15927,562511
15928,554344
15929,544812
15930,535417
15931,526093
15932,516576
15933,507183
15934,497819
15935,488412
15936,478909
15937,472041
15938,462606
15939,455206
15940,445318
15941,435467
15942,425567
15943,415619
15944,406751
15945,397314
15946,387767
15947,378337
15948,368942
15949,361752
15950,352372
15951,342525
15952,332954
15953,323903
15954,314491
15955,304962
15956,295556
15957,286186
15958,276721
15959,267331
15960,259048
15961,249664
15962,242566
15963,233181
15964,223789
15965,214427
15966,204942
15967,195567
15968,186329
15969,177223
15970,169016
15971,159104
15972,149168
15973,139708
15974,130348
15975,123255
15976,115073
15977,106187
15978,98845
15979,88974
15980,79118
15981,69223
15982,59318
15983,49790
15984,40477
15985,31359
15986,21982
15987,12739
15988,5674
15989,1052381
15990,1043078
15991,1033767
15992,1025890
15993,1016388
15994,1006966
15995,997592
15996,988193
15997,978782
15998,969403
15999,959930
16000,950368
16001,946460
16002,937209
16003,927978
16004,918651
16005,909175
16006,899746
16007,890283
16008,881891
16009,872531
16010,863119
16011,853796
16012,844334
16013,837566
16014,828244
16015,818652
16016,809143
16017,800058
16018,793413
16019,783553
16020,773666
16021,763768
16022,753911
16023,744007
16024,734744
16025,725315
16026,719813
16027,710504
16028,701032
16029,691506
16030,682051
16031,672530
16032,662982
16033,653805
16034,644316
16035,634817
16036,625356
16037,615992
16038,606600
16039,600598
16040,592367
16041,582913
16042,573534
16043,564124
16044,554706
16045,545266
16046,536018
16047,526625
16048,517234
16049,508207
16050,498765
16051,489356
16052,482173
16053,472780
16054,463252
16055,453774
16056,445516
16057,437959
16058,428127
16059,418230
16060,408341
16061,398449
16062,388849
16063,379500
16064,370274
16065,363219
16066,353730
16067,344280
16068,334828
16069,325351
16070,315852
16071,306363
16072,298277
16073,288632
16074,279261
16075,269785
16076,260417
16077,253237
16078,243900
16079,234387
16080,224811
16081,215571
16082,206144
16083,196664
16084,187481
16085,178085
16086,168718
16087,159224
16088,150780
16089,141449
16090,134154
16091,124806
16092,115793
16093,106348
16094,96878
16095,87345
16096,77928
16097,70546
16098,60681
16099,50790
16100,40889
16101,31341
16102,21961
16103,15094
16104,6892
16105,1053554
16106,1044342
16107,1035053
16108,1025534
16109,1016116
16110,1006735
16111,997274
16112,987772
16113,978893
16114,969521
16115,960021
16116,955570
16117,946200
16118,936789
16119,927286
16120,919121
16121,909604
16122,897307
16123,890658
16124,881268
16125,871808
16126,862343
16127,852862
16128,843424
16129,836790
16130,827396
16131,817954
16132,808597
16133,799274
16134,789797
16135,780262
16136,771962
16137,764967
16138,755067
16139,745213
16140,735310
16141,727101
16142,717631
16143,708042
16144,700098
16145,691094
16146,681722
16147,672142
16148,662680
16149,653057
16150,643650
16151,634292
16152,625801
16153,616276
16154,609281
16155,599920
16156,590372
16157,580975
16158,571559
16159,562153
16160,552703
16161,543456
16162,533999
16163,524603
16164,515239
16165,505838
16166,496353
16167,489023
16168,480609
16169,471032
16170,461535
16171,451926
16172,442492
16173,433015
16174,425443
16175,415581
16176,408015
16177,398132
16178,388273
16179,378378
16180,369401
16181,360157
16182,350463
16183,340984
16184,332886
16185,323475
16186,314146
16187,304737
16188,295355
16189,285884
16190,276457
16191,267189
16192,257644
16193,250654
16194,241120
16195,231733
16196,222267
16197,212785
16198,203343
16199,194043
16200,185506
16201,176028
16202,166536
16203,157045
16204,147583
16205,140234
16206,130809
16207,121337
16208,111872
16209,103161
16210,93809
16211,84405
16212,74969
16213,65581
16214,56159
16215,46751
16216,39314
16217,29449
16218,21669
16219,12393
16220,3017
16221,1047029
16222,1037623
16223,1028255
16224,1018812
16225,1009624
16226,1000302
16227,990863
16228,981347
16229,971923
16230,962404
16231,956525
16232,948788
16233,939235
16234,929773
16235,920222
16236,910686
16237,901058
16238,891603
16239,882033
16240,872541
16241,863477
16242,854005
16243,844572
16244,837543
16245,828070
16246,818470
16247,808992
16248,800484
16249,790943
16250,781498
16251,772056
16252,762661
16253,753242
16254,743786
16255,737012
16256,727203
16257,717737
16258,708221
16259,698764
16260,689156
16261,679572
16262,670282
16263,661950
16264,653464
16265,644014
16266,634605
16267,625009
16268,615637
16269,608208
16270,598758
16271,589282
16272,579733
16273,570507
16274,561023
16275,551627
16276,542268
16277,534151
16278,524220
16279,514308
16280,505413
16281,496028
16282,488650
16283,479159
16284,469594
16285,460082
16286,450736
16287,441312
16288,431825
16289,422800
16290,413316
16291,403977
16292,394544
16293,385075
16294,375702
16295,368517
16296,360024
16297,350161
16298,340335
16299,330475
16300,320535
16301,310629
16302,301075
16303,291691
16304,282207
16305,272955
16306,263540
16307,253985
16308,246729
16309,237398
16310,228025
16311,218540
16312,210553
16313,201073
16314,191628
16315,182210
16316,172847
16317,163314
16318,153840
16319,144497
16320,134946
16321,127829
16322,118366
16323,108825
16324,99468
16325,90262
16326,80865
16327,71448
16328,63098
16329,53715
16330,44220
16331,34796
16332,25409
16333,18315
16334,9065
16335,1052587
16336,1043158
16337,1034183
16338,1024821
16339,1015337
16340,1005999
16341,996561
16342,987111
16343,977657
16344,969208
16345,959843
16346,953118
16347,943772
16348,934220
16349,924842
16350,915409
16351,905506
16352,895978
16353,886785
16354,877233
16355,867824
16356,858355
16357,848925
16358,839535
16359,832488
16360,824162
16361,814601
16362,805115
16363,795639
16364,786127
16365,776597
16366,767064
16367,757661
16368,748261
16369,738994
16370,729517
16371,720046
16372,712762
16373,703404
16374,696131
16375,686228
16376,676384
16377,666539
16378,657103
16379,648877
16380,638948
16381,629050
16382,619358
16383,611021
16384,601567
16385,594883
16386,585384
16387,575931
16388,566425
16389,557027
16390,547559
16391,538215
16392,529695
16393,520279
16394,510907
16395,501452
16396,492022
16397,484716
16398,475252
16399,465759
16400,456321
16401,447218
16402,437777
16403,428356
16404,418916
16405,409526
16406,400061
16407,390591
16408,382129
16409,372746
16410,365607
16411,356272
16412,346937
16413,339334
16414,329469
16415,319627
16416,309768
16417,299963
16418,290645
16419,281252
16420,271727
16421,262379
16422,252981
16423,246611
16424,238375
16425,228955
16426,219521
16427,210028
16428,200581
16429,191075
16430,181666
16431,172258
16432,162902
16433,153700
16434,144321
16435,134885
16436,127771
16437,118417
16438,109058
16439,99736
16440,91707
16441,82313
16442,72916
16443,63580
16444,54108
16445,44700
16446,35307
16447,25918
16448,16627
16449,11468
16450,2244
16451,1115286
16452,1105992
16453,1096596
16454,1089736
16455,1079859
16456,1069959
16457,1060443
16458,1051734
16459,1042285
16460,1032838
16461,1028287
16462,1019030
16463,1009589
16464,1000094
16465,991007
16466,981554
16467,972155
16468,962668
16469,953112
16470,943631
16471,934178
16472,925802
16473,917006
16474,910683
16475,901279
16476,891781
16477,882317
16478,872822
16479,863290
16480,853833
16481,846453
16482,836511
16483,826575
16484,816627
16485,806944
16486,797591
16487,790628
16488,782274
16489,772762
16490,763256
16491,753723
16492,746287
16493,736411
16494,726509
16495,716613
16496,706715
16497,697482
16498,688048
16499,678604
16500,671340
16501,661841
16502,652477
16503,643054
16504,634579
16505,625223
16506,615832
16507,606332
16508,596872
16509,587547
16510,578223
16511,568695
16512,559263
16513,552410
16514,542927
16515,533512
16516,523956
16517,514624
16518,505347
16519,495944
16520,487535
16521,478101
16522,468772
16523,459368
16524,449869
16525,442602
16526,433260
16527,423767
16528,414264
16529,405036
16530,395559
16531,388369
16532,378496
16533,368645
16534,358745
16535,348894
16536,339938
16537,330459
16538,323197
16539,313801
16540,304349
16541,294934
16542,285508
16543,276044
16544,266644
16545,257712
16546,248232
16547,238874
16548,229456
16549,219934
16550,210521
16551,202825
16552,194518
16553,184662
16554,174800
16555,165284
16556,155905
16557,146925
16558,137553
16559,128144
16560,118670
16561,109590
16562,100089
16563,90685
16564,83829
16565,74373
16566,64980
16567,55620
16568,47425
16569,38061
16570,28668
16571,21342
16572,11533
16573,1056981
16574,1047835
16575,1038441
16576,1029092
16577,1025917
16578,1016648
16579,1007195
16580,997799
16581,988422
16582,978916
16583,971398
16584,961495
16585,951799
16586,942403
16587,933037
16588,923591
16589,916626
16590,907236
16591,897776
16592,888336
16593,879204
16594,869670
16595,860256
16596,850860
16597,841421
16598,831957
16599,822567
16600,814175
16601,804711
16602,797374
16603,787988
16604,778526
16605,769023
16606,759550
16607,750152
16608,740769
16609,731615
16610,726214
16611,716312
16612,706462
16613,696621
16614,686729
16615,678240
16616,671613
16617,662179
16618,652748
16619,643335
16620,633856
16621,624412
16622,615056
16623,605612
16624,596190
16625,575278
16626,575305
16627,553119
16628,555573
16629,550716
16630,541197
16631,531660
16632,523183
16633,513760
16634,504402
16635,494941
16636,485421
16637,476005
16638,466663
16639,457156
16640,447730
16641,440704
16642,431220
16643,421678
16644,412192
16645,402748
16646,393306
16647,383877
16648,375525
16649,366130
16650,358709
16651,348876
16652,339031
16653,330687
16654,321281
16655,311859
16656,302393
16657,293167
16658,283655
16659,274232
16660,264897
16661,255485
16662,246001
16663,236559
16664,228174
16665,218661
16666,211755
16667,202456
16668,192918
16669,183440
16670,174018
16671,164593
16672,155166
16673,146045
16674,136617
16675,127217
16676,117855
16677,108491
16678,99603
16679,92623
16680,84295
16681,74775
16682,65274
16683,55829
16684,46437
16685,37015
16686,29381
16687,19483
16688,9556
16689,1058887
16690,1055195
16691,1045352
16692,1036586
16693,1027188
16694,1017824
16695,1015045
16696,1007013
16697,998265
16698,988927
16699,979598
16700,970262
16701,960862
16702,951438
16703,942067
16704,932575
16705,926315
16706,916927
16707,907494
16708,898170
16709,888758
16710,879264
16711,869902
16712,861557
16713,852126
16714,842686
16715,833264
16716,823949
16717,816966
16718,807551
16719,783760
16720,783747
16721,779341
16722,769826
16723,760400
16724,751058
16725,741580
16726,732131
16727,722738
16728,714453
16729,706950
16730,697897
16731,688527
16732,679066
16733,674976
16734,665797
16735,656381
16736,647018
16737,637969
16738,628604
16739,619202
16740,609752
16741,600328
16742,590845
16743,583987
16744,575645
16745,566284
16746,556838
16747,547455
16748,537955
16749,528594
16750,508959
16751,509399
16752,500434
16753,491339
16754,482035
16755,472614
16756,465434
16757,456076
16758,446580
16759,437174
16760,428946
16761,419534
16762,410236
16763,400858
16764,391611
16765,382329
16766,372940
16767,363621
16768,356257
16769,347408
16770,338055
16771,328656
16772,319413
16773,315057
16774,305843
16775,296589
16776,288303
16777,278821
16778,269413
16779,260004
16780,250548
16781,243806
16782,234490
16783,224958
16784,215695
16785,206555
16786,197130
16787,187691
16788,178246
16789,170300
16790,160388
16791,150449
16792,141686
16793,132887
16794,126103
16795,116662
16796,107340
16797,97876
16798,88297
16799,78926
16800,69463
16801,60312
16802,50950
16803,41591
16804,32275
16805,23095
16806,13717
16807,7866
16808,1065172
16809,1059324
16810,1049440
16811,1039549
16812,1029624
16813,1019682
16814,1009782
16815,999842
16816,989903
16817,980583
16818,971197
16819,961780
16820,957488
16821,948071
16822,938697
16823,929292
16824,920961
16825,911524
16826,902056
16827,892604
16828,883081
16829,873639
16830,864209
16831,854741
16832,845307
16833,838627
16834,829072
16835,819670
16836,810131
16837,800701
16838,791326
16839,781928
16840,773522
16841,764099
16842,754726
16843,745306
16844,735905
16845,728726
16846,719386
16847,712165
16848,702335
16849,692511
16850,682618
16851,672719
16852,662865
16853,653378
16854,643845
16855,634438
16856,625957
16857,616542
16858,609337
16859,599877
16860,590391
16861,580827
16862,571285
16863,561820
16864,552419
16865,549611
16866,540321
16867,530825
16868,521483
16869,512070
16870,502557
16871,495678
16872,487289
16873,477680
16874,468242
16875,458764
16876,449226
16877,439670
16878,430287
16879,420712
16880,411278
16881,402159
16882,392698
16883,383365
16884,376290
16885,366793
16886,357345
16887,349532
16888,339687
16889,329961
16890,320558
16891,302056
16892,302078
16893,268802
16894,268742
16895,268754
16896,197681
16897,199699
16898,199759
16899,199765
16900,199764
16901,199791
16902,199708
16903,184685
16904,186065
16905,177953
16906,168393
16907,158863
16908,149353
16909,142089
16910,132691
16911,123222
16912,113677
16913,104578
16914,95520
16915,85997
16916,76720
16917,66895
16918,59003
16919,49544
16920,41106
16921,31652
16922,24827
16923,15588
16924,6211
16925,1052378
16926,1043017
16927,1037975
16928,1028112
16929,1018216
16930,1008322
16931,998436
16932,988541
16933,978611
16934,968705
16935,964095
16936,956042
16937,946715
16938,937284
16939,927858
16940,918314
16941,908887
16942,899507
16943,890063
16944,880577
16945,872998
16946,863780
16947,854342
16948,847739
16949,838355
16950,828997
16951,819052
16952,810740
16953,801297
16954,791737
16955,782298
16956,772836
16957,763344
16958,753944
16959,744550
16960,735193
16961,728522
16962,719034
16963,709656
16964,700149
16965,690698
16966,683616
16967,673747
16968,663863
16969,654057
16970,644631
16971,635320
16972,625916
16973,618779
16974,609375
16975,599876
16976,590402
16977,581309
16978,571930
16979,562570
16980,553171
16981,543765
16982,534284
16983,524795
16984,516362
16985,506988
16986,499715
16987,490293
16988,480798
16989,471372
16990,461988
16991,452578
16992,443205
16993,434065
16994,426656
16995,416722
16996,406795
16997,396883
16998,387272
16999,381026
17000,372697
17001,363238
17002,353748
17003,344287
17004,334881
17005,327951
17006,318070
17007,308178
17008,298273
17009,288372
17010,278658
17011,269240
17012,262248
17013,252909
17014,243478
17015,234007
17016,225722
17017,216303
17018,206986
17019,197567
17020,188195
17021,178676
17022,169228
17023,159824
17024,150359
17025,143493
17026,134109
17027,124645
17028,115135
17029,105611
17030,96495
17031,86923
17032,78641
17033,69191
17034,59737
17035,50181
17036,40901
17037,33317
17038,23475
17039,13613
17040,1198320
17041,1189151
17042,1179981
17043,1170519
17044,1160976
17045,1156171
17046,1146324
17047,1136427
17048,1126521
17049,1116648
17050,1111025
17051,1101716
17052,1092314
17053,1082780
17054,1073266
17055,1063965
17056,1054475
17057,1045316
17058,1035819
17059,1026320
17060,1016797
17061,1007328
17062,997831
17063,990568
17064,982017
17065,972439
17066,962887
17067,953370
17068,943970
17069,934647
17070,925465
17071,916030
17072,906621
17073,897492
17074,887951
17075,878436
17076,870913
17077,861429
17078,851871
17079,842427
17080,833961
17081,824451
17082,814985
17083,807564
17084,797713
17085,787859
17086,777918
17087,768015
17088,758162
17089,750985
17090,741556
17091,732101
17092,722615
17093,713211
17094,703762
17095,694419
17096,686334
17097,676469
17098,666976
17099,657532
17100,648038
17101,640491
17102,631056
17103,621535
17104,612063
17105,602838
17106,593266
17107,583901
17108,574522
17109,564999
17110,555416
17111,545912
17112,537259
17113,527743
17114,520112
17115,510645
17116,501064
17117,491563
17118,482024
17119,472468
17120,463009
17121,453757
17122,444286
17123,436850
17124,427001
17125,417153
17126,407261
17127,398461
17128,389953
17129,380567
17130,371022
17131,361470
17132,351984
17133,343073
17134,333603
17135,324028
17136,314525
17137,305188
17138,295636
17139,286134
17140,278425
17141,268984
17142,259487
17143,249989
17144,241824
17145,232285
17146,222817
17147,213264
17148,203814
17149,194262
17150,184799
17151,175209
17152,165682
17153,158604
17154,149106
17155,139573
17156,130036
17157,120444
17158,110939
17159,101553
17160,92965
17161,83399
17162,76180
17163,66317
17164,56435
17165,46985
17166,37190
17167,1087368
17168,1077620
17169,1068421
17170,1058608
17171,1048758
17172,1039666
17173,1030210
17174,1020802
17175,1011346
17176,1002927
17177,993493
17178,989119
17179,979690
17180,970250
17181,960802
17182,951396
17183,941932
17184,932521
17185,923333
17186,913967
17187,904462
17188,895058
17189,885583
17190,876050
17191,869695
17192,861326
17193,851763
17194,842300
17195,832751
17196,823292
17197,813679
17198,805889
17199,795958
17200,786011
17201,778958
17202,769076
17203,759135
17204,749675
17205,740121
17206,730581
17207,721091
17208,712538
17209,703057
17210,693671
17211,684220
17212,674793
17213,665395
17214,655940
17215,646573
17216,637122
17217,629727
17218,620249
17219,610719
17220,601357
17221,591844
17222,582430
17223,573006
17224,564428
17225,554904
17226,545604
17227,536175
17228,526629
17229,519072
17230,509638
17231,500198
17232,490745
17233,481470
17234,471936
17235,462353
17236,452964
17237,443565
17238,433974
17239,424396
17240,415902
17241,408625
17242,398828
17243,389373
17244,379822
17245,370251
17246,360689
17247,351146
17248,341560
17249,332241
17250,322746
17251,313213
17252,303683
17253,294077
17254,284569
17255,277136
17256,268536
17257,258946
17258,249483
17259,239942
17260,230394
17261,220827
17262,211425
17263,201808
17264,192302
17265,183032
17266,173462
17267,163946
17268,156349
17269,146817
17270,137239
17271,127712
17272,119298
17273,109744
17274,100640
17275,91026
17276,81474
17277,71883
17278,62305
17279,52969
17280,45543
17281,35684
17282,25822
17283,15920
17284,1062606
17285,1052887
17286,1043012
17287,1033605
17288,1025514
17289,1016018
17290,1006521
17291,997130
17292,987539
17293,982317
17294,972967
17295,963419
17296,953961
17297,944754
17298,935255
17299,925723
17300,918013
17301,908113
17302,898323
17303,888376
17304,879160
17305,869676
17306,862288
17307,852805
17308,843339
17309,833733
17310,824227
17311,814831
17312,805354
17313,796083
17314,786561
17315,777150
17316,767586
17317,758031
17318,748638
17319,741403
17320,732706
17321,723242
17322,713829
17323,704275
17324,694822
17325,685245
17326,675807
17327,666317
17328,656856
17329,647735
17330,638258
17331,628695
17332,621209
17333,611654
17334,602083
17335,592554
17336,583898
17337,574347
17338,564833
17339,555206
17340,545633
17341,536076
17342,526503
17343,517000
17344,507427
17345,500118
17346,490625
17347,481081
17348,471574
17349,462065
17350,452507
17351,442946
17352,434168
17353,424601
17354,415030
17355,405460
17356,395838
17357,388222
17358,378821
17359,371431
17360,361571
17361,351704
17362,341796
17363,331919
17364,322089
17365,312166
17366,302607
17367,292963
17368,284301
17369,274681
17370,267193
17371,257771
17372,248270
17373,238726
17374,229190
17375,219725
17376,210205
17377,200956
17378,191416
17379,181846
17380,172268
17381,162691
17382,153137
17383,146315
17384,137731
17385,128176
17386,118615
17387,109145
17388,99590
17389,90339
17390,80801
17391,71232
17392,61676
17393,52333
17394,42887
17395,1089758
17396,1084619
17397,1074801
17398,1064918
17399,1060504
17400,1050627
17401,1040714
17402,1030800
17403,1022646
17404,1012707
17405,1002806
17406,992917
17407,983013
17408,973109
17409,963185
17410,953521
17411,943965
17412,934480
17413,925033
17414,915709
17415,906200
17416,897687
17417,888212
17418,878766
17419,869259
17420,859732
17421,852214
17422,842011
17423,825493
17424,823729
17425,814437
17426,804921
17427,795358
17428,785886
17429,776425
17430,766887
17431,757353
17432,748618
17433,739136
17434,731581
17435,722085
17436,712559
17437,705774
17438,695924
17439,686060
17440,676162
17441,666257
17442,656387
17443,646479
17444,636575
17445,626702
17446,617065
17447,609565
17448,600933
17449,591383
17450,581797
17451,572232
17452,562656
17453,553084
17454,543606
17455,534017
17456,524528
17457,515194
17458,505636
17459,496004
17460,488478
17461,478879
17462,469335
17463,459707
17464,427708
17465,427732
17466,427752
17467,421484
17468,411900
17469,402378
17470,392762
17471,383305
17472,373756
17473,366449
17474,356979
17475,347384
17476,337833
17477,330515
17478,320656
17479,310801
17480,300939
17481,291033
17482,281136
17483,271523
17484,262010
17485,254365
17486,244844
17487,235246
17488,225745
17489,216497
17490,206991
17491,197402
17492,187800
17493,178285
17494,168651
17495,159095
17496,150510
17497,140936
17498,133325
17499,123872
17500,114249
17501,104681
17502,95079
17503,85836
17504,76306
17505,66944
17506,58773
17507,1176930
17508,1167296
17509,1157437
17510,1147909
17511,1150033
17512,1146506
17513,1136902
17514,1128139
17515,1119432
17516,1114111
17517,1104242
17518,1094300
17519,1084975
17520,1076179
17521,1068117
17522,1059470
17523,1050728
17524,1047195
17525,1038948
17526,1030285
17527,1021685
17528,1015686
17529,1006925
17530,998077
17531,989390
17532,980578
17533,971828
17534,963235
17535,954430
17536,945639
17537,941927
17538,932697
17539,923281
17540,913862
17541,904315
17542,894709
17543,885105
17544,876457
17545,866866
17546,857366
17547,847894
17548,838413
17549,830975
17550,821459
17551,811985
17552,802422
17553,793147
17554,785577
17555,775703
17556,765844
17557,755952
17558,746113
17559,736736
17560,728081
17561,718638
17562,710925
17563,701526
17564,692060
17565,682622
17566,673157
17567,663755
17568,654265
17569,648054
17570,638283
17571,628429
17572,618527
17573,608626
17574,598727
17575,591184
17576,582640
17577,573121
17578,563570
17579,554079
17580,544516
17581,534906
17582,525460
17583,515911
17584,506501
17585,497252
17586,487819
17587,478404
17588,471066
17589,461610
17590,452172
17591,442678
17592,434059
17593,426544
17594,416686
17595,406788
17596,396891
17597,386996
17598,377094
17599,367540
17600,358019
17601,350860
17602,341448
17603,331950
17604,322486
17605,312960
17606,303429
17607,293899
17608,285774
17609,275873
17610,266177
17611,256602
17612,247110
17613,239630
17614,230294
17615,221222
17616,211746
17617,202535
17618,192981
17619,183490
17620,173888
17621,164420
17622,162457
17623,153293
17624,144668
17625,135160
17626,128086
17627,118567
17628,108879
17629,99417
17630,89810
17631,80156
17632,70545
17633,63119
17634,53266
17635,43378
17636,33497
17637,23587
17638,13672
17639,6209
17640,1170286
17641,1160829
17642,1151279
17643,1141594
17644,1131956
17645,1122297
17646,1112639
17647,1103068
17648,1093450
17649,1083975
17650,1074293
17651,1064698
17652,1057200
17653,1047558
17654,1037924
17655,1028247
17656,1019339
17657,1009835
17658,1000228
17659,990692
17660,981118
17661,971452
17662,961838
17663,952279
17664,942699
17665,935066
17666,926021
17667,916331
17668,906727
17669,897090
17670,887417
17671,877734
17672,872668
17673,862768
17674,852905
17675,843037
17676,833096
17677,823162
17678,813257
17679,803326
17680,793375
17681,783903
17682,774184
17683,764466
17684,754857
17685,745284
17686,735568
17687,725942
17688,716937
17689,707244
17690,699520
17691,689793
17692,680153
17693,670510
17694,660770
17695,651156
17696,641548
17697,631960
17698,622241
17699,612689
17700,602976
17701,593258
17702,583636
17703,575690
17704,566880
17705,557124
17706,547481
17707,537855
17708,528297
17709,518556
17710,510853
17711,503445
17712,493557
17713,483665
17714,473786
17715,463845
17716,453899
17717,443980
17718,434060
17719,424112
17720,406672
17721,405139
17722,395583
17723,386027
17724,376339
17725,366738
17726,357169
17727,347528
17728,337869
17729,330196
17730,320517
17731,310942
17732,301437
17733,291762
17734,282174
17735,272609
17736,263633
17737,253951
17738,244300
17739,234643
17740,224971
17741,217119
17742,207497
17743,197826
17744,188424
17745,178969
17746,169400
17747,159587
17748,149947
17749,140286
17750,122093
17751,122106
17752,112928
17753,103062
17754,94397
17755,84736
17756,75369
17757,65673
17758,56121
17759,46306
17760,36610
17761,27155
17762,17722
17763,7999
17764,1124505
17765,1115055
17766,1105379
17767,1098135
17768,1089507
17769,1079938
17770,1070388
17771,1060853
17772,1051166
17773,1041490
17774,1031845
17775,1022212
17776,1012659
17777,1003250
17778,993615
17779,983919
17780,976101
17781,966426
17782,956764
17783,947169
17784,938205
17785,928621
17786,919132
17787,909467
17788,899847
17789,890275
17790,883556
17791,873658
17792,863842
17793,853947
17794,844080
17795,834450
17796,824824
17797,815103
17798,805486
17799,795902
17800,787001
17801,777440
17802,767745
17803,758095
17804,752416
17805,744639
17806,736161
17807,726577
17808,716837
17809,707438
17810,697850
17811,688199
17812,678461
17813,670509
17814,660560
17815,650624
17816,640668
17817,630736
17818,622934
17819,613276
17820,603675
17821,593968
17822,584342
17823,574678
17824,565099
17825,555663
17826,545955
17827,536271
17828,526637
17829,519201
17830,509323
17831,516806
17832,507823
17833,498216
17834,488756
17835,478879
17836,469224
17837,459636
17838,449915
17839,440283
17840,430710
17841,421245
17842,411653
17843,402033
17844,394253
17845,384644
17846,374989
17847,365452
17848,356546
17849,346981
17850,337137
17851,327637
17852,318077
17853,308475
17854,298782
17855,289188
17856,279510
17857,271948
17858,262359
17859,252649
17860,242986
17861,233403
17862,223779
17863,214140
17864,205177
17865,195530
17866,185861
17867,176512
17868,169416
17869,180638
17870,171287
17871,161780
17872,152163
17873,142819
17874,133192
17875,123472
17876,114036
17877,104402
17878,94768
17879,85323
17880,76421
17881,66848
17882,59371
17883,49785
17884,40367
17885,30777
17886,21211
17887,11868
17888,2463
17889,1053134
17890,1043451
17891,1018498
17892,1018446
17893,981869
17894,982341
17895,984292
17896,985180
17897,912054
17898,912068
17899,912025
17900,912063
17901,912075
17902,912007
17903,912022
17904,895911
17905,896098
17906,889890
17907,880351
17908,873706
17909,863825
17910,853966
17911,844054
17912,835322
17913,825707
17914,816157
17915,808033
17916,798108
17917,788163
17918,778265
17919,768322
17920,758379
17921,750412
17922,740707
17923,731031
17924,721421
17925,711718
17926,702075
17927,692458
17928,683573
17929,673950
17930,664285
17931,654558
17932,644892
17933,637008
17934,627373
17935,617733
17936,608049
17937,598604
17938,588877
17939,579261
17940,569548
17941,559831
17942,550334
17943,540590
17944,531495
17945,521906
17946,514757
17947,505078
17948,497419
17949,487546
17950,477725
17951,467841
17952,457927
17953,447986
17954,438120
17955,428218
17956,418304
17957,408707
17958,399066
17959,391243
17960,382374
17961,372784
17962,363112
17963,353563
17964,343820
17965,334166
17966,324548
17967,314818
17968,305252
17969,295846
17970,286240
17971,276593
17972,268928
17973,259295
17974,249605
17975,240026
17976,231240
17977,221667
17978,212066
17979,202499
17980,192830
17981,183241
17982,173622
17983,163997
17984,154406
17985,146913
17986,137209
17987,129315
17988,119439
17989,109573
17990,99715
17991,89805
17992,80213
17993,70652
17994,61274
17995,51667
17996,42254
17997,34764
17998,25256
17999,15720
18000,6212
18001,1056735
18002,1047307
18003,1037873
18004,1028229
18005,1018713
18006,1009101
18007,999521
18008,990577
18009,980884
18010,973054
18011,963444
18012,953776
18013,944076
18014,934504
18015,924805
18016,915175
18017,907485
18018,897595
18019,887644
18020,877736
18021,867798
18022,857857
18023,850558
18024,841575
18025,831972
18026,822351
18027,814908
18028,805005
18029,795147
18030,785213
18031,775279
18032,765412
18033,755479
18034,745963
18035,736421
18036,728746
18037,719152
18038,709590
18039,699944
18040,690998
18041,681336
18042,671707
18043,662001
18044,652359
18045,642639
18046,632958
18047,623349
18048,613604
18049,606025
18050,596417
18051,586791
18052,577040
18053,567414
18054,557738
18055,548086
18056,539102
18057,529450
18058,519816
18059,510190
18060,500594
18061,492684
18062,483102
18063,473460
18064,463783
18065,454304
18066,446524
18067,436639
18068,426817
18069,416913
18070,407010
18071,397128
18072,387209
18073,377511
18074,369642
18075,360073
18076,350377
18077,340922
18078,331359
18079,321781
18080,312220
18081,302793
18082,293132
18083,283512
18084,273904
18085,264215
18086,254632
18087,246731
18088,237711
18089,228166
18090,218532
18091,208879
18092,199201
18093,189536
18094,179888
18095,170318
18096,160620
18097,151164
18098,141644
18099,131959
18100,124513
18101,114915
18102,105282
18103,95740
18104,87035
18105,77373
18106,69550
18107,59730
18108,49871
18109,39957
18110,30069
18111,20215
18112,10318
18113,1074112
18114,1064316
18115,1054434
18116,1044570
18117,1034646
18118,1024704
18119,1022549
18120,1012684
18121,1002789
18122,992912
18123,982987
18124,973058
18125,963171
18126,953222
18127,943277
18128,933385
18129,923480
18130,913534
18131,903624
18132,893717
18133,883779
18134,873872
18135,863965
18136,854033
18137,844111
18138,834208
18139,824265
18140,814350
18141,804407
18142,794464
18143,784552
18144,774612
18145,773429
18146,763583
18147,753670
18148,743738
18149,733842
18150,723901
18151,713996
18152,704117
18153,694179
18154,684229
18155,674351
18156,664447
18157,654492
18158,644607
18159,634702
18160,624776
18161,614899
18162,605017
18163,595084
18164,585197
18165,575243
18166,565335
18167,555438
18168,545530
18169,535620
18170,525714
18171,515806
18172,505880
18173,495965
18174,486022
18175,476070
18176,466164
18177,457546
18178,448022
18179,438443
18180,428819
18181,419231
18182,409616
18183,399949
18184,390899
18185,383204
18186,373327
18187,363421
18188,353505
18189,344394
18190,334791
18191,325158
18192,315548
18193,306122
18194,296443
18195,286804
18196,277096
18197,267431
18198,257811
18199,248179
18200,239149
18201,229655
18202,221682
18203,212121
18204,202526
18205,192829
18206,183278
18207,173610
18208,164018
18209,154621
18210,144957
18211,135269
18212,125664
18213,115961
18214,106257
18215,99344
18216,89458
18217,79976
18218,70487
18219,60821
18220,43491
18221,41642
18222,29143
18223,23753
18224,13844
18225,6213
18226,1053897
18227,1044545
18228,1036918
18229,1027392
18230,1017854
18231,1008173
18232,999188
18233,989562
18234,979962
18235,970273
18236,960614
18237,950978
18238,941321
18239,931786
18240,922217
18241,914516
18242,904898
18243,895273
18244,885605
18245,876067
18246,866378
18247,856901
18248,847986
18249,838410
18250,828737
18251,819175
18252,809535
18253,801640
18254,792102
18255,782386
18256,772797
18257,763416
18258,753937
18259,744424
18260,734825
18261,725179
18262,715525
18263,705940
18264,698850
18265,688945
18266,679969
18267,670377
18268,660675
18269,651029
18270,641363
18271,631785
18272,622160
18273,612713
18274,603054
18275,593397
18276,583778
18277,574102
18278,564449
18279,556668
18280,547644
18281,538006
18282,528372
18283,518765
18284,509153
18285,499520
18286,489839
18287,480218
18288,470593
18289,461163
18290,451520
18291,441920
18292,433990
18293,424477
18294,414839
18295,405221
18296,396296
18297,386652
18298,376996
18299,367387
18300,357791
18301,348171
18302,338578
18303,330684
18304,320781
18305,311558
18306,301954
18307,292344
18308,282724
18309,273149
18310,263508
18311,253926
18312,244959
18313,235380
18314,225764
18315,216148
18316,206509
18317,198657
18318,189110
18319,179399
18320,169782
18321,160369
18322,150689
18323,141036
18324,131504
18325,123330
18326,113419
18327,103479
18328,93522
18329,83947
18330,76192
18331,66673
18332,57135
18333,47426
18334,37825
18335,28239
18336,18589
18337,9223
18338,1052132
18339,1042470
18340,1032793
18341,1023217
18342,1013481
18343,1006642
18344,997566
18345,988016
18346,978326
18347,968688
18348,958996
18349,949418
18350,939890
18351,930285
18352,920616
18353,911206
18354,901618
18355,891931
18356,884302
18357,874621
18358,864975
18359,855270
18360,846357
18361,836705
18362,827123
18363,817552
18364,807895
18365,798355
18366,788644
18367,778992
18368,769395
18369,761693
18370,751989
18371,742479
18372,732803
18373,723147
18374,713557
18375,703965
18376,694952
18377,685354
18378,675755
18379,666104
18380,656499
18381,648573
18382,640857
18383,630976
18384,621041
18385,611149
18386,601278
18387,591345
18388,581435
18389,571528
18390,561696
18391,552027
18392,543085
18393,533455
18394,525500
18395,515844
18396,506262
18397,496534
18398,486966
18399,477256
18400,467518
18401,458113
18402,448432
18403,438793
18404,429214
18405,419561
18406,409946
18407,402128
18408,393089
18409,383442
18410,373764
18411,364086
18412,354458
18413,344839
18414,335141
18415,325503
18416,315857
18417,306440
18418,296844
18419,287213
18420,279185
18421,269545
18422,261552
18423,251765
18424,241891
18425,231979
18426,222290
18427,214027
18428,204122
18429,194176
18430,184255
18431,174368
18432,164412
18433,156368
18434,146764
18435,137137
18436,127554
18437,117935
18438,108335
18439,98663
18440,89765
18441,80344
18442,70734
18443,61180
18444,51600
18445,43826
18446,34296
18447,24595
18448,15119
18449,5789
18450,1046826
18451,1037936
18452,1028348
18453,1018728
18454,1009023
18455,999372
18456,990353
18457,980674
18458,973012
18459,963344
18460,953761
18461,944148
18462,936875
18463,927015
18464,917156
18465,907270
18466,897327
18467,887441
18468,884650
18469,875065
18470,865533
18471,857761
18472,848825
18473,839309
18474,829772
18475,820063
18476,810421
18477,800841
18478,791196
18479,781622
18480,771930
18481,762570
18482,752994
18483,743258
18484,735681
18485,726136
18486,716539
18487,706976
18488,698207
18489,688530
18490,678886
18491,669293
18492,659687
18493,650147
18494,640619
18495,631049
18496,621523
18497,613862
18498,604255
18499,594710
18500,585075
18501,577702
18502,567811
18503,557922
18504,548025
18505,538125
18506,536587
18507,527086
18508,517511
18509,509789
18510,500156
18511,490548
18512,480783
18513,471011
18514,461429
18515,451800
18516,442121
18517,432573
18518,423068
18519,413545
18520,404644
18521,395016
18522,387231
18523,377660
18524,368153
18525,358488
18526,348852
18527,339355
18528,329739
18529,320390
18530,312435
18531,302492
18532,292538
18533,282618
18534,272683
18535,265392
18536,256591
18537,247002
18538,237480
18539,228050
18540,220514
18541,210630
18542,200776
18543,190840
18544,180895
18545,171023
18546,168812
18547,159297
18548,151663
18549,142174
18550,132480
18551,122922
18552,114056
18553,104389
18554,95004
18555,85556
18556,75928
18557,66547
18558,56902
18559,47323
18560,37788
18561,30210
18562,20684
18563,11288
18564,1881
18565,1074240
18566,1066639
18567,1058459
18568,1054066
18569,1045738
18570,1037170
18571,1028647
18572,1020348
18573,1024260
18574,1015560
18575,1006709
18576,997672
18577,988899
18578,979882
18579,970865
18580,965724
18581,955849
18582,946010
18583,936341
18584,928832
18585,919647
18586,913654
18587,904502
18588,895350
18589,888041
18590,878782
18591,869551
18592,860180
18593,851379
18594,842102
18595,832774
18596,823687
18597,814530
18598,805303
18599,799546
18600,792269
18601,783294
18602,774266
18603,765216
18604,756095
18605,747027
18606,738026
18607,729072
18608,720239
18609,711568
18610,702321
18611,693262
18612,687002
18613,677991
18614,668906
18615,659812
18616,652308
18617,643234
18618,634131
18619,628390
18620,618565
18621,608706
18622,598813
18623,589450
18624,580313
18625,574337
18626,565197
18627,555979
18628,546666
18629,537578
18630,528318
18631,518950
18632,520038
18633,510660
18634,501068
18635,491597
18636,482040
18637,474615
18638,465066
18639,455390
18640,445817
18641,436555
18642,426964
18643,417279
18644,407730
18645,398208
18646,388577
18647,378976
18648,370092
18649,360438
18650,352734
18651,342870
18652,333157
18653,323514
18654,313944
18655,304393
18656,294774
18657,285388
18658,275938
18659,268274
18660,258421
18661,248555
18662,238709
18663,230391
18664,221532
18665,211893
18666,202386
18667,192776
18668,183269
18669,173955
18670,164348
18671,154809
18672,145166
18673,135725
18674,126148
18675,116460
18676,109631
18677,100170
18678,90526
18679,80889
18680,71983
18681,62362
18682,52714
18683,43072
18684,33436
18685,23753
18686,14386
18687,4661
18688,1026097
18689,1018993
18690,1009308
18691,999647
18692,990022
18693,980333
18694,970810
18695,961241
18696,952423
18697,942731
18698,933162
18699,928611
18700,918719
18701,908860
18702,898971
18703,889078
18704,879189
18705,876747
18706,867126
18707,857700
18708,848015
18709,838498
18710,829048
18711,819406
18712,810521
18713,800998
18714,793275
18715,783739
18716,774145
18717,764568
18718,754908
18719,745399
18720,726298
18721,726296
18722,716758
18723,707056
18724,697478
18725,687888
18726,678306
18727,670460
18728,661600
18729,651836
18730,642227
18731,632664
18732,623053
18733,613393
18734,605842
18735,595911
18736,585965
18737,576060
18738,568896
18739,559024
18740,549132
18741,539197
18742,529257
18743,520220
18744,511263
18745,501663
18746,492068
18747,482351
18748,472717
18749,463114
18750,446079
18751,443850
18752,434309
18753,427494
18754,417937
18755,408271
18756,398695
18757,389061
18758,379596
18759,369935
18760,361123
18761,351538
18762,341899
18763,332277
18764,322771
18765,315160
18766,305612
18767,295988
18768,286377
18769,277012
18770,267432
18771,257777
18772,248204
18773,238561
18774,228903
18775,219265
18776,210396
18777,202733
18778,192894
18779,183372
18780,173711
18781,164103
18782,154460
18783,144939
18784,135341
18785,125998
18786,117217
18787,107633
18788,98162
18789,88546
18790,79149
18791,71587
18792,62770
18793,53203
18794,43659
18795,34162
18796,24522
18797,15033
18798,5466
18799,2092358
18800,2082898
18801,2073756
18802,2064141
18803,2054618
18804,2048198
18805,2038667
18806,2029103
18807,2019499
18808,2010645
18809,2001048
18810,1991386
18811,1981756
18812,1972381
18813,1962780
18814,1953147
18815,1943626
18816,1939207
18817,1929329
18818,1919501
18819,1909560
18820,1899627
18821,1889745
18822,1879811
18823,1869874
18824,1868629
18825,1859040
18826,1849605
18827,1840232
18828,1830731
18829,1822868
18830,1813330
18831,1803715
18832,1794129
18833,1784643
18834,1774987
18835,1765254
18836,1757539
18837,1747640
18838,1737691
18839,1727783
18840,1717915
18841,1708356
18842,1702289
18843,1692621
18844,1683061
18845,1673472
18846,1663920
18847,1654352
18848,1644803
18849,1635364
18850,1625823
18851,1616299
18852,1606742
18853,1599484
18854,1589671
18855,1616590
18856,1607765
18857,1598153
18858,1588493
18859,1578846
18860,1569352
18861,1559657
18862,1550030
18863,1576126
18864,1566320
18865,1556438
18866,1546574
18867,1536642
18868,1526731
18869,1516851
18870,1506916
18871,1496962
18872,1487076
18873,1477141
18874,1467183
18875,1457305
18876,1447367
18877,1437439
18878,1427555
18879,1417614
18880,1407665
18881,1397788
18882,1393979
18883,1384049
18884,1374147
18885,1364240
18886,1354294
18887,1344407
18888,1334466
18889,1324513
18890,1320035
18891,1296486
18892,1296474
18893,1262520
18894,1262488
18895,1262502
18896,1262577
18897,1189915
18898,1189854
18899,1189853
18900,1189834
18901,1189763
18902,1189766
18903,1189736
18904,1174107
18905,1174102
18906,1164165
18907,1154267
18908,1144343
18909,1134411
18910,1124491
18911,1114581
18912,1104667
18913,1094723
18914,1084807
18915,1074879
18916,1064964
18917,1055064
18918,1045122
18919,1035208
18920,1025284
18921,1015352
18922,1005430
18923,995541
18924,985605
18925,975697
18926,968270
18927,958371
18928,948485
18929,938602
18930,928666
18931,918714
18932,908815
18933,898876
18934,888933
18935,879014
18936,869110
18937,859160
18938,849205
18939,841457
18940,831534
18941,821639
18942,811704
18943,801755
18944,791873
18945,781927
18946,771985
18947,762100
18948,752161
18949,742209
18950,732280
18951,722343
18952,712401
18953,702454
18954,692507
18955,682560
18956,672644
18957,662714
18958,652760
18959,642813
18960,632878
18961,622916
18962,612971
18963,603030
18964,593087
18965,583192
18966,575644
18967,565736
18968,555840
18969,545929
18970,536019
18971,526111
18972,516172
18973,506226
18974,496355
18975,486424
18976,476472
18977,466590
18978,456644
18979,446692
18980,436814
18981,426870
18982,416924
18983,407012
18984,397076
18985,387134
18986,377206
18987,367278
18988,357329
18989,347420
18990,337630
18991,328015
18992,318414
18993,308962
18994,299306
18995,289730
18996,281850
18997,272245
18998,262582
18999,253016
19000,244030
19001,234503
19002,224862
19003,215329
19004,205792
19005,198828
19006,188943
19007,179075
19008,169179
19009,159625
19010,149985
19011,140277
19012,130639
19013,121044
19014,111433
19015,101923
19016,93219
19017,83340
19018,73994
19019,64402
19020,46018
19021,47765
19022,32668
19023,28656
19024,19085
19025,9800
19026,1909801
19027,1900185
19028,1890615
19029,1881070
19030,1871224
19031,1861338
19032,1852456
19033,1842789
19034,1835185
19035,1825579
19036,1815974
19037,1806340
19038,1796609
19039,1787034
19040,1777401
19041,1768015
19042,1759932
19043,1750032
19044,1742835
19045,1732984
19046,1723065
19047,1713162
19048,1703264
19049,1693359
19050,1683452
19051,1673553
19052,1663643
19053,1653953
19054,1644363
19055,1634777
19056,1645758
19057,1636686
19058,1627124
19059,1617464
19060,1609722
19061,1600168
19062,1590554
19063,1580965
19064,1571991
19065,1562369
19066,1552781
19067,1543118
19068,1533400
19069,1523779
19070,1514146
19071,1504566
19072,1494990
19073,1487269
19074,1477694
19075,1468083
19076,1458471
19077,1448814
19078,1439172
19079,1429787
19080,1420789
19081,1413012
19082,1403158
19083,1393262
19084,1383361
19085,1374172
19086,1364595
19087,1354887
19088,1360504
19089,1351355
19090,1341773
19091,1332177
19092,1322571
19093,1312953
19094,1303359
19095,1293700
19096,1284757
19097,1275122
19098,1267481
19099,1257894
19100,1248268
19101,1238560
19102,1229072
19103,1219506
19104,1209910
19105,1200655
19106,1191066
19107,1181453
19108,1171734
19109,1162232
19110,1152662
19111,1144559
19112,1135668
19113,1125981
19114,1116463
19115,1106987
19116,1097436
19117,1089556
19118,1079673
19119,1069804
19120,1059863
19121,1049955
19122,1040053
19123,1030153
19124,1022121
19125,1012519
19126,1002807
19127,993282
19128,984312
19129,974567
19130,964954
19131,955221
19132,945907
19133,936257
19134,926625
19135,916973
19136,907396
19137,899440
19138,889105
19139,880239
19140,870553
19141,860879
19142,851246
19143,841618
19144,833550
19145,823639
19146,813700
19147,803759
19148,794151
19149,785952
19150,776373
19151,766693
19152,756987
19153,747553
19154,737937
19155,728283
19156,720501
19157,710663
19158,700760
19159,690873
19160,680992
19161,671059
19162,662715
19163,653201
19164,643527
19165,633877
19166,624204
19167,614612
19168,604935
19169,595554
19170,585882
19171,576226
19172,566595
19173,556948
19174,547360
19175,539571
19176,530511
19177,520882
19178,511278
19179,501556
19180,491965
19181,482777
19182,473096
19183,463444
19184,453819
19185,444286
19186,434746
19187,425012
19188,417090
19189,407461
19190,397816
19191,388177
19192,379286
19193,369509
19194,359868
19195,352316
19196,342469
19197,332603
19198,322692
19199,312792
19200,302904
19201,294087
19202,284217
19203,274317
19204,264417
19205,254506
19206,244637
19207,235151
19208,226194
19209,216474
19210,206836
19211,197292
19212,187710
19213,180579
19214,170981
19215,161455
19216,151813
19217,142449
19218,132739
19219,122878
19220,113260
19221,103641
19222,93733
19223,83883
19224,99141
19225,89606
19226,82285
19227,72663
19228,63012
19229,53504
19230,43832
19231,34400
19232,24763
19233,15405
19234,5790
19235,1059942
19236,1052990
19237,1043112
19238,1033219
19239,1024970
19240,1016233
19241,1006641
19242,997125
19243,987513
19244,977960
19245,968341
19246,960497
19247,950622
19248,940687
19249,930737
19250,920809
19251,910927
19252,903092
19253,893501
19254,883857
19255,874176
19256,865253
19257,855595
19258,846082
19259,836488
19260,827374
19261,817880
19262,808320
19263,798737
19264,789246
19265,781620
19266,772069
19267,762465
19268,752856
19269,743164
19270,733591
19271,724055
19272,715100
19273,705555
19274,697812
19275,687925
19276,678034
19277,668959
19278,659399
19279,649777
19280,640125
19281,630773
19282,621120
19283,611588
19284,601951
19285,592337
19286,582758
19287,573089
19288,564258
19289,554703
19290,546832
19291,537189
19292,527584
19293,517904
19294,508282
19295,498591
19296,488958
19297,479524
19298,469957
19299,460270
19300,450588
19301,440991
19302,431392
19303,423491
19304,414623
19305,404965
19306,395426
19307,385833
19308,376173
19309,366486
19310,356910
19311,347240
19312,337610
19313,328209
19314,320342
19315,310441
19316,301990
19317,292389
19318,282756
19319,273187
19320,264308
19321,254751
19322,245229
19323,235650
19324,225968
19325,216426
19326,206775
19327,197173
19328,187479
19329,179881
19330,170232
19331,160772
19332,151091
19333,141513
19334,131951
19335,122369
19336,113444
19337,103874
19338,94475
19339,84791
19340,75262
19341,67466
19342,57862
19343,48202
19344,38556
19345,29084
19346,19525
19347,10066
19348,1038245
19349,1030492
19350,1020573
19351,1010633
19352,1001028
19353,991371
19354,986035
19355,976572
19356,966867
19357,957255
19358,947712
19359,938131
19360,928420
19361,919099
19362,909388
19363,899901
19364,890344
19365,880737
19366,871158
19367,863545
19368,854741
19369,845261
19370,835639
19371,826126
19372,816414
19373,806854
19374,797203
19375,787671
19376,778141
19377,768737
19378,759212
19379,749666
19380,742751
19381,733130
19382,723535
19383,713933
19384,704917
19385,695315
19386,685684
19387,676107
19388,666489
19389,656846
19390,647170
19391,637712
19392,628038
19393,620542
19394,610941
19395,601314
19396,591662
19397,582029
19398,572372
19399,562880
19400,554018
19401,544497
19402,534860
19403,525235
19404,515535
19405,507705
19406,498353
19407,488700
19408,479050
19409,469721
19410,460002
19411,450321
19412,440796
19413,431069
19414,421440
19415,411775
19416,402876
19417,393185
19418,385387
19419,375871
19420,366192
19421,356566
19422,347015
19423,337347
19424,327884
19425,318433
19426,308865
19427,299341
19428,289547
19429,279926
19430,270351
19431,262635
19432,254942
19433,245096
19434,235233
19435,225331
19436,215442
19437,205576
19438,195901
19439,186342
19440,176711
19441,167353
19442,157748
19443,148152
19444,140407
19445,130813
19446,121307
19447,111638
19448,102802
19449,93208
19450,83683
19451,75537
19452,65608
19453,55657
19454,45697
19455,35766
19456,26146
19457,18606
19458,9079
19459,1056548
19460,1047092
19461,1037532
19462,1027997
19463,1018421
19464,1009885
19465,1000211
19466,990671
19467,980991
19468,971396
19469,965661
19470,956093
19471,946413
19472,940758
19473,930916
19474,921018
19475,911122
19476,901244
19477,891293
19478,881410
19479,871539
19480,1711296
19481,1704004
19482,1701846
19483,1692709
19484,1683503
19485,1675691
19486,1666412
19487,1657161
19488,1647953
19489,1639350
19490,1630246
19491,1620904
19492,1611735
19493,1602456
19494,1593156
19495,1587253
19496,1579670
19497,1570468
19498,1561156
19499,1551972
19500,1542782
19501,1533719
19502,1525007
19503,1515744
19504,1506406
19505,1497522
19506,1488234
19507,1478903
19508,1472716
19509,1465632
19510,1455751
19511,1445892
19512,1436817
19513,1427606
19514,1418456
19515,1409210
19516,1400056
19517,1390777
19518,1381489
19519,1372186
19520,1362381
19521,1355827
19522,1346645
19523,1337478
19524,1328296
19525,1319158
19526,1310030
19527,1300786
19528,1294971
19529,1285817
19530,1276550
19531,1267342
19532,1258092
19533,1251721
19534,1242562
19535,1233275
19536,1224071
19537,1215083
19538,1205822
19539,1196512
19540,1187212
19541,1177987
19542,1168691
19543,1159453
19544,1151628
19545,1142388
19546,1135829
19547,1126725
19548,1117445
19549,1108130
19550,1098814
19551,1088976
19552,1079092
19553,1071811
19554,1061896
19555,1051942
19556,1042604
19557,1033359
19558,1024122
19559,1019422
19560,1011630
19561,1002331
19562,993246
19563,983981
19564,975302
19565,966078
19566,956844
19567,947620
19568,938247
19569,929447
19570,920271
19571,911106
19572,904868
19573,895702
19574,886361
19575,877120
19576,869242
19577,859937
19578,850683
19579,841328
19580,831967
19581,822744
19582,813616
19583,804357
19584,796812
19585,789320
19586,780194
19587,770894
19588,761691
19589,752535
19590,743231
19591,733909
19592,726178
19593,717007
19594,707752
19595,698558
19596,689328
19597,682905
19598,673710
19599,664399
19600,655161
19601,646256
19602,636970
19603,627623
19604,618326
19605,609055
19606,599785
19607,590489
19608,582603
19609,573307
19610,566997
19611,557766
19612,548466
19613,539181
19614,529917
19615,520586
19616,511456
19617,502482
19618,493219
19619,483987
19620,474658
19621,465330
19622,456129
19623,449528
19624,441697
19625,432398
19626,423090
19627,413810
19628,404592
19629,395395
19630,386131
19631,376938
19632,367709
19633,358691
19634,349497
19635,340220
19636,335202
19637,326088
19638,316788
19639,307592
19640,299665
19641,290419
19642,281107
19643,272115
19644,262957
19645,253722
19646,244442
19647,235241
19648,225956
19649,219959
19650,210679
19651,201499
19652,192372
19653,183111
19654,173765
19655,166354
19656,156696
19657,147516
19658,138236
19659,129003
19660,120193
19661,114095
19662,104839
19663,97144
19664,87315
19665,77296
19666,67985
19667,58753
19668,49459
19669,40026
19670,30838
19671,21553
19672,13836
19673,4713
19674,1054534
19675,1045335
19676,1036352
19677,1026928
19678,1017637
19679,1008695
19680,999433
19681,990618
19682,981718
19683,972379
19684,963238
19685,954103
19686,944844
19687,939140
19688,931785
19689,922553
19690,913306
19691,904181
19692,894872
19693,885665
19694,876411
19695,867112
19696,857858
19697,849049
19698,839844
19699,830476
19700,824133
19701,814802
19702,805543
19703,803260
19704,793367
19705,783477
19706,773561
19707,763661
19708,753725
19709,745127
19710,735821
19711,726572
19712,717432
19713,712065
19714,703184
19715,693949
19716,684676
19717,675361
19718,665993
19719,656669
19720,649038
19721,603104
19722,603132
19723,603286
19724,603617
19725,604555
19726,595325
19727,586056
19728,576973
19729,569887
19730,560709
19731,551669
19732,542476
19733,533271
19734,524045
19735,514799
19736,506766
19737,497551
19738,491737
19739,482488
19740,473291
19741,463959
19742,456706
19743,446836
19744,437208
19745,427672
19746,418342
19747,409020
19748,399723
19749,390527
19750,381515
19751,376948
19752,369199
19753,352877
19754,350692
19755,341797
19756,332477
19757,323214
19758,315919
19759,306080
19760,296177
19761,286739
19762,277423
19763,268253
19764,262454
19765,253215
19766,244233
19767,235240
19768,227679
19769,218408
19770,209469
19771,200210
19772,191220
19773,182065
19774,172790
19775,163561
19776,154231
19777,148616
19778,139881
19779,130534
19780,121228
19781,113679
19782,103850
19783,93968
19784,85350
19785,76019
19786,66747
19787,57451
19788,48242
19789,42056
19790,32830
19791,23962
19792,14605
19793,5906
19794,1055033
19795,1046021
19796,1037015
19797,1027811
19798,1018533
19799,1009413
19800,1002033
19801,992848
19802,989787
19803,980798
19804,971590
19805,962432
19806,953246
19807,944064
19808,934866
19809,926087
19810,916871
19811,907666
19812,898494
19813,889375
19814,880107
19815,874050
19816,866381
19817,857467
19818,848038
19819,838745
19820,817928
19821,822833
19822,803991
19823,804008
19824,794913
19825,784973
19826,774986
19827,765120
19828,757734
19829,748571
19830,739293
19831,744447
19832,734666
19833,724732
19834,714824
19835,704937
19836,695003
19837,685061
19838,675158
19839,665173
19840,655272
19841,646146
19842,636988
19843,627702
19844,622969
19845,613193
19846,603289
19847,593397
19848,583474
19849,573733
19850,564630
19851,555443
19852,550133
19853,540318
19854,530872
19855,521605
19856,512244
19857,507429
19858,497606
19859,487743
19860,481354
19861,473443
19862,463559
19863,453687
19864,443747
19865,433861
19866,424257
19867,415217
19868,406025
19869,396682
19870,387481
19871,378155
19872,368822
19873,359894
19874,350651
19875,341545
19876,332342
19877,324187
19878,314946
19879,308776
19880,300956
19881,291787
19882,282541
19883,273343
19884,264104
19885,254792
19886,245502
19887,236239
19888,226887
19889,218120
19890,203579
19891,179255
19892,182292
19893,182315
19894,144519
19895,144557
19896,147241
19897,146729
19898,72144
19899,72217
19900,74468
19901,74574
19902,74593
19903,74578
19904,74636
19905,58633
19906,58730
19907,53161
19908,43833
19909,34498
19910,25276
19911,16077
19912,8530
19913,1058515
19914,1049981
19915,1041334
19916,1032870
19917,1029878
19918,1021502
19919,1012986
19920,1004354
19921,996699
19922,988027
19923,979486
19924,970938
19925,962391
19926,953682
19927,944961
19928,938794
19929,930116
19930,925347
19931,916857
19932,908098
19933,899386
19934,890725
19935,881965
19936,873272
19937,865520
19938,856899
19939,848206
19940,841626
19941,831851
19942,825197
19943,824114
19944,818612
19945,809844
19946,801267
19947,792637
19948,783942
19949,775338
19950,766683
19951,756912
19952,748128
19953,739512
19954,730185
19955,720805
19956,713801
19957,704387
19958,694852
19959,685393
19960,676980
19961,667588
19962,658170
19963,650087
19964,640181
19965,630281
19966,620362
19967,610968
19968,601581
19969,594777
19970,585391
19971,575955
19972,566377
19973,556867
19974,547447
19975,538072
19976,529700
19977,520233
19978,510870
19979,503310
19980,493439
19981,484735
19982,475323
19983,465840
19984,456314
19985,447313
19986,437833
19987,428401
19988,419058
19989,409649
19990,400187
19991,390801
19992,382422
19993,373032
19994,365820
19995,356386
19996,346953
19997,337612
19998,328226
19999,318739
20000,309383
20001,300208
20002,290805
20003,281496
20004,272153
20005,262724
20006,253303
20007,246095
20008,237847
20009,228334
20010,218922
20011,209498
20012,200132
20013,190767
20014,181462
20015,172081
20016,162735
20017,153616
20018,144404
20019,136929
20020,127866
20021,118537
20022,109006
20023,99517
20024,91007
20025,81711
20026,72224
20027,62840
20028,53495
20029,44132
20030,34729
20031,25317
20032,16097
20033,9302
20034,1053397
20035,1044025
20036,1034707
20037,1025383
20038,1015886
20039,1006687
20040,998645
20041,989110
20042,979752
20043,970223
20044,960833
20045,954304
20046,944924
20047,935558
20048,926103
20049,917025
20050,887794
20051,887951
20052,888018
20053,878526
20054,869105
20055,859722
20056,851424
20057,842044
20058,835696
20059,825820
20060,817212
20061,807756
20062,798288
20063,788834
20064,779441
20065,770397
20066,762301
20067,752377
20068,742438
20069,732870
20070,723457
20071,716280
20072,708205
20073,698802
20074,689354
20075,679930
20076,670547
20077,661255
20078,651942
20079,642528
20080,633067
20081,623913
20082,614521
20083,605102
20084,597946
20085,588515
20086,579073
20087,569588
20088,561217
20089,551769
20090,542275
20091,532777
20092,523414
20093,513977
20094,504539
20095,495114
20096,485808
20097,478825
20098,471057
20099,461230
20100,451346
20101,441449
20102,431546
20103,422018
20104,413662
20105,404254
20106,394852
20107,385409
20108,375995
20109,369027
20110,359649
20111,350203
20112,340775
20113,331621
20114,322277
20115,312867
20116,303436
20117,294189
20118,284796
20119,275405
20120,267266
20121,257873
20122,250681
20123,241392
20124,231872
20125,222372
20126,212872
20127,203452
20128,194073
20129,185021
20130,175666
20131,166194
20132,156815
20133,147432
20134,138141
20135,131723
20136,123451
20137,115446
20138,105560
20139,95713
20140,85822
20141,76299
20142,67018
20143,54573
20144,48262
20145,39154
20146,29814
20147,20483
20148,13431
20149,4122
20150,1006198
20151,997130
20152,989363
20153,979946
20154,970549
20155,961306
20156,951977
20157,942611
20158,933210
20159,923840
20160,914532
20161,910669
20162,901406
20163,892109
20164,882669
20165,873278
20166,863851
20167,854383
20168,846382
20169,836542
20170,827158
20171,817791
20172,808387
20173,804168
20174,794832
20175,785429
20176,776007
20177,769580
20178,759720
20179,749824
20180,739914
20181,729992
20182,720044
20183,710142
20184,701709
20185,692400
20186,685535
20187,676102
20188,666679
20189,657208
20190,647785
20191,638359
20192,628918
20193,619701
20194,610338
20195,600930
20196,591544
20197,582089
20198,572676
20199,565524
20200,557270
20201,547845
20202,538418
20203,529631
20204,520130
20205,510790
20206,501471
20207,492139
20208,482707
20209,473669
20210,464330
20211,454986
20212,448091
20213,438757
20214,429347
20215,419915
20216,411641
20217,404582
20218,394693
20219,384808
20220,374959
20221,365047
20222,355179
20223,345726
20224,336330
20225,329684
20226,320236
20227,310825
20228,301333
20229,291885
20230,282369
20231,273090
20232,264731
20233,255263
20234,245941
20235,236567
20236,227210
20237,220118
20238,210789
20239,201329
20240,191912
20241,182787
20242,173427
20243,164129
20244,154671
20245,145230
20246,135815
20247,126576
20248,118259
20249,108901
20250,102461
20251,93271
20252,83841
20253,74410
20254,65033
20255,55669
20256,46279
20257,38502
20258,28681
20259,18812
20260,9073
20261,1069105
20262,1059828
20263,1055525
20264,1047783
20265,1038361
20266,1028996
20267,1019674
20268,1010256
20269,1000904
20270,994206
20271,984294
20272,974361
20273,964441
20274,954516
20275,945009
20276,938387
20277,928983
20278,919608
20279,910214
20280,902059
20281,892702
20282,883394
20283,874086
20284,864792
20285,855547
20286,846168
20287,836673
20288,827465
20289,820751
20290,811410
20291,801972
20292,792503
20293,783116
20294,773601
20295,764125
20296,758040
20297,748225
20298,738389
20299,728484
20300,718591
20301,711325
20302,702054
20303,692693
20304,683276
20305,674179
20306,664743
20307,660838
20308,651577
20309,642319
20310,632949
20311,623627
20312,615523
20313,606100
20314,599288
20315,589908
20316,580479
20317,571144
20318,561656
20319,552220
20320,546820
20321,538016
20322,528668
20323,519272
20324,509886
20325,500469
20326,491036
20327,485339
20328,477086
20329,467758
20330,458313
20331,448912
20332,439529
20333,430048
20334,420640
20335,413761
20336,403881
20337,393991
20338,384108
20339,394503
20340,387809
20341,378227
20342,368723
20343,359117
20344,350514
20345,340855
20346,331403
20347,321702
20348,312260
20349,302597
20350,292994
20351,283390
20352,273840
20353,266170
20354,256510
20355,246936
20356,237204
20357,227601
20358,217854
20359,208345
20360,199581
20361,190038
20362,180480
20363,170963
20364,161684
20365,153887
20366,144319
20367,134848
20368,125399
20369,115989
20370,106437
20371,96727
20372,88936
20373,79053
20374,69118
20375,61722
20376,51856
20377,41950
20378,32850
20379,23489
20380,13780
20381,4240
20382,1047477
20383,1037957
20384,1028425
20385,1018904
20386,1009385
20387,999796
20388,990189
20389,980533
20390,970912
20391,963120
20392,954197
20393,944742
20394,934975
20395,925395
20396,915773
20397,906206
20398,896580
20399,886997
20400,877243
20401,867881
20402,858277
20403,848572
20404,840695
20405,831091
20406,821437
20407,811879
20408,802953
20409,793363
20410,783880
20411,774287
20412,764723
20413,755039
20414,747693
20415,737856
20416,728022
20417,719087
20418,709423
20419,699784
20420,690200
20421,680610
20422,670985
20423,661406
20424,652477
20425,642872
20426,633290
20427,623566
20428,613944
20429,606087
20430,596534
20431,586844
20432,577208
20433,567756
20434,558132
20435,548541
20436,538852
20437,529257
20438,519630
20439,510010
20440,501011
20441,491390
20442,483501
20443,473849
20444,464254
20445,454551
20446,444900
20447,435258
20448,425573
20449,416092
20450,406515
20451,396869
20452,387172
20453,377557
20454,369792
20455,360086
20456,351335
20457,341722
20458,332145
20459,322497
20460,312934
20461,303270
20462,293704
20463,283986
20464,274428
20465,264938
20466,255374
20467,245699
20468,237874
20469,228359
20470,218805
20471,209101
20472,200140
20473,190578
20474,180971
20475,172749
20476,162829
20477,152918
20478,142974
20479,133025
20480,123243
20481,115742
20482,106054
20483,96546
20484,87005
20485,77432
20486,68048
20487,58524
20488,49658
20489,40100
20490,30552
20491,20990
20492,11493
20493,3978
20494,1054329
20495,1044966
20496,1035425
20497,1026145
20498,1016503
20499,1006789
20500,997155
20501,987450
20502,977737
20503,968110
20504,959098
20505,949422
20506,941675
20507,932066
20508,922408
20509,912839
20510,903205
20511,893502
20512,883863
20513,874522
20514,864857
20515,855241
20516,845626
20517,835887
20518,826234
20519,818413
20520,809363
20521,799712
20522,790063
20523,780342
20524,770739
20525,761111
20526,751397
20527,741823
20528,732188
20529,722705
20530,713027
20531,703381
20532,695386
20533,688367
20534,678522
20535,668675
20536,658765
20537,648876
20538,638995
20539,629045
20540,619453
20541,609747
20542,600052
20543,590457
20544,580803
20545,573142
20546,563527
20547,553905
20548,544194
20549,534593
20550,524854
20551,514942
20552,505975
20553,496318
20554,486647
20555,477011
20556,467390
20557,459559
20558,449995
20559,440279
20560,430548
20561,421136
20562,411467
20563,401828
20564,392141
20565,382446
20566,372777
20567,363249
20568,354267
20569,344591
20570,336693
20571,327121
20572,319324
20573,309493
20574,299653
20575,289743
20576,279904
20577,269980
20578,261944
20579,252041
20580,242101
20581,232148
20582,222228
20583,213177
20584,204196
20585,194667
20586,185048
20587,175367
20588,165791
20589,156196
20590,146476
20591,136813
20592,127236
20593,117838
20594,108278
20595,98719
20596,90687
20597,81085
20598,71469
20599,62033
20600,53216
20601,43585
20602,34012
20603,24346
20604,14691
20605,5128
20606,1048123
20607,1038573
20608,1028889
20609,1021612
20610,1012090
20611,1002495
20612,996676
20613,986752
20614,976895
20615,966999
20616,957105
20617,947170
20618,937289
20619,927360
20620,908387
20621,915987
20622,900739
20623,896669
20624,887046
20625,877629
20626,868024
20627,858155
20628,848265
20629,838322
20630,828601
20631,818943
20632,809938
20633,800423
20634,792672
20635,782986
20636,773434
20637,763721
20638,754211
20639,744590
20640,734952
20641,725492
20642,715893
20643,706210
20644,696721
20645,687098
20646,677448
20647,669465
20648,660544
20649,650863
20650,641177
20651,631539
20652,624192
20653,614303
20654,604458
20655,594558
20656,584647
20657,574757
20658,564856
20659,555131
20660,547333
20661,537742
20662,528095
20663,518516
20664,509468
20665,499833
20666,490221
20667,480508
20668,470881
20669,461258
20670,451522
20671,441925
20672,432356
20673,424628
20674,415041
20675,405413
20676,395763
20677,386077
20678,376387
20679,366781
20680,358615
20681,348708
20682,338776
20683,328871
20684,319288
20685,311389
20686,301957
20687,292321
20688,282736
20689,273208
20690,263649
20691,255891
20692,246017
20693,236156
20694,226261
20695,216345
20696,206735
20697,197129
20698,190036
20699,180470
20700,170829
20701,161245
20702,151650
20703,142100
20704,132512
20705,123175
20706,113578
20707,103971
20708,94394
20709,84715
20710,75380
20711,67676
20712,58769
20713,49158
20714,39581
20715,29883
20716,20211
20717,10674
20718,1060951
20719,1051567
20720,1042049
20721,1025928
20722,1023009
20723,1013404
20724,1005825
20725,996235
20726,986630
20727,976929
20728,967941
20729,958397
20730,948736
20731,944933
20732,935064
20733,925131
20734,915196
20735,905324
20736,895422
20737,885477
20738,875585
20739,865651
20740,855708
20741,845796
20742,835903
20743,826203
20744,817250
20745,807714
20746,798104
20747,788695
20748,779181
20749,771341
20750,761816
20751,752202
20752,742681
20753,733331
20754,723747
20755,714175
20756,704556
20757,694884
20758,679111
20759,675659
20760,666611
20761,657014
20762,649338
20763,639617
20764,630004
20765,620327
20766,610622
20767,601014
20768,591379
20769,581855
20770,574438
20771,564606
20772,554716
20773,544805
20774,534919
20775,526392
20776,517329
20777,507664
20778,498071
20779,488330
20780,478657
20781,469049
20782,461194
20783,451333
20784,441398
20785,431436
20786,421542
20787,411601
20788,403319
20789,393728
20790,384132
20791,374538
20792,365624
20793,355953
20794,346302
20795,336670
20796,327070
20797,317451
20798,307770
20799,298202
20800,288650
20801,281019
20802,271435
20803,261710
20804,252112
20805,242520
20806,232841
20807,223250
20808,214202
20809,206719
20810,196860
20811,186999
20812,177092
20813,167562
20814,157996
20815,148455
20816,138739
20817,129313
20818,119730
20819,110213
20820,100529
20821,90962
20822,81650
20823,72019
20824,63162
20825,53554
20826,45838
20827,36282
20828,26707
20829,17245
20830,7732
20831,1059210
20832,1049693
20833,1040402
20834,1030802
20835,1021259
20836,1011654
20837,1002033
20838,992309
20839,984847
20840,975990
20841,966356
20842,956646
20843,947000
20844,937357
20845,927768
20846,918139
20847,908492
20848,898828
20849,893270
20850,883382
20851,873500
20852,863600
20853,854156
20854,844474
20855,834834
20856,825924
20857,816358
20858,806756
20859,797164
20860,787548
20861,777978
20862,768322
20863,758817
20864,749270
20865,741664
20866,732089
20867,722552
20868,712875
20869,703180
20870,693599
20871,683895
20872,674815
20873,665272
20874,655683
20875,646073
20876,636472
20877,628696
20878,619083
20879,609470
20880,599741
20881,590298
20882,580635
20883,570950
20884,561314
20885,553248
20886,543312
20887,533365
20888,523468
20889,516033
20890,506128
20891,496248
20892,471701
20893,471732
20894,434607
20895,434635
20896,434660
20897,434703
20898,353614
20899,353626
20900,353675
20901,353697
20902,353632
20903,355151
20904,355992
20905,356010
20906,340973
20907,340955
20908,331520
20909,321941
20910,312204
20911,302480
20912,292858
20913,283371
20914,273748
20915,264128
20916,256215
20917,246543
20918,236999
20919,227287
20920,218330
20921,208662
20922,199014
20923,189382
20924,179787
20925,170121
20926,160467
20927,150844
20928,143063
20929,133453
20930,123869
20931,114206
20932,104560
20933,94999
20934,85375
20935,75813
20936,67146
20937,57514
20938,47889
20939,38278
20940,28636
20941,20875
20942,11457
20943,1984
20944,1051951
20945,1042810
20946,1033285
20947,1023686
20948,1014116
20949,1004409
20950,994811
20951,985223
20952,976224
20953,966658
20954,960202
20955,950509
20956,940977
20957,931367
20958,921747
20959,912170
20960,902524
20961,893026
20962,883512
20963,873905
20964,864231
20965,854634
20966,845076
20967,837319
20968,830277
20969,820415
20970,810523
20971,800584
20972,790697
20973,780767
20974,771565
20975,762015
20976,752490
20977,743100
20978,733488
20979,723977
20980,716128
20981,706570
20982,696966
20983,687337
20984,678412
20985,668846
20986,659170
20987,651165
20988,641227
20989,631287
20990,621335
20991,611405
20992,601462
20993,593635
20994,583985
20995,574299
20996,564774
20997,555054
20998,545428
20999,535872
21000,526842
21001,517259
21002,507605
21003,497975
21004,488306
21005,480363
21006,470750
21007,463068
21008,453208
21009,443302
21010,433425
21011,423543
21012,413645
21013,403702
21014,393786
21015,383891
21016,374826
21017,365232
21018,357310
21019,347699
21020,338059
21021,328428
21022,318783
21023,309265
21024,299567
21025,290150
21026,280475
21027,270878
21028,261315
21029,251759
21030,242103
21031,234318
21032,225462
21033,215807
21034,206128
21035,196421
21036,186793
21037,177080
21038,167405
21039,157920
21040,148239
21041,138862
21042,129211
21043,119657
21044,111629
21045,102017
21046,92498
21047,84846
21048,74987
21049,65121
21050,55244
21051,45341
21052,35588
21053,25937
21054,16406
21055,6827
21056,1049783
21057,1042356
21058,1032831
21059,1023216
21060,1013628
21061,1004027
21062,994408
21063,984749
21064,975683
21065,966014
21066,956312
21067,946725
21068,937103
21069,929148
21070,919613
21071,909944
21072,900205
21073,890753
21074,881146
21075,871504
21076,861756
21077,852172
21078,842493
21079,832861
21080,823861
21081,814241
21082,806424
21083,796744
21084,787055
21085,777405
21086,770367
21087,760494
21088,750608
21089,742423
21090,732502
21091,722551
21092,712661
21093,702730
21094,692791
21095,683436
21096,674512
21097,664915
21098,655281
21099,645623
21100,635966
21101,626368
21102,616612
21103,607024
21104,597389
21105,587885
21106,578193
21107,568540
21108,560622
21109,550911
21110,541290
21111,531630
21112,522620
21113,512923
21114,503303
21115,493696
21116,484054
21117,474374
21118,464700
21119,455119
21120,445469
21121,437732
21122,428149
21123,418414
21124,408790
21125,399127
21126,391451
21127,381581
21128,371732
21129,361847
21130,351941
21131,342029
21132,332148
21133,324083
21134,314592
21135,304911
21136,295328
21137,285906
21138,276298
21139,266545
21140,256975
21141,247283
21142,237625
21143,228003
21144,219088
21145,209411
21146,201535
21147,192054
21148,182323
21149,172730
21150,162992
21151,153321
21152,143772
21153,134242
21154,124636
21155,114963
21156,105322
21157,95721
21158,86142
21159,78208
21160,69467
21161,59934
21162,50269
21163,40576
21164,31137
21165,21543
21166,13907
21167,4088
21168,1045049
21169,1035593
21170,1025979
21171,1016328
21172,1008419
21173,998902
21174,989254
21175,979646
21176,970536
21177,960899
21178,951302
21179,941688
21180,932020
21181,922422
21182,912847
21183,903165
21184,893541
21185,885992
21186,876270
21187,866688
21188,857092
21189,847560
21190,837956
21191,830175
21192,820290
21193,810346
21194,800434
21195,790561
21196,780930
21197,773058
21198,763427
21199,753767
21200,744142
21201,734656
21202,724996
21203,715416
21204,705748
21205,698559
21206,688707
21207,678829
21208,668919
21209,659024
21210,650754
21211,641170
21212,631473
21213,621873
21214,612156
21215,602568
21216,592919
21217,583522
21218,573855
21219,564198
21220,554485
21221,544875
21222,535246
21223,527400
21224,518443
21225,508719
21226,499116
21227,489500
21228,479869
21229,470230
21230,460636
21231,450908
21232,441254
21233,431803
21234,422205
21235,412558
21236,404608
21237,394946
21238,385286
21239,375596
21240,366578
21241,356969
21242,347306
21243,337727
21244,330355
21245,320487
21246,310617
21247,300713
21248,290849
21249,281607
21250,272164
21251,262302
21252,252400
21253,242643
21254,233027
21255,223292
21256,214211
21257,204636
21258,194882
21259,185275
21260,175681
21261,167707
21262,158158
21263,148480
21264,138901
21265,129451
21266,119840
21267,110133
21268,100457
21269,90889
21270,81339
21271,71725
21272,63109
21273,53431
21274,45641
21275,36083
21276,26523
21277,16938
21278,7400
21279,1049939
21280,1040353
21281,1030968
21282,1021363
21283,1011727
21284,1004782
21285,994922
21286,985022
21287,976123
21288,913559
21289,913578
21290,913622
21291,913629
21292,913620
21293,913673
21294,908885
21295,898995
21296,889080
21297,879139
21298,869196
21299,859288
21300,851055
21301,841453
21302,831826
21303,822211
21304,813303
21305,803633
21306,794008
21307,784339
21308,774672
21309,765009
21310,755393
21311,745754
21312,736089
21313,728393
21314,718756
21315,709018
21316,699429
21317,689851
21318,680128
21319,670461
21320,661523
21321,651888
21322,642284
21323,632697
21324,624979
21325,615086
21326,605505
21327,595750
21328,586105
21329,576665
21330,567016
21331,557429
21332,547752
21333,538141
21334,528475
21335,518941
21336,509915
21337,500278
21338,492369
21339,482685
21340,473086
21341,463412
21342,453749
21343,444128
21344,434527
21345,425033
21346,415363
21347,405684
21348,396036
21349,386396
21350,376814
21351,368752
21352,359825
21353,350193
21354,340491
21355,330799
21356,321161
21357,311525
21358,301895
21359,292194
21360,282540
21361,273110
21362,263627
21363,255706
21364,246746
21365,237204
21366,227492
21367,217920
21368,208967
21369,199233
21370,189604
21371,179968
21372,170331
21373,160626
21374,151021
21375,141443
21376,131888
21377,124397
21378,114692
21379,105120
21380,95541
21381,85911
21382,76301
21383,66765
21384,58056
21385,48409
21386,38852
21387,29201
21388,19628
21389,11950
21390,2477
21391,1045830
21392,1036300
21393,1026816
21394,1017212
21395,1007559
21396,997951
21397,989926
21398,980039
21399,970111
21400,960200
21401,950331
21402,942788
21403,937046
21404,927173
21405,917295
21406,907355
21407,897474
21408,887540
21409,877601
21410,867727
21411,857796
21412,847847
21413,837901
21414,835591
21415,827903
21416,819098
21417,809509
21418,799898
21419,790295
21420,770946
21421,770930
21422,754583
21423,751520
21424,741943
21425,732698
21426,722967
21427,713346
21428,705536
21429,695846
21430,686283
21431,676607
21432,667575
21433,657868
21434,648273
21435,638695
21436,629106
21437,619534
21438,609823
21439,600291
21440,590692
21441,583669
21442,576411
21443,566544
21444,556687
21445,546783
21446,536899
21447,526993
21448,524801
21449,515206
21450,505636
21451,495948
21452,486385
21453,478575
21454,468882
21455,459263
21456,449621
21457,440129
21458,430499
21459,420862
21460,411211
21461,401592
21462,391905
21463,382258
21464,373294
21465,363676
21466,355888
21467,346231
21468,336730
21469,327055
21470,317550
21471,307901
21472,298316
21473,288822
21474,279125
21475,269507
21476,259949
21477,250269
21478,240690
21479,232859
21480,223791
21481,214155
21482,206697
21483,196856
21484,186958
21485,177080
21486,167199
21487,157285
21488,147425
21489,167360
21490,157694
21491,148077
21492,140402
21493,130735
21494,121229
21495,111872
21496,103006
21497,93159
21498,83620
21499,75438
21500,65563
21501,55627
21502,45680
21503,35763
21504,26014
21505,18382
21506,8915
21507,1063642
21508,1053968
21509,1044442
21510,1034781
21511,1025046
21512,1016104
21513,1006404
21514,996759
21515,987234
21516,977520
21517,970743
21518,961059
21519,951471
21520,941805
21521,935022
21522,925154
21523,915249
21524,905352
21525,895456
21526,885502
21527,875598
21528,870049
21529,860459
21530,852775
21531,843117
21532,833452
21533,823772
21534,814053
21535,804375
21536,794765
21537,785332
21538,775783
21539,766188
21540,756532
21541,746928
21542,737350
21543,729443
21544,720495
21545,710924
21546,701220
21547,691504
21548,681939
21549,672249
21550,662743
21551,653130
21552,643526
21553,634132
21554,624503
21555,614862
21556,606931
21557,597358
21558,587605
21559,578043
21560,569020
21561,561247
21562,551385
21563,541517
21564,531638
21565,521706
21566,511814
21567,501951
21568,492048
21569,483873
21570,474165
21571,464548
21572,454832
21573,445139
21574,435534
21575,425869
21576,416808
21577,407192
21578,397574
21579,387969
21580,378259
21581,370381
21582,360839
21583,351199
21584,341650
21585,332178
21586,322524
21587,312871
21588,303216
21589,293503
21590,283842
21591,274235
21592,265279
21593,255627
21594,247634
21595,238069
21596,228464
21597,218778
21598,209165
21599,199567
21600,192273
21601,182444
21602,174346
21603,164457
21604,154521
21605,144600
21606,134670
21607,124721
21608,115399
21609,105691
21610,96302
21611,86752
21612,77144
21613,67618
21614,58048
21615,48475
21616,38829
21617,29484
21618,19794
21619,10361
21620,1308425
21621,1298710
21622,1288830
21623,1278952
21624,1269058
21625,1259111
21626,1249196
21627,1239345
21628,1229391
21629,1219493
21630,1209558
21631,1199612
21632,1189715
21633,1179779
21634,1169872
21635,1159985
21636,1150040
21637,1140096
21638,1130229
21639,1127917
21640,1118169
21641,1108636
21642,1098754
21643,1089550
21644,1080040
21645,1070126
21646,1060252
21647,1050772
21648,1040951
21649,1031859
21650,1022467
21651,1012710
21652,1002973
21653,993566
21654,984172
21655,974416
21656,965060
21657,955119
21658,945267
21659,935885
21660,925960
21661,916161
21662,906919
21663,896987
21664,887203
21665,877569
21666,867741
21667,857791
21668,848062
21669,838172
21670,828264
21671,818580
21672,808642
21673,798700
21674,789173
21675,779238
21676,769294
21677,761607
21678,751702
21679,741790
21680,731878
21681,721944
21682,711992
21683,702065
21684,692136
21685,682200
21686,672306
21687,662390
21688,652441
21689,642524
21690,632575
21691,622626
21692,612680
21693,602738
21694,592779
21695,582844
21696,572910
21697,562955
21698,552996
21699,543052
21700,533107
21701,523177
21702,513244
21703,503282
21704,495579
21705,485653
21706,475731
21707,465775
21708,455836
21709,445879
21710,436003
21711,426066
21712,416109
21713,406200
21714,396261
21715,386295
21716,378760
21717,368874
21718,358940
21719,349043
21720,339113
21721,322409
21722,319275
21723,309356
21724,299415
21725,289512
21726,279560
21727,269610
21728,259706
21729,249754
21730,239804
21731,229888
21732,1248959
21733,1239372
21734,1229897
21735,1223148
21736,1214574
21737,1204979
21738,1195391
21739,1185663
21740,1176173
21741,1166495
21742,1156935
21743,1147268
21744,1137716
21745,1128280
21746,1118633
21747,1108915
21748,1101283
21749,1091707
21750,1073912
21751,1072191
21752,1063269
21753,1053526
21754,1047945
21755,1038102
21756,1028216
21757,1018341
21758,1008468
21759,998541
21760,988592
21761,978709
21762,969056
21763,959404
21764,949764
21765,940040
21766,930497
21767,920985
21768,912123
21769,902497
21770,892909
21771,883280
21772,873646
21773,865984
21774,856345
21775,846739
21776,837125
21777,827620
21778,817939
21779,808307
21780,798579
21781,789006
21782,779406
21783,769713
21784,760710
21785,751026
21786,743217
21787,733568
21788,723954
21789,714238
21790,704552
21791,694985
21792,685284
21793,677628
21794,667735
21795,657875
21796,647971
21797,638116
21798,628247
21799,619800
21800,610470
21801,600860
21802,591220
21803,581615
21804,571949
21805,562411
21806,554469
21807,544539
21808,534580
21809,524625
21810,514685
21811,504834
21812,497044
21813,487477
21814,477813
21815,468226
21816,459333
21817,449559
21818,439964
21819,430256
21820,420658
21821,410957
21822,401357
21823,391642
21824,382078
21825,374422
21826,364888
21827,355260
21828,345582
21829,335978
21830,326393
21831,316849
21832,307770
21833,300011
21834,290117
21835,280254
21836,270357
21837,261623
21838,252055
21839,242441
21840,232934
21841,223499
21842,213900
21843,204329
21844,194651
21845,185084
21846,175529
21847,165884
21848,156956
21849,147366
21850,139564
21851,129990
21852,120413
21853,110833
21854,101330
21855,91660
21856,81973
21857,72580
21858,62947
21859,53418
21860,43742
21861,34084
21862,24575
21863,17727
21864,8877
21865,1059326
21866,1049895
21867,1040394
21868,1030927
21869,1021360
21870,1011705
21871,1002126
21872,995859
21873,985989
21874,976095
21875,966190
21876,956792
21877,947202
21878,937645
21879,927984
21880,919086
21881,909465
21882,899826
21883,890137
21884,880538
21885,870849
21886,861295
21887,851718
21888,842144
21889,834402
21890,824812
21891,815046
21892,788876
21893,788912
21894,752769
21895,753006
21896,753879
21897,753860
21898,680364
21899,680394
21900,680421
21901,682005
21902,682039
21903,682082
21904,682070
21905,680578
21906,666878
21907,661402
21908,653486
21909,643598
21910,633655
21911,623746
21912,615944
21913,606060
21914,596159
21915,586509
21916,576824
21917,567233
21918,557633
21919,547876
21920,538312
21921,528849
21922,519253
21923,509652
21924,500048
21925,490363
21926,480768
21927,472843
21928,463890
21929,454294
21930,444658
21931,435032
21932,425434
21933,415754
21934,406092
21935,396443
21936,386768
21937,377381
21938,367719
21939,358051
21940,350878
21941,341240
21942,331558
21943,321872
21944,312837
21945,303212
21946,293591
21947,283892
21948,274269
21949,264587
21950,255009
21951,247179
21952,237283
21953,228009
21954,218406
21955,208754
21956,199091
21957,189417
21958,179770
21959,170231
21960,161333
21961,151803
21962,142220
21963,132643
21964,123075
21965,115249
21966,105697
21967,96041
21968,86467
21969,77007
21970,67648
21971,58041
21972,48389
21973,38829
21974,29225
21975,19542
21976,10642
21977,1060911
21978,1053620
21979,1043988
21980,1034303
21981,1024626
21982,1015046
21983,1005520
21984,995840
21985,986426
21986,976839
21987,967207
21988,957557
21989,947986
21990,938271
21991,931257
21992,922173
21993,912459
21994,902849
21995,893224
21996,883586
21997,873928
21998,864300
21999,854606
22000,844967
22001,835549
22002,825893
22003,816273
22004,808420
22005,798831
22006,789164
22007,779533
22008,770489
22009,760863
22010,751321
22011,743168
22012,733239
22013,723327
22014,713396
22015,703460
22016,693533
22017,686424
22018,676811
22019,667199
22020,657526
22021,647859
22022,638222
22023,628581
22024,619576
22025,610007
22026,600310
22027,590664
22028,581083
22029,573220
22030,565419
22031,555583
22032,545692
22033,535790
22034,525909
22035,515977
22036,506096
22037,496186
22038,486395
22039,476692
22040,467783
22041,458163
22042,450293
22043,440696
22044,431160
22045,421461
22046,411925
22047,402349
22048,392795
22049,383399
22050,373710
22051,364149
22052,354559
22053,344934
22054,335276
22055,327432
22056,318445
22057,308760
22058,299106
22059,289486
22060,279847
22061,270260
22062,260668
22063,250997
22064,241426
22065,231885
22066,222200
22067,212549
22068,204653
22069,196789
22070,186940
22071,177077
22072,167194
22073,157297
22074,147504
22075,138062
22076,128372
22077,118796
22078,109080
22079,99609
22080,90064
22081,82613
22082,73079
22083,63520
22084,53996
22085,44388
22086,34722
22087,25071
22088,16318
22089,6687
22090,1049393
22091,1039857
22092,1030316
22093,1022760
22094,1013229
22095,1003514
22096,993959
22097,984650
22098,975003
22099,965460
22100,955801
22101,946188
22102,936540
22103,927028
22104,918079
22105,908385
22106,901612
22107,892004
22108,882342
22109,875260
22110,865403
22111,855518
22112,845625
22113,835736
22114,827687
22115,817791
22116,807864
22117,797919
22118,788006
22119,779733
22120,770864
22121,761353
22122,751827
22123,742348
22124,732710
22125,723158
22126,713611
22127,704025
22128,694389
22129,685028
22130,675412
22131,665791
22132,657856
22133,648275
22134,638678
22135,629012
22136,620131
22137,610403
22138,600749
22139,591189
22140,581476
22141,571848
22142,562235
22143,552583
22144,542957
22145,535488
22146,525777
22147,516158
22148,506545
22149,498567
22150,484929
22151,478803
22152,468917
22153,458982
22154,449079
22155,439292
22156,429666
22157,422022
22158,412502
22159,402861
22160,393237
22161,383827
22162,374296
22163,364711
22164,355116
22165,345410
22166,335835
22167,326145
22168,317187
22169,307728
22170,299853
22171,290324
22172,280757
22173,271164
22174,261767
22175,252164
22176,242525
22177,233075
22178,223509
22179,213880
22180,204311
22181,194741
22182,185111
22183,177427
22184,168631
22185,159103
22186,149442
22187,139834
22188,132175
22189,122301
22190,112459
22191,102563
22192,92664
22193,82765
22194,72949
22195,63315
22196,55742
22197,46144
22198,36492
22199,26985
22200,18098
22201,8655
22202,1059450
22203,1049886
22204,1040427
22205,1030985
22206,1021238
22207,1011559
22208,1001996
22209,994405
22210,984767
22211,975189
22212,965619
22213,955861
22214,946263
22215,936538
22216,928570
22217,918695
22218,908792
22219,898874
22220,882234
22221,868101
22222,868209
22223,861941
22224,852232
22225,842830
22226,833375
22227,823794
22228,818857
22229,808988
22230,799089
22231,789157
22232,779250
22233,769363
22234,759568
22235,750041
22236,740433
22237,730769
22238,721095
22239,711379
22240,701850
22241,692480
22242,682748
22243,673109
22244,663526
22245,653903
22246,644302
22247,636520
22248,627610
22249,617898
22250,608298
22251,598578
22252,588927
22253,579284
22254,569612
22255,559970
22256,550310
22257,540825
22258,531117
22259,521527
22260,513575
22261,503994
22262,494394
22263,484710
22264,475723
22265,466113
22266,456450
22267,448582
22268,438717
22269,428835
22270,418936
22271,409031
22272,399130
22273,390795
22274,381172
22275,371578
22276,361964
22277,352321
22278,342595
22279,332976
22280,324058
22281,314364
22282,304687
22283,295069
22284,285357
22285,277501
22286,267865
22287,258354
22288,248667
22289,239180
22290,229551
22291,220032
22292,210365
22293,200645
22294,191091
22295,181579
22296,172619
22297,163001
22298,155222
22299,145717
22300,136167
22301,126618
22302,116958
22303,107380
22304,97801
22305,88375
22306,78851
22307,71008
22308,61183
22309,51276
22310,41369
22311,32807
22312,23913
22313,14347
22314,4838
22315,1055222
22316,1045814
22317,1036183
22318,1028369
22319,1018507
22320,1008607
22321,998687
22322,988813
22323,978883
22324,970960
22325,961339
22326,951780
22327,942151
22328,933179
22329,923447
22330,913901
22331,904300
22332,894740
22333,885058
22334,875526
22335,865908
22336,856265
22337,848672
22338,838975
22339,829338
22340,819759
22341,810139
22342,800477
22343,791016
22344,781926
22345,772452
22346,765342
22347,755524
22348,745627
22349,736263
22350,726627
22351,717006
22352,707345
22353,697881
22354,688251
22355,678656
22356,669006
22357,659388
22358,649743
22359,640103
22360,631022
22361,621380
22362,613435
22363,603855
22364,594180
22365,584445
22366,574800
22367,565100
22368,555424
22369,545910
22370,536382
22371,526667
22372,516973
22373,507311
22374,497592
22375,489735
22376,480723
22377,471103
22378,461418
22379,451746
22380,442099
22381,432491
22382,422903
22383,413256
22384,403638
22385,394196
22386,386692
22387,376821
22388,366959
22389,357381
22390,347735
22391,338163
22392,329189
22393,319533
22394,309902
22395,300335
22396,290668
22397,280939
22398,271348
22399,261813
22400,252173
22401,244490
22402,234991
22403,225353
22404,215752
22405,206083
22406,196487
22407,186844
22408,178066
22409,168327
22410,158793
22411,149111
22412,139591
22413,131742
22414,122308
22415,112692
22416,103085
22417,93608
22418,84052
22419,74616
22420,65035
22421,56839
22422,46909
22423,36954
22424,27272
22425,17601
22426,9805
22427,1060167
22428,1050731
22429,1041269
22430,1031840
22431,1022187
22432,1012576
22433,1003126
22434,993528
22435,983891
22436,974332
22437,964647
22438,955062
22439,947502
22440,938449
22441,928780
22442,919147
22443,909603
22444,899926
22445,890382
22446,880768
22447,871110
22448,861474
22449,852088
22450,842362
22451,832796
22452,824833
22453,815214
22454,805674
22455,796149
22456,787231
22457,777634
22458,768035
22459,758439
22460,748895
22461,739229
22462,729676
22463,720049
22464,710476
22465,703770
22466,693925
22467,684032
22468,674123
22469,664715
22470,655027
22471,645310
22472,636280
22473,626648
22474,616966
22475,607425
22476,597851
22477,589929
22478,580340
22479,570727
22480,561111
22481,551658
22482,542067
22483,532431
22484,522902
22485,513247
22486,503613
22487,493921
22488,484895
22489,475294
22490,467364
22491,457685
22492,448020
22493,438357
22494,428668
22495,418992
22496,409439
22497,400036
22498,390376
22499,380777
22500,371201
22501,361586
22502,351921
22503,343895
22504,335959
22505,326096
22506,316221
22507,306320
22508,296439
22509,286573
22510,276971
22511,267333
22512,257698
22513,248371
22514,238715
22515,229084
22516,221095
22517,211597
22518,201971
22519,192367
22520,183380
22521,173785
22522,164214
22523,155980
22524,146051
22525,136094
22526,126199
22527,116259
22528,106470
22529,99652
22530,89981
22531,80538
22532,71015
22533,61461
22534,51858
22535,42301
22536,33305
22537,23737
22538,14252
22539,4601
22540,1047223
22541,1039557
22542,1029938
22543,1020308
22544,1013274
22545,1003420
22546,993534
22547,983659
22548,973763
22549,963865
22550,953992
22551,944115
22552,934766
22553,925182
22554,917278
22555,907662
22556,898073
22557,888457
22558,878789
22559,869201
22560,859637
22561,850270
22562,840662
22563,830990
22564,821485
22565,811934
22566,802307
22567,794379
22568,785557
22569,775945
22570,766283
22571,756683
22572,746940
22573,737344
22574,727729
22575,718116
22576,708401
22577,698959
22578,689259
22579,679588
22580,671760
22581,662092
22582,652408
22583,644734
22584,634883
22585,624988
22586,615068
22587,605200
22588,595323
22589,585417
22590,575520
22591,565811
22592,556087
22593,548394
22594,538688
22595,529043
22596,519453
22597,509780
22598,500197
22599,490544
22600,481461
22601,471792
22602,462121
22603,452551
22604,442876
22605,435629
22606,425967
22607,416278
22608,406587
22609,397159
22610,387517
22611,377980
22612,368373
22613,358791
22614,349138
22615,339551
22616,330578
22617,321090
22618,313080
22619,303462
22620,293797
22621,284200
22622,274515
22623,266842
22624,256942
22625,250202
22626,240297
22627,230356
22628,220451
22629,210523
22630,200583
22631,191183
22632,182390
22633,172741
22634,163101
22635,153554
22636,143987
22637,134416
22638,124798
22639,115192
22640,105672
22641,96252
22642,86736
22643,77124
22644,69494
22645,59902
22646,50305
22647,40661
22648,31954
22649,22272
22650,12713
22651,3058
22652,1045875
22653,1036256
22654,1026659
22655,1017095
22656,1007421
22657,999894
22658,990335
22659,980708
22660,971010
22661,961501
22662,951888
22663,947305
22664,937481
22665,927589
22666,917666
22667,907778
22668,897855
22669,887907
22670,878236
22671,868604
22672,859092
22673,849746
22674,840235
22675,830494
22676,820985
22677,811355
22678,801791
22679,792280
22680,783299
22681,773717
22682,766906
22683,757243
22684,747663
22685,737997
22686,728282
22687,718649
22688,709062
22689,699576
22690,689928
22691,680325
22692,670623
22693,661019
22694,651395
22695,643811
22696,634853
22697,625299
22698,615525
22699,605960
22700,596311
22701,586606
22702,579002
22703,569138
22704,559250
22705,549373
22706,539491
22707,529595
22708,521114
22709,511439
22710,501775
22711,492169
22712,483192
22713,473693
22714,463938
22715,454301
22716,444668
22717,435011
22718,425379
22719,415734
22720,406068
22721,389804
22722,388889
22723,379290
22724,369649
22725,359941
22726,350364
22727,343136
22728,333250
22729,323301
22730,313404
22731,303470
22732,293530
22733,285401
22734,275893
22735,266308
22736,256666
22737,247221
22738,237589
22739,227958
22740,218281
22741,210486
22742,200612
22743,190721
22744,180818
22745,170920
22746,161947
22747,152479
22748,142810
22749,133331
22750,123866
22751,106726
22752,104568
22753,95185
22754,85612
22755,76031
22756,66654
22757,57042
22758,47537
22759,39896
22760,31008
22761,21424
22762,11935
22763,2320
22764,1045925
22765,1036301
22766,1026747
22767,1017142
22768,1007561
22769,998264
22770,988676
22771,979075
22772,972567
22773,963036
22774,953405
22775,943800
22776,934909
22777,925298
22778,915695
22779,905998
22780,896289
22781,890467
22782,880610
22783,870734
22784,860836
22785,850906
22786,841001
22787,831541
22788,821828
22789,812190
22790,802591
22791,792947
22792,784143
22793,774491
22794,764949
22795,755420
22796,745840
22797,738355
22798,728847
22799,719186
22800,709592
22801,700240
22802,690698
22803,681147
22804,671530
22805,661981
22806,652237
22807,642720
22808,633771
22809,624086
22810,616217
22811,606607
22812,596958
22813,587315
22814,577704
22815,568084
22816,558366
22817,548942
22818,539265
22819,529609
22820,519905
22821,512312
22822,502432
22823,493671
22824,483811
22825,473965
22826,464239
22827,454526
22828,444836
22829,435219
22830,427074
22831,417177
22832,407294
22833,397366
22834,387414
22835,377521
22836,369635
22837,359994
22838,350378
22839,340687
22840,331670
22841,321996
22842,312390
22843,302803
22844,293157
22845,283602
22846,273898
22847,264289
22848,254671
22849,246860
22850,237285
22851,227679
22852,218062
22853,208402
22854,198703
22855,189071
22856,180132
22857,170427
22858,160826
22859,151273
22860,143627
22861,133863
22862,124309
22863,114759
22864,105202
22865,95800
22866,86222
22867,76585
22868,67171
22869,57606
22870,47983
22871,38472
22872,29553
22873,19920
22874,12190
22875,2690
22876,1045891
22877,1036374
22878,1026776
22879,1017087
22880,1007584
22881,998102
22882,988573
22883,978946
22884,969263
22885,959641
22886,950012
22887,942388
22888,933389
22889,923762
22890,914069
22891,902864
22892,878993
22893,879014
22894,845189
22895,845187
22896,845200
22897,845268
22898,774359
22899,774325
22900,777967
22901,778035
22902,778058
22903,778084
22904,778131
22905,763037
22906,760730
22907,751121
22908,741443
22909,731795
22910,722195
22911,712565
22912,702868
22913,695223
22914,685486
22915,675867
22916,666197
22917,656483
22918,646787
22919,637178
22920,628185
22921,618501
22922,608856
22923,599237
22924,589538
22925,581730
22926,572060
22927,562471
22928,552813
22929,543300
22930,533601
22931,523968
22932,514230
22933,505965
22934,496072
22935,486150
22936,476239
22937,466520
22938,458657
22939,451410
22940,441520
22941,431669
22942,421780
22943,411870
22944,401937
22945,392002
22946,382091
22947,372150
22948,362228
22949,352403
22950,342650
22951,334496
22952,325493
22953,315842
22954,306231
22955,296609
22956,287002
22957,277385
22958,267713
22959,258077
22960,248457
22961,239085
22962,229415
22963,219861
22964,211986
22965,202483
22966,192854
22967,183332
22968,174289
22969,164681
22970,155022
22971,145401
22972,135831
22973,126185
22974,116635
22975,107039
22976,97467
22977,89911
22978,80433
22979,72967
22980,63114
22981,53249
22982,43359
22983,33490
22984,23898
22985,14463
22986,4782
22987,1044463
22988,1034881
22989,1027285
22990,1017685
22991,1008083
22992,998398
22993,988958
22994,979420
22995,969669
22996,960062
22997,950419
22998,940849
22999,931213
23000,922248
23001,912617
23002,904750
23003,895208
23004,885484
23005,875878
23006,866191
23007,856603
23008,846962
23009,837528
23010,827861
23011,818237
23012,808502
23013,798922
23014,789276
23015,781489
23016,772542
23017,762869
23018,753178
23019,749699
23020,733080
23021,717520
23022,717511
23023,710213
23024,700357
23025,690444
23026,680498
23027,670578
23028,660642
23029,650698
23030,640791
23031,630855
23032,621397
23033,611745
23034,602043
23035,594254
23036,584372
23037,574443
23038,564524
23039,554578
23040,544646
23041,536447
23042,526878
23043,517188
23044,507489
23045,497905
23046,488333
23047,478662
23048,469652
23049,459923
23050,450301
23051,440632
23052,430998
23053,423113
23054,413549
23055,403837
23056,394199
23057,384778
23058,377281
23059,367386
23060,357556
23061,347625
23062,337687
23063,327822
23064,317924
23065,308178
23066,300416
23067,290735
23068,281180
23069,271559
23070,261953
23071,252341
23072,242680
23073,233235
23074,223651
23075,214124
23076,204501
23077,194859
23078,185226
23079,177487
23080,168478
23081,158867
23082,149157
23083,139606
23084,130047
23085,120490
23086,110850
23087,101260
23088,91563
23089,82135
23090,72688
23091,63305
23092,55494
23093,45924
23094,36338
23095,26780
23096,17804
23097,8271
23098,1058257
23099,1048870
23100,1039423
23101,1029798
23102,1020299
23103,1010577
23104,1000952
23105,993611
23106,983937
23107,974251
23108,964668
23109,954990
23110,945344
23111,935769
23112,926700
23113,917134
23114,907562
23115,897984
23116,888328
23117,880465
23118,870932
23119,861223
23120,851598
23121,842207
23122,832487
23123,822905
23124,813295
23125,803719
23126,794124
23127,784614
23128,775608
23129,765949
23130,758019
23131,748375
23132,738747
23133,729168
23134,719524
23135,709826
23136,700211
23137,693229
23138,685221
23139,675296
23140,665404
23141,655518
23142,645586
23143,644218
23144,635381
23145,625754
23146,616150
23147,606470
23148,596825
23149,587209
23150,577642
23151,568058
23152,558449
23153,548996
23154,539403
23155,529676
23156,521916
23157,512268
23158,502643
23159,493052
23160,484137
23161,474465
23162,464925
23163,455290
23164,445724
23165,436059
23166,426491
23167,416834
23168,407237
23169,399486
23170,389896
23171,380250
23172,370618
23173,360977
23174,351355
23175,341663
23176,332815
23177,325369
23178,315515
23179,305664
23180,295763
23181,293755
23182,284250
23183,274723
23184,265023
23185,255540
23186,246041
23187,236314
23188,226711
23189,217120
23190,207450
23191,197811
23192,189043
23193,179484
23194,172498
23195,162957
23196,153322
23197,143691
23198,134095
23199,124487
23200,114885
23201,105522
23202,95978
23203,86436
23204,76875
23205,67282
23206,57651
23207,50198
23208,41325
23209,31724
23210,22076
23211,12527
23212,2880
23213,1005908
23214,996402
23215,986749
23216,977276
23217,970125
23218,960242
23219,950370
23220,941052
23221,931395
23222,921816
23223,912056
23224,903055
23225,893521
23226,883809
23227,874108
23228,864488
23229,854837
23230,845307
23231,835648
23232,826066
23233,818485
23234,808835
23235,799207
23236,789704
23237,780131
23238,770568
23239,760966
23240,752742
23241,742815
23242,732872
23243,723293
23244,713576
23245,705727
23246,696186
23247,686477
23248,676882
23249,667450
23250,657816
23251,648128
23252,638491
23253,628842
23254,619210
23255,609520
23256,601576
23257,591687
23258,583161
23259,573562
23260,563880
23261,554189
23262,544612
23263,534924
23264,525338
23265,515881
23266,506294
23267,496618
23268,486979
23269,477253
23270,467646
23271,459810
23272,450806
23273,441180
23274,431578
23275,421908
23276,412291
23277,402624
23278,392892
23279,383258
23280,373542
23281,364093
23282,354457
23283,344830
23284,336860
23285,327327
23286,317774
23287,308240
23288,299327
23289,289759
23290,280096
23291,270482
23292,260965
23293,251314
23294,241729
23295,232071
23296,224086
23297,215713
23298,206061
23299,196508
23300,187016
23301,177401
23302,167907
23303,158353
23304,149451
23305,139856
23306,130328
23307,120680
23308,111079
23309,103306
23310,93813
23311,84208
23312,74689
23313,65389
23314,55697
23315,46081
23316,36495
23317,26811
23318,17271
23319,7699
23320,1060743
23321,1051236
23322,1043279
23323,1033805
23324,1024323
23325,1014767
23326,1005329
23327,995755
23328,986196
23329,976699
23330,967174
23331,957531
23332,948163
23333,938657
23334,929038
23335,923536
23336,913666
23337,903799
23338,893903
23339,884025
23340,926437
23341,916890
23342,908774
23343,898850
23344,888916
23345,879000
23346,869060
23347,859356
23348,851614
23349,842046
23350,832406
23351,822745
23352,813814
23353,804133
23354,794643
23355,785086
23356,775502
23357,765928
23358,756354
23359,746604
23360,737015
23361,729370
23362,719817
23363,710219
23364,700608
23365,691081
23366,681529
23367,671833
23368,662948
23369,653430
23370,643873
23371,634327
23372,624735
23373,617084
23374,607526
23375,600201
23376,590350
23377,580492
23378,570609
23379,560717
23380,550785
23381,582236
23382,572569
23383,562960
23384,553971
23385,544372
23386,536665
23387,527043
23388,517354
23389,507731
23390,498092
23391,488484
23392,478736
23393,469294
23394,459660
23395,449999
23396,440448
23397,430804
23398,421121
23399,413235
23400,404201
23401,394536
23402,384930
23403,375267
23404,365543
23405,355962
23406,346394
23407,336817
23408,327224
23409,317954
23410,308400
23411,298869
23412,291004
23413,281506
23414,274370
23415,264489
23416,254631
23417,244748
23418,234803
23419,263310
23420,253752
23421,244121
23422,234510
23423,224877
23424,215264
23425,207960
23426,198322
23427,188620
23428,178991
23429,169350
23430,159749
23431,150148
23432,141193
23433,133944
23434,124330
23435,114830
23436,105164
23437,97320
23438,87730
23439,78022
23440,68321
23441,58937
23442,49308
23443,39738
23444,31736
23445,21825
23446,11899
23447,1171653
23448,1162763
23449,1153131
23450,1145487
23451,1135638
23452,1125828
23453,1116221
23454,1108883
23455,1099021
23456,1089130
23457,1079241
23458,1069335
23459,1059417
23460,1049487
23461,1046815
23462,1037309
23463,1029581
23464,1020605
23465,1011016
23466,1001460
23467,991786
23468,982194
23469,972489
23470,962862
23471,953185
23472,943481
23473,934029
23474,924392
23475,914799
23476,906798
23477,897237
23478,887564
23479,877976
23480,868996
23481,859329
23482,849806
23483,840237
23484,830671
23485,821096
23486,811497
23487,801982
23488,792467
23489,785542
23490,775970
23491,766488
23492,759210
23493,749319
23494,739457
23495,729571
23496,726750
23497,717233
23498,707786
23499,698276
23500,688641
23501,680975
23502,671410
23503,661807
23504,652160
23505,642723
23506,633139
23507,623624
23508,613921
23509,604360
23510,594873
23511,585332
23512,576401
23513,566888
23514,558974
23515,549317
23516,539734
23517,530027
23518,520562
23519,511016
23520,501505
23521,492091
23522,482487
23523,472958
23524,463318
23525,453726
23526,444135
23527,436223
23528,427281
23529,417717
23530,408077
23531,401020
23532,391157
23533,391341
23534,381878
23535,372285
23536,362718
23537,353378
23538,343697
23539,334179
23540,326555
23541,317029
23542,307452
23543,297900
23544,288926
23545,279265
23546,269685
23547,261868
23548,251947
23549,242035
23550,232111
23551,222198
23552,212490
23553,204972
23554,195327
23555,185735
23556,176150
23557,166637
23558,157160
23559,147574
23560,138702
23561,129267
23562,119774
23563,110243
23564,100727
23565,92891
23566,83307
23567,73764
23568,64127
23569,54669
23570,45035
23571,37606
23572,27809
23573,17961
23574,8067
23575,1057109
23576,1048812
23577,1039138
23578,1032569
23579,1023036
23580,1013503
23581,1003872
23582,994223
23583,984623
23584,975013
23585,965577
23586,955944
23587,946395
23588,936860
23589,927326
23590,917800
23591,910033
23592,901093
23593,891465
23594,881940
23595,872424
23596,862740
23597,853214
23598,843670
23599,834125
23600,824537
23601,815105
23602,805590
23603,796023
23604,788257
23605,778587
23606,769083
23607,759542
23608,750783
23609,741255
23610,731618
23611,724503
23612,714604
23613,704741
23614,694820
23615,684926
23616,675033
23617,675694
23618,666086
23619,656470
23620,646856
23621,637244
23622,627702
23623,618079
23624,609224
23625,599527
23626,589843
23627,580301
23628,570642
23629,563016
23630,553416
23631,543762
23632,534106
23633,524633
23634,515046
23635,505347
23636,495884
23637,486243
23638,476637
23639,467065
23640,458128
23641,448506
23642,440746
23643,431328
23644,421733
23645,412229
23646,402690
23647,393114
23648,383611
23649,374192
23650,367941
23651,358030
23652,348106
23653,338170
23654,328268
23655,325882
23656,316981
23657,307409
23658,297698
23659,288140
23660,278482
23661,268734
23662,259284
23663,249711
23664,240070
23665,253816
23666,244336
23667,234816
23668,227114
23669,217694
23670,208139
23671,198592
23672,189799
23673,180335
23674,170802
23675,161218
23676,151620
23677,141939
23678,132795
23679,123245
23680,113623
23681,105996
23682,96401
23683,86849
23684,77224
23685,67700
23686,57993
23687,48528
23688,39516
23689,29911
23690,22595
23691,12713
23692,1078516
23693,1085967
23694,1080351
23695,1074980
23696,1070101
23697,1066099
23698,1060392
23699,1055098
23700,1048781
23701,1042637
23702,1046997
23703,1040899
23704,1034969
23705,1025694
23706,1018414
23707,1008754
23708,999098
23709,989659
23710,980031
23711,970436
23712,960726
23713,951324
23714,941738
23715,932175
23716,922565
23717,912932
23718,903361
23719,895489
23720,886542
23721,861634
23722,861629
23723,857332
23724,847736
23725,838142
23726,828608
23727,819058
23728,816436
23729,806562
23730,796673
23731,786816
23732,776917
23733,767024
23734,757085
23735,747181
23736,737254
23737,727310
23738,717394
23739,707518
23740,697571
23741,807298
23742,797497
23743,787604
23744,777723
23745,767804
23746,757868
23747,747992
23748,738053
23749,728111
23750,718189
23751,708258
23752,707415
23753,685062
23754,685062
23755,677834
23756,667923
23757,657992
23758,648057
23759,638157
23760,628216
23761,618274
23762,608366
23763,598434
23764,588519
23765,578636
23766,568697
23767,558788
23768,553632
23769,543706
23770,533807
23771,523955
23772,514030
23773,504088
23774,494186
23775,484245
23776,474305
23777,464387
23778,454459
23779,444511
23780,434610
23781,424678
23782,414738
23783,404827
23784,394936
23785,384995
23786,375093
23787,365149
23788,355213
23789,345257
23790,335327
23791,325380
23792,315467
23793,305534
23794,295588
23795,285650
23796,275746
23797,265799
23798,255911
23799,245969
23800,236037
23801,226124
23802,216193
23803,206255
23804,196330
23805,186398
23806,176461
23807,169133
23808,159207
23809,149302
23810,139401
23811,129462
23812,119522
23813,109637
23814,99703
23815,89796
23816,79862
23817,69927
23818,59985
23819,50069
23820,40125
23821,29912
23822,14310
23823,1805087
23824,1795545
23825,1786521
23826,1776917
23827,1767517
23828,1757955
23829,1748421
23830,1738937
23831,1729558
23832,1720816
23833,1711194
23834,1705281
23835,1695587
23836,1685947
23837,1676326
23838,1666734
23839,1657036
23840,1647444
23841,1638047
23842,1628481
23843,1618895
23844,1609299
23845,1603460
23846,1593626
23847,1585286
23848,1575395
23849,1565520
23850,1555601
23851,1545659
23852,1535927
23853,1526369
23854,1518569
23855,1508668
23856,1498735
23857,1488785
23858,1478884
23859,1469233
23860,1461352
23861,1451729
23862,1442169
23863,1432538
23864,1423659
23865,1414036
23866,1404500
23867,1394972
23868,1385319
23869,1375666
23870,1366042
23871,1356481
23872,1346793
23873,1339148
23874,1329533
23875,1320127
23876,1310535
23877,1300886
23878,1291211
23879,1281649
23880,1278289
23881,1268570
23882,1261015
23883,1251124
23884,1241225
23885,1233177
23886,1223539
23887,1214040
23888,1204449
23889,1195026
23890,1185356
23891,1169945
23892,1145833
23893,1146170
23894,1146221
23895,1111110
23896,1111983
23897,1112048
23898,1049221
23899,1049294
23900,1049345
23901,1049396
23902,1049344
23903,1049397
23904,1049333
23905,1034024
23906,1032070
23907,1022345
23908,1012739
23909,1003081
23910,993430
23911,985567
23912,978975
23913,969174
23914,959313
23915,949455
23916,939552
23917,929648
23918,919738
23919,911992
23920,902119
23921,892248
23922,882336
23923,872433
23924,863882
23925,854341
23926,844860
23927,835228
23928,826276
23929,816615
23930,807032
23931,797338
23932,787810
23933,778209
23934,768752
23935,759523
23936,749925
23937,742391
23938,732728
23939,723088
23940,713389
23941,703805
23942,694173
23943,684591
23944,675645
23945,666047
23946,656506
23947,646829
23948,637195
23949,629508
23950,619945
23951,610341
23952,600662
23953,591142
23954,581512
23955,571901
23956,562300
23957,553861
23958,543978
23959,536247
23960,526378
23961,516481
23962,507071
23963,497548
23964,487988
23965,478380
23966,468795
23967,459111
23968,449579
23969,440133
23970,430651
23971,421088
23972,411526
23973,401949
23974,392260
23975,384462
23976,375590
23977,365981
23978,356448
23979,346937
23980,337268
23981,327672
23982,317994
23983,308430
23984,298781
23985,289300
23986,279631
23987,270050
23988,262157
23989,252488
23990,242799
23991,233201
23992,224402
23993,214781
23994,205140
23995,195574
23996,185967
23997,176352
23998,168671
23999,158795
24000,148924
24001,139578
24002,130000
24003,120321
24004,110660
24005,101070
24006,91505
24007,81885
24008,73029
24009,63462
24010,53990
24011,44412
24012,34737
24013,26947
24014,17486
24015,7876
24016,1034351
24017,1025283
24018,1015682
24019,1006166
24020,996577
24021,986919
24022,977266
24023,967614
24024,958731
24025,949011
24026,942945
24027,933478
24028,923904
24029,914310
24030,904698
24031,895031
24032,885436
24033,876006
24034,866431
24035,856925
24036,847363
24037,837822
24038,830714
24039,820833
24040,812583
24041,802939
24042,793417
24043,783849
24044,774257
24045,764660
24046,755174
24047,745564
24048,736082
24049,726880
24050,717393
24051,707819
24052,700902
24053,691390
24054,681687
24055,672176
24056,663349
24057,653730
24058,644116
24059,635940
24060,625997
24061,616066
24062,606158
24063,596230
24064,586290
24065,578719
24066,569113
24067,559559
24068,549895
24069,540515
24070,530849
24071,521241
24072,512255
24073,502655
24074,493034
24075,483372
24076,473695
24077,465853
24078,456271
24079,446744
24080,437087
24081,427636
24082,418085
24083,408481
24084,398891
24085,389298
24086,379653
24087,370089
24088,361268
24089,351689
24090,343900
24091,334208
24092,324744
24093,315218
24094,305591
24095,295986
24096,286418
24097,277067
24098,267455
24099,257905
24100,248192
24101,238623
24102,228930
24103,221190
24104,212294
24105,202840
24106,193147
24107,183542
24108,173934
24109,164386
24110,154753
24111,145118
24112,135463
24113,126059
24114,116473
24115,106837
24116,99003
24117,91388
24118,81540
24119,71707
24120,61820
24121,51893
24122,42185
24123,32462
24124,22885
24125,13387
24126,3758
24127,1049447
24128,1039911
24129,1032996
24130,1023471
24131,1013859
24132,1004193
24133,994520
24134,984888
24135,975263
24136,966454
24137,956888
24138,947204
24139,937519
24140,927928
24141,920423
24142,910841
24143,901181
24144,891542
24145,882162
24146,872585
24147,862995
24148,853294
24149,843746
24150,834023
24151,824201
24152,815193
24153,805527
24154,797630
24155,788070
24156,780967
24157,771092
24158,761240
24159,751356
24160,741443
24161,732926
24162,722991
24163,713047
24164,703162
24165,693217
24166,683283
24167,674814
24168,665785
24169,656120
24170,646519
24171,636937
24172,627193
24173,617649
24174,608008
24175,598377
24176,588711
24177,579250
24178,569546
24179,560024
24180,552324
24181,542713
24182,533169
24183,523448
24184,514537
24185,504933
24186,495325
24187,485667
24188,476178
24189,466542
24190,456952
24191,447328
24192,437709
24193,430076
24194,420543
24195,411008
24196,404111
24197,394269
24198,384439
24199,374487
24200,364625
24201,354775
24202,344825
24203,334919
24204,325054
24205,317278
24206,307735
24207,298093
24208,288484
24209,279088
24210,269506
24211,259855
24212,250519
24213,240728
24214,231093
24215,221504
24216,212571
24217,203010
24218,195199
24219,185638
24220,175939
24221,166421
24222,156722
24223,147133
24224,137618
24225,128243
24226,118606
24227,109013
24228,99411
24229,89818
24230,80172
24231,72346
24232,63807
24233,54213
24234,44649
24235,35030
24236,27206
24237,17313
24238,7406
24239,1069566
24240,1059979
24241,1050651
24242,1041031
24243,1031325
24244,1023907
24245,1014328
24246,1004736
24247,995128
24248,986297
24249,976656
24250,966936
24251,957373
24252,947643
24253,938002
24254,928388
24255,918728
24256,909164
24257,901698
24258,892014
24259,882361
24260,872766
24261,863054
24262,853443
24263,845408
24264,835474
24265,825535
24266,816042
24267,806519
24268,796999
24269,789203
24270,779668
24271,770092
24272,760448
24273,751044
24274,741478
24275,734656
24276,724797
24277,714932
24278,705046
24279,695203
24280,685259
24281,675701
24282,667870
24283,658332
24284,648704
24285,639034
24286,629453
24287,619804
24288,610189
24289,600710
24290,591095
24291,581460
24292,571876
24293,562242
24294,552626
24295,544788
24296,535957
24297,526389
24298,516754
24299,507188
24300,497563
24301,487966
24302,530340
24303,520820
24304,511152
24305,501711
24306,491996
24307,482402
24308,475140
24309,465510
24310,456095
24311,446397
24312,437606
24313,427985
24314,420778
24315,410891
24316,401001
24317,391129
24318,381243
24319,371293
24320,361398
24321,651388
24322,641918
24323,632366
24324,622728
24325,613095
24326,603475
24327,593827
24328,584853
24329,575263
24330,565652
24331,556023
24332,546391
24333,539728
24334,530161
24335,520489
24336,510879
24337,501387
24338,491964
24339,482183
24340,472505
24341,462899
24342,453150
24343,444004
24344,435125
24345,425610
24346,417833
24347,408260
24348,398684
24349,388971
24350,379337
24351,369750
24352,360084
24353,350764
24354,343282
24355,333398
24356,323520
24357,313627
24358,303714
24359,299922
24360,291187
24361,281726
24362,272264
24363,262716
24364,253105
24365,243540
24366,235370
24367,225472
24368,215572
24369,205625
24370,195710
24371,186162
24372,178428
24373,168795
24374,159324
24375,149647
24376,140765
24377,131172
24378,121560
24379,111997
24380,102348
24381,92703
24382,83078
24383,73497
24384,63907
24385,56286
24386,46709
24387,37351
24388,31422
24389,21954
24390,12561
24391,3009
24392,1057613
24393,1047963
24394,1040890
24395,1031066
24396,1021167
24397,1012508
24398,1003038
24399,993479
24400,983889
24401,974618
24402,964988
24403,955384
24404,945788
24405,936179
24406,926609
24407,916983
24408,907926
24409,898438
24410,890457
24411,880893
24412,871182
24413,861556
24414,851852
24415,842272
24416,832747
24417,823284
24418,813736
24419,804125
24420,794590
24421,785002
24422,775286
24423,767440
24424,758528
24425,748995
24426,739297
24427,729683
24428,720072
24429,710472
24430,700816
24431,691172
24432,681464
24433,673741
24434,663911
24435,654054
24436,644902
24437,635299
24438,625675
24439,616046
24440,607239
24441,597565
24442,587983
24443,578379
24444,568807
24445,559160
24446,549543
24447,539932
24448,530277
24449,522697
24450,513119
24451,503554
24452,494092
24453,484461
24454,474854
24455,465316
24456,456364
24457,446811
24458,437201
24459,427610
24460,417972
24461,410188
24462,400553
24463,390978
24464,381460
24465,372020
24466,362390
24467,352832
24468,343226
24469,334778
24470,324876
24471,314949
24472,873949
24473,864399
24474,857001
24475,847403
24476,837826
24477,828099
24478,818560
24479,808923
24480,799417
24481,789982
24482,780324
24483,770665
24484,761155
24485,751597
24486,741987
24487,734145
24488,725167
24489,715558
24490,705946
24491,696347
24492,686584
24493,677073
24494,667567
24495,657905
24496,648608
24497,639253
24498,629627
24499,620009
24500,612310
24501,602685
24502,593053
24503,583412
24504,574368
24505,564813
24506,555143
24507,545415
24508,535763
24509,526125
24510,516469
24511,506748
24512,499753
24513,489921
24514,480024
24515,471096
24516,461448
24517,451805
24518,442177
24519,432567
24520,423625
24521,413941
24522,404296
24523,394734
24524,385082
24525,377120
24526,367619
24527,358045
24528,348417
24529,339029
24530,329409
24531,319663
24532,310057
24533,300456
24534,290817
24535,281350
24536,272397
24537,262716
24538,254790
24539,245139
24540,235512
24541,225825
24542,216204
24543,206493
24544,196896
24545,187497
24546,177806
24547,168146
24548,158535
24549,148833
24550,139225
24551,131372
24552,122448
24553,112754
24554,103256
24555,93706
24556,84026
24557,74446
24558,64835
24559,55305
24560,45850
24561,36467
24562,26882
24563,17332
24564,231493
24565,222278
24566,212780
24567,203313
24568,194446
24569,184841
24570,175128
24571,166761
24572,156849
24573,146944
24574,137042
24575,127140
24576,117504
24577,110029
24578,100457
24579,90798
24580,81375
24581,71788
24582,62214
24583,52645
24584,43869
24585,34186
24586,24625
24587,15241
24588,5659
24589,2151541
24590,2142015
24591,2132472
24592,2129980
24593,2120146
24594,2110244
24595,2100315
24596,2090433
24597,2080496
24598,2070556
24599,2060692
24600,2050776
24601,2040834
24602,2030929
24603,2021021
24604,2011086
24605,2001191
24606,1991250
24607,1981305
24608,1971591
24609,1962235
24610,1952674
24611,1943098
24612,1933395
24613,1923757
24614,1914111
24615,1906203
24616,1897322
24617,1888016
24618,1878306
24619,1868746
24620,1859090
24621,1845842
24622,1828662
24623,1828865
24624,1820550
24625,1811035
24626,1801417
24627,1791750
24628,1784319
24629,1774532
24630,1764668
24631,1754852
24632,1745970
24633,1736235
24634,1726562
24635,1716903
24636,1707327
24637,1697665
24638,1688070
24639,1678425
24640,1668807
24641,1661357
24642,1651622
24643,1641994
24644,1632384
24645,1622715
24646,1613107
24647,1603533
24648,1594548
24649,1584865
24650,1575292
24651,1565684
24652,1555992
24653,1548155
24654,1538552
24655,1528871
24656,1519277
24657,1509842
24658,1500145
24659,1490562
24660,1481000
24661,1471287
24662,1461742
24663,1452029
24664,1443079
24665,1435476
24666,1425635
24667,1415821
24668,1406368
24669,1396697
24670,1387046
24671,1377455
24672,1367820
24673,1358352
24674,1350591
24675,1340666
24676,1330727
24677,1320801
24678,1310814
24679,1302271
24680,1293392
24681,1283773
24682,1274088
24683,1264513
24684,1254797
24685,1245130
24686,1235500
24687,1225793
24688,1216126
24689,1206731
24690,1197060
24691,1187364
24692,1179536
24693,1170116
24694,1160477
24695,1150899
24696,1141873
24697,1132175
24698,1122518
24699,1112825
24700,1103173
24701,1095746
24702,1085881
24703,1076056
24704,1066164
24705,1056825
24706,1047223
24707,1037612
24708,1027909
24709,1018217
24710,1008745
24711,998956
24712,990032
24713,980426
24714,970697
24715,961062
24716,951434
24717,943548
24718,934001
24719,924295
24720,914655
24721,905134
24722,888542
24723,885817
24724,876124
24725,866433
24726,856715
24727,847064
24728,838121
24729,828411
24730,820446
24731,810903
24732,801244
24733,791640
24734,782009
24735,772332
24736,762617
24737,753186
24738,743485
24739,733820
24740,726160
24741,716394
24742,706518
24743,697484
24744,688495
24745,678913
24746,669326
24747,660322
24748,650696
24749,641009
24750,631391
24751,621517
24752,611806
24753,602382
24754,592657
24755,579798
24756,575040
24757,565371
24758,555779
24759,546115
24760,537217
24761,527637
24762,517979
24763,508360
24764,498724
24765,489110
24766,479476
24767,469888
24768,460150
24769,452331
24770,442643
24771,432923
24772,423355
24773,413629
24774,403978
24775,394261
24776,385974
24777,376028
24778,366086
24779,358236
24780,348361
24781,338776
24782,329221
24783,319518
24784,309843
24785,300449
24786,290811
24787,281170
24788,271541
24789,261918
24790,252267
24791,242672
24792,233763
24793,224147
24794,216256
24795,206573
24796,196899
24797,187330
24798,177608
24799,168232
24800,158572
24801,149112
24802,139500
24803,129833
24804,120274
24805,110620
24806,101053
24807,93320
24808,84477
24809,74833
24810,65159
24811,55559
24812,46010
24813,36321
24814,26749
24815,17264
24816,7576
24817,1355716
24818,1346167
24819,1336555
24820,1331527
24821,1321674
24822,1311747
24823,1301837
24824,1299652
24825,1290025
24826,1280377
24827,1270803
24828,1261199
24829,1251531
24830,1241919
24831,1232261
24832,1222730
24833,1215439
24834,1205715
24835,1196180
24836,1186511
24837,1176935
24838,1167397
24839,1157895
24840,1148833
24841,1139357
24842,1129733
24843,1120082
24844,1110450
24845,1102701
24846,1093159
24847,1083648
24848,1074019
24849,1064675
24850,1055063
24851,1045571
24852,1035937
24853,1026408
24854,1016930
24855,1007305
24856,1000306
24857,990434
24858,987864
24859,978047
24860,968338
24861,958742
24862,949053
24863,939437
24864,929805
24865,920381
24866,910836
24867,901191
24868,891535
24869,881952
24870,872370
24871,864580
24872,855648
24873,845989
24874,836406
24875,826873
24876,817345
24877,807671
24878,799582
24879,789654
24880,779734
24881,769795
24882,759857
24883,750115
24884,742353
24885,732646
24886,722963
24887,713362
24888,704436
24889,694692
24890,685061
24891,675355
24892,665896
24893,644972
24894,645012
24895,613484
24896,613513
24897,936144
24898,862305
24899,862312
24900,862352
24901,862422
24902,862456
24903,862463
24904,863366
24905,863399
24906,848332
24907,845846
24908,836286
24909,829057
24910,819613
24911,810049
24912,800483
24913,791069
24914,781477
24915,771807
24916,762178
24917,752597
24918,742947
24919,733320
24920,724509
24921,714925
24922,708109
24923,698572
24924,688908
24925,679278
24926,669674
24927,660135
24928,650524
24929,641189
24930,631470
24931,622199
24932,612563
24933,602938
24934,593332
24935,586767
24936,582284
24937,572945
24938,563458
24939,553884
24940,544260
24941,534666
24942,525107
24943,515434
24944,505849
24945,496521
24946,487017
24947,477408
24948,469660
24949,459983
24950,450599
24951,440975
24952,432101
24953,422514
24954,412895
24955,403427
24956,393871
24957,384220
24958,374656
24959,365176
24960,355544
24961,991223
24962,982085
24963,972491
24964,962897
24965,953290
24966,943728
24967,934148
24968,925349
24969,915642
24970,906059
24971,896447
24972,886758
24973,879439
24974,872675
24975,862834
24976,852956
24977,843078
24978,833176
24979,823235
24980,814821
24981,804916
24982,794965
24983,785050
24984,775106
24985,765165
24986,756675
24987,747144
24988,737575
24989,728049
24990,718384
24991,708822
24992,699197
24993,689903
24994,680264
24995,670690
24996,661034
24997,651383
24998,641763
24999,633963
25000,625087
25001,615446
25002,605736
25003,596093
25004,586523
25005,576820
25006,567198
25007,557635
25008,547967
25009,538550
25010,528974
25011,519257
25012,511449
25013,461954
25014,463991
25015,464061
25016,464169
25017,464135
25018,454461
25019,444557
25020,434687
25021,424781
25022,414893
25023,404976
25024,395289
25025,387623
25026,378000
25027,368353
25028,358687
25029,349066
25030,339389
25031,329841
25032,320805
25033,311233
25034,301641
25035,291992
25036,282474
25037,274443
25038,265024
25039,255437
25040,245794
25041,236309
25042,226649
25043,217055
25044,207449
25045,197939
25046,188284
25047,178676
25048,169794
25049,160136
25050,876393
25051,866544
25052,858001
25053,851555
25054,841675
25055,831815
25056,821912
25057,812052
25058,802175
25059,792313
25060,782402
25061,777656
25062,768132
25063,760800
25064,752130
25065,742500
25066,732849
25067,723256
25068,713642
25069,704042
25070,694389
25071,684847
25072,675133
25073,665870
25074,656177
25075,646693
25076,638955
25077,629342
25078,619709
25079,610112
25080,601297
25081,591726
25082,582113
25083,573770
25084,563828
25085,553933
25086,544003
25087,534099
25088,524498
25089,516743
25090,507113
25091,497509
25092,490258
25093,480354
25094,470503
25095,460646
25096,450722
25097,474949
25098,465454
25099,455973
25100,446361
25101,438768
25102,429345
25103,419783
25104,410194
25105,400820
25106,391232
25107,381656
25108,371992
25109,362461
25110,352880
25111,343284
25112,334422
25113,324873
25114,316934
25115,307395
25116,297798
25117,288211
25118,278632
25119,269110
25120,259568
25121,250160
25122,240567
25123,231131
25124,221740
25125,212260
25126,202672
25127,194888
25128,186033
25129,176440
25130,166776
25131,157114
25132,150161
25133,140278
25134,130465
25135,120521
25136,110632
25137,100824
25138,91001
25139,81283
25140,73686
25141,64139
25142,54508
25143,44960
25144,36088
25145,26541
25146,17039
25147,7540
25148,1024341
25149,1014748
25150,1005171
25151,995722
25152,986138
25153,979539
25154,970014
25155,960483
25156,950855
25157,941176
25158,931526
25159,921899
25160,912980
25161,903212
25162,893755
25163,884176
25164,874583
25165,867016
25166,856341
25167,847743
25168,838085
25169,828568
25170,819075
25171,809478
25172,802696
25173,792873
25174,782990
25175,773098
25176,763215
25177,753304
25178,745451
25179,735810
25180,726293
25181,716783
25182,707304
25183,697756
25184,688189
25185,678820
25186,670480
25187,660564
25188,650625
25189,640691
25190,630736
25191,623194
25192,614227
25193,604610
25194,594989
25195,585443
25196,575867
25197,566291
25198,556683
25199,547139
25200,537510
25201,528031
25202,518462
25203,508875
25204,501075
25205,491458
25206,481912
25207,472234
25208,463374
25209,454038
25210,444426
25211,436995
25212,427156
25213,417240
25214,407395
25215,397507
25216,387600
25217,378966
25218,369403
25219,359805
25220,350175
25221,340576
25222,331089
25223,321428
25224,312554
25225,302962
25226,293387
25227,283850
25228,274177
25229,266356
25230,256764
25231,247134
25232,237516
25233,228039
25234,218564
25235,209043
25236,199505
25237,189789
25238,180177
25239,170409
25240,161528
25241,151836
25242,144735
25243,135204
25244,125655
25245,116105
25246,106435
25247,96821
25248,87195
25249,77743
25250,68295
25251,60633
25252,50783
25253,40910
25254,30997
25255,21914
25256,13178
25257,3573
25258,1023085
25259,1013517
25260,1003837
25261,994300
25262,984719
25263,975098
25264,965391
25265,956037
25266,946378
25267,936890
25268,929557
25269,919906
25270,910229
25271,900717
25272,891857
25273,882127
25274,872552
25275,862812
25276,853190
25277,843536
25278,833819
25279,824226
25280,814665
25281,807088
25282,797361
25283,787905
25284,778280
25285,768589
25286,758925
25287,749370
25288,741050
25289,731134
25290,721218
25291,715273
25292,705387
25293,695485
25294,685565
25295,675659
25296,665719
25297,666417
25298,656915
25299,647300
25300,637637
25301,628037
25302,618382
25303,608809
25304,599810
25305,590395
25306,90153
25307,90321
25308,90346
25309,90310
25310,90387
25311,90401
25312,90386
25313,90463
25314,90420
25315,90398
25316,90425
25317,90355
25318,90341
25319,91688
25320,92808
25321,92793
25322,92875
25323,92785
25324,92767
25325,92747
25326,92761
25327,92683
25328,92685
25329,92697
25330,92671
25331,92746
25332,102024
25333,102079
25334,102112
25335,102130
25336,102112
25337,102168
25338,102075
25339,102083
25340,102143
25341,102155
25342,102171
25343,102218
25344,102199
25345,102217
25346,102267
25347,102246
25348,102237
25349,102271
25350,102248
25351,102261
25352,102291
25353,102254
25354,102242
25355,102281
25356,102261
25357,102251
25358,102273
25359,102251
25360,102246
25361,102271
25362,102250
25363,102251
25364,102285
25365,102260
25366,102249
25367,102272
25368,120911
25369,121000
25370,122821
25371,125612
25372,125656
25373,125710
25374,125805
25375,125843
25376,125877
25377,125905
25378,125947
25379,125980
25380,125958
25381,125982
25382,126041
25383,127425
25384,127442
25385,127494
25386,127516
25387,127547
25388,127595
25389,127573
25390,129090
25391,129192
25392,129222
25393,129239
25394,129288
25395,129270
25396,129256
25397,129306
25398,129287
25399,129274
25400,129333
25401,129303
25402,129288
25403,129302
25404,129274
25405,129283
25406,129321
25407,129300
25408,129287
25409,130227
25410,130273
25411,136110
25412,136180
25413,136209
25414,136196
25415,136178
25416,136101
25417,136021
25418,135959
25419,135867
25420,135835
25421,135819
25422,135830
25423,135801
25424,135825
25425,135804
25426,135752
25427,135806
25428,135732
25429,135772
25430,135721
25431,135701
25432,135644
25433,135745
25434,135676
25435,135662
25436,135745
25437,135812
25438,135863
25439,135946
25440,135957
25441,136015
25442,136116
25443,136169
25444,136219
25445,136276
25446,136268
25447,137650
25448,139024
25449,139026
25450,141132
25451,141175
25452,141239
25453,141284
25454,141308
25455,141287
25456,141218
25457,141248
25458,141228
25459,141219
25460,141274
25461,141251
25462,140092
25463,130168
25464,121047
25465,111189
25466,101286
25467,91384
25468,81487
25469,71599
25470,61658
25471,51733
25472,41882
25473,34006
25474,24146
25475,1280615
25476,1280747
25477,1281017
25478,1277684
25479,1277673
25480,1279133
25481,1279191
25482,1279210
25483,1279244
25484,1279126
25485,1282849
25486,1282921
25487,1282958
25488,1282943
25489,1288027
25490,1288122
25491,1288185
25492,1288190
25493,1289901
25494,1289894
25495,1286750
25496,1286777
25497,1286778
25498,1286784
25499,1286843
25500,1286768
25501,1286761
25502,1286745
25503,1286764
25504,1286727
25505,1286780
25506,1286716
25507,1286705
25508,1286674
25509,1286659
25510,1286601
25511,1286599
25512,1286656
25513,1286650
25514,1286678
25515,1286662
25516,1286657
25517,1286687
25518,1286703
25519,1285180
25520,1275259
25521,1265312
25522,1255318
25523,1245506
25524,1236973
25525,1227440
25526,1219915
25527,1210073
25528,1189301
25529,1189297
25530,1180354
25531,1170408
25532,1160513
25533,1150613
25534,1140704
25535,1131120
25536,1121391
25537,1113788
25538,1104211
25539,1094495
25540,1084850
25541,1075203
25542,1065540
25543,1055947
25544,1046941
25545,1037283
25546,1027654
25547,1017958
25548,1008405
25549,1000529
25550,990989
25551,981140
25552,971230
25553,961658
25554,951998
25555,942296
25556,932830
25557,923057
25558,913467
25559,903999
25560,895020
25561,885315
25562,877536
25563,871102
25564,861220
25565,851340
25566,841485
25567,831583
25568,821960
25569,812454
25570,802878
25571,793274
25572,783626
25573,773903
25574,764312
25575,756474
25576,747665
25577,738032
25578,728355
25579,718692
25580,709057
25581,699430
25582,689803
25583,680126
25584,670560
25585,661072
25586,651404
25587,641679
25588,633760
25589,624138
25590,614541
25591,604888
25592,595927
25593,586294
25594,576692
25595,568288
25596,558360
25597,548404
25598,538451
25599,528511
25600,518730
25601,512236
25602,504385
25603,494499
25604,484611
25605,474726
25606,464820
25607,454926
25608,445633
25609,436029
25610,426392
25611,416740
25612,407189
25613,399273
25614,389754
25615,380257
25616,370970
25617,361550
25618,351925
25619,342325
25620,332662
25621,323007
25622,313493
25623,303764
25624,294798
25625,285221
25626,277524
25627,267981
25628,258379
25629,248862
25630,239211
25631,229579
25632,219938
25633,210522
25634,200920
25635,191261
25636,181716
25637,172138
25638,162423
25639,154701
25640,145772
25641,136377
25642,128908
25643,119043
25644,109132
25645,99247
25646,89335
25647,79439
25648,69547
25649,59635
25650,49765
25651,40199
25652,32748
25653,23114
25654,13667
25655,4032
25656,1921472
25657,1912657
25658,1902784
25659,1892894
25660,1883156
25661,1873624
25662,1864153
25663,1854651
25664,1845036
25665,1837929
25666,1828324
25667,1818862
25668,1809317
25669,1799643
25670,1790099
25671,1780461
25672,1771606
25673,1762156
25674,1752660
25675,1743087
25676,1733448
25677,1725185
25678,1715571
25679,1706035
25680,1715040
25681,1705174
25682,1695297
25683,1685411
25684,1675505
25685,1665622
25686,1655736
25687,1645807
25688,1635916
25689,1626027
25690,1616113
25691,1606257
25692,1596373
25693,1586436
25694,1576520
25695,1566590
25696,1556667
25697,1549318
25698,1539421
25699,1529516
25700,1519633
25701,1509693
25702,1499786
25703,1503949
25704,1494993
25705,1485350
25706,1475748
25707,1466113
25708,1456247
25709,1446548
25710,1436979
25711,1427264
25712,1417681
25713,1408110
25714,1398484
25715,1388986
25716,1380965
25717,1374296
25718,1364449
25719,1354629
25720,1344735
25721,1334826
25722,2342330
25723,2342521
25724,2342570
25725,2342559
25726,2342591
25727,2333712
25728,2323781
25729,2315901
25730,2306059
25731,2296127
25732,2286178
25733,2276290
25734,2266371
25735,2256455
25736,2247484
25737,2237589
25738,2227641
25739,2217725
25740,2207797
25741,2199561
25742,2189720
25743,2179831
25744,2169917
25745,2160048
25746,2150197
25747,2140294
25748,2130383
25749,2120497
25750,2110618
25751,2100732
25752,2091427
25753,2085941
25754,2076134
25755,2066255
25756,2056324
25757,2046471
25758,2036538
25759,2012006
25760,2012035
25761,2006817
25762,1996917
25763,1987015
25764,1977113
25765,1967201
25766,1957323
25767,2218411
25768,2209949
25769,2200135
25770,2190303
25771,2180402
25772,2170478
25773,2160546
25774,2150598
25775,2140675
25776,2130776
25777,2120878
25778,2111061
25779,2101203
25780,2093328
25781,2083469
25782,2073572
25783,2063661
25784,2054646
25785,2044765
25786,2034893
25787,2024999
25788,2015057
25789,2005147
25790,1998280
25791,1988399
25792,1978518
25793,1968626
25794,1958730
25795,1948780
25796,1938818
25797,1928945
25798,1918991
25799,1910617
25800,2111732
25801,2101958
25802,2092080
25803,2082218
25804,2072271
25805,2064916
25806,2055042
25807,2045102
25808,2035179
25809,2025434
25810,2015562
25811,2005715
25812,1995824
25813,1985876
25814,1975957
25815,1966009
25816,1957469
25817,1947591
25818,1939398
25819,1929498
25820,1919595
25821,1909697
25822,1899709
25823,1889853
25824,1879950
25825,1870036
25826,1860165
25827,1854521
25828,1844650
25829,1834764
25830,1824886
25831,1814968
25832,1805109
25833,1795204
25834,1785274
25835,1775388
25836,1765431
25837,1755550
25838,1745651
25839,1735712
25840,1725804
25841,1715889
25842,1705947
25843,1696021
25844,1693870
25845,1684070
25846,1674168
25847,1664278
25848,1655203
25849,1645309
25850,1635318
25851,1625478
25852,1615567
25853,1605797
25854,1595852
25855,1585991
25856,1576071
25857,1567744
25858,1557850
25859,1547990
25860,1538079
25861,1528162
25862,1518249
25863,1510780
25864,1500899
25865,1491036
25866,1481095
25867,1471187
25868,1461286
25869,1590563
25870,1580730
25871,1571404
25872,1561814
25873,1552352
25874,1542893
25875,1533156
25876,1523579
25877,1514054
25878,1504388
25879,1494799
25880,1485984
25881,1476283
25882,1468608
25883,1458972
25884,1449356
25885,1439649
25886,1430140
25887,1420510
25888,1410825
25889,1401469
25890,1391839
25891,1382339
25892,1372754
25893,1363222
25894,1353511
25895,1347470
25896,1337622
25897,1327730
25898,1317832
25899,1307960
25900,1301416
25901,1291543
25902,1283116
25903,1273243
25904,1263341
25905,1253404
25906,1243484
25907,1233570
25908,1223633
25909,1213889
25910,1204307
25911,1194575
25912,1185638
25913,1175987
25914,1166375
25915,1156691
25916,1147012
25917,1137402
25918,1127701
25919,1118087
25920,1108473
25921,1100815
25922,1091214
25923,1081581
25924,1071901
25925,1062248
25926,1052496
25927,1042905
25928,1033969
25929,1024312
25930,1014667
25931,1005131
25932,995385
25933,988174
25934,978594
25935,968904
25936,959224
25937,951599
25938,941732
25939,931841
25940,921919
25941,912022
25942,902108
25943,892187
25944,882772
25945,873481
25946,865766
25947,856297
25948,847007
25949,837384
25950,827682
25951,818159
25952,808567
25953,799078
25954,789477
25955,779812
25956,770166
25957,760518
25958,750877
25959,742995
25960,734023
25961,724377
25962,714487
25963,704578
25964,695003
25965,685162
25966,675250
25967,665379
25968,655504
25969,645834
25970,636226
25971,626608
25972,618702
25973,609080
25974,599396
25975,589708
25976,581779
25977,571935
25978,562050
25979,552162
25980,542297
25981,532349
25982,522488
25983,512799
25984,503234
25985,496426
25986,486819
25987,477165
25988,467516
25989,457837
25990,448239
25991,438606
25992,429679
25993,420081
25994,410434
25995,400755
25996,391058
25997,383176
25998,373592
25999,363967
26000,354326
26001,344824
26002,335177
26003,325619
26004,315963
26005,307430
26006,297510
26007,287565
26008,277868
26009,268194
26010,260230
26011,250573
26012,240967
26013,231329
26014,221705
26015,213978
26016,204129
26017,194227
26018,184344
26019,174408
26020,164469
26021,154558
26022,144651
26023,136660
26024,127868
26025,118213
26026,108602
26027,98984
26028,89406
26029,79826
26030,70275
26031,60674
26032,51230
26033,41844
26034,32167
26035,22602
26036,14990
26037,5430
26038,1051362
26039,1041822
26040,1033016
26041,1023338
26042,1013770
26043,1004166
26044,994603
26045,984931
26046,975400
26047,965676
26048,956027
26049,948612
26050,938651
26051,929165
26052,919486
26053,909768
26054,900134
26055,893986
26056,884107
26057,874227
26058,864335
26059,854427
26060,844527
26061,837040
26062,827428
26063,817769
26064,808176
26065,798716
26066,789114
26067,779474
26068,769798
26069,760171
26070,750560
26071,740853
26072,731960
26073,722370
26074,714461
26075,704899
26076,695213
26077,685523
26078,675853
26079,666176
26080,656510
26081,647093
26082,637392
26083,627723
26084,618096
26085,608398
26086,598688
26087,590863
26088,581862
26089,572245
26090,562625
26091,552942
26092,543335
26093,533612
26094,524019
26095,516159
26096,506289
26097,496426
26098,486539
26099,476632
26100,467967
26101,458436
26102,448834
26103,439250
26104,430270
26105,420703
26106,411044
26107,402565
26108,392655
26109,382769
26110,372855
26111,362935
26112,353083
26113,345323
26114,335694
26115,326083
26116,316447
26117,306762
26118,297116
26119,287513
26120,278627
26121,269021
26122,259369
26123,249779
26124,240129
26125,232268
26126,222706
26127,213072
26128,203360
26129,193936
26130,184285
26131,174604
26132,164926
26133,155189
26134,147496
26135,137611
26136,127734
26137,117848
26138,109490
26139,99880
26140,90301
26141,80671
26142,71346
26143,61820
26144,52232
26145,42863
26146,33305
26147,23673
26148,14236
26149,4598
26150,1007462
26151,1000514
26152,991881
26153,982372
26154,972772
26155,963186
26156,953555
26157,943942
26158,934392
26159,924764
26160,915286
26161,905855
26162,896284
26163,886834
26164,879168
26165,869532
26166,859946
26167,850281
26168,841489
26169,831923
26170,822244
26171,812740
26172,803095
26173,793531
26174,788723
26175,778846
26176,768980
26177,759091
26178,749164
26179,739232
26180,729346
26181,719413
26182,732510
26183,723159
26184,714349
26185,704767
26186,695139
26187,685590
26188,675957
26189,669180
26190,659664
26191,649953
26192,640449
26193,631096
26194,621625
26195,612107
26196,602556
26197,592960
26198,583366
26199,602558
26200,593951
26201,584407
26202,576943
26203,567421
26204,557884
26205,548329
26206,538666
26207,529033
26208,519464
26209,510002
26210,501629
26211,491702
26212,481748
26213,471817
26214,464675
26215,459638
26216,450890
26217,441212
26218,431498
26219,421900
26220,412174
26221,402570
26222,392995
26223,383501
26224,373760
26225,364418
26226,354768
26227,345241
26228,337575
26229,327994
26230,318398
26231,308765
26232,299796
26233,290088
26234,280498
26235,270932
26236,299037
26237,289616
26238,279968
26239,270456
26240,261031
26241,253566
26242,244124
26243,234564
26244,224940
26245,215319
26246,205710
26247,196008
26248,187164
26249,177586
26250,168452
26251,158787
26252,149316
26253,142172
26254,142061
26255,132561
26256,123026
26257,113576
26258,104070
26259,94525
26260,84882
26261,75254
26262,65622
26263,56008
26264,47125
26265,37586
26266,30181
26267,20607
26268,11069
26269,1556
26270,1061420
26271,1053524
26272,1045802
26273,1039402
26274,1031351
26275,1023279
26276,1015620
26277,1007345
26278,999530
26279,998138
26280,993925
26281,985907
26282,978256
26283,970311
26284,962236
26285,954536
26286,946405
26287,938386
26288,930586
26289,923399
26290,915345
26291,907510
26292,904203
26293,899706
26294,890028
26295,1018507
26296,1009718
26297,1000119
26298,990387
26299,980810
26300,971189
26301,961565
26302,951929
26303,942316
26304,932660
26305,925245
26306,915659
26307,906085
26308,896453
26309,886864
26310,877145
26311,867521
26312,859300
26313,849368
26314,839427
26315,829835
26316,820403
26317,812583
26318,803068
26319,793380
26320,783822
26321,774405
26322,764876
26323,755148
26324,745560
26325,735877
26326,726126
26327,716528
26328,707447
26329,697810
26330,689902
26331,680283
26332,673407
26333,663556
26334,653732
26335,643795
26336,633910
26337,624017
26338,614067
26339,604167
26340,594236
26341,587795
26342,578212
26343,570467
26344,561537
26345,551831
26346,542220
26347,532507
26348,522823
26349,513286
26350,509070
26351,499238
26352,489698
26353,480243
26354,470709
26355,461107
26356,453204
26357,443611
26358,434202
26359,424580
26360,415642
26361,405963
26362,396316
26363,386683
26364,376987
26365,367461
26366,357821
26367,348231
26368,338706
26369,331034
26370,321344
26371,313965
26372,304136
26373,294280
26374,284364
26375,274464
26376,271162
26377,261623
26378,252024
26379,242496
26380,232850
26381,226026
26382,216464
26383,206815
26384,197198
26385,187773
26386,178076
26387,168392
26388,158740
26389,149081
26390,139512
26391,129914
26392,120856
26393,111354
26394,103448
26395,93894
26396,84135
26397,74573
26398,65029
26399,55462
26400,45768
26401,36402
26402,26955
26403,17266
26404,7701
26405,1087828
26406,1078166
26407,1070526
26408,1061711
26409,1051986
26410,1042299
26411,1035214
26412,1025294
26413,1015354
26414,1006962
26415,997046
26416,987103
26417,977196
26418,969652
26419,960043
26420,952414
26421,942904
26422,933241
26423,923605
26424,914730
26425,905115
26426,895508
26427,886104
26428,876522
26429,866911
26430,857351
26431,847719
26432,838236
26433,830641
26434,820970
26435,811310
26436,801618
26437,791924
26438,782383
26439,772697
26440,763796
26441,754211
26442,744636
26443,735039
26444,725572
26445,717670
26446,708223
26447,698607
26448,689058
26449,679593
26450,672318
26451,662472
26452,652572
26453,642684
26454,632785
26455,622838
26456,632106
26457,622475
26458,614905
26459,605512
26460,596019
26461,586375
26462,576806
26463,567225
26464,557647
26465,548281
26466,538633
26467,529100
26468,519517
26469,509937
26470,500399
26471,492660
26472,483824
26473,474178
26474,464558
26475,454860
26476,445360
26477,435771
26478,426249
26479,416582
26480,406976
26481,397549
26482,387982
26483,378432
26484,370454
26485,361024
26486,351422
26487,341816
26488,333021
26489,325501
26490,315626
26491,305755
26492,295852
26493,285968
26494,276067
26495,318037
26496,308452
26497,301178
26498,291619
26499,281993
26500,272374
26501,262860
26502,256857
26503,247214
26504,238373
26505,228842
26506,219229
26507,209599
26508,200188
26509,192523
26510,183012
26511,173652
26512,164069
26513,154698
26514,145164
26515,135553
26516,127558
26517,117620
26518,107684
26519,97763
26520,88609
26521,79019
26522,71174
26523,61585
26524,52036
26525,42458
26526,32959
26527,23624
26528,14139
26529,4723
26530,1081225
26531,1077122
26532,1071206
26533,1065456
26534,1060238
26535,1066111
26536,1065790
26537,1057135
26538,1047887
26539,1038682
26540,1029265
26541,1019847
26542,1010260
26543,1000658
26544,991172
26545,981728
26546,972188
26547,962546
26548,954742
26549,945102
26550,935295
26551,925867
26552,916935
26553,907272
26554,897598
26555,887990
26556,878502
26557,869048
26558,859535
26559,849962
26560,840403
26561,832763
26562,823075
26563,813436
26564,803977
26565,794363
26566,784864
26567,775216
26568,769769
26569,759901
26570,750027
26571,740172
26572,730267
26573,835985
26574,826462
26575,816791
26576,807214
26577,797807
26578,788195
26579,778630
26580,769049
26581,759345
26582,749748
26583,740123
26584,731106
26585,721482
26586,714443
26587,704939
26588,695309
26589,685704
26590,675958
26591,666366
26592,656747
26593,647340
26594,637704
26595,628193
26596,618426
26597,608849
26598,599298
26599,591343
26600,582397
26601,572698
26602,563169
26603,553441
26604,543844
26605,534157
26606,524546
26607,517493
26608,507613
26609,497756
26610,487868
26611,477926
26612,474089
26613,464427
26614,454847
26615,445292
26616,436360
26617,426710
26618,417121
26619,408648
26620,398708
26621,388807
26622,378862
26623,368948
26624,359308
26625,353847
26626,344243
26627,334638
26628,325115
26629,315506
26630,305975
26631,296355
26632,287391
26633,278184
26634,268504
26635,258977
26636,249347
26637,241474
26638,231907
26639,222313
26640,212735
26641,203323
26642,193604
26643,183879
26644,174301
26645,164598
26646,155030
26647,147810
26648,137965
26649,128060
26650,126532
26651,117039
26652,107532
26653,97917
26654,88396
26655,78814
26656,69229
26657,59921
26658,50374
26659,40794
26660,31481
26661,21874
26662,12337
26663,4788
26664,1049643
26665,1039981
26666,1030387
26667,1020782
26668,1011085
26669,1001728
26670,992123
26671,982490
26672,972841
26673,963438
26674,953768
26675,944127
26676,936466
26677,926939
26678,917387
26679,907653
26680,898657
26681,888999
26682,879358
26683,869864
26684,860279
26685,850672
26686,841202
26687,837909
26688,828022
26689,818169
26690,808257
26691,798366
26692,788424
26693,778531
26694,768610
26695,758678
26696,748773
26697,738852
26698,766016
26699,756467
26700,746964
26701,739527
26702,729979
26703,720288
26704,710642
26705,701181
26706,691559
26707,681895
26708,672665
26709,662803
26710,653072
26711,643520
26712,634517
26713,625025
26714,617320
26715,607761
26716,598043
26717,588541
26718,578821
26719,569136
26720,559602
26721,550173
26722,542190
26723,532284
26724,522355
26725,512412
26726,505468
26727,495590
26728,485705
26729,475786
26730,471832
26731,462338
26732,452732
26733,443154
26734,433668
26735,424069
26736,414625
26737,405045
26738,395442
26739,385887
26740,378262
26741,368729
26742,359016
26743,349500
26744,340683
26745,331100
26746,321550
26747,311987
26748,302297
26749,292745
26750,283201
26751,273592
26752,263951
26753,258823
26754,249148
26755,239552
26756,230258
26757,220444
26758,210779
26759,201372
26760,192344
26761,182759
26762,173279
26763,163605
26764,154035
26765,147138
26766,137251
26767,127392
26768,125302
26769,116056
26770,106398
26771,97054
26772,87222
26773,77515
26774,68002
26775,58271
26776,49365
26777,39925
26778,32276
26779,22782
26780,13344
26781,3676
26782,1646979
26783,1637506
26784,1627853
26785,1618692
26786,1609161
26787,1599452
26788,1589890
26789,1580362
26790,1570704
26791,1564749
26792,1556045
26793,1546584
26794,1537012
26795,1527399
26796,1517868
26797,1508277
26798,1498711
26799,1489125
26800,1479452
26801,1470110
26802,1460568
26803,1450937
26804,1447067
26805,1437140
26806,1427258
26807,1417358
26808,1407429
26809,1397513
26810,1387608
26811,1377706
26812,1367766
26813,1519230
26814,1509805
26815,1500333
26816,1490827
26817,1485384
26818,1475728
26819,1466195
26820,1456590
26821,1447036
26822,1437695
26823,1428155
26824,1420865
26825,1410961
26826,1401051
26827,1391142
26828,1381235
26829,1373009
26830,1363471
26831,1353922
26832,1344220
26833,1334865
26834,1325307
26835,1315664
26836,1306086
26837,1296450
26838,1286922
26839,1277294
26840,1268497
26841,1262694
26842,1252826
26843,1242943
26844,1233049
26845,1223106
26846,1213197
26847,1310094
26848,1300586
26849,1291302
26850,1281768
26851,1272118
26852,1262610
26853,1253000
26854,1243439
26855,1235842
26856,1227001
26857,1217334
26858,1207786
26859,1198242
26860,1188686
26861,1179154
26862,1169573
26863,1159905
26864,1150326
26865,1140830
26866,1131227
26867,1121650
26868,1113729
26869,1104125
26870,1094475
26871,1084768
26872,1076062
26873,1066466
26874,1056906
26875,1047324
26876,1037873
26877,1030738
26878,1020877
26879,1046435
26880,1036780
26881,1029443
26882,1019854
26883,1010362
26884,1000646
26885,991064
26886,981647
26887,972047
26888,963296
26889,953649
26890,944031
26891,934504
26892,924832
26893,917121
26894,907604
26895,897956
26896,888480
26897,879018
26898,869375
26899,859764
26900,850128
26901,840631
26902,831050
26903,821529
26904,812746
26905,803143
26906,795538
26907,785968
26908,776405
26909,766855
26910,757246
26911,747722
26912,738206
26913,728768
26914,719158
26915,709638
26916,703164
26917,693309
26918,683485
26919,674838
26920,701718
26921,692131
26922,682419
26923,672892
26924,663352
26925,653828
26926,645699
26927,635838
26928,625893
26929,615949
26930,606030
26931,596153
26932,588372
26933,578783
26934,569186
26935,559578
26936,551156
26937,541465
26938,531854
26939,522214
26940,512619
26941,503000
26942,493399
26943,483837
26944,474178
26945,466556
26946,456926
26947,447377
26948,437973
26949,428391
26950,418838
26951,409216
26952,400292
26953,390706
26954,381144
26955,374259
26956,364401
26957,354567
26958,344659
26959,334759
26960,324974
26961,315624
26962,305927
26963,296421
26964,286791
26965,277092
26966,267532
26967,257888
26968,248968
26969,239369
26970,231563
26971,221973
26972,212356
26973,202791
26974,192857
26975,182990
26976,173084
26977,163484
26978,153878
26979,144236
26980,134483
26981,125119
26982,115497
26983,107804
26984,99228
26985,89631
26986,80068
26987,70461
26988,60899
26989,51212
26990,41715
26991,32034
26992,22485
26993,13291
26994,3752
26995,1134804
26996,1127710
26997,1117833
26998,1115987
26999,1106457
27000,1097664
27001,1088080
27002,1078513
27003,1068894
27004,1059312
27005,1049742
27006,1040098
27007,1030605
27008,1021048
27009,1013681
27010,1004025
27011,994399
27012,984792
27013,975162
27014,965554
27015,955987
27016,947036
27017,937472
27018,927793
27019,918163
27020,908506
27021,900636
27022,891240
27023,881622
27024,872065
27025,862569
27026,853027
27027,843324
27028,833739
27029,825300
27030,815364
27031,805421
27032,795947
27033,786403
27034,778958
27035,769078
27036,765312
27037,755820
27038,746372
27039,736758
27040,727230
27041,717826
27042,708129
27043,698421
27044,688953
27045,679294
27046,669697
27047,662015
27048,653134
27049,643453
27050,633889
27051,624229
27052,614604
27053,605124
27054,595452
27055,585855
27056,576304
27057,566937
27058,557303
27059,547729
27060,539885
27061,530375
27062,520760
27063,511189
27064,502261
27065,492662
27066,483024
27067,473338
27068,463724
27069,454086
27070,444364
27071,434807
27072,425195
27073,417792
27074,417102
27075,407475
27076,397946
27077,388374
27078,378778
27079,369111
27080,360202
27081,350527
27082,340935
27083,331372
27084,321885
27085,314089
27086,304610
27087,294958
27088,285421
27089,276027
27090,266454
27091,256837
27092,247287
27093,237530
27094,228012
27095,218378
27096,209280
27097,199676
27098,192658
27099,183411
27100,173771
27101,164116
27102,154732
27103,145019
27104,135440
27105,126115
27106,116445
27107,106822
27108,97238
27109,87709
27110,78105
27111,70318
27112,61505
27113,54174
27114,44353
27115,34455
27116,24575
27117,14690
27118,4770
27119,1024127
27120,1014402
27121,1005023
27122,995478
27123,985841
27124,977997
27125,968466
27126,958774
27127,949090
27128,940221
27129,930510
27130,920955
27131,912536
27132,902600
27133,892652
27134,882741
27135,872808
27136,863099
27137,855572
27138,845885
27139,836272
27140,826684
27141,817030
27142,807447
27143,797722
27144,788798
27145,779253
27146,769755
27147,760125
27148,750469
27149,742641
27150,732905
27151,723540
27152,713859
27153,706928
27154,697049
27155,687208
27156,677328
27157,667430
27158,657548
27159,647640
27160,638059
27161,628438
27162,620593
27163,611057
27164,601406
27165,591773
27166,582117
27167,572432
27168,562699
27169,553230
27170,543579
27171,533969
27172,524311
27173,514671
27174,505055
27175,497110
27176,488147
27177,478504
27178,468796
27179,459176
27180,449454
27181,439853
27182,430190
27183,420488
27184,410841
27185,401438
27186,391692
27187,381975
27188,374120
27189,364551
27190,354897
27191,345227
27192,337346
27193,327448
27194,317569
27195,307695
27196,297772
27197,288005
27198,278401
27199,268698
27200,259077
27201,252060
27202,242436
27203,232910
27204,223342
27205,213695
27206,204436
27207,194889
27208,186007
27209,176401
27210,166810
27211,157176
27212,147627
27213,139690
27214,130277
27215,120700
27216,111017
27217,101577
27218,92068
27219,82385
27220,72694
27221,63327
27222,53677
27223,44065
27224,35132
27225,25495
27226,17830
27227,8262
27228,1081533
27229,1076107
27230,1067513
27231,1061569
27232,1057173
27233,1172678
27234,1162802
27235,1152902
27236,1143026
27237,1133082
27238,1123136
27239,1115458
27240,1106598
27241,1096976
27242,1087267
27243,1077647
27244,1068099
27245,1058499
27246,1048882
27247,1039251
27248,1029685
27249,1020213
27250,1010576
27251,1001030
27252,993383
27253,983878
27254,974156
27255,964605
27256,955641
27257,946070
27258,936392
27259,926858
27260,917258
27261,907665
27262,898103
27263,888448
27264,878710
27265,871892
27266,862234
27267,852538
27268,842844
27269,833240
27270,826042
27271,816211
27272,806366
27273,796473
27274,786557
27275,776674
27276,805470
27277,797787
27278,788291
27279,778739
27280,769081
27281,759714
27282,749990
27283,740355
27284,730776
27285,721129
27286,711445
27287,701891
27288,692947
27289,683183
27290,675461
27291,665868
27292,656150
27293,646771
27294,637141
27295,627598
27296,617937
27297,608410
27298,598758
27299,589115
27300,579443
27301,569831
27302,560214
27303,552236
27304,543247
27305,533633
27306,523949
27307,514260
27308,504645
27309,497579
27310,487702
27311,477843
27312,467949
27313,458083
27314,448208
27315,438301
27316,434805
27317,425295
27318,415760
27319,406044
27320,397126
27321,387605
27322,377882
27323,368326
27324,358601
27325,349001
27326,339423
27327,329711
27328,320050
27329,312516
27330,305083
27331,295448
27332,285906
27333,276408
27334,266800
27335,258593
27336,248668
27337,238718
27338,229113
27339,219478
27340,209865
27341,202162
27342,192704
27343,183054
27344,173351
27345,163906
27346,154327
27347,144678
27348,134966
27349,127810
27350,117964
27351,108079
27352,98180
27353,88305
27354,82801
27355,73241
27356,63645
27357,53974
27358,44455
27359,34874
27360,25411
27361,16048
27362,6476
27363,1057763
27364,1049879
27365,1042265
27366,1033977
27367,1031491
27368,1027571
27369,1019479
27370,1011557
27371,1003863
27372,995827
27373,987866
27374,980282
27375,971928
27376,963996
27377,956027
27378,946858
27379,937487
27380,930224
27381,920652
27382,910934
27383,901374
27384,892512
27385,882871
27386,873220
27387,863544
27388,856103
27389,846254
27390,836395
27391,826454
27392,816546
27393,808289
27394,798748
27395,789156
27396,779582
27397,769951
27398,760454
27399,750886
27400,742068
27401,732506
27402,722991
27403,713455
27404,703968
27405,696961
27406,687427
27407,677813
27408,668200
27409,658798
27410,649229
27411,639562
27412,629922
27413,620307
27414,610649
27415,600968
27416,591964
27417,582333
27418,574374
27419,564835
27420,555357
27421,545667
27422,536109
27423,526413
27424,516728
27425,507299
27426,497597
27427,487944
27428,480069
27429,470219
27430,460324
27431,451489
27432,442078
27433,432350
27434,422830
27435,413097
27436,403506
27437,393902
27438,385554
27439,375655
27440,365768
27441,355831
27442,345893
27443,336209
27444,328328
27445,318753
27446,309147
27447,299467
27448,290462
27449,280910
27450,271272
27451,261599
27452,252014
27453,242429
27454,232729
27455,223133
27456,213536
27457,205847
27458,196412
27459,186795
27460,177171
27461,167559
27462,157909
27463,148343
27464,139343
27465,129733
27466,120237
27467,112623
27468,102765
27469,93411
27470,83839
27471,74242
27472,64563
27473,55207
27474,45665
27475,35985
27476,26439
27477,16940
27478,7320
27479,1205641
27480,1197026
27481,1187254
27482,1180867
27483,1171362
27484,1161752
27485,1152174
27486,1142581
27487,1133057
27488,1123546
27489,1114121
27490,1104589
27491,1095068
27492,1085413
27493,1075865
27494,1066316
27495,1058602
27496,1049882
27497,1040348
27498,1030662
27499,1021087
27500,1011525
27501,1001953
27502,992405
27503,982789
27504,973253
27505,968150
27506,958284
27507,948408
27508,938518
27509,928642
27510,918737
27511,908819
27512,1069896
27513,1060288
27514,1050835
27515,1041241
27516,1031656
27517,1021959
27518,1012446
27519,1002871
27520,993318
27521,985910
27522,976355
27523,966837
27524,957235
27525,947634
27526,938031
27527,928421
27528,922209
27529,912583
27530,903045
27531,893472
27532,883835
27533,876219
27534,866621
27535,856929
27536,847285
27537,837860
27538,828212
27539,818633
27540,809013
27541,800664
27542,790771
27543,780838
27544,773907
27545,764062
27546,754161
27547,812469
27548,802990
27549,793347
27550,783792
27551,774245
27552,764632
27553,755165
27554,745559
27555,735861
27556,726180
27557,716606
27558,706987
27559,699265
27560,690413
27561,680866
27562,671355
27563,661835
27564,652091
27565,642483
27566,632949
27567,623379
27568,613789
27569,604333
27570,594652
27571,585049
27572,577156
27573,567456
27574,557776
27575,548156
27576,539160
27577,529534
27578,519947
27579,510257
27580,500601
27581,491014
27582,481360
27583,471906
27584,464846
27585,455003
27586,445905
27587,436303
27588,426719
27589,417100
27590,407453
27591,397742
27592,388833
27593,379168
27594,369541
27595,359886
27596,350303
27597,342440
27598,332858
27599,323183
27600,313486
27601,304023
27602,294357
27603,284719
27604,275045
27605,265446
27606,255827
27607,246102
27608,237165
27609,227569
27610,219675
27611,210039
27612,200336
27613,190661
27614,181019
27615,171450
27616,161819
27617,152444
27618,142782
27619,133204
27620,123609
27621,113871
27622,104325
27623,96902
27624,87611
27625,77878
27626,68301
27627,58652
27628,49126
27629,39534
27630,30149
27631,20618
27632,11035
27633,1730
27634,1188123
27635,1178471
27636,1168593
27637,1158658
27638,1148747
27639,1138816
27640,1128920
27641,1119015
27642,1109082
27643,1100938
27644,1091039
27645,1081103
27646,1071188
27647,1061287
27648,1051376
27649,1041458
27650,1031137
27651,1021650
27652,1011739
27653,1001843
27654,991928
27655,982035
27656,972122
27657,962191
27658,952236
27659,942326
27660,932393
27661,922437
27662,918650
27663,908764
27664,898867
27665,888986
27666,879061
27667,869141
27668,859223
27669,849298
27670,839349
27671,829427
27672,819488
27673,809543
27674,799640
27675,789732
27676,779795
27677,769875
27678,759931
27679,749997
27680,740076
27681,730176
27682,720221
27683,710321
27684,700419
27685,690469
27686,680553
27687,670609
27688,660667
27689,650751
27690,640812
27691,630860
27692,620954
27693,611019
27694,601065
27695,591153
27696,581210
27697,571271
27698,561343
27699,551412
27700,541465
27701,534054
27702,524131
27703,514216
27704,504302
27705,494378
27706,484430
27707,474509
27708,464583
27709,454636
27710,444728
27711,434783
27712,424843
27713,414921
27714,405022
27715,395079
27716,385150
27717,375217
27718,365269
27719,355355
27720,345417
27721,335475
27722,325560
27723,315614
27724,305678
27725,295774
27726,285836
27727,275879
27728,265970
27729,256022
27730,246084
27731,236176
27732,226230
27733,216287
27734,206383
27735,196451
27736,186499
27737,176587
27738,166657
27739,156718
27740,149234
27741,139322
27742,129389
27743,119482
27744,109544
27745,1056762
27746,1048558
27747,1038637
27748,1028739
27749,1018832
27750,1008964
27751,1002514
27752,993814
27753,984233
27754,974666
27755,965093
27756,955485
27757,945878
27758,936341
27759,926810
27760,917225
27761,907916
27762,898373
27763,888791
27764,881871
27765,872203
27766,862573
27767,853021
27768,844005
27769,834517
27770,824942
27771,815318
27772,805742
27773,796133
27774,786492
27775,777008
27776,767444
27777,760006
27778,750453
27779,747372
27780,737531
27781,727643
27782,717767
27783,707829
27784,697880
27785,687967
27786,678021
27787,668076
27788,658149
27789,648513
27790,639041
27791,629405
27792,619756
27793,610364
27794,600741
27795,591182
27796,581531
27797,571950
27798,562338
27799,552926
27800,543956
27801,534285
27802,526542
27803,516928
27804,507291
27805,497644
27806,488017
27807,478347
27808,468704
27809,459310
27810,449571
27811,440041
27812,430443
27813,420687
27814,411094
27815,403359
27816,394438
27817,384822
27818,375224
27819,368500
27820,358626
27821,348763
27822,338824
27823,328877
27824,318979
27825,309042
27826,299104
27827,289180
27828,280784
27829,271259
27830,261761
27831,252172
27832,243427
27833,233776
27834,224192
27835,214544
27836,204920
27837,195302
27838,185697
27839,176115
27840,166434
27841,158965
27842,149312
27843,139712
27844,130063
27845,120431
27846,110838
27847,101314
27848,92992
27849,83396
27850,73786
27851,64240
27852,54697
27853,46970
27854,37456
27855,27781
27856,18154
27857,8883
27858,1105918
27859,1100669
27860,1090826
27861,1080947
27862,1071030
27863,1061165
27864,1051264
27865,1041331
27866,1032661
27867,1023318
27868,1013703
27869,1004170
27870,994471
27871,984884
27872,975348
27873,965950
27874,956430
27875,946858
27876,937216
27877,927535
27878,917952
27879,910129
27880,901335
27881,891640
27882,882097
27883,872551
27884,862995
27885,853399
27886,844623
27887,835108
27888,825463
27889,816061
27890,806493
27891,796906
27892,789118
27893,779600
27894,770098
27895,760425
27896,751548
27897,743966
27898,734068
27899,724193
27900,714295
27901,704352
27902,694494
27903,684604
27904,674877
27905,673196
27906,663370
27907,653491
27908,643613
27909,633677
27910,623753
27911,613844
27912,603910
27913,593973
27914,584051
27915,574121
27916,564183
27917,554271
27918,544701
27919,535127
27920,525487
27921,516142
27922,506429
27923,496847
27924,487236
27925,477647
27926,468059
27927,458400
27928,449513
27929,439925
27930,432085
27931,422621
27932,413010
27933,403419
27934,393788
27935,384233
27936,374586
27937,367817
27938,357987
27939,348132
27940,338222
27941,328346
27942,318456
27943,310051
27944,300530
27945,291001
27946,281287
27947,271686
27948,262065
27949,252485
27950,244220
27951,234316
27952,224370
27953,214452
27954,204507
27955,194822
27956,187078
27957,177479
27958,167930
27959,158277
27960,149394
27961,140158
27962,130562
27963,120910
27964,111361
27965,101796
27966,92213
27967,82525
27968,73088
27969,65740
27970,56094
27971,46521
27972,36809
27973,27119
27974,17643
27975,8117
27976,1058979
27977,1055629
27978,1045745
27979,1035876
27980,1025978
27981,1016051
27982,1006126
27983,996225
27984,986296
27985,976351
27986,966442
27987,956675
27988,947140
27989,937582
27990,928089
27991,918577
27992,909832
27993,900198
27994,892559
27995,882938
27996,873351
27997,863801
27998,854182
27999,844563
28000,834906
28001,825699
28002,816141
28003,806500
28004,796998
28005,787380
28006,777817
28007,770015
28008,761024
28009,751431
28010,741837
28011,732342
28012,722822
28013,713258
28014,703727
28015,694264
28016,687045
28017,677168
28018,667297
28019,657408
28020,649454
28021,639890
28022,630222
28023,620659
28024,611801
28025,602238
28026,592667
28027,583337
28028,573707
28029,564186
28030,554591
28031,544991
28032,535381
28033,527775
28034,518210
28035,508549
28036,498919
28037,489337
28038,479680
28039,470056
28040,461103
28041,451392
28042,441758
28043,432151
28044,422495
28045,414557
28046,404962
28047,395281
28048,385642
28049,376237
28050,366617
28051,357028
28052,348697
28053,338831
28054,328887
28055,321442
28056,311559
28057,301672
28058,291939
28059,282418
28060,272834
28061,263111
28062,253478
28063,244003
28064,234399
28065,225065
28066,215560
28067,205953
28068,196352
28069,186755
28070,177090
28071,169343
28072,160353
28073,150739
28074,141079
28075,131489
28076,121824
28077,112315
28078,102698
28079,93032
28080,83796
28081,74547
28082,64692
28083,54782
28084,46546
28085,36691
28086,26992
28087,17368
28088,8604
28089,1053756
28090,1044291
28091,1034740
28092,1025266
28093,1015745
28094,1006266
28095,1000801
28096,990909
28097,981053
28098,971123
28099,962067
28100,952470
28101,942870
28102,933297
28103,923660
28104,914965
28105,905306
28106,895752
28107,886143
28108,876542
28109,868878
28110,859432
28111,850206
28112,840677
28113,831232
28114,821715
28115,812441
28116,802886
28117,793315
28118,783843
28119,774329
28120,765469
28121,755929
28122,748118
28123,738523
28124,728959
28125,719291
28126,709827
28127,700245
28128,690686
28129,681250
28130,671757
28131,662260
28132,652629
28133,643025
28134,635558
28135,625706
28136,616570
28137,606877
28138,597239
28139,587619
28140,578000
28141,568418
28142,558752
28143,549174
28144,539483
28145,530040
28146,520337
28147,510761
28148,503691
28149,494186
28150,484479
28151,474943
28152,466099
28153,456497
28154,447021
28155,438468
28156,428543
28157,418615
28158,408664
28159,398868
28160,389277
28161,381699
28162,372123
28163,362530
28164,352853
28165,343460
28166,333826
28167,324203
28168,315289
28169,305694
28170,296143
28171,286489
28172,276866
28173,268990
28174,261321
28175,251464
28176,241599
28177,231690
28178,221812
28179,211907
28180,201995
28181,192090
28182,182147
28183,172811
28184,163961
28185,154266
28186,146417
28187,136824
28188,127201
28189,117571
28190,108000
28191,98412
28192,88827
28193,79651
28194,69989
28195,60318
28196,50632
28197,40987
28198,31376
28199,23761
28200,15148
28201,5572
28202,1049852
28203,1040336
28204,1030779
28205,1021400
28206,1011821
28207,1002225
28208,992789
28209,983379
28210,973685
28211,964131
28212,956830
28213,947289
28214,941095
28215,931208
28216,921302
28217,911429
28218,901533
28219,891633
28220,881727
28221,872088
28222,862589
28223,852989
28224,843504
28225,835795
28226,826213
28227,816724
28228,807074
28229,797592
28230,788157
28231,778573
28232,769767
28233,760259
28234,750729
28235,741109
28236,731534
28237,723719
28238,714248
28239,704549
28240,695020
28241,685664
28242,676103
28243,666553
28244,657305
28245,647628
28246,638178
28247,628599
28248,619630
28249,610089
28250,602328
28251,592738
28252,583085
28253,575678
28254,565797
28255,555924
28256,546041
28257,536165
28258,527548
28259,517639
28260,507702
28261,497799
28262,487893
28263,479841
28264,470966
28265,461392
28266,451801
28267,442233
28268,432617
28269,423057
28270,413572
28271,404012
28272,394341
28273,384842
28274,375281
28275,365623
28276,357851
28277,348237
28278,338571
28279,328982
28280,320081
28281,310364
28282,300848
28283,291121
28284,281549
28285,271906
28286,262340
28287,252693
28288,243149
28289,235844
28290,226234
28291,216574
28292,209369
28293,199523
28294,189637
28295,179737
28296,169848
28297,159956
28298,150060
28299,140372
28300,130699
28301,122889
28302,113362
28303,103764
28304,94281
28305,84750
28306,75382
28307,65829
28308,56114
28309,46569
28310,36984
28311,27383
28312,18494
28313,8953
28314,1055165
28315,1045639
28316,1036155
28317,1026610
28318,1016999
28319,1007520
28320,997843
28321,988597
28322,979021
28323,969346
28324,959786
28325,950265
28326,940674
28327,932996
28328,924178
28329,914649
28330,904988
28331,895490
28332,889005
28333,879113
28334,869271
28335,859373
28336,849470
28337,839569
28338,829700
28339,819784
28340,811574
28341,801927
28342,792331
28343,782802
28344,773933
28345,764496
28346,754937
28347,745321
28348,735771
28349,726170
28350,716823
28351,706924
28352,697082
28353,688999
28354,679136
28355,669224
28356,659331
28357,649495
28358,639894
28359,630259
28360,621833
28361,611909
28362,602042
28363,592457
28364,582869
28365,574972
28366,565400
28367,555808
28368,546200
28369,536732
28370,527164
28371,519955
28372,510065
28373,500218
28374,490309
28375,480412
28376,470507
28377,460600
28378,452563
28379,443018
28380,433363
28381,423779
28382,414208
28383,404610
28384,394940
28385,385542
28386,375987
28387,366396
28388,356843
28389,347222
28390,337730
28391,329879
28392,321048
28393,311482
28394,301923
28395,292255
28396,282675
28397,273074
28398,263486
28399,253857
28400,244325
28401,234939
28402,225256
28403,215769
28404,208113
28405,198602
28406,189032
28407,179363
28408,170507
28409,160814
28410,151316
28411,144196
28412,134379
28413,124485
28414,114581
28415,104683
28416,94782
28417,85893
28418,76292
28419,66828
28420,57268
28421,47677
28422,38107
28423,28430
28424,19486
28425,9994
28426,1458769
28427,1449299
28428,1439722
28429,1432616
28430,1423104
28431,1413426
28432,1403912
28433,1394793
28434,1385127
28435,1375497
28436,1365983
28437,1356325
28438,1346874
28439,1337419
28440,1328649
28441,1319131
28442,1311397
28443,1301797
28444,1292178
28445,1282567
28446,1272911
28447,1263322
28448,1253809
28449,1249151
28450,1238402
28451,1229422
28452,1219518
28453,1209634
28454,1199734
28455,1190933
28456,1181051
28457,1171142
28458,1161200
28459,1151291
28460,1141504
28461,1131907
28462,1123664
28463,1113824
28464,1103887
28465,1093936
28466,1084328
28467,1074740
28468,1067850
28469,1058405
28470,1048799
28471,1039162
28472,1030331
28473,1020802
28474,1011115
28475,1001523
28476,991888
28477,982237
28478,972654
28479,962997
28480,953409
28481,945771
28482,936152
28483,926473
28484,916872
28485,907315
28486,897681
28487,890310
28488,880438
28489,870550
28490,860693
28491,850791
28492,840894
28493,832588
28494,823048
28495,813324
28496,803743
28497,794249
28498,784790
28499,775077
28500,765488
28501,755778
28502,746135
28503,736498
28504,727540
28505,717939
28506,709925
28507,700285
28508,690642
28509,681144
28510,671444
28511,661808
28512,652194
28513,642703
28514,633074
28515,623490
28516,613822
28517,604213
28518,594529
28519,586665
28520,577767
28521,568247
28522,558594
28523,549051
28524,539520
28525,529895
28526,523123
28527,513285
28528,503435
28529,493577
28530,483643
28531,473693
28532,464811
28533,455248
28534,445590
28535,436003
28536,427114
28537,417445
28538,407846
28539,398177
28540,388530
28541,378893
28542,369304
28543,359642
28544,350025
28545,342232
28546,332587
28547,322998
28548,313363
28549,303658
28550,294030
28551,284468
28552,275591
28553,265946
28554,256299
28555,246819
28556,237303
28557,229437
28558,219889
28559,210345
28560,200750
28561,191370
28562,181781
28563,172236
28564,162666
28565,156837
28566,146964
28567,137073
28568,127175
28569,117249
28570,107525
28571,97927
28572,88393
28573,78727
28574,69151
28575,59535
28576,49898
28577,40515
28578,30979
28579,21479
28580,11973
28581,2421
28582,1103775
28583,1097150
28584,1088723
28585,1078878
28586,1069311
28587,1059658
28588,1050419
28589,1040855
28590,1031227
28591,1021692
28592,1012140
28593,1002690
28594,993151
28595,983702
28596,975967
28597,966517
28598,956879
28599,947217
28600,938330
28601,928705
28602,919209
28603,909735
28604,900353
28605,895890
28606,886057
28607,876196
28608,866262
28609,856323
28610,846422
28611,836556
28612,826618
28613,816743
28614,806882
28615,797430
28616,788667
28617,778994
28618,769508
28619,760083
28620,750624
28621,743011
28622,733486
28623,723879
28624,714212
28625,704883
28626,695332
28627,685775
28628,676286
28629,666622
28630,657036
28631,647484
28632,638507
28633,628924
28634,621105
28635,611596
28636,601941
28637,592312
28638,582767
28639,573230
28640,563976
28641,554596
28642,545076
28643,535464
28644,528191
28645,518305
28646,508457
28647,498977
28648,490225
28649,480653
28650,471039
28651,461626
28652,452042
28653,442399
28654,432941
28655,423305
28656,413654
28657,404364
28658,394677
28659,385052
28660,377265
28661,367784
28662,358298
28663,348641
28664,339718
28665,330093
28666,320435
28667,311951
28668,302004
28669,292067
28670,282161
28671,272565
28672,262947
28673,255670
28674,246052
28675,236421
28676,226856
28677,217278
28678,207710
28679,198145
28680,189326
28681,179712
28682,170141
28683,160536
28684,152883
28685,143100
28686,133838
28687,124284
28688,114686
28689,105243
28690,95593
28691,86074
28692,76545
28693,66878
28694,57413
28695,47486
28696,38745
28697,28899
28698,1083205
28699,1073517
28700,1063645
28701,1053743
28702,1043828
28703,1033919
28704,1024281
28705,1014961
28706,1005477
28707,995851
28708,986210
28709,976590
28710,966953
28711,959226
28712,950364
28713,940767
28714,931073
28715,921469
28716,911873
28717,902286
28718,892720
28719,883089
28720,873431
28721,864088
28722,854487
28723,852245
28724,842434
28725,832556
28726,822615
28727,812728
28728,802848
28729,792950
28730,783054
28731,773153
28732,763246
28733,753348
28734,743453
28735,733537
28736,723657
28737,716020
28738,706506
28739,696852
28740,687203
28741,677622
28742,667991
28743,658409
28744,649629
28745,640253
28746,630719
28747,621084
28748,611468
28749,603723
28750,594202
28751,584554
28752,574930
28753,565436
28754,555852
28755,546240
28756,536610
28757,527643
28758,517934
28759,508259
28760,499485
28761,489812
28762,482343
28763,472470
28764,462604
28765,452881
28766,443309
28767,433763
28768,424170
28769,416354
28770,406418
28771,396472
28772,386552
28773,376623
28774,366676
28775,358602
28776,349711
28777,340010
28778,330422
28779,320776
28780,311200
28781,301609
28782,292052
28783,282328
28784,272829
28785,263338
28786,253763
28787,244109
28788,236344
28789,226758
28790,217164
28791,207601
28792,198674
28793,189144
28794,179559
28795,170073
28796,160502
28797,150820
28798,141209
28799,131683
28800,122077
28801,114337
28802,107443
28803,97593
28804,87722
28805,77848
28806,67945
28807,58023
28808,48161
28809,38280
28810,28506
28811,18898
28812,9360
28813,1077694
28814,1070907
28815,1063277
28816,1055453
28817,1049350
28818,1041359
28819,1033403
28820,1026055
28821,1017652
28822,1009568
28823,1002142
28824,997721
28825,990061
28826,987892
28827,980321
28828,972371
28829,964668
28830,956593
28831,948926
28832,941758
28833,933604
28834,924641
28835,915615
28836,906241
28837,896956
28838,887579
28839,880000
28840,871539
28841,867587
28842,857732
28843,847821
28844,837936
28845,828003
28846,818067
28847,808168
28848,798268
28849,788328
28850,778438
28851,768493
28852,758551
28853,748970
28854,739356
28855,729818
28856,721073
28857,711730
28858,702159
28859,692634
28860,683099
28861,673590
28862,664108
28863,654513
28864,644971
28865,637582
28866,628016
28867,618430
28868,608944
28869,599331
28870,589977
28871,581674
28872,571766
28873,562120
28874,552540
28875,543057
28876,533491
28877,525768
28878,516291
28879,506670
28880,499702
28881,489813
28882,479906
28883,470012
28884,460080
28885,450191
28886,440297
28887,430354
28888,421139
28889,411617
28890,403890
28891,394408
28892,384877
28893,375275
28894,365741
28895,356156
28896,346581
28897,337198
28898,327576
28899,317970
28900,308298
28901,298764
28902,289224
28903,281802
28904,272988
28905,265456
28906,255915
28907,246381
28908,236769
28909,227222
28910,217599
28911,207962
28912,198310
28913,188964
28914,179320
28915,169733
28916,163034
28917,153461
28918,144189
28919,134641
28920,127840
28921,117950
28922,108113
28923,98224
28924,88291
28925,78398
28926,68520
28927,58622
28928,48933
28929,1104414
28930,1094692
28931,1084833
28932,1074957
28933,1065036
28934,1055148
28935,1045246
28936,1036021
28937,1026463
28938,1016799
28939,1007199
28940,997604
28941,989954
28942,980334
28943,970741
28944,961025
28945,951579
28946,941962
28947,932331
28948,922627
28949,913042
28950,903439
28951,893858
28952,885016
28953,875413
28954,867508
28955,857999
28956,848323
28957,838656
28958,829112
28959,823304
28960,813416
28961,803580
28962,793695
28963,783780
28964,773894
28965,763953
28966,754009
28967,745233
28968,735466
28969,725832
28970,716233
28971,706634
28972,697093
28973,687460
28974,679130
28975,669204
28976,659315
28977,649789
28978,640209
28979,630723
28980,622824
28981,613335
28982,603718
28983,594157
28984,585298
28985,575707
28986,565993
28987,556527
28988,546980
28989,537368
28990,527792
28991,518155
28992,508443
28993,500836
28994,491260
28995,481570
28996,471959
28997,462418
28998,454722
28999,444842
29000,435003
29001,425068
29002,415121
29003,405534
29004,395872
29005,388144
29006,378631
29007,369044
29008,359313
29009,349910
29010,340305
29011,330812
29012,321174
29013,311548
29014,301901
29015,292346
29016,283365
29017,273672
29018,266009
29019,256436
29020,246814
29021,237191
29022,227923
29023,218270
29024,208681
29025,199162
29026,189600
29027,180021
29028,170342
29029,160723
29030,151169
29031,143290
29032,134377
29033,124901
29034,115280
29035,105761
29036,96157
29037,86585
29038,79080
29039,69219
29040,59522
29041,50068
29042,40477
29043,30753
29044,23110
29045,13690
29046,4121
29047,1045451
29048,1036901
29049,1027376
29050,1017844
29051,1008255
29052,998666
29053,989076
29054,979495
29055,969767
29056,960287
29057,953343
29058,943739
29059,934125
29060,924511
29061,914935
29062,905371
29063,895795
29064,886888
29065,877211
29066,867608
29067,858097
29068,848522
29069,840677
29070,831072
29071,821459
29072,811850
29073,802556
29074,792868
29075,783354
29076,773632
29077,768049
29078,758187
29079,748312
29080,738364
29081,728459
29082,719447
29083,709808
29084,700526
29085,691001
29086,681483
29087,671993
29088,662417
29089,653063
29090,643219
29091,633330
29092,623696
29093,614094
29094,604445
29095,597447
29096,588646
29097,578932
29098,569363
29099,559766
29100,550086
29101,540440
29102,530783
29103,521115
29104,511491
29105,502078
29106,492468
29107,482799
29108,474931
29109,465306
29110,455748
29111,446204
29112,437351
29113,427807
29114,418225
29115,408523
29116,398898
29117,391226
29118,381359
29119,371471
29120,361582
29121,352616
29122,342961
29123,333450
29124,323798
29125,314253
29126,304670
29127,295117
29128,286168
29129,276573
29130,266924
29131,257343
29132,247743
29133,239864
29134,230409
29135,220940
29136,211398
29137,201939
29138,192377
29139,182704
29140,173051
29141,163409
29142,153883
29143,144274
29144,135338
29145,125740
29146,117838
29147,108306
29148,98657
29149,89047
29150,79417
29151,70033
29152,60411
29153,50944
29154,41283
29155,31753
29156,22178
29157,14296
29158,4428
29159,1063470
29160,1054925
29161,1045369
29162,1035831
29163,1026184
29164,1016663
29165,1007185
29166,997581
29167,988040
29168,978435
29169,969001
29170,959547
29171,950085
29172,942804
29173,933289
29174,923795
29175,914128
29176,905144
29177,895614
29178,886095
29179,877593
29180,867683
29181,857748
29182,847854
29183,837972
29184,828438
29185,820830
29186,811319
29187,799658
29188,792045
29189,782521
29190,772981
29191,763397
29192,754559
29193,744974
29194,735396
29195,725768
29196,718672
29197,708777
29198,698927
29199,689143
29200,679475
29201,670046
29202,660511
29203,650879
29204,641191
29205,631513
29206,621882
29207,612256
29208,606911
29209,597511
29210,589833
29211,580485
29212,570910
29213,561390
29214,551739
29215,542081
29216,532493
29217,523122
29218,513508
29219,503987
29220,494557
29221,484972
29222,475471
29223,467595
29224,458612
29225,448980
29226,439306
29227,429776
29228,420172
29229,410525
29230,400952
29231,391402
29232,381846
29233,372447
29234,362879
29235,355422
29236,345523
29237,335750
29238,326098
29239,316389
29240,307601
29241,297989
29242,288414
29243,278749
29244,269196
29245,259735
29246,253285
29247,243660
29248,234010
29249,226576
29250,217049
29251,207431
29252,197879
29253,188204
29254,178554
29255,168991
29256,160025
29257,150407
29258,140917
29259,131384
29260,121704
29261,113855
29262,104592
29263,94945
29264,85391
29265,75988
29266,66374
29267,56817
29268,47251
29269,37586
29270,28017
29271,18375
29272,9667
29273,1056822
29274,1050247
29275,1043705
29276,1033864
29277,1023967
29278,1014032
29279,1004144
29280,994260
29281,984371
29282,975809
29283,965874
29284,955929
29285,946022
29286,936082
29287,929185
29288,920652
29289,911123
29290,901497
29291,891861
29292,882321
29293,872752
29294,863185
29295,853616
29296,843961
29297,834648
29298,825097
29299,815524
29300,807933
29301,798302
29302,788673
29303,779080
29304,770166
29305,760528
29306,750974
29307,741554
29308,731930
29309,722424
29310,712796
29311,703137
29312,693585
29313,686071
29314,678599
29315,668779
29316,658902
29317,648993
29318,639095
29319,629170
29320,619232
29321,609655
29322,599986
29323,590264
29324,580667
29325,572707
29326,563157
29327,553507
29328,543881
29329,534469
29330,524828
29331,515103
29332,505489
29333,496075
29334,486501
29335,476948
29336,468008
29337,458338
29338,450622
29339,440989
29340,431372
29341,421753
29342,412084
29343,402518
29344,392866
29345,383473
29346,374045
29347,364336
29348,354768
29349,345124
29350,335483
29351,327488
29352,318607
29353,308727
29354,301399
29355,291519
29356,281627
29357,271747
29358,261805
29359,251846
29360,241968
29361,232060
29362,222109
29363,212542
29364,204692
29365,195109
29366,185487
29367,175816
29368,166862
29369,157272
29370,147615
29371,138016
29372,128473
29373,118904
29374,109350
29375,99746
29376,90050
29377,82638
29378,73398
29379,63816
29380,54116
29381,44530
29382,34832
29383,25240
29384,16603
29385,6923
29386,1054243
29387,1044856
29388,1035328
29389,1028785
29390,1019314
29391,1009689
29392,1000085
29393,991165
29394,984461
29395,974565
29396,964704
29397,954812
29398,944901
29399,935013
29400,925074
29401,915325
29402,907667
29403,898091
29404,888493
29405,878868
29406,870498
29407,860924
29408,851344
29409,841848
29410,832377
29411,822874
29412,813369
29413,803825
29414,794412
29415,786397
29416,777517
29417,767980
29418,758338
29419,748830
29420,739228
29421,729665
29422,720090
29423,710590
29424,700953
29425,691592
29426,682097
29427,672431
29428,664456
29429,654940
29430,645506
29431,635812
29432,626888
29433,619502
29434,609617
29435,599764
29436,589872
29437,579923
29438,570031
29439,560119
29440,550217
29441,542224
29442,532517
29443,522923
29444,513254
29445,503706
29446,494079
29447,484510
29448,475681
29449,466085
29450,456709
29451,446984
29452,437357
29453,429487
29454,419976
29455,410325
29456,400711
29457,391299
29458,381633
29459,372028
29460,362314
29461,352734
29462,343169
29463,333649
29464,324806
29465,315249
29466,307297
29467,297814
29468,288194
29469,278550
29470,268957
29471,259378
29472,251751
29473,241848
29474,232020
29475,222118
29476,212168
29477,202303
29478,192395
29479,184174
29480,175383
29481,165741
29482,156196
29483,146590
29484,137057
29485,127462
29486,119115
29487,109171
29488,99236
29489,89319
29490,79936
29491,70379
29492,62614
29493,52997
29494,43401
29495,33762
29496,24911
29497,15500
29498,5979
29499,1054110
29500,1044654
29501,1035204
29502,1025718
29503,1016169
29504,1006661
29505,1002076
29506,992582
29507,983179
29508,973622
29509,964025
29510,954423
29511,944870
29512,938651
29513,928772
29514,918880
29515,908980
29516,899104
29517,890128
29518,880711
29519,871153
29520,861541
29521,852212
29522,842652
29523,833061
29524,823470
29525,813935
29526,804387
29527,794797
29528,787105
29529,777649
29530,769892
29531,760324
29532,750729
29533,741138
29534,731566
29535,721994
29536,712315
29537,702976
29538,693389
29539,683680
29540,674185
29541,664583
29542,655038
29543,647217
29544,638287
29545,628726
29546,619146
29547,609917
29548,600378
29549,590858
29550,581206
29551,571346
29552,563941
29553,554093
29554,544203
29555,534308
29556,527099
29557,517445
29558,507844
29559,498236
29560,489530
29561,479988
29562,470436
29563,460770
29564,451158
29565,441567
29566,431982
29567,422388
29568,412829
29569,405091
29570,395537
29571,386026
29572,376429
29573,366849
29574,357167
29575,347635
29576,338646
29577,329089
29578,319467
29579,309854
29580,300153
29581,292339
29582,282833
29583,273220
29584,263594
29585,254153
29586,244500
29587,234873
29588,226653
29589,216752
29590,206797
29591,198778
29592,188918
29593,178995
29594,170040
29595,160430
29596,150835
29597,141248
29598,131563
29599,121953
29600,112404
29601,102998
29602,93300
29603,83752
29604,74618
29605,65003
29606,55442
29607,47470
29608,38532
29609,28968
29610,19248
29611,9838
29612,1062704
29613,1053185
29614,1043780
29615,1034263
29616,1024645
29617,1015579
29618,1006023
29619,996372
29620,989932
29621,980515
29622,970935
29623,961368
29624,952717
29625,943236
29626,933664
29627,924131
29628,914480
29629,904948
29630,895349
29631,888698
29632,878801
29633,868978
29634,859106
29635,849393
29636,839879
29637,830143
29638,820588
29639,811131
29640,802281
29641,792650
29642,783059
29643,773561
29644,763956
29645,1190678
29646,1182388
29647,1172599
29648,1162784
29649,1152900
29650,1142973
29651,1133070
29652,1123149
29653,1113247
29654,1103424
29655,1093670
29656,1083855
29657,1074078
29658,1064140
29659,1054210
29660,1044351
29661,1034418
29662,1024580
29663,1014675
29664,1004757
29665,994820
29666,985137
29667,975218
29668,992547
29669,982711
29670,972789
29671,962885
29672,953040
29673,943113
29674,933272
29675,923415
29676,913594
29677,903876
29678,894221
29679,884314
29680,874428
29681,864492
29682,854701
29683,844777
29684,834937
29685,825101
29686,815195
29687,805444
29688,795547
29689,785622
29690,775693
29691,769633
29692,759831
29693,750004
29694,740079
29695,730395
29696,720543
29697,710610
29698,700793
29699,690982
29700,681180
29701,671274
29702,661470
29703,651533
29704,641631
29705,631886
29706,621959
29707,612056
29708,606542
29709,596620
29710,586802
29711,577013
29712,567087
29713,557152
29714,547330
29715,537407
29716,527473
29717,517739
29718,508105
29719,498271
29720,488439
29721,478510
29722,468748
29723,458836
29724,448938
29725,439026
29726,1055306
29727,1045797
29728,1036417
29729,1027468
29730,1017922
29731,1008322
29732,998952
29733,989478
29734,980224
29735,973941
29736,965129
29737,955516
29738,945927
29739,936440
29740,926902
29741,917378
29742,907852
29743,898236
29744,888781
29745,879422
29746,869723
29747,864600
29748,854714
29749,844840
29750,834979
29751,825073
29752,815186
29753,805320
29754,795691
29755,786173
29756,776698
29757,767162
29758,757664
29759,748361
29760,738796
29761,731292
29762,721668
29763,712148
29764,702650
29765,693083
29766,683511
29767,673903
29768,665130
29769,655550
29770,645827
29771,636271
29772,626543
29773,618624
29774,609085
29775,599486
29776,589838
29777,580716
29778,571219
29779,561653
29780,552240
29781,542528
29782,533051
29783,523462
29784,514571
29785,504936
29786,498370
29787,488480
29788,478547
29789,468658
29790,458732
29791,448989
29792,439406
29793,430013
29794,421893
29795,412064
29796,402174
29797,392298
29798,382407
29799,374444
29800,367028
29801,357512
29802,347906
29803,338274
29804,328721
29805,319076
29806,309607
29807,300059
29808,290486
29809,281106
29810,271486
29811,261927
29812,253969
29813,244482
29814,234771
29815,225065
29816,216166
29817,206609
29818,196985
29819,187404
29820,177851
29821,168441
29822,158963
29823,149438
29824,139834
29825,132317
29826,126005
29827,116155
29828,106288
29829,96404
29830,86522
29831,76630
29832,66737
29833,56829
29834,46965
29835,37280
29836,27653
29837,20072
29838,10705
29839,1063576
29840,1054187
29841,1045143
29842,1035796
29843,1026271
29844,1016720
29845,1007242
29846,997580
29847,988038
29848,979479
29849,969892
29850,963377
29851,953753
29852,944240
29853,934585
29854,924912
29855,915418
29856,905857
29857,896406
29858,886835
29859,877246
29860,867733
29861,858224
29862,848588
29863,840916
29864,832285
29865,827107
29866,817249
29867,807367
29868,797437
29869,787492
29870,777581
29871,767645
29872,757694
29873,747792
29874,737845
29875,727901
29876,719343
29877,709657
29878,700066
29879,690471
29880,681751
29881,672107
29882,662575
29883,653005
29884,643387
29885,633880
29886,624373
29887,614684
29888,605139
29889,597577
29890,587988
29891,578441
29892,568813
29893,559205
29894,549565
29895,539889
29896,531846
29897,521931
29898,512040
29899,502354
29900,492906
29901,484926
29902,475324
29903,465773
29904,456085
29905,450602
29906,440807
29907,430896
29908,420962
29909,411057
29910,401163
29911,391400
29912,382566
29913,372950
29914,365233
29915,355700
29916,346063
29917,336497
29918,326911
29919,317378
29920,307679
29921,298290
29922,288591
29923,278990
29924,269396
29925,259777
29926,250138
29927,242378
29928,233575
29929,224014
29930,214428
29931,204901
29932,195181
29933,185583
29934,175946
29935,166316
29936,156739
29937,147225
29938,137625
29939,128061
29940,120119
29941,110709
29942,101109
29943,91940
29944,84172
29945,74295
29946,64446
29947,54524
29948,44675
29949,34798
29950,25297
29951,15658
29952,6201
29953,1865023
29954,1855629
29955,1846153
29956,1836513
29957,1827035
29958,1817395
29959,1807959
29960,1799202
29961,1789654
29962,1780047
29963,1770609
29964,1760937
29965,1753645
29966,1744063
29967,1734463
29968,1724853
29969,1715522
29970,1705862
29971,1696181
29972,1686606
29973,1676942
29974,1667298
29975,1657640
29976,1648659
29977,1639122
29978,1631325
29979,1621781
29980,1612128
29981,1602566
29982,1596479
29983,1586601
29984,1576735
29985,1566813
29986,1556938
29987,1547043
29988,1537114
29989,1527194
29990,1517293
29991,1508971
29992,1499095
29993,1489606
29994,1480117
29995,1470497
29996,1460938
29997,1451288
29998,1443439
29999,1433635
30000,1423703
