seq,latency_ns
3971,53333
3972,54575
3973,46922
3974,37048
3975,27116
3976,1056735
3977,1052700
3978,1042841
3979,1032933
3980,1023083
3981,1013137
3982,1003201
3983,994035
3984,984463
3985,975130
3986,965635
3987,961385
3988,951764
3989,942328
3990,932668
3991,923166
3992,913655
3993,904101
3994,894458
3995,884906
3996,877137
3997,867590
3998,858044
3999,848367
4000,838706
4001,829363
4002,819700
4003,810798
4004,801276
4005,791792
4006,782435
4007,772941
4008,766557
4009,757112
4010,747487
4011,737873
4012,728199
4013,718662
4014,709076
4015,699523
4016,689975
4017,680577
4018,670953
4019,662163
4020,652548
4021,644823
4022,635382
4023,625703
4024,616135
4025,606496
4026,596837
4027,587226
4028,577722
4029,568024
4030,558431
4031,548856
4032,539220
4033,529757
4034,522108
4035,513414
4036,503794
4037,494237
4038,484592
4039,474990
4040,465474
4041,455795
4042,446205
4043,436544
4044,426879
4045,417234
4046,407752
4047,399895
4048,390300
4049,380969
4050,371304
4051,362385
4052,352832
4053,343185
4054,333618
4055,324063
4056,314467
4057,304866
4058,295310
4059,285703
4060,278033
4061,308286
4062,298527
4063,288688
4064,278824
4065,268883
4066,258976
4067,249104
4068,239158
4069,229214
4070,219308
4071,209371
4072,199423
4073,189539
4074,179606
4075,169660
4076,159770
4077,149838
4078,139895
4079,132556
4080,122657
4081,112734
4082,102830
4083,92900
4084,82967
4085,73083
4086,63156
4087,53210
4088,43302
4089,33357
4090,2360143
4091,2350952
4092,2341211
4093,2331639
4094,2322235
4095,2312919
4096,2303321
4097,2293964
4098,2286775
4099,2278086
4100,2268456
4101,2258870
4102,2249160
4103,2239572
4104,2229937
4105,2220252
4106,2210668
4107,2200958
4108,2191586
4109,2182087
4110,2172404
4111,2164857
4112,2155288
4113,2145898
4114,2135942
4115,2127515
4116,2117677
4117,2107811
4118,2097988
4119,2088103
4120,2078188
4121,2068357
4122,2058571
4123,2048861
4124,2041210
4125,2031737
4126,2022103
4127,2012464
4128,2002807
4129,1993483
4130,1983921
4131,1974895
4132,1965329
4133,1955740
4134,1946167
4135,1936433
4136,1928950
4137,1919411
4138,1909743
4139,1900181
4140,1890657
4141,1881029
4142,1871427
4143,1861863
4144,1852167
4145,1842812
4146,1833162
4147,1824240
4148,1814835
4149,1807158
4150,1797596
4151,1788037
4152,1778422
4153,1768878
4154,1759397
4155,1749805
4156,1740300
4157,1730815
4158,1721194
4159,1711535
4160,1702005
4161,1692844
4162,1685073
4163,1676193
4164,1666840
4165,1643539
4166,1643578
4167,1637552
4168,1600373
4169,1600475
4170,1600597
4171,1598550
4172,1588968
4173,1579295
4174,1569640
4175,1561974
4176,1552362
4177,1543077
4178,1533632
4179,1524587
4180,1514922
4181,1505311
4182,1497295
4183,1487429
4184,1477628
4185,1467749
4186,1457807
4187,1447861
4188,1430331
4189,1430411
4190,1425001
4191,1415467
4192,1405811
4193,1396392
4194,1386766
4195,1377862
4196,1368296
4197,1358833
4198,1349265
4199,1339671
4200,1332702
4201,1323123
4202,1313482
4203,1304103
4204,1294486
4205,1286446
4206,1276580
4207,1266675
4208,1256786
4209,1246892
4210,1236947
4211,1227866
4212,1218269
4213,1210490
4214,1200941
4215,1191337
4216,1181757
4217,1172172
4218,1162564
4219,1152989
4220,1143412
4221,1133738
4222,1124040
4223,1114487
4224,1104838
4225,1095352
4226,1087558
4227,1078644
4228,1069056
4229,1059520
4230,1050555
4231,1041009
4232,1031455
4233,1021917
4234,1012257
4235,1002666
4236,993069
4237,983401
4238,973867
4239,965959
4240,956426
4241,946968
4242,937373
4243,928450
4244,918887
4245,909279
4246,899671
4247,890104
4248,880505
4249,870931
4250,861303
4251,851694
4252,843735
4253,834131
4254,824478
4255,814901
4256,805322
4257,795818
4258,786315
4259,777410
4260,767879
4261,758225
4262,748606
4263,738995
4264,731085
4265,721535
4266,711860
4267,702224
4268,692571
4269,682822
4270,673253
4271,663613
4272,653873
4273,644431
4274,634943
4275,626082
4276,616442
4277,608769
4278,599215
4279,589603
4280,579966
4281,570387
4282,560828
4283,551250
4284,541644
4285,533712
4286,523862
4287,513952
4288,504021
4289,494106
4290,486265
4291,477310
4292,467674
4293,458055
4294,448497
4295,438906
4296,429344
4297,419768
4298,410229
4299,400642
4300,390923
4301,381343
4302,371727
4303,363894
4304,354282
4305,344837
4306,335205
4307,326570
4308,316927
4309,307348
4310,297785
4311,288134
4312,278475
4313,268872
4314,259247
4315,249691
4316,242064
4317,232636
4318,223175
4319,213554
4320,204064
4321,194599
4322,184941
4323,176140
4324,166464
4325,156960
4326,147372
4327,137729
4328,129824
4329,120275
4330,110739
4331,101209
4332,91665
4333,82083
4334,72524
4335,62946
4336,53283
4337,43911
4338,34341
4339,25587
4340,16059
4341,8207
4342,1051893
4343,1042631
4344,1032849
4345,1023281
4346,1013825
4347,1004148
4348,994514
4349,985010
4350,975405
4351,965850
4352,956195
4353,946824
4354,939036
4355,930156
4356,920515
4357,911013
4358,901470
4359,891910
4360,882375
4361,872814
4362,863294
4363,853629
4364,844126
4365,834517
4366,824856
4367,817125
4368,807552
4369,798064
4370,788609
4371,779711
4372,770367
4373,760903
4374,751408
4375,741710
4376,732205
4377,722579
4378,713023
4379,703477
4380,695634
4381,685956
4382,676435
4383,666773
4384,657238
4385,647834
4386,638375
4387,630998
4388,621153
4389,611246
4390,601363
4391,591469
4392,583883
4393,574400
4394,565004
4395,555446
4396,545814
4397,536406
4398,526884
4399,517248
4400,507674
4401,498310
4402,488782
4403,479869
4404,470240
4405,462350
4406,452804
4407,443243
4408,433641
4409,424111
4410,414462
4411,404781
4412,395256
4413,385494
4414,375807
4415,366235
4416,356545
4417,347140
4418,339291
4419,330300
4420,320608
4421,311038
4422,301378
4423,291730
4424,282135
4425,272557
4426,262963
4427,253498
4428,243875
4429,234493
4430,224862
4431,217115
4432,207517
4433,198079
4434,188438
4435,179671
4436,170082
4437,160477
4438,150858
4439,141306
4440,131671
4441,122115
4442,112522
4443,102983
4444,95286
4445,85729
4446,76777
4447,67168
4448,57590
4449,48189
4450,38611
4451,29756
4452,20192
4453,10608
4454,1053717
4455,1044204
4456,1036699
4457,1027187
4458,1017543
4459,1007951
4460,998386
4461,988844
4462,979287
4463,969790
4464,960172
4465,950785
4466,941374
4467,932525
4468,922998
4469,915722
4470,906223
4471,896542
4472,886967
4473,877384
4474,867841
4475,858272
4476,848627
4477,839096
4478,829646
4479,819944
4480,810470
4481,801228
4482,793523
4483,785075
4484,775512
4485,765831
4486,756383
4487,746969
4488,737338
4489,729510
4490,719684
4491,709768
4492,699828
4493,689875
4494,680100
4495,672343
4496,662841
4497,653461
4498,644100
4499,635379
4500,625856
4501,616185
4502,606675
4503,597173
4504,587643
4505,578221
4506,568686
4507,559064
4508,551419
4509,541844
4510,532179
4511,522610
4512,512967
4513,503603
4514,494068
4515,485193
4516,475619
4517,465961
4518,456325
4519,446900
4520,439207
4521,429679
4522,420024
4523,410431
4524,400820
4525,391335
4526,381697
4527,372077
4528,362450
4529,353058
4530,343409
4531,334497
4532,324903
4533,317162
4534,307561
4535,298011
4536,288333
4537,278691
4538,269245
4539,259501
4540,249870
4541,240371
4542,230787
4543,221228
4544,211690
4545,202187
4546,194341
4547,185541
4548,175978
4549,166420
4550,156998
4551,147385
4552,137778
4553,128183
4554,118566
4555,108961
4556,99453
4557,89864
4558,80516
4559,72861
4560,63246
4561,53833
4562,44297
4563,35348
4564,25632
4565,16273
4566,6663
4567,1050109
4568,1040562
4569,1030932
4570,1021363
4571,1011906
4572,1004412
4573,994756
4574,985208
4575,975597
4576,966007
4577,956902
4578,947300
4579,938377
4580,928900
4581,919255
4582,909727
4583,900178
4584,893246
4585,883821
4586,874231
4587,864810
4588,855404
4589,845813
4590,836095
4591,826650
4592,818226
4593,808350
4594,798479
4595,789495
4596,779995
4597,772494
4598,762992
4599,753404
4600,743861
4601,734362
4602,724774
4603,715398
4604,705904
4605,696278
4606,686751
4607,677221
4608,667614
4609,658447
4610,651288
4611,642569
4612,633108
4613,623566
4614,614095
4615,604605
4616,595233
4617,585771
4618,576404
4619,566982
4620,557616
4621,548164
4622,538570
4623,530968
4624,521319
4625,512166
4626,502593
4627,493707
4628,484406
4629,474975
4630,465495
4631,455963
4632,446386
4633,436958
4634,427365
4635,417775
4636,410419
4637,400883
4638,391199
4639,381570
4640,371979
4641,362736
4642,413428
4643,403551
4644,393631
4645,383742
4646,373963
4647,364060
4648,354189
4649,344390
4650,334502
4651,324613
4652,314697
4653,304764
4654,294813
4655,284917
4656,274977
4657,265031
4658,255154
4659,245207
4660,235260
4661,225372
4662,215566
4663,205677
4664,195840
4665,185952
4666,176069
4667,166242
4668,156302
4669,146353
4670,136445
4671,126504
4672,116600
4673,106757
4674,96861
4675,87013
4676,77151
4677,67204
4678,57259
4679,47389
4680,1052702
4681,1043278
4682,1033763
4683,1024187
4684,1014698
4685,1005037
4686,995491
4687,988978
4688,979673
4689,970491
4690,960905
4691,952088
4692,942452
4693,932894
4694,924463
4695,914510
4696,904561
4697,894610
4698,884688
4699,875021
4700,867362
4701,857715
4702,848098
4703,838511
4704,828912
4705,819545
4706,809973
4707,801025
4708,791457
4709,781994
4710,772451
4711,762861
4712,755046
4713,745547
4714,735888
4715,726335
4716,716664
4717,707074
4718,697510
4719,687927
4720,678253
4721,668806
4722,659191
4723,650444
4724,640842
4725,633022
4726,623417
4727,613786
4728,604219
4729,594613
4730,585086
4731,575407
4732,565735
4733,556117
4734,546563
4735,537144
4736,527551
4737,518125
4738,510308
4739,501474
4740,491891
4741,482203
4742,472648
4743,463022
4744,453369
4745,443808
4746,434137
4747,424474
4748,414832
4749,405249
4750,395663
4751,388072
4752,378474
4753,369028
4754,359501
4755,308137
4756,308113
4757,308167
4758,308186
4759,308216
4760,301154
4761,291424
4762,281735
4763,272091
4764,264221
4765,254693
4766,245096
4767,235504
4768,225894
4769,216485
4770,206885
4771,198148
4772,188641
4773,179054
4774,169542
4775,159968
4776,152767
4777,143334
4778,133773
4779,124183
4780,114621
4781,105031
4782,95359
4783,85711
4784,76120
4785,67099
4786,57372
4787,48447
4788,38819
4789,31106
4790,21670
4791,12157
4792,2571
4793,1045850
4794,1036281
4795,1026835
4796,1018758
4797,1008878
4798,998955
4799,989071
4800,979141
4801,969613
4802,961897
4803,952903
4804,943287
4805,933699
4806,924038
4807,914379
4808,904796
4809,895152
4810,885560
4811,875950
4812,866294
4813,856635
4814,847030
4815,838775
4816,829188
4817,819772
4818,810086
4819,801109
4820,791532
4821,781874
4822,772279
4823,762805
4824,753154
4825,743485
4826,733987
4827,724299
4828,715900
4829,706385
4830,696735
4831,687099
4832,677496
4833,667974
4834,658344
4835,649580
4836,640077
4837,630406
4838,620841
4839,611256
4840,602827
4841,593274
4842,583610
4843,573972
4844,564418
4845,554713
4846,545172
4847,535589
4848,525908
4849,516390
4850,506862
4851,497845
4852,488261
4853,479961
4854,470370
4855,460648
4856,451082
4857,441427
4858,431789
4859,422153
4860,412498
4861,402784
4862,443013
4863,433491
4864,424060
4865,414689
4866,407384
4867,398462
4868,388893
4869,379335
4870,369690
4871,360140
4872,350454
4873,340937
4874,331418
4875,321818
4876,312224
4877,302670
4878,293097
4879,285299
4880,275903
4881,266480
4882,256922
4883,248114
4884,238536
4885,228936
4886,219342
4887,209698
4888,200074
4889,190494
4890,180895
4891,171418
4892,163658
4893,154198
4894,144639
4895,135120
4896,125462
4897,116264
4898,107833
4899,97945
4900,88142
4901,78555
4902,68880
4903,59349
4904,51614
4905,42134
4906,32457
4907,22943
4908,13329
4909,3779
4910,1016634
4911,1006994
4912,997530
4913,988128
4914,978511
4915,969717
4916,960191
4917,953069
4918,943625
4919,934096
4920,924562
4921,915020
4922,905502
4923,895900
4924,886312
4925,876749
4926,867070
4927,857534
4928,847912
4929,838425
4930,830600
4931,821811
4932,812235
4933,802637
4934,793167
4935,783718
4936,774236
4937,764796
4938,755260
4939,745792
4940,736297
4941,726768
4942,717230
4943,709502
4944,699868
4945,690489
4946,681026
4947,672180
4948,662671
4949,653158
4950,643561
4951,633955
4952,624454
4953,614995
4954,605386
4955,595803
4956,588011
4957,578380
4958,568815
4959,559211
4960,549557
4961,540222
4962,530559
4963,521587
4964,511996
4965,502517
4966,492976
4967,483367
4968,476458
4969,466879
4970,457374
4971,447767
4972,438199
4973,428594
4974,418943
4975,409285
4976,399776
4977,390353
4978,380819
4979,371890
4980,362298
4981,354385
4982,344803
4983,335241
4984,325530
4985,315994
4986,306329
4987,296770
4988,287158
4989,277516
4990,268037
4991,258496
4992,248933
4993,239547
4994,231799
4995,222936
4996,213440
4997,203851
4998,194297
4999,184676
5000,175078
5001,166846
5002,156950
5003,147083
5004,137148
5005,127238
5006,117665
5007,110022
5008,100433
5009,91074
5010,81460
5011,72780
5012,63193
5013,53568
5014,43981
5015,34353
5016,24667
5017,15142
5018,5621
5019,1048089
5020,1040782
5021,1031334
5022,1021747
5023,1012074
5024,1002484
5025,992981
5026,983374
5027,974487
5028,964809
5029,955275
5030,945720
5031,936149
5032,928529
5033,919035
5034,909355
5035,899793
5036,890209
5037,880636
5038,870928
5039,861394
5040,851757
5041,842372
5042,832718
5043,823751
5044,814143
5045,807791
5046,798246
5047,788624
5048,779041
5049,769445
5050,759895
5051,750291
5052,740727
5053,731104
5054,721513
5055,711854
5056,702448
5057,692870
5058,684979
5059,676048
5060,666471
5061,656846
5062,647411
5063,638005
5064,628421
5065,618885
5066,609462
5067,599850
5068,590217
5069,580689
5070,571140
5071,563449
5072,553903
5073,544582
5074,535043
5075,526162
5076,516473
5077,506942
5078,497558
5079,487837
5080,478251
5081,468737
5082,459172
5083,449553
5084,441724
5085,432096
5086,422441
5087,412904
5088,403266
5089,393932
5090,384419
5091,375485
5092,365944
5093,356339
5094,346635
5095,337112
5096,329313
5097,319766
5098,310105
5099,300548
5100,290932
5101,281299
5102,271726
5103,262103
5104,253378
5105,243464
5106,233570
5107,224673
5108,215161
5109,207324
5110,197799
5111,188228
5112,178659
5113,169032
5114,159503
5115,149991
5116,140372
5117,130823
5118,121236
5119,111697
5120,102126
5121,92676
5122,84875
5123,76328
5124,66569
5125,56906
5126,47269
5127,37610
5128,28006
5129,18423
5130,8960
5131,1051750
5132,1042385
5133,1032673
5134,1023094
5135,1015850
5136,1006236
5137,996906
5138,987365
5139,978449
5140,968797
5141,959201
5142,949646
5143,940139
5144,930586
5145,920986
5146,911366
5147,901816
5148,894095
5149,884501
5150,874935
5151,865364
5152,855833
5153,846417
5154,836775
5155,827863
5156,818327
5157,808646
5158,798945
5159,789412
5160,782684
5161,773097
5162,763550
5163,753941
5164,744351
5165,734891
5166,725339
5167,715766
5168,706314
5169,696845
5170,687288
5171,678479
5172,668864
5173,661112
5174,651600
5175,641944
5176,632423
5177,622825
5178,613265
5179,603595
5180,593955
5181,584321
5182,574650
5183,565076
5184,555446
5185,546066
5186,538239
5187,529322
5188,519814
5189,510231
5190,500655
5191,491006
5192,481485
5193,471722
5194,462177
5195,452581
5196,442873
5197,433278
5198,423718
5199,415854
5200,406251
5201,396886
5202,387279
5203,378445
5204,368811
5205,359153
5206,350851
5207,341036
5208,331240
5209,321399
5210,311559
5211,301651
5212,293674
5213,284081
5214,274568
5215,264971
5216,255421
5217,246030
5218,236475
5219,227617
5220,217989
5221,208353
5222,198752
5223,189214
5224,181294
5225,171879
5226,162199
5227,152551
5228,142994
5229,133355
5230,123728
5231,114099
5232,104456
5233,94975
5234,85422
5235,76640
5236,66963
5237,59243
5238,49706
5239,40003
5240,30490
5241,20886
5242,11368
5243,1054043
5244,1044441
5245,1035006
5246,1025463
5247,1015889
5248,1006298
5249,997029
5250,989577
5251,980680
5252,971108
5253,961378
5254,951693
5255,942156
5256,932526
5257,922985
5258,913413
5259,903843
5260,894174
5261,884646
5262,874962
5263,867075
5264,857528
5265,848038
5266,838544
5267,829685
5268,820100
5269,810464
5270,800918
5271,791315
5272,781819
5273,772354
5274,762795
5275,753299
5276,745557
5277,735884
5278,726249
5279,716694
5280,707039
5281,697619
5282,687992
5283,678999
5284,669413
5285,659758
5286,650194
5287,640653
5288,632687
5289,623166
5290,613534
5291,603875
5292,594228
5293,584712
5294,575128
5295,565513
5296,555813
5297,546402
5298,536821
5299,527976
5300,518418
5301,510544
5302,500944
5303,491291
5304,481654
5305,472040
5306,462465
5307,452839
5308,443215
5309,435246
5310,425374
5311,415408
5312,405523
5313,395592
5314,387295
5315,378489
5316,368750
5317,359180
5318,349613
5319,339973
5320,330331
5321,320753
5322,311069
5323,301498
5324,292062
5325,282410
5326,272811
5327,264877
5328,268301
5329,258499
5330,248627
5331,238653
5332,228715
5333,218861
5334,208962
5335,199009
5336,189052
5337,179175
5338,169230
5339,159257
5340,149362
5341,139383
5342,129512
5343,119564
5344,109619
5345,99711
5346,89832
5347,79887
5348,69941
5349,60010
5350,50063
5351,40152
5352,30972
5353,21522
5354,12055
5355,2454
5356,1044970
5357,1035449
5358,1025784
5359,1016177
5360,1006710
5361,997316
5362,987677
5363,978881
5364,969260
5365,961870
5366,952404
5367,942716
5368,933108
5369,923446
5370,913869
5371,904183
5372,894615
5373,884918
5374,875359
5375,865945
5376,856283
5377,846915
5378,839192
5379,830287
5380,820761
5381,811211
5382,801686
5383,792137
5384,782721
5385,773134
5386,763590
5387,754059
5388,744355
5389,734839
5390,725264
5391,717418
5392,707960
5393,698603
5394,688988
5395,680102
5396,670650
5397,660941
5398,651448
5399,642131
5400,632509
5401,623034
5402,613457
5403,603907
5404,596156
5405,586591
5406,576988
5407,567461
5408,557944
5409,548541
5410,538966
5411,531476
5412,521551
5413,511587
5414,501674
5415,491755
5416,483992
5417,474458
5418,464802
5419,455153
5420,445592
5421,436034
5422,426460
5423,416857
5424,407214
5425,397831
5426,388321
5427,379469
5428,369824
5429,362080
5430,352404
5431,342804
5432,333232
5433,323616
5434,314007
5435,304375
5436,294766
5437,285169
5438,275552
5439,265980
5440,256358
5441,246954
5442,239060
5443,230322
5444,220840
5445,211103
5446,201501
5447,191981
5448,182417
5449,172822
5450,163269
5451,153661
5452,144109
5453,134546
5454,124947
5455,117154
5456,107665
5457,98355
5458,88686
5459,79981
5460,70362
5461,60722
5462,51223
5463,41611
5464,32023
5465,22447
5466,12892
5467,3388
5468,1090488
5469,1080847
5470,1071213
5471,1061773
5472,1052130
5473,1042758
5474,1033276
5475,1024371
5476,1014933
5477,1005362
5478,995793
5479,986132
5480,978387
5481,968826
5482,959205
5483,949624
5484,940045
5485,930433
5486,920851
5487,911216
5488,901576
5489,892188
5490,882638
5491,873798
5492,864172
5493,856289
5494,846783
5495,837250
5496,827731
5497,818185
5498,808624
5499,799166
5500,789566
5501,779992
5502,770447
5503,761020
5504,751389
5505,741952
5506,734108
5507,725223
5508,715608
5509,705966
5510,696436
5511,686855
5512,677195
5513,670185
5514,660283
5515,650362
5516,640444
5517,630505
5518,620561
5519,611644
5520,602009
5521,576346
5522,576397
5523,573957
5524,564350
5525,554764
5526,545306
5527,535815
5528,526254
5529,516669
5530,506978
5531,497434
5532,489475
5533,479908
5534,470370
5535,460662
5536,451136
5537,441760
5538,432116
5539,423157
5540,413513
5541,403811
5542,394171
5543,384615
5544,377454
5545,367927
5546,358345
5547,348686
5548,339009
5549,329364
5550,319691
5551,310036
5552,300460
5553,291137
5554,256454
5555,257512
5556,257530
5557,255050
5558,245550
5559,236019
5560,226408
5561,216812
5562,207242
5563,197569
5564,188043
5565,178356
5566,168825
5567,159289
5568,149721
5569,140313
5570,132567
5571,123695
5572,114049
5573,104698
5574,95162
5575,85452
5576,75873
5577,66244
5578,56698
5579,47089
5580,37507
5581,27837
5582,18232
5583,10384
5584,1053218
5585,1044017
5586,1034469
5587,1025708
5588,1016053
5589,1006533
5590,996998
5591,987424
5592,977816
5593,968140
5594,958566
5595,949005
5596,941381
5597,931802
5598,922229
5599,912633
5600,903044
5601,893706
5602,884075
5603,875127
5604,865497
5605,855926
5606,846323
5607,836636
5608,829044
5609,819554
5610,809945
5611,800318
5612,790816
5613,781246
5614,771736
5615,764718
5616,754848
5617,744901
5618,734992
5619,725059
5620,715113
5621,707122
5622,697560
5623,688006
5624,678444
5625,668763
5626,618560
5627,618659
5628,618660
5629,618706
5630,618694
5631,610166
5632,600452
5633,591113
5634,583198
5635,574392
5636,564771
5637,555103
5638,545466
5639,535906
5640,526312
5641,516694
5642,507156
5643,497547
5644,487922
5645,478267
5646,468712
5647,460851
5648,451357
5649,441908
5650,432285
5651,423418
5652,413806
5653,404144
5654,394543
5655,384933
5656,375300
5657,365692
5658,356011
5659,346356
5660,338561
5661,328943
5662,319309
5663,309763
5664,300077
5665,290618
5666,281064
5667,272097
5668,262451
5669,252891
5670,243197
5671,233542
5672,225790
5673,216376
5674,206874
5675,197351
5676,187712
5677,178062
5678,168627
5679,159040
5680,149484
5681,140168
5682,130495
5683,121692
5684,112189
5685,104284
5686,94789
5687,85239
5688,75564
5689,66050
5690,56511
5691,46908
5692,37270
5693,27637
5694,18059
5695,8516
5696,1052178
5697,1042811
5698,1035736
5699,1026943
5700,1017350
5701,1007759
5702,998195
5703,988548
5704,978947
5705,969398
5706,959791
5707,950161
5708,940615
5709,930942
5710,921354
5711,913715
5712,904129
5713,894665
5714,885155
5715,876181
5716,866620
5717,857069
5718,849318
5719,839377
5720,829460
5721,819522
5722,809576
5723,799662
5724,791342
5725,781873
5726,772315
5727,762749
5728,753106
5729,743747
5730,734151
5731,725266
5732,715701
5733,705990
5734,696471
5735,686913
5736,679890
5737,670243
5738,660682
5739,651108
5740,641444
5741,631926
5742,622301
5743,612675
5744,603153
5745,593724
5746,584180
5747,575279
5748,565583
5749,557740
5750,548286
5751,538677
5752,529117
5753,519596
5754,509965
5755,500339
5756,490762
5757,481151
5758,471462
5759,461903
5760,452210
5761,442779
5762,434961
5763,426061
5764,416460
5765,406900
5766,397341
5767,387671
5768,378160
5769,368457
5770,358905
5771,349328
5772,339741
5773,330057
5774,320462
5775,312748
5776,303185
5777,293814
5778,284131
5779,275324
5780,265775
5781,256172
5782,246741
5783,237171
5784,227651
5785,218064
5786,208484
5787,198828
5788,191130
5789,181570
5790,171930
5791,162394
5792,152822
5793,143412
5794,133742
5795,124888
5796,115215
5797,105578
5798,95946
5799,86527
5800,78735
5801,69249
5802,59557
5803,49964
5804,40380
5805,30790
5806,21272
5807,11871
5808,2261
5809,1045244
5810,1035717
5811,1026823
5812,1017201
5813,1010140
5814,1000611
5815,990933
5816,981368
5817,971889
5818,962342
5819,952783
5820,943226
5821,935157
5822,925237
5823,915345
5824,905399
5825,895489
5826,887660
5827,878811
5828,869246
5829,859672
5830,850078
5831,840395
5832,830843
5833,821280
5834,811693
5835,802045
5836,792485
5837,783064
5838,773433
5839,765698
5840,756122
5841,746720
5842,737155
5843,728277
5844,718703
5845,709066
5846,699438
5847,689729
5848,680138
5849,670579
5850,660939
5851,651258
5852,643579
5853,633936
5854,624293
5855,614746
5856,605206
5857,595753
5858,586184
5859,577173
5860,567604
5861,558059
5862,548430
5863,538818
5864,531056
5865,521519
5866,511873
5867,502230
5868,492544
5869,482937
5870,473337
5871,463638
5872,453966
5873,444592
5874,435124
5875,426260
5876,416661
5877,408794
5878,399155
5879,389647
5880,379957
5881,370347
5882,360767
5883,351145
5884,341451
5885,331879
5886,322203
5887,312532
5888,302972
5889,293510
5890,285723
5891,276871
5892,267194
5893,257556
5894,248033
5895,238455
5896,228938
5897,219290
5898,209658
5899,199970
5900,190437
5901,180840
5902,171189
5903,163492
5904,153844
5905,144410
5906,134810
5907,125888
5908,116236
5909,106617
5910,96991
5911,87372
5912,78018
5913,68325
5914,58691
5915,49079
5916,41312
5917,31812
5918,22193
5919,12652
5920,3002
5921,1049829
5922,1040219
5923,1032272
5924,1022407
5925,1012476
5926,1002755
5927,993166
5928,986331
5929,976765
5930,967189
5931,957509
5932,947888
5933,938352
5934,928749
5935,919197
5936,909607
5937,900136
5938,890490
5939,881562
5940,871896
5941,864265
5942,854698
5943,845006
5944,835338
5945,825774
5946,816136
5947,806452
5948,796931
5949,787316
5950,777873
5951,768273
5952,758687
5953,749287
5954,741457
5955,732586
5956,722936
5957,713341
5958,703776
5959,694182
5960,684610
5961,675047
5962,665403
5963,655842
5964,646315
5965,636671
5966,627073
5967,619201
5968,609601
5969,600191
5970,590568
5971,581629
5972,572021
5973,562384
5974,552726
5975,543104
5976,533535
5977,523950
5978,514430
5979,504823
5980,497085
5981,487628
5982,477985
5983,468447
5984,458910
5985,449412
5986,439779
5987,430815
5988,421177
5989,411631
5990,402050
5991,392479
5992,384645
5993,375146
5994,365417
5995,355839
5996,346229
5997,336600
5998,326998
5999,317459
6000,307730
6001,298352
6002,288733
6003,279698
6004,270089
6005,262251
6006,252660
6007,243120
6008,233654
6009,224015
6010,214494
6011,204924
6012,195350
6013,194179
6014,184420
6015,174516
6016,164572
6017,154665
6018,145706
6019,135757
6020,125847
6021,115899
6022,105952
6023,95997
6024,86098
6025,78608
6026,68766
6027,58845
6028,48897
6029,39002
6030,29071
6031,19122
6032,9201
6033,3210721
6034,3201305
6035,3192459
6036,3182851
6037,3173288
6038,3163701
6039,3154077
6040,3144462
6041,3134890
6042,3125195
6043,3121831
6044,3114055
6045,3104465
6046,3094865
6047,3085296
6048,3075683
6049,3066239
6050,3056650
6051,3051823
6052,3042245
6053,3032705
6054,3023086
6055,3013450
6056,3005169
6057,2995700
6058,2986048
6059,2976494
6060,2966931
6061,2957253
6062,2947660
6063,2938086
6064,2928536
6065,2919220
6066,2909548
6067,2900696
6068,2891101
6069,2883556
6070,2873948
6071,2864420
6072,2854719
6073,2845184
6074,2835613
6075,2826008
6076,2816607
6077,2806970
6078,2797372
6079,2787757
6080,2778154
6081,2768784
6082,2761053
6083,2752286
6084,2742606
6085,2733008
6086,2723512
6087,2713969
6088,2704416
6089,2694795
6090,2685178
6091,2675605
6092,2666072
6093,2656457
6094,2646808
6095,2639119
6096,2629516
6097,2620069
6098,2610585
6099,2601700
6100,2592082
6101,2582447
6102,2572797
6103,2563210
6104,2553681
6105,2544006
6106,2534387
6107,2524798
6108,2517025
6109,2507505
6110,2498012
6111,2488347
6112,2478711
6113,2469344
6114,2459637
6115,2450878
6116,2441333
6117,2431711
6118,2422134
6119,2412715
6120,2405794
6121,2396344
6122,2386805
6123,2377180
6124,2367536
6125,2358045
6126,2348492
6127,2338882
6128,2331480
6129,2321570
6130,2311676
6131,2301811
6132,2291909
6133,2283836
6134,2274395
6135,2264733
6136,2255391
6137,2245801
6138,2236203
6139,2226635
6140,2216999
6141,2207367
6142,2197775
6143,2188222
6144,2178579
6145,2169207
6146,2161660
6147,2152809
6148,2143211
6149,2133657
6150,2124066
6151,2114477
6152,2104893
6153,2095255
6154,2085642
6155,2076067
6156,2066406
6157,2056790
6158,2047254
6159,2039448
6160,2029906
6161,2020519
6162,2010879
6163,2002114
6164,1992572
6165,1982940
6166,1973379
6167,1963864
6168,1954273
6169,1944643
6170,1935090
6171,1925469
6172,1917821
6173,1908298
6174,1898746
6175,1889099
6176,1879555
6177,1870141
6178,1860573
6179,1851716
6180,1842043
6181,1832384
6182,1822844
6183,1813176
6184,1805358
6185,1795874
6186,1786348
6187,1776678
6188,1767157
6189,1757503
6190,1747972
6191,1738414
6192,1728742
6193,1719275
6194,1709727
6195,1700780
6196,1691121
6197,1683408
6198,1673879
6199,1664296
6200,1654729
6201,1645167
6202,1635505
6203,1625910
6204,1616213
6205,1606677
6206,1598111
6207,1588529
6208,1578948
6209,1569574
6210,1561785
6211,1553098
6212,1543537
6213,1533952
6214,1524388
6215,1514885
6216,1505310
6217,1495698
6218,1486141
6219,1476499
6220,1466888
6221,1457302
6222,1447767
6223,1439969
6224,1430434
6225,1421090
6226,1411372
6227,1402617
6228,1392992
6229,1383474
6230,1376073
6231,1366141
6232,1356204
6233,1346307
6234,1336386
6235,1326428
6236,1317935
6237,1308381
6238,1298770
6239,1289223
6240,1279703
6241,1270512
6242,1261001
6243,1252018
6244,1242390
6245,1232841
6246,1223171
6247,1213613
6248,1205999
6249,1196524
6250,1186929
6251,1177341
6252,1167770
6253,1158092
6254,1148570
6255,1138987
6256,1129423
6257,1120042
6258,1110428
6259,1101559
6260,1091984
6261,1084145
6262,1074658
6263,1065076
6264,1055442
6265,1045799
6266,1021777
6267,1021801
6268,1016531
6269,1007042
6270,997434
6271,987909
6272,978422
6273,969034
6274,961210
6275,952508
6276,942947
6277,933256
6278,923726
6279,914010
6280,904537
6281,894820
6282,885234
6283,875612
6284,866051
6285,856361
6286,846715
6287,839140
6288,829500
6289,820054
6290,810435
6291,801528
6292,791925
6293,782395
6294,772753
6295,763181
6296,753645
6297,743967
6298,734383
6299,724759
6300,716843
6301,707370
6302,698121
6303,688529
6304,678954
6305,669589
6306,659939
6307,651120
6308,641557
6309,631876
6310,622280
6311,612673
6312,605874
6313,596401
6314,586824
6315,577265
6316,567665
6317,558106
6318,548544
6319,538973
6320,529353
6321,519940
6322,510381
6323,501562
6324,491991
6325,484282
6326,474794
6327,465188
6328,455645
6329,446103
6330,436470
6331,426893
6332,419758
6333,409908
6334,399965
6335,390062
6336,380135
6337,370201
6338,361853
6339,353109
6340,343607
6341,334033
6342,324536
6343,314964
6344,305400
6345,295802
6346,286429
6347,276908
6348,267277
6349,257767
6350,248185
6351,240477
6352,231059
6353,221732
6354,188907
6355,189948
6356,190017
6357,183728
6358,174259
6359,164714
6360,155059
6361,145465
6362,135894
6363,126369
6364,118605
6365,109123
6366,99473
6367,89897
6368,80350
6369,70944
6370,61463
6371,52660
6372,43112
6373,33494
6374,24074
6375,14490
6376,6783
6377,1049165
6378,1039554
6379,1030031
6380,1020547
6381,1010899
6382,1001401
6383,991838
6384,982234
6385,972881
6386,963276
6387,954361
6388,944843
6389,937133
6390,927546
6391,917913
6392,908382
6393,898787
6394,889249
6395,879625
6396,870003
6397,860364
6398,850754
6399,841099
6400,831513
6401,822124
6402,814251
6403,805365
6404,795785
6405,786050
6406,776431
6407,766935
6408,757312
6409,747758
6410,738127
6411,728413
6412,718837
6413,709308
6414,699755
6415,691965
6416,682467
6417,673077
6418,663456
6419,654596
6420,645069
6421,635587
6422,625985
6423,616449
6424,606885
6425,597312
6426,587680
6427,578080
6428,570202
6429,560564
6430,551023
6431,541450
6432,531890
6433,522541
6434,515286
6435,505376
6436,495425
6437,485653
6438,475947
6439,466377
6440,458425
6441,448872
6442,439206
6443,429628
6444,420070
6445,410501
6446,400982
6447,391339
6448,381792
6449,372337
6450,362719
6451,353840
6452,344260
6453,336302
6454,326650
6455,317164
6456,307512
6457,297868
6458,288283
6459,278676
6460,269135
6461,259464
6462,249919
6463,240280
6464,230776
6465,221369
6466,213560
6467,204759
6468,195137
6469,185596
6470,176023
6471,166331
6472,156729
6473,147141
6474,137489
6475,127846
6476,118219
6477,108609
6478,99002
6479,91186
6480,81613
6481,72369
6482,62810
6483,53859
6484,44193
6485,34611
6486,24915
6487,15254
6488,5713
6489,1047910
6490,1038312
6491,1028918
6492,1021363
6493,1011794
6494,1002272
6495,992658
6496,983090
6497,973670
6498,964125
6499,955179
6500,945645
6501,935960
6502,926485
6503,916849
6504,910207
6505,900735
6506,891157
6507,881603
6508,872007
6509,862509
6510,852930
6511,843418
6512,833916
6513,824544
6514,815132
6515,806353
6516,796875
6517,789040
6518,779528
6519,769955
6520,760480
6521,750969
6522,741357
6523,731707
6524,722242
6525,712657
6526,703146
6527,693576
6528,683953
6529,674476
6530,666694
6531,657883
6532,648408
6533,638735
6534,629174
6535,619620
6536,609984
6537,602547
6538,592665
6539,582775
6540,572836
6541,562894
6542,552980
6543,544507
6544,534922
6545,525530
6546,515952
6547,507155
6548,497575
6549,487985
6550,478344
6551,468921
6552,459258
6553,449697
6554,440112
6555,430512
6556,422766
6557,413254
6558,403567
6559,394032
6560,384514
6561,375082
6562,365537
6563,356691
6564,347014
6565,337402
6566,327819
6567,318173
6568,310370
6569,300849
6570,291199
6571,281593
6572,272049
6573,262455
6574,252823
6575,243240
6576,233672
6577,224319
6578,214728
6579,205882
6580,196328
6581,188602
6582,179005
6583,169380
6584,159790
6585,150231
6586,140539
6587,130929
6588,121328
6589,111792
6590,102217
6591,92589
6592,82887
6593,73790
6594,65977
6595,57155
6596,47525
6597,37870
6598,28277
6599,18676
6600,9108
6601,1350266
6602,1340784
6603,1331278
6604,1321772
6605,1312222
6606,1302577
6607,1295355
6608,1285917
6609,1276497
6610,1266842
6611,1258042
6612,1248351
6613,1238749
6614,1229175
6615,1219550
6616,1209958
6617,1200356
6618,1190665
6619,1181107
6620,1173224
6621,1163625
6622,1153958
6623,1144432
6624,1134823
6625,1125356
6626,1115868
6627,1106867
6628,1097270
6629,1087710
6630,1078095
6631,1068605
6632,1060792
6633,1051338
6634,1041667
6635,1032102
6636,1022444
6637,1012877
6638,1003274
6639,993677
6640,985981
6641,976073
6642,966135
6643,956260
6644,946697
6645,938870
6646,929262
6647,919659
6648,910116
6649,900486
6650,890837
6651,881263
6652,871664
6653,862116
6654,852465
6655,842933
6656,833273
6657,823842
6658,815996
6659,807040
6660,797406
6661,787698
6662,778172
6663,768482
6664,758907
6665,749342
6666,739709
6667,730010
6668,720433
6669,710759
6670,701188
6671,693290
6672,683699
6673,674293
6674,664764
6675,661885
6676,652038
6677,642172
6678,632264
6679,622313
6680,612410
6681,602468
6682,592520
6683,582613
6684,572668
6685,562722
6686,552776
6687,542834
6688,532904
6689,523182
6690,513557
6691,504681
6692,495055
6693,485475
6694,475788
6695,466210
6696,459067
6697,449543
6698,439957
6699,430331
6700,420778
6701,411865
6702,402316
6703,392674
6704,383077
6705,373858
6706,364219
6707,355367
6708,345797
6709,338091
6710,328648
6711,318980
6712,309444
6713,299834
6714,290211
6715,280659
6716,271095
6717,261392
6718,251780
6719,242159
6720,232629
6721,223218
6722,215574
6723,206664
6724,197059
6725,187481
6726,177947
6727,168290
6728,158723
6729,149093
6730,139610
6731,130110
6732,120561
6733,110959
6734,101316
6735,93620
6736,84097
6737,74706
6738,65108
6739,56253
6740,46680
6741,36998
6742,29550
6743,19696
6744,9777
6745,1051246
6746,1041784
6747,1032269
6748,1025006
6749,1015566
6750,1005946
6751,996384
6752,986801
6753,977436
6754,967886
6755,958946
6756,949343
6757,939651
6758,930128
6759,920507
6760,912653
6761,903125
6762,893469
6763,883903
6764,874314
6765,864733
6766,855140
6767,845630
6768,836029
6769,826665
6770,817159
6771,808300
6772,798640
6773,790937
6774,781451
6775,771887
6776,762393
6777,752707
6778,743133
6779,733668
6780,724027
6781,714552
6782,705041
6783,695351
6784,685832
6785,676434
6786,668628
6787,659792
6788,650266
6789,640660
6790,631037
6791,621527
6792,611865
6793,602277
6794,592652
6795,583117
6796,573475
6797,563949
6798,554308
6799,546468
6800,536894
6801,527510
6802,517923
6803,508913
6804,499312
6805,489688
6806,480034
6807,470453
6808,460920
6809,451309
6810,441611
6811,431942
6812,424215
6813,414639
6814,405020
6815,395469
6816,385790
6817,376322
6818,366725
6819,357674
6820,348030
6821,338420
6822,328783
6823,319270
6824,311413
6825,301835
6826,292270
6827,282671
6828,273111
6829,263527
6830,253969
6831,244338
6832,234875
6833,225493
6834,215846
6835,207038
6836,197515
6837,189627
6838,180135
6839,170549
6840,161010
6841,151457
6842,141894
6843,132217
6844,122630
6845,115158
6846,105237
6847,95276
6848,85354
6849,75416
6850,67081
6851,58258
6852,48647
6853,39048
6854,29492
6855,19810
6856,10303
6857,1052972
6858,1043337
6859,1033846
6860,1024334
6861,1014710
6862,1005089
6863,997860
6864,988254
6865,978834
6866,969206
6867,960267
6868,950712
6869,941122
6870,931597
6871,921867
6872,912298
6873,902682
6874,893145
6875,883450
6876,875672
6877,866076
6878,856560
6879,846957
6880,837278
6881,827906
6882,818329
6883,809480
6884,799923
6885,790241
6886,780665
6887,771116
6888,764078
6889,754537
6890,744942
6891,735370
6892,725754
6893,716165
6894,706592
6895,697005
6896,687474
6897,678022
6898,668399
6899,659524
6900,650029
6901,642139
6902,632595
6903,622973
6904,613436
6905,603835
6906,594156
6907,584475
6908,574939
6909,565284
6910,555611
6911,546036
6912,536427
6913,526956
6914,519205
6915,510407
6916,500789
6917,491210
6918,481505
6919,471999
6920,462325
6921,452777
6922,443155
6923,433534
6924,423864
6925,414293
6926,404624
6927,396688
6928,387079
6929,377719
6930,368055
6931,359146
6932,349525
6933,339955
6934,330274
6935,320729
6936,311113
6937,301439
6938,291877
6939,282222
6940,274436
6941,264922
6942,255246
6943,245731
6944,236265
6945,226841
6946,217283
6947,209772
6948,199846
6949,189889
6950,179936
6951,169999
6952,161882
6953,152455
6954,142849
6955,133221
6956,123684
6957,114086
6958,104452
6959,94851
6960,85338
6961,75955
6962,66394
6963,57465
6964,47882
6965,40075
6966,30454
6967,20990
6968,11656
6969,2216
6970,1045102
6971,1035667
6972,1026078
6973,1016586
6974,1007145
6975,997495
6976,987921
6977,978682
6978,970962
6979,962124
6980,952617
6981,943095
6982,933511
6983,923935
6984,914286
6985,904760
6986,895152
6987,885558
6988,876000
6989,866456
6990,856935
6991,849070
6992,839594
6993,830259
6994,820622
6995,811852
6996,802184
6997,792605
6998,783034
6999,773522
7000,763918
7001,754449
7002,744946
7003,735405
7004,727630
7005,718125
7006,708575
7007,699012
7008,689341
7009,679945
7010,670438
7011,661507
7012,651936
7013,642543
7014,633064
7015,623531
7016,615772
7017,606243
7018,596631
7019,587146
7020,577574
7021,567904
7022,558382
7023,548816
7024,539219
7025,529835
7026,520268
7027,511385
7028,501795
7029,494001
7030,484435
7031,474917
7032,465318
7033,455728
7034,446160
7035,436566
7036,426879
7037,417447
7038,407773
7039,398210
7040,388604
7041,379321
7042,371677
7043,362843
7044,353178
7045,343603
7046,333974
7047,324383
7048,314757
7049,307474
7050,297583
7051,287630
7052,277683
7053,267742
7054,257795
7055,249167
7056,239539
7057,230113
7058,220619
7059,211826
7060,202277
7061,192761
7062,183116
7063,173581
7064,164015
7065,154424
7066,144994
7067,135448
7068,127573
7069,118115
7070,108505
7071,98900
7072,89379
7073,79949
7074,70568
7075,61675
7076,52087
7077,42462
7078,32765
7079,23183
7080,16064
7081,6625
7082,1049643
7083,1040123
7084,1030632
7085,1021191
7086,1011580
7087,1001993
7088,992387
7089,983008
7090,973486
7091,964722
7092,955076
7093,947819
7094,938322
7095,928747
7096,919139
7097,909627
7098,900056
7099,890401
7100,880854
7101,871128
7102,861576
7103,851969
7104,842295
7105,832909
7106,825239
7107,816288
7108,806643
7109,797056
7110,787482
7111,777881
7112,768324
7113,758675
7114,749201
7115,739578
7116,730087
7117,720606
7118,710970
7119,703066
7120,693537
7121,684132
7122,674476
7123,665580
7124,655951
7125,646370
7126,636853
7127,627293
7128,617639
7129,607983
7130,598428
7131,588821
7132,581225
7133,571698
7134,562038
7135,552420
7136,542864
7137,533505
7138,523885
7139,514918
7140,505328
7141,495743
7142,486156
7143,476584
7144,468648
7145,459110
7146,449467
7147,439917
7148,430325
7149,420776
7150,411001
7151,403620
7152,393780
7153,383876
7154,373987
7155,364071
7156,334888
7157,336624
7158,336530
7159,326860
7160,317285
7161,307624
7162,298085
7163,288472
7164,278847
7165,269202
7166,259607
7167,249940
7168,240322
7169,230960
7170,223071
7171,214274
7172,204672
7173,195033
7174,185445
7175,175949
7176,166300
7177,156767
7178,147101
7179,137464
7180,127914
7181,118370
7182,108711
7183,100929
7184,91398
7185,81966
7186,72373
7187,63645
7188,53993
7189,44369
7190,34787
7191,25131
7192,15419
7193,5940
7194,1048699
7195,1039150
7196,1031591
7197,1022026
7198,1012382
7199,1002860
7200,993175
7201,983813
7202,974240
7203,965253
7204,955645
7205,946069
7206,936456
7207,926816
7208,919436
7209,909870
7210,900239
7211,890675
7212,881029
7213,871441
7214,861846
7215,852292
7216,842743
7217,833392
7218,823745
7219,814758
7220,805187
7221,797422
7222,787877
7223,778471
7224,768788
7225,759234
7226,749721
7227,740114
7228,730553
7229,720952
7230,711461
7231,701843
7232,692282
7233,682884
7234,674949
7235,666096
7236,656510
7237,646939
7238,637345
7239,627776
7240,618213
7241,608641
7242,598981
7243,589421
7244,579839
7245,570223
7246,560657
7247,552805
7248,543213
7249,533748
7250,524146
7251,515346
7252,505809
7253,496234
7254,490010
7255,480148
7256,470258
7257,460325
7258,450365
7259,440450
7260,430803
7261,421364
7262,411800
7263,402183
7264,392672
7265,383271
7266,373663
7267,364787
7268,355223
7269,345594
7270,335945
7271,326349
7272,319251
7273,309688
7274,300146
7275,290543
7276,280915
7277,271318
7278,261715
7279,252099
7280,242498
7281,233225
7282,223582
7283,214669
7284,204977
7285,197107
7286,187540
7287,177877
7288,168299
7289,158728
7290,149149
7291,139516
7292,129970
7293,120310
7294,110718
7295,101152
7296,91563
7297,82132
7298,74742
7299,65805
7300,56167
7301,46603
7302,36939
7303,27282
7304,17681
7305,8177
7306,1050698
7307,1041201
7308,1031599
7309,1021954
7310,1012503
7311,1004939
7312,980985
7313,981111
7314,976017
7315,967201
7316,957579
7317,947922
7318,938339
7319,928752
7320,919187
7321,909483
7322,899919
7323,890218
7324,882431
7325,872879
7326,863169
7327,853584
7328,843977
7329,834520
7330,824964
7331,816082
7332,806377
7333,796745
7334,787154
7335,777485
7336,769702
7337,760221
7338,750610
7339,740989
7340,731448
7341,721736
7342,712199
7343,702568
7344,692882
7345,683522
7346,673947
7347,664943
7348,655464
7349,647728
7350,638421
7351,628827
7352,619271
7353,609669
7354,599997
7355,590461
7356,580807
7357,573063
7358,563163
7359,553260
7360,543313
7361,538449
7362,528568
7363,518634
7364,508757
7365,498838
7366,488899
7367,478998
7368,469050
7369,459121
7370,449204
7371,439259
7372,429341
7373,419596
7374,409991
7375,402034
7376,392583
7377,383104
7378,373490
7379,364548
7380,355017
7381,345337
7382,335763
7383,326076
7384,316474
7385,306896
7386,297299
7387,287719
7388,279925
7389,270315
7390,260664
7391,251104
7392,241523
7393,232041
7394,222545
7395,213649
7396,204031
7397,194464
7398,184744
7399,175176
7400,167349
7401,157874
7402,148220
7403,138726
7404,129069
7405,119448
7406,109914
7407,100273
7408,90622
7409,81153
7410,71537
7411,62855
7412,53246
7413,45417
7414,35878
7415,26198
7416,16529
7417,7014
7418,1049800
7419,1040271
7420,1030778
7421,1021277
7422,1011703
7423,1002109
7424,992625
7425,983206
7426,975507
7427,966661
7428,957072
7429,947440
7430,937874
7431,928294
7432,918696
7433,909173
7434,899559
7435,889894
7436,880395
7437,870770
7438,861278
7439,854257
7440,844661
7441,835203
7442,825681
7443,816767
7444,807127
7445,797613
7446,787928
7447,778319
7448,768800
7449,759137
7450,749449
7451,739878
7452,732028
7453,722501
7454,712949
7455,703338
7456,693771
7457,684381
7458,674750
7459,668780
7460,658884
7461,648950
7462,639220
7463,629601
7464,622676
7465,613123
7466,603658
7467,594046
7468,584487
7469,574897
7470,565243
7471,555574
7472,546001
7473,536603
7474,527029
7475,518107
7476,508636
7477,500795
7478,491241
7479,481611
7480,472036
7481,462426
7482,452789
7483,443125
7484,433523
7485,423861
7486,414273
7487,404649
7488,395007
7489,385552
7490,377850
7491,368977
7492,359347
7493,349706
7494,340011
7495,330386
7496,320809
7497,311232
7498,301550
7499,291885
7500,282275
7501,272640
7502,263063
7503,255302
7504,245736
7505,236435
7506,226827
7507,217969
7508,208405
7509,198795
7510,189240
7511,179698
7512,170129
7513,160545
7514,151031
7515,141514
7516,133769
7517,124448
7518,114808
7519,105161
7520,95603
7521,86167
7522,76747
7523,67866
7524,58291
7525,48747
7526,39129
7527,29508
7528,21892
7529,12538
7530,2975
7531,1045997
7532,1036475
7533,1026917
7534,1017362
7535,1007884
7536,998246
7537,988846
7538,979306
7539,970429
7540,960786
7541,953342
7542,943847
7543,934143
7544,924552
7545,914881
7546,905344
7547,895730
7548,886138
7549,876427
7550,866966
7551,857326
7552,847850
7553,838514
7554,830530
7555,821653
7556,812077
7557,802510
7558,792978
7559,783490
7560,773899
7561,766537
7562,756674
7563,746730
7564,736785
7565,726879
7566,716943
7567,708490
7568,698915
7569,689539
7570,679881
7571,671030
7572,661426
7573,651827
7574,642340
7575,632751
7576,623112
7577,613593
7578,603981
7579,594441
7580,586675
7581,576999
7582,567382
7583,557853
7584,548188
7585,538708
7586,529141
7587,520177
7588,510689
7589,501086
7590,491513
7591,481933
7592,474201
7593,464613
7594,455017
7595,445452
7596,435785
7597,426154
7598,416599
7599,406941
7600,397249
7601,387844
7602,378116
7603,369144
7604,359594
7605,351730
7606,342206
7607,332624
7608,322921
7609,313332
7610,303703
7611,294048
7612,284342
7613,274793
7614,265172
7615,255522
7616,245934
7617,236548
7618,228818
7619,220031
7620,210427
7621,200744
7622,191270
7623,181527
7624,171959
7625,162306
7626,152673
7627,143009
7628,133468
7629,123840
7630,114213
7631,106556
7632,96841
7633,87433
7634,77862
7635,68973
7636,59305
7637,49768
7638,40117
7639,30592
7640,21002
7641,11487
7642,1960
7643,1045014
7644,1037806
7645,1028246
7646,1018647
7647,1009024
7648,999379
7649,990092
7650,980444
7651,971466
7652,961945
7653,952236
7654,942661
7655,932996
7656,925984
7657,916467
7658,906951
7659,897308
7660,887752
7661,878200
7662,868516
7663,858836
7664,851746
7665,841828
7666,831882
7667,821938
7668,811991
7669,803736
7670,794222
7671,784586
7672,775074
7673,765431
7674,755774
7675,746161
7676,736604
7677,726865
7678,717289
7679,707704
7680,698056
7681,688698
7682,681016
7683,672041
7684,662537
7685,653048
7686,643387
7687,633701
7688,624210
7689,614504
7690,604944
7691,595349
7692,585785
7693,576210
7694,566609
7695,558787
7696,549207
7697,539972
7698,530335
7699,521407
7700,511921
7701,502266
7702,492709
7703,483183
7704,473459
7705,463895
7706,454345
7707,444703
7708,437135
7709,427599
7710,418079
7711,408487
7712,398898
7713,389513
7714,379910
7715,370997
7716,361300
7717,351721
7718,342065
7719,332320
7720,324492
7721,314944
7722,305307
7723,295633
7724,286296
7725,276451
7726,266929
7727,257311
7728,247690
7729,238317
7730,228819
7731,219979
7732,210363
7733,202527
7734,193049
7735,183325
7736,173859
7737,164308
7738,154832
7739,145151
7740,135522
7741,125868
7742,116335
7743,106753
7744,97182
7745,87782
7746,80228
7747,71666
7748,62075
7749,52371
7750,42761
7751,33216
7752,23633
7753,14050
7754,4559
7755,1047443
7756,1037901
7757,1028280
7758,1018750
7759,1011238
7760,1001840
7761,992425
7762,982820
7763,980810
7764,971206
7765,961683
7766,954107
7767,944181
7768,934235
7769,924289
7770,914349
7771,904404
7772,896242
7773,886508
7774,876867
7775,867265
7776,857627
7777,848227
7778,838690
7779,829719
7780,820213
7781,810639
7782,801101
7783,791544
7784,783798
7785,774317
7786,764687
7787,755115
7788,745556
7789,736130
7790,726562
7791,717107
7792,707584
7793,698221
7794,688557
7795,679634
7796,670033
7797,662210
7798,652852
7799,643465
7800,633795
7801,624242
7802,614667
7803,605133
7804,595557
7805,585964
7806,576271
7807,566752
7808,557233
7809,547875
7810,539925
7811,531043
7812,521441
7813,511985
7814,502340
7815,492807
7816,483175
7817,473585
7818,463901
7819,454376
7820,444779
7821,440888
7822,431444
7823,423915
7824,414253
7825,404796
7826,395249
7827,386344
7828,376787
7829,367220
7830,357579
7831,347925
7832,338381
7833,328689
7834,319000
7835,309422
7836,301494
7837,291919
7838,282341
7839,272857
7840,263202
7841,253820
7842,244308
7843,235495
7844,225918
7845,216345
7846,206643
7847,197161
7848,189939
7849,185073
7850,175674
7851,166227
7852,156689
7853,147124
7854,141890
7855,132386
7856,122883
7857,113527
7858,103979
7859,99846
7860,90161
7861,82572
7862,73132
7863,63474
7864,53825
7865,44308
7866,34717
7867,25047
7868,17670
7869,7774
7870,1048807
7871,1039339
7872,1029835
7873,1020505
7874,1013419
7875,1004551
7876,995065
7877,985532
7878,975938
7879,966364
7880,956758
7881,947135
7882,937597
7883,928016
7884,918427
7885,908862
7886,899279
7887,891418
7888,881773
7889,872426
7890,862846
7891,853916
7892,844351
7893,834751
7894,825063
7895,815530
7896,805874
7897,796277
7898,786785
7899,777157
7900,769402
7901,759871
7902,750197
7903,740521
7904,730933
7905,721465
7906,711885
7907,703108
7908,693550
7909,683885
7910,674277
7911,664606
7912,656767
7913,647318
7914,637737
7915,628132
7916,618569
7917,608881
7918,599324
7919,589721
7920,580096
7921,570702
7922,561162
7923,552182
7924,542608
7925,534809
7926,525227
7927,515709
7928,506155
7929,496597
7930,487063
7931,477494
7932,467847
7933,458241
7934,448616
7935,439056
7936,429413
7937,420060
7938,412120
7939,403344
7940,393737
7941,384141
7942,374592
7943,364997
7944,355405
7945,345839
7946,336229
7947,326638
7948,317006
7949,307417
7950,297747
7951,289893
7952,280312
7953,270899
7954,243060
7955,244232
7956,243067
7957,233497
7958,223906
7959,214335
7960,204708
7961,195227
7962,185621
7963,176076
7964,168216
7965,158530
7966,149000
7967,139447
7968,129921
7969,120448
7970,113300
7971,103378
7972,93422
7973,83514
7974,73611
7975,63665
7976,55804
7977,46321
7978,36656
7979,27156
7980,17519
7981,8020
7982,1050750
7983,1041190
7984,1031803
7985,1022443
7986,1012784
7987,1004078
7988,994537
7989,987073
7990,977421
7991,967857
7992,958230
7993,948669
7994,939089
7995,929453
7996,919794
7997,910215
7998,900597
7999,890991
8000,881426
8001,872032
8002,864176
8003,855386
8004,845863
8005,836221
8006,826683
8007,817006
8008,807493
8009,798052
8010,788683
8011,779079
8012,769601
8013,760042
8014,750528
8015,742831
8016,733165
8017,723708
8018,714113
8019,705205
8020,695618
8021,686008
8022,676413
8023,666836
8024,657267
8025,647748
8026,638102
8027,628509
8028,620806
8029,611141
8030,601550
8031,591959
8032,582374
8033,573046
8034,563358
8035,554476
8036,544935
8037,535244
8038,525571
8039,516014
8040,508864
8041,499282
8042,489681
8043,480135
8044,470454
8045,460819
8046,454979
8047,445127
8048,435290
8049,425360
8050,415407
8051,405523
8052,395581
8053,386475
8054,376865
8055,367262
8056,357613
8057,348132
8058,338384
8059,328768
8060,319159
8061,309533
8062,299897
8063,290314
8064,280713
8065,271323
8066,263555
8067,254750
8068,245209
8069,235616
8070,226057
8071,216523
8072,206989
8073,200659
8074,190762
8075,180869
8076,170928
8077,160969
8078,151045
8079,141613
8080,132140
8081,122843
8082,113204
8083,104260
8084,94648
8085,85311
8086,75672
8087,66207
8088,56489
8089,46912
8090,37347
8091,27728
8092,20150
8093,10598
8094,1052871
8095,1043363
8096,1033826
8097,1024457
8098,1015080
8099,1006201
8100,996701
8101,987081
8102,977474
8103,967840
8104,960387
8105,950865
8106,941268
8107,931561
8108,922055
8109,912423
8110,902925
8111,893365
8112,883675
8113,874284
8114,864702
8115,855742
8116,846068
8117,838305
8118,828801
8119,819267
8120,809673
8121,800114
8122,790446
8123,781069
8124,771512
8125,761973
8126,752363
8127,742786
8128,733079
8129,723795
8130,715873
8131,706941
8132,697381
8133,687736
8134,678207
8135,668617
8136,659033
8137,649517
8138,639931
8139,630258
8140,620665
8141,611121
8142,601460
8143,593563
8144,584038
8145,574591
8146,564969
8147,556226
8148,546613
8149,536966
8150,527365
8151,517760
8152,508126
8153,498545
8154,488879
8155,479284
8156,471476
8157,461821
8158,452153
8159,442608
8160,432907
8161,423479
8162,413927
8163,404972
8164,395311
8165,385746
8166,375995
8167,366465
8168,358489
8169,348858
8170,339314
8171,329693
8172,319983
8173,310348
8174,300680
8175,290988
8176,282806
8177,272963
8178,263063
8179,253568
8180,244121
8181,236207
8182,226826
8183,217276
8184,207645
8185,198081
8186,188525
8187,178910
8188,169271
8189,159694
8190,150157
8191,140635
8192,131121
8193,121726
8194,114058
8195,105238
8196,95672
8197,86229
8198,76651
8199,66919
8200,57274
8201,47706
8202,38076
8203,28437
8204,18909
8205,9429
8206,1052307
8207,1044667
8208,1034981
8209,1025607
8210,1016037
8211,1007091
8212,997507
8213,987927
8214,978352
8215,968755
8216,959135
8217,949516
8218,939850
8219,930264
8220,922673
8221,913103
8222,903557
8223,893953
8224,884297
8225,874924
8226,865290
8227,856395
8228,846742
8229,837109
8230,827466
8231,817817
8232,810790
8233,801195
8234,791673
8235,781989
8236,772411
8237,762847
8238,753298
8239,743646
8240,734119
8241,724733
8242,715027
8243,706131
8244,696543
8245,688751
8246,679163
8247,669529
8248,659994
8249,650468
8250,640851
8251,631216
8252,621667
8253,611983
8254,602378
8255,592766
8256,583173
8257,573797
8258,566036
8259,557083
8260,536728
8261,536775
8262,527897
8263,518294
8264,508801
8265,499262
8266,489647
8267,480081
8268,470477
8269,460896
8270,451366
8271,443674
8272,434104
8273,424823
8274,415174
8275,406287
8276,396708
8277,387077
8278,378405
8279,368475
8280,358590
8281,348670
8282,338975
8283,329272
8284,321532
8285,311967
8286,302407
8287,292800
8288,283289
8289,273895
8290,264306
8291,255443
8292,245902
8293,236366
8294,226849
8295,217167
8296,209499
8297,199965
8298,190361
8299,180732
8300,171253
8301,161714
8302,152173
8303,142568
8304,132913
8305,123532
8306,113899
8307,104912
8308,95335
8309,87641
8310,78203
8311,68701
8312,59083
8313,49400
8314,39792
8315,30190
8316,20540
8317,11040
8318,1053450
8319,1043900
8320,1034412
8321,1025123
8322,1017462
8323,1008642
8324,999101
8325,989524
8326,980003
8327,970526
8328,961047
8329,951467
8330,942045
8331,932495
8332,922892
8333,913385
8334,903787
8335,896088
8336,886599
8337,877209
8338,867577
8339,858787
8340,849234
8341,839663
8342,830112
8343,820431
8344,810925
8345,801499
8346,791884
8347,782249
8348,774697
8349,765047
8350,755503
8351,747377
8352,737763
8353,728410
8354,718940
8355,710027
8356,700358
8357,690821
8358,681197
8359,671672
8360,663875
8361,654533
8362,644859
8363,635316
8364,625675
8365,616167
8366,606556
8367,596931
8368,587358
8369,577900
8370,568254
8371,559281
8372,549755
8373,541915
8374,532394
8375,522812
8376,513191
8377,503512
8378,493937
8379,484281
8380,474641
8381,466074
8382,456147
8383,446211
8384,436303
8385,426828
8386,418994
8387,410061
8388,400512
8389,390849
8390,381318
8391,371703
8392,362104
8393,352500
8394,342936
8395,333288
8396,323742
8397,314008
8398,304384
8399,296596
8400,286920
8401,277465
8402,267800
8403,258852
8404,249211
8405,239724
8406,230096
8407,220500
8408,210893
8409,201286
8410,191670
8411,182119
8412,174188
8413,164588
8414,155020
8415,145435
8416,135833
8417,126387
8418,116791
8419,107839
8420,98276
8421,88714
8422,79102
8423,69499
8424,62419
8425,52967
8426,43410
8427,33735
8428,24109
8429,14579
8430,5004
8431,1047217
8432,1037681
8433,1028238
8434,1018600
8435,1009786
8436,1000194
8437,992783
8438,983252
8439,973594
8440,963955
8441,954475
8442,944914
8443,935348
8444,925807
8445,916263
8446,906587
8447,897152
8448,887574
8449,878222
8450,870634
8451,861795
8452,852224
8453,842628
8454,833147
8455,823536
8456,814016
8457,804379
8458,794824
8459,785304
8460,775748
8461,766118
8462,756542
8463,748755
8464,739138
8465,729847
8466,720207
8467,711348
8468,701781
8469,692247
8470,682613
8471,673052
8472,663486
8473,653974
8474,644521
8475,634888
8476,627013
8477,617415
8478,607788
8479,598116
8480,588509
8481,579065
8482,569500
8483,561562
8484,551620
8485,541689
8486,531807
8487,522185
8488,514324
8489,504774
8490,495072
8491,485453
8492,475850
8493,466235
8494,456639
8495,446974
8496,437329
8497,427858
8498,418255
8499,409266
8500,399611
8501,391891
8502,382347
8503,372749
8504,363167
8505,353554
8506,343937
8507,334380
8508,324797
8509,315157
8510,305586
8511,295903
8512,286198
8513,276875
8514,269008
8515,260058
8516,250522
8517,240897
8518,231416
8519,221859
8520,212214
8521,202637
8522,193049
8523,183455
8524,173915
8525,164315
8526,154626
8527,146789
8528,137220
8529,127837
8530,118214
8531,109303
8532,99713
8533,90039
8534,80514
8535,70793
8536,61154
8537,51583
8538,42053
8539,32417
8540,24671
8541,15129
8542,5658
8543,1047962
8544,1038370
8545,1028963
8546,1019400
8547,1010495
8548,1000853
8549,991264
8550,981588
8551,971957
8552,964262
8553,954700
8554,945143
8555,935567
8556,925921
8557,916370
8558,906771
8559,897190
8560,887525
8561,878184
8562,868586
8563,859692
8564,850098
8565,842284
8566,832642
8567,823050
8568,813369
8569,803821
8570,794322
8571,784715
8572,775048
8573,765566
8574,755966
8575,746371
8576,736742
8577,727294
8578,719466
8579,710564
8580,700910
8581,691299
8582,681697
8583,672092
8584,662409
8585,654959
8586,645026
8587,635084
8588,625179
8589,615244
8590,605315
8591,597037
8592,587416
8593,577922
8594,568377
8595,559479
8596,549890
8597,540383
8598,530750
8599,521061
8600,511441
8601,501861
8602,492227
8603,482600
8604,474910
8605,465273
8606,455674
8607,446029
8608,436328
8609,426994
8610,417374
8611,408418
8612,398891
8613,389267
8614,379621
8615,369979
8616,363016
8617,353461
8618,343869
8619,334261
8620,324650
8621,315037
8622,305472
8623,295777
8624,286177
8625,276778
8626,267178
8627,258256
8628,248579
8629,241061
8630,231538
8631,221897
8632,212356
8633,202682
8634,193116
8635,183436
8636,173825
8637,164173
8638,154541
8639,145006
8640,135468
8641,126066
8642,118419
8643,109518
8644,99987
8645,90357
8646,80925
8647,71301
8648,61754
8649,52179
8650,42591
8651,32978
8652,23337
8653,13732
8654,4198
8655,1049818
8656,1040311
8657,1031029
8658,1021501
8659,1012672
8660,1003136
8661,993507
8662,984118
8663,974519
8664,964881
8665,955264
8666,945718
8667,936113
8668,928547
8669,919038
8670,909405
8671,899828
8672,890328
8673,880916
8674,871363
8675,862588
8676,853079
8677,843333
8678,833792
8679,824130
8680,816564
8681,807002
8682,797454
8683,787818
8684,778278
8685,768636
8686,759092
8687,751770
8688,741896
8689,731954
8690,722037
8691,712094
8692,702136
8693,694668
8694,685055
8695,675423
8696,665901
8697,656285
8698,646764
8699,637161
8700,627601
8701,617995
8702,608402
8703,598763
8704,589217
8705,579873
8706,572691
8707,563848
8708,554357
8709,544728
8710,535187
8711,525680
8712,516019
8713,506508
8714,496995
8715,487372
8716,477896
8717,468301
8718,458611
8719,451246
8720,441719
8721,432305
8722,422684
8723,413877
8724,404251
8725,394776
8726,385222
8727,375541
8728,366009
8729,356424
8730,346795
8731,337250
8732,337296
8733,327457
8734,317573
8735,307718
8736,297831
8737,287936
8738,278052
8739,268145
8740,258192
8741,248312
8742,238400
8743,228444
8744,218507
8745,208670
8746,198709
8747,188808
8748,179092
8749,169530
8750,159965
8751,150291
8752,140758
8753,105011
8754,104998
8755,106100
8756,102860
8757,94855
8758,85408
8759,75985
8760,66334
8761,56772
8762,47189
8763,37515
8764,27905
8765,18229
8766,8687
8767,1052051
8768,1042661
8769,1033308
8770,1026266
8771,1017508
8772,1007823
8773,998184
8774,988617
8775,978902
8776,969339
8777,959722
8778,950077
8779,940570
8780,931002
8781,921309
8782,911761
8783,903942
8784,894321
8785,884831
8786,875252
8787,866330
8788,856811
8789,847263
8790,839389
8791,829447
8792,819544
8793,809602
8794,799655
8795,789750
8796,781919
8797,772403
8798,762834
8799,753239
8800,743587
8801,734276
8802,724740
8803,715906
8804,706322
8805,696661
8806,687098
8807,677468
8808,670626
8809,661017
8810,651462
8811,641858
8812,632270
8813,622698
8814,613138
8815,603557
8816,593975
8817,584484
8818,574813
8819,565947
8820,556362
8821,548464
8822,538870
8823,529280
8824,519700
8825,510124
8826,500500
8827,490870
8828,481314
8829,471637
8830,462050
8831,452527
8832,442875
8833,433410
8834,425662
8835,416699
8836,407146
8837,397517
8838,387820
8839,378211
8840,368527
8841,358996
8842,349320
8843,339680
8844,330084
8845,320478
8846,310905
8847,302985
8848,293379
8849,283960
8850,274370
8851,265388
8852,255772
8853,246316
8854,236696
8855,227195
8856,217626
8857,208083
8858,198479
8859,188886
8860,181170
8861,171685
8862,162090
8863,152501
8864,142931
8865,133566
8866,123983
8867,115128
8868,105567
8869,95941
8870,86567
8871,76952
8872,69174
8873,59660
8874,50014
8875,40368
8876,30761
8877,21263
8878,11783
8879,2270
8880,1045143
8881,1035733
8882,1026131
8883,1017211
8884,1007555
8885,1000179
8886,990558
8887,980997
8888,971420
8889,961856
8890,952311
8891,942752
8892,933094
8893,924687
8894,914776
8895,904833
8896,894894
8897,885232
8898,877422
8899,868541
8900,858990
8901,849317
8902,839703
8903,830116
8904,820510
8905,810858
8906,801387
8907,791751
8908,782081
8909,772474
8910,762884
8911,755055
8912,745449
8913,736059
8914,726385
8915,717506
8916,707963
8917,698232
8918,688593
8919,679123
8920,669527
8921,660068
8922,650493
8923,640970
8924,633352
8925,623721
8926,614217
8927,604597
8928,595040
8929,585641
8930,576103
8931,567150
8932,557532
8933,547977
8934,538315
8935,528708
8936,521021
8937,511475
8938,501915
8939,492312
8940,482680
8941,473102
8942,463546
8943,453924
8944,444347
8945,434949
8946,425443
8947,416543
8948,406934
8949,399142
8950,389481
8951,379984
8952,370365
8953,360752
8954,351197
8955,341544
8956,331995
8957,322373
8958,312777
8959,303155
8960,293538
8961,284124
8962,276237
8963,267277
8964,257644
8965,248121
8966,238603
8967,229050
8968,219423
8969,209886
8970,200187
8971,190635
8972,181029
8973,171436
8974,161910
8975,154130
8976,144512
8977,135119
8978,125615
8979,116791
8980,107168
8981,97605
8982,88051
8983,78570
8984,68995
8985,59345
8986,49821
8987,40228
8988,32454
8989,22974
8990,13392
8991,3856
8992,1046697
8993,1037388
8994,1027830
8995,1019292
8996,1009634
8997,999956
8998,990426
8999,980933
9000,975950
9001,966357
9002,956735
9003,975112
9004,965515
9005,955911
9006,946335
9007,936707
9008,927148
9009,917756
9010,908068
9011,899180
9012,889651
9013,881933
9014,872367
9015,862760
9016,853159
9017,843745
9018,834030
9019,824495
9020,814958
9021,805320
9022,795745
9023,786209
9024,776600
9025,767185
9026,759380
9027,750355
9028,740782
9029,731292
9030,721716
9031,712200
9032,702645
9033,693043
9034,683455
9035,674092
9036,664550
9037,654925
9038,645401
9039,637475
9040,627942
9041,618512
9042,608919
9043,599983
9044,590523
9045,581132
9046,571480
9047,561890
9048,552260
9049,542708
9050,533180
9051,523556
9052,515734
9053,506224
9054,496620
9055,487056
9056,477463
9057,467936
9058,458283
9059,449455
9060,439816
9061,430169
9062,420524
9063,410919
9064,403044
9065,393485
9066,383826
9067,374195
9068,364571
9069,354935
9070,345250
9071,335682
9072,326068
9073,316679
9074,307123
9075,298343
9076,288469
9077,280312
9078,270745
9079,261088
9080,251669
9081,242067
9082,232468
9083,222887
9084,213342
9085,203656
9086,194111
9087,184550
9088,174882
9089,165576
9090,157796
9091,148979
9092,139341
9093,129725
9094,120214
9095,110602
9096,101278
9097,93043
9098,83214
9099,73282
9100,63330
9101,53390
9102,43553
9103,35701
9104,26122
9105,16898
9106,7292
9107,1050869
9108,1041574
9109,1031882
9110,1022334
9111,1012810
9112,1003149
9113,993625
9114,984032
9115,974488
9116,967008
9117,957445
9118,947828
9119,938323
9120,928704
9121,919326
9122,909742
9123,900776
9124,891108
9125,881556
9126,871868
9127,862234
9128,854447
9129,844880
9130,835262
9131,825769
9132,816284
9133,806711
9134,797219
9135,787608
9136,778073
9137,768681
9138,759076
9139,750146
9140,740570
9141,732701
9142,723250
9143,713655
9144,703978
9145,694440
9146,684768
9147,675134
9148,665481
9149,655929
9150,646257
9151,636794
9152,627232
9153,617814
9154,610003
9155,601172
9156,591575
9157,581900
9158,572342
9159,562739
9160,553065
9161,543677
9162,534063
9163,524479
9164,515017
9165,505363
9166,495675
9167,488024
9168,478356
9169,468939
9170,459269
9171,450362
9172,440653
9173,431158
9174,421492
9175,411797
9176,402241
9177,392518
9178,382933
9179,373267
9180,365414
9181,355775
9182,346209
9183,336547
9184,326889
9185,317528
9186,307845
9187,298871
9188,289261
9189,279630
9190,269985
9191,260411
9192,253264
9193,243679
9194,234207
9195,224577
9196,214900
9197,205408
9198,195711
9199,186113
9200,177843
9201,167972
9202,158071
9203,148618
9204,139007
9205,131282
9206,121821
9207,112274
9208,102629
9209,92997
9210,83372
9211,73944
9212,64424
9213,54858
9214,45279
9215,35695
9216,26103
9217,16649
9218,9075
9219,1052674
9220,1043092
9221,1033523
9222,1023913
9223,1014251
9224,1004706
9225,995068
9226,985532
9227,975885
9228,966366
9229,956694
9230,947131
9231,939328
9232,929824
9233,920377
9234,910849
9235,902013
9236,892493
9237,882811
9238,873219
9239,863756
9240,854198
9241,844535
9242,834975
9243,825397
9244,819667
9245,810092
9246,800393
9247,790793
9248,781291
9249,771858
9250,762283
9251,753396
9252,743719
9253,734182
9254,724545
9255,714980
9256,707381
9257,697822
9258,688157
9259,678487
9260,668975
9261,659393
9262,649850
9263,640378
9264,630652
9265,621226
9266,611616
9267,602648
9268,593136
9269,585353
9270,575848
9271,566212
9272,556581
9273,546987
9274,537432
9275,527879
9276,518299
9277,508740
9278,499231
9279,489658
9280,480071
9281,470693
9282,462781
9283,453910
9284,444376
9285,434764
9286,425120
9287,415582
9288,405989
9289,396368
9290,386812
9291,377123
9292,367555
9293,357952
9294,348391
9295,340597
9296,331036
9297,321545
9298,312015
9299,303079
9300,293402
9301,283747
9302,275224
9303,265295
9304,255346
9305,245425
9306,235601
9307,226119
9308,218319
9309,208708
9310,199077
9311,189507
9312,179928
9313,170515
9314,160915
9315,147878
9316,133014
9317,132833
9318,123225
9319,113684
9320,105870
9321,96366
9322,86721
9323,77400
9324,67799
9325,58224
9326,48699
9327,38799
9328,28890
9329,19350
9330,9733
9331,1724282
9332,1714903
9333,1711178
9334,1701577
9335,1692061
9336,1685349
9337,1675492
9338,1665659
9339,1655740
9340,1645790
9341,1635907
9342,1625978
9343,1616027
9344,1606118
9345,1596362
9346,1588730
9347,1580023
9348,1570389
9349,1560783
9350,1551243
9351,1541567
9352,1531912
9353,1522406
9354,1512805
9355,1503141
9356,1493504
9357,1483959
9358,1474387
9359,1466743
9360,1457156
9361,1447663
9362,1438059
9363,1429175
9364,1419613
9365,1410099
9366,1400572
9367,1390998
9368,1381416
9369,1371863
9370,1362247
9371,1352582
9372,1344700
9373,1335080
9374,1325560
9375,1316302
9376,1306695
9377,1297327
9378,1287666
9379,1278869
9380,1269276
9381,1259660
9382,1249966
9383,1240349
9384,1232731
9385,1223095
9386,1213724
9387,1204169
9388,1194509
9389,1184963
9390,1175282
9391,1165741
9392,1156096
9393,1146622
9394,1136964
9395,1128062
9396,1118466
9397,1112705
9398,1103152
9399,1093573
9400,1083984
9401,1074439
9402,1064854
9403,1055192
9404,1046997
9405,1037086
9406,1027143
9407,1017241
9408,1007296
9409,997512
9410,989860
9411,989871
9412,980040
9413,970159
9414,960233
9415,950301
9416,940405
9417,930469
9418,920516
9419,910644
9420,900698
9421,890742
9422,880792
9423,870855
9424,860904
9425,851001
9426,841070
9427,831113
9428,821260
9429,811475
9430,801800
9431,792257
9432,782565
9433,773034
9434,763512
9435,754151
9436,746545
9437,736959
9438,727265
9439,717641
9440,708083
9441,698576
9442,688995
9443,680139
9444,670522
9445,660870
9446,651307
9447,641676
9448,633966
9449,624380
9450,614733
9451,605120
9452,595695
9453,586001
9454,576460
9455,566867
9456,557178
9457,547768
9458,538250
9459,529246
9460,519685
9461,512105
9462,502551
9463,492952
9464,483412
9465,473731
9466,464237
9467,454630
9468,445025
9469,435379
9470,425774
9471,416106
9472,406479
9473,397083
9474,389248
9475,380417
9476,370859
9477,361164
9478,351607
9479,342031
9480,332420
9481,322844
9482,313386
9483,303718
9484,294196
9485,284643
9486,275012
9487,267252
9488,257669
9489,248233
9490,238644
9491,229664
9492,220001
9493,210455
9494,200784
9495,191184
9496,181491
9497,171975
9498,162391
9499,152542
9500,144437
9501,134533
9502,124641
9503,114942
9504,105282
9505,95899
9506,87555
9507,77626
9508,67913
9509,58331
9510,48996
9511,39456
9512,31747
9513,22262
9514,12777
9515,3298
9516,1209397
9517,1203042
9518,1196676
9519,1189053
9520,1181898
9521,1178730
9522,1171010
9523,1168609
9524,1159960
9525,1156350
9526,1146822
9527,1137331
9528,1127753
9529,1118178
9530,1108670
9531,1099104
9532,1089513
9533,1080004
9534,1070347
9535,1060724
9536,1051208
9537,1041783
9538,1034515
9539,1025846
9540,1016337
9541,1006687
9542,997226
9543,987603
9544,977986
9545,968594
9546,959517
9547,949940
9548,940399
9549,930834
9550,921279
9551,913879
9552,904235
9553,869507
9554,869562
9555,870480
9556,866530
9557,857058
9558,847410
9559,837996
9560,828672
9561,818986
9562,809558
9563,800026
9564,792554
9565,783073
9566,773560
9567,763928
9568,754313
9569,744953
9570,735479
9571,727702
9572,718166
9573,708650
9574,699202
9575,689628
9576,682082
9577,672546
9578,663011
9579,653413
9580,643739
9581,634248
9582,624616
9583,615117
9584,605460
9585,596002
9586,586394
9587,577579
9588,567885
9589,561569
9590,552093
9591,542471
9592,532911
9593,523342
9594,513699
9595,504090
9596,494457
9597,484858
9598,475330
9599,466004
9600,456416
9601,447061
9602,439619
9603,430817
9604,421277
9605,411767
9606,402135
9607,392528
9608,383005
9609,374823
9610,364949
9611,355043
9612,345105
9613,335181
9614,325518
9615,318028
9616,308479
9617,299105
9618,289555
9619,280669
9620,271708
9621,262199
9622,252519
9623,243011
9624,233729
9625,224235
9626,214719
9627,205118
9628,197831
9629,188423
9630,178837
9631,169282
9632,159741
9633,150321
9634,140841
9635,132161
9636,122639
9637,112937
9638,103390
9639,93679
9640,85982
9641,76505
9642,66766
9643,57128
9644,47591
9645,37906
9646,28496
9647,18975
9648,9389
9649,1060122
9650,1050813
9651,1042237
9652,1032645
9653,1029505
9654,1020023
9655,1010420
9656,1000990
9657,991364
9658,981805
9659,972265
9660,962588
9661,953043
9662,943391
9663,933813
9664,924238
9665,914874
9666,907659
9667,898921
9668,889395
9669,879775
9670,870098
9671,860576
9672,850973
9673,841481
9674,831990
9675,822414
9676,812786
9677,803291
9678,793925
9679,786599
9680,777046
9681,767592
9682,758108
9683,749466
9684,739847
9685,730289
9686,720814
9687,711156
9688,701656
9689,692216
9690,682944
9691,673267
9692,666039
9693,656445
9694,646859
9695,637244
9696,627805
9697,618450
9698,608945
9699,600110
9700,590578
9701,581031
9702,571379
9703,561784
9704,554148
9705,544692
9706,535034
9707,525516
9708,515821
9709,506233
9710,496584
9711,487029
9712,478408
9713,468492
9714,458569
9715,449564
9716,439976
9717,432242
9718,422642
9719,413133
9720,403379
9721,393838
9722,384229
9723,374678
9724,365023
9725,355513
9726,345930
9727,336361
9728,326778
9729,317322
9730,309751
9731,300936
9732,291285
9733,281742
9734,272098
9735,262539
9736,253078
9737,243573
9738,233840
9739,224138
9740,214666
9741,205001
9742,195404
9743,187734
9744,178158
9745,168791
9746,159265
9747,150414
9748,140731
9749,131240
9750,121647
9751,112209
9752,102936
9753,93431
9754,83739
9755,74132
9756,66538
9757,56917
9758,47349
9759,37689
9760,28016
9761,18757
9762,9032
9763,1059993
9764,1050597
9765,1041049
9766,1031668
9767,1022124
9768,1017908
9769,1008459
9770,999075
9771,989395
9772,979826
9773,970153
9774,960529
9775,950953
9776,941308
9777,931941
9778,922321
9779,913554
9780,903887
9781,897620
9782,888171
9783,878524
9784,868872
9785,859275
9786,849602
9787,840095
9788,830621
9789,821069
9790,811557
9791,802079
9792,792580
9793,783405
9794,775794
9795,766905
9796,757334
9797,747833
9798,738357
9799,728836
9800,719266
9801,709743
9802,700254
9803,690653
9804,681039
9805,671542
9806,662102
9807,654437
9808,644926
9809,635568
9810,626091
9811,617167
9812,607728
9813,598030
9814,590373
9815,580530
9816,570603
9817,560652
9818,550748
9819,540806
9820,532779
9821,523150
9822,513598
9823,504285
9824,494795
9825,485394
9826,475794
9827,466932
9828,457378
9829,447682
9830,438114
9831,428477
9832,420753
9833,411264
9834,401687
9835,392097
9836,382479
9837,372908
9838,363331
9839,353745
9840,344097
9841,334653
9842,325062
9843,316070
9844,306442
9845,298735
9846,289081
9847,279527
9848,269939
9849,260385
9850,250932
9851,241380
9852,231828
9853,222286
9854,212794
9855,203265
9856,193681
9857,184262
9858,176552
9859,167554
9860,157923
9861,148366
9862,138682
9863,129117
9864,119631
9865,110026
9866,100404
9867,91291
9868,81758
9869,72173
9870,62539
9871,54893
9872,45223
9873,35757
9874,26148
9875,17451
9876,7914
9877,1057525
9878,1048117
9879,1038643
9880,1029032
9881,1019548
9882,1009966
9883,1000490
9884,996663
9885,987100
9886,977503
9887,967875
9888,958209
9889,949382
9890,939921
9891,931100
9892,921478
9893,911894
9894,902264
9895,892716
9896,885164
9897,875635
9898,866020
9899,856468
9900,846856
9901,837201
9902,827799
9903,818254
9904,808753
9905,799373
9906,789773
9907,781008
9908,771394
9909,763641
9910,753994
9911,744503
9912,734807
9913,725346
9914,715886
9915,706360
9916,696787
9917,689140
9918,679204
9919,669260
9920,659355
9921,649409
9922,641240
9923,632457
9924,622938
9925,613349
9926,603724
9927,595076
9928,585527
9929,575906
9930,566377
9931,556838
9932,547184
9933,537491
9934,527945
9935,520336
9936,510762
9937,501312
9938,491766
9939,483009
9940,473326
9941,463763
9942,454162
9943,444569
9944,434994
9945,425396
9946,415822
9947,406220
9948,398554
9949,388892
9950,379349
9951,369662
9952,360030
9953,350617
9954,341001
9955,332081
9956,322615
9957,313078
9958,303396
9959,293837
9960,286189
9961,276592
9962,266989
9963,257404
9964,247884
9965,238307
9966,228781
9967,219121
9968,209593
9969,200250
9970,190634
9971,181907
9972,172349
9973,165777
9974,156275
9975,146644
9976,137108
9977,127530
9978,117939
9979,108291
9980,98758
9981,89528
9982,79898
9983,70290
9984,60687
9985,51339
9986,43879
9987,35109
9988,25517
9989,16087
9990,6442
9991,1166717
9992,1157344
9993,1147870
9994,1138296
9995,1128794
9996,1119179
9997,1109633
9998,1100104
9999,1096285
10000,1086710
10001,1077817
10002,1068276
10003,1059670
10004,1050121
10005,1040538
10006,1030936
10007,1021426
10008,1011734
10009,1002108
10010,992567
10011,983044
10012,975655
10013,966027
10014,956473
10015,946846
10016,937367
10017,928039
10018,918443
10019,910586
10020,900667
10021,891075
10022,881538
10023,871956
10024,864214
10025,854701
10026,845047
10027,835560
10028,825984
10029,816406
10030,806780
10031,797344
10032,787837
10033,778514
10034,769057
10035,760546
10036,751020
10037,743495
10038,734023
10039,724382
10040,714984
10041,705539
10042,695984
10043,686529
10044,677265
10045,667798
10046,658323
10047,648833
10048,639204
10049,629916
10050,622360
10051,613632
10052,604099
10053,594550
10054,585027
10055,575494
10056,565987
10057,556577
10058,547053
10059,537401
10060,527902
10061,518327
10062,508745
10063,501076
10064,491530
10065,482163
10066,472502
10067,463738
10068,454301
10069,444663
10070,435192
10071,425533
10072,415902
10073,406290
10074,396618
10075,387011
10076,379628
10077,370032
10078,360620
10079,351096
10080,341590
10081,332238
10082,322693
10083,313833
10084,304180
10085,294635
10086,290145
10087,280475
10088,270670
10089,260799
10090,250856
10091,240970
10092,231083
10093,221135
10094,211287
10095,201475
10096,191774
10097,182422
10098,172837
10099,163951
10100,154478
10101,146784
10102,137166
10103,127643
10104,118011
10105,108538
10106,98985
10107,89409
10108,79699
10109,70139
10110,60501
10111,50922
10112,41431
10113,31981
10114,24362
10115,15804
10116,6283
10117,1189782
10118,1183635
10119,1176201
10120,1169032
10121,1164057
10122,1154360
10123,1146881
10124,1139834
10125,1132338
10126,1125214
10127,1129922
10128,1120255
10129,1111304
10130,1101839
10131,1093146
10132,1083715
10133,1074171
10134,1064759
10135,1055136
10136,1045567
10137,1036020
10138,1026373
10139,1016868
10140,1009463
10141,999812
10142,990383
10143,980766
10144,971276
10145,961967
10146,952402
10147,943613
10148,934120
10149,924585
10150,914918
10151,905485
10152,897797
10153,888520
10154,879032
10155,869419
10156,859963
10157,850517
10158,841056
10159,831470
10160,821992
10161,812704
10162,803251
10163,794551
10164,785024
10165,779016
10166,769504
10167,759903
10168,750383
10169,740847
10170,731234
10171,721776
10172,712130
10173,702590
10174,693100
10175,683527
10176,673960
10177,664605
10178,657076
10179,648306
10180,638714
10181,629219
10182,619704
10183,610336
10184,600811
10185,591258
10186,581760
10187,572229
10188,562674
10189,552991
10190,543512
10191,535894
10192,526356
10193,517011
10194,507330
10195,498487
10196,488972
10197,479348
10198,469778
10199,460230
10200,450640
10201,440980
10202,431388
10203,421805
10204,414227
10205,404781
10206,395188
10207,385617
10208,376046
10209,366607
10210,357050
10211,348421
10212,338789
10213,329156
10214,319598
10215,309940
10216,302328
10217,292902
10218,283343
10219,273800
10220,264304
10221,255235
10222,245629
10223,238259
10224,228354
10225,218449
10226,208544
10227,198601
10228,188926
10229,181456
10230,171858
10231,162298
10232,152831
10233,143285
10234,133669
10235,124153
10236,114692
10237,105199
10238,95617
10239,86057
10240,76370
10241,67046
10242,59413
10243,50587
10244,41176
10245,31482
10246,22087
10247,12580
10248,3046
10249,1049118
10250,1039775
10251,1030295
10252,1020789
10253,1011259
10254,1001583
10255,997243
10256,987794
10257,978822
10258,969255
10259,960658
10260,951066
10261,941455
10262,931969
10263,922303
10264,912709
10265,903137
10266,893518
10267,883883
10268,876273
10269,866690
10270,857063
10271,847507
10272,837875
10273,828447
10274,818885
10275,809955
10276,800257
10277,790714
10278,781278
10279,771668
10280,764097
10281,754534
10282,744934
10283,735434
10284,725858
10285,716189
10286,706539
10287,696881
10288,687323
10289,678012
10290,668402
10291,654077
10292,650047
10293,642327
10294,632844
10295,623279
10296,613690
10297,604086
10298,594596
10299,584969
10300,575340
10301,565778
10302,556249
10303,546586
10304,536938
10305,527463
10306,519525
10307,510744
10308,501118
10309,491450
10310,481855
10311,472149
10312,462555
10313,452979
10314,443498
10315,433890
10316,424298
10317,414646
10318,405119
10319,397613
10320,388018
10321,378570
10322,369017
10323,360055
10324,350346
10325,340769
10326,333056
10327,323173
10328,313312
10329,303378
10330,293449
10331,283504
10332,275117
10333,265527
10334,256060
10335,246400
10336,236776
10337,227359
10338,217743
10339,209031
10340,199483
10341,189888
10342,180314
10343,170771
10344,163153
10345,153581
10346,144018
10347,134471
10348,124817
10349,115387
10350,105818
10351,96216
10352,87188
10353,54371
10354,54436
10355,55318
10356,49308
10357,42795
10358,33281
10359,23706
10360,14316
10361,4824
10362,1054201
10363,1044746
10364,1035303
10365,1025685
10366,1016120
10367,1006618
10368,996974
10369,988006
10370,984018
10371,975285
10372,965782
10373,956202
10374,946563
10375,936910
10376,927447
10377,917838
10378,908254
10379,898689
10380,889137
10381,879515
10382,869941
10383,862274
10384,852707
10385,843386
10386,833891
10387,825333
10388,815785
10389,806248
10390,796748
10391,787261
10392,777732
10393,768216
10394,758766
10395,749055
10396,741374
10397,731922
10398,722381
10399,712873
10400,703322
10401,693947
10402,684330
10403,675501
10404,666033
10405,656753
10406,647303
10407,637743
10408,630161
10409,620589
10410,611030
10411,601455
10412,591905
10413,582223
10414,572677
10415,563103
10416,553570
10417,544246
10418,534645
10419,525724
10420,516118
10421,508423
10422,498857
10423,489222
10424,479676
10425,470024
10426,460543
10427,450970
10428,441384
10429,433746
10430,423862
10431,413930
10432,403970
10433,394052
10434,385660
10435,376682
10436,367116
10437,357427
10438,347845
10439,338285
10440,328557
10441,318895
10442,309363
10443,299657
10444,290128
10445,280552
10446,271023
10447,263257
10448,253748
10449,244465
10450,234960
10451,226079
10452,216569
10453,206956
10454,197368
10455,187746
10456,178147
10457,168576
10458,158995
10459,149444
10460,141713
10461,132252
10462,122628
10463,113050
10464,103434
10465,94078
10466,84933
10467,75951
10468,66269
10469,56810
10470,47136
10471,37550
10472,30010
10473,20579
10474,11204
10475,1130419
10476,1120962
10477,1111560
10478,1102158
10479,1092557
10480,1082997
10481,1074182
10482,1064666
10483,1056096
10484,1046523
10485,1042709
10486,1033195
10487,1023654
10488,1014080
10489,1004424
10490,994907
10491,985331
10492,975715
10493,966184
10494,956583
10495,947101
10496,937479
10497,928151
10498,920651
10499,912005
10500,902786
10501,893130
10502,883673
10503,874073
10504,864578
10505,855080
10506,845479
10507,835993
10508,826575
10509,816941
10510,807398
10511,799854
10512,790218
10513,780875
10514,771324
10515,762475
10516,752819
10517,743448
10518,734176
10519,724520
10520,714957
10521,705412
10522,695893
10523,686289
10524,678744
10525,669283
10526,659715
10527,650208
10528,640543
10529,631289
10530,621790
10531,614806
10532,604941
10533,595100
10534,585152
10535,575249
10536,567304
10537,557793
10538,548363
10539,538785
10540,529254
10541,519734
10542,510178
10543,500592
10544,491019
10545,481673
10546,472139
10547,463286
10548,453663
10549,447471
10550,437928
10551,428394
10552,418854
10553,409303
10554,399770
10555,390086
10556,380528
10557,370851
10558,361397
10559,351811
10560,342207
10561,332994
10562,325494
10563,316657
10564,307039
10565,297508
10566,287851
10567,278281
10568,268807
10569,259240
10570,249633
10571,240098
10572,230434
10573,220879
10574,211301
10575,203710
10576,194143
10577,184759
10578,175187
10579,166759
10580,157225
10581,147599
10582,138102
10583,128496
10584,118877
10585,109292
10586,99881
10587,90291
10588,82807
10589,73361
10590,63704
10591,54208
10592,44667
10593,35280
10594,25786
10595,17189
10596,7576
10597,1134729
10598,1125378
10599,1115904
10600,1111993
10601,1102657
10602,1093296
10603,1083993
10604,1074925
10605,1065936
10606,1057313
10607,1050416
10608,1042882
10609,1039002
10610,1031918
10611,1029921
10612,1022206
10613,1022423
10614,1015144
10615,1007987
10616,1001162
10617,993530
10618,986248
10619,979327
10620,971771
10621,964423
10622,957529
10623,949790
10624,942341
10625,936601
10626,934432
10627,927249
10628,918025
10629,908544
10630,899114
10631,889678
10632,880144
10633,872645
10634,862840
10635,852897
10636,842955
10637,833044
10638,823103
10639,815116
10640,805607
10641,796377
10642,786805
10643,778143
10644,768633
10645,759102
10646,749682
10647,740237
10648,730598
10649,721206
10650,711725
10651,702194
10652,694616
10653,685074
10654,675680
10655,666203
10656,656606
10657,647320
10658,637918
10659,629056
10660,619513
10661,610096
10662,600628
10663,591145
10664,583414
10665,573990
10666,564412
10667,555035
10668,545505
10669,535834
10670,526429
10671,516729
10672,507243
10673,497859
10674,488347
10675,479492
10676,469982
10677,462227
10678,452713
10679,443179
10680,433461
10681,423906
10682,414440
10683,404874
10684,395396
10685,385901
10686,376268
10687,366748
10688,357246
10689,347822
10690,340192
10691,331467
10692,321819
10693,312303
10694,302750
10695,293135
10696,283484
10697,274029
10698,264342
10699,254837
10700,245251
10701,236159
10702,226598
10703,219111
10704,209505
10705,200166
10706,190570
10707,181778
10708,172274
10709,162699
10710,153173
10711,143705
10712,134142
10713,124560
10714,114929
10715,113122
10716,103221
10717,93338
10718,83469
10719,73557
10720,63614
10721,53711
10722,43767
10723,34373
10724,25024
10725,15389
10726,5910
10727,1135991
10728,1155726
10729,1148803
10730,1142102
10731,1134813
10732,1127705
10733,1120848
10734,1113451
10735,1106230
10736,1098980
10737,1095527
10738,1088256
10739,1087597
10740,1080106
10741,1078434
10742,1068985
10743,1059331
10744,1049849
10745,1040376
10746,1030912
10747,1021418
10748,1011999
10749,1002421
10750,992985
10751,983415
10752,973942
10753,964653
10754,957313
10755,948738
10756,939318
10757,929802
10758,920304
10759,910869
10760,901374
10761,891848
10762,882412
10763,872866
10764,863257
10765,853758
10766,844181
10767,836502
10768,827038
10769,817639
10770,808201
10771,799682
10772,790240
10773,780633
10774,771180
10775,761817
10776,752225
10777,742712
10778,733306
10779,723737
10780,716307
10781,706810
10782,697277
10783,687725
10784,678258
10785,668925
10786,659326
10787,650372
10788,640683
10789,631125
10790,621493
10791,611904
10792,604067
10793,594564
10794,584933
10795,575264
10796,565621
10797,555899
10798,546306
10799,536632
10800,526955
10801,517452
10802,507889
10803,498912
10804,489261
10805,481580
10806,472045
10807,462381
10808,452790
10809,443113
10810,433515
10811,423866
10812,414259
10813,404601
10814,395142
10815,385508
10816,376111
10817,366736
10818,359116
10819,350212
10820,340700
10821,331059
10822,321475
10823,311913
10824,302382
10825,292714
10826,283080
10827,273426
10828,263771
10829,254200
10830,244590
10831,237354
10832,227732
10833,218382
10834,208784
10835,199816
10836,190231
10837,180589
10838,173061
10839,163130
10840,153186
10841,143237
10842,133289
10843,123346
10844,115428
10845,105730
10846,96080
10847,86615
10848,76870
10849,67405
10850,57905
10851,48920
10852,39363
10853,29757
10854,20397
10855,10715
10856,1065016
10857,1055594
10858,1046032
10859,1036448
10860,1026937
10861,1017370
10862,1007843
10863,998286
10864,988692
10865,979799
10866,970237
10867,961490
10868,951975
10869,944684
10870,935074
10871,925548
10872,915856
10873,906240
10874,896678
10875,887064
10876,877406
10877,867846
10878,858184
10879,848567
10880,839024
10881,829527
10882,821761
10883,812979
10884,803355
10885,793773
10886,784348
10887,774756
10888,765139
10889,755562
10890,745893
10891,736441
10892,726859
10893,717242
10894,707619
10895,699982
10896,690333
10897,680949
10898,671346
10899,662473
10900,652836
10901,643320
10902,633679
10903,624163
10904,614471
10905,604897
10906,595264
10907,585679
10908,577843
10909,568325
10910,558756
10911,549112
10912,539480
10913,530045
10914,520386
10915,511567
10916,502166
10917,492481
10918,482905
10919,473304
10920,465476
10921,455992
10922,446359
10923,436790
10924,427176
10925,417636
10926,408013
10927,398469
10928,388798
10929,379284
10930,369660
10931,360723
10932,351044
10933,344531
10934,334920
10935,325261
10936,315663
10937,306081
10938,296381
10939,286773
10940,279363
10941,269438
10942,259513
10943,249560
10944,239613
10945,229666
10946,221499
10947,212753
10948,203203
10949,193597
10950,183871
10951,174269
10952,164716
10953,155026
10954,145535
10955,135969
10956,126404
10957,116727
10958,107237
10959,99626
10960,90410
10961,81026
10962,71397
10963,62535
10964,52984
10965,43321
10966,33662
10967,24091
10968,14582
10969,4976
10970,1051738
10971,1042249
10972,1037569
10973,1028120
10974,1018484
10975,1008958
10976,999337
10977,990429
10978,980790
10979,972115
10980,962499
10981,952907
10982,943327
10983,933709
10984,926063
10985,916557
10986,906904
10987,897306
10988,887735
10989,878108
10990,868406
10991,858839
10992,849264
10993,839910
10994,830366
10995,821472
10996,811861
10997,804490
10998,794873
10999,785388
11000,775846
11001,766273
11002,756788
11003,747291
11004,737699
11005,728159
11006,718691
11007,709017
11008,699525
11009,690125
11010,682321
11011,673535
11012,664051
11013,654595
11014,644929
11015,635466
11016,625754
11017,616245
11018,606675
11019,597042
11020,587398
11021,577816
11022,568138
11023,560363
11024,550784
11025,541329
11026,531739
11027,522850
11028,513278
11029,503677
11030,494088
11031,484481
11032,474850
11033,465181
11034,455537
11035,445872
11036,438250
11037,428569
11038,419111
11039,409471
11040,399916
11041,390634
11042,383531
11043,373638
11044,363695
11045,353782
11046,343816
11047,333874
11048,325724
11049,316151
11050,306555
11051,296936
11052,287289
11053,277683
11054,268013
11055,258350
11056,248718
11057,239456
11058,229780
11059,220849
11060,211333
11061,203651
11062,194107
11063,184672
11064,175066
11065,165386
11066,155868
11067,146183
11068,136689
11069,127031
11070,117386
11071,107841
11072,98237
11073,88770
11074,81598
11075,72807
11076,63156
11077,53581
11078,43985
11079,34306
11080,24647
11081,15313
11082,5692
11083,1242008
11084,1236398
11085,1229399
11086,1222149
11087,1232639
11088,1223154
11089,1214339
11090,1204860
11091,1196241
11092,1186586
11093,1177144
11094,1167582
11095,1158045
11096,1148569
11097,1138930
11098,1129344
11099,1119789
11100,1112423
11101,1102862
11102,1093318
11103,1083790
11104,1074279
11105,1065028
11106,1055468
11107,1046791
11108,1037223
11109,1027563
11110,1018103
11111,1008535
11112,1000879
11113,991383
11114,981811
11115,972252
11116,962678
11117,953160
11118,943586
11119,934107
11120,924629
11121,915170
11122,905620
11123,896766
11124,887204
11125,880849
11126,871512
11127,861955
11128,852422
11129,842831
11130,833195
11131,823619
11132,814081
11133,804516
11134,795043
11135,785489
11136,775860
11137,766511
11138,759581
11139,749902
11140,740370
11141,730808
11142,721244
11143,711703
11144,702058
11145,694887
11146,685003
11147,675132
11148,665209
11149,655294
11150,645406
11151,636637
11152,626952
11153,596888
11154,596878
11155,597721
11156,589001
11157,579427
11158,569975
11159,560429
11160,550852
11161,541351
11162,531763
11163,522175
11164,514444
11165,504860
11166,495253
11167,485686
11168,476120
11169,466681
11170,457068
11171,448377
11172,438824
11173,429258
11174,419593
11175,410013
11176,402178
11177,392657
11178,383002
11179,373359
11180,363785
11181,354105
11182,344574
11183,334917
11184,325302
11185,315896
11186,306328
11187,297964
11188,288402
11189,280763
11190,271164
11191,261506
11192,251946
11193,242373
11194,232817
11195,223118
11196,213577
11197,203978
11198,194383
11199,184760
11200,175257
11201,165798
11202,157980
11203,149068
11204,139450
11205,129773
11206,120221
11207,110644
11208,101091
11209,91374
11210,81838
11211,72277
11212,62758
11213,53126
11214,43717
11215,35970
11216,26542
11217,17172
11218,7593
11219,1136234
11220,1126823
11221,1117237
11222,1107696
11223,1098171
11224,1088651
11225,1079105
11226,1069505
11227,1059932
11228,1056256
11229,1046720
11230,1037132
11231,1027693
11232,1018229
11233,1008906
11234,999412
11235,990737
11236,981217
11237,971679
11238,962171
11239,952508
11240,945149
11241,935633
11242,926036
11243,916495
11244,906949
11245,897348
11246,888040
11247,878499
11248,870570
11249,860732
11250,850833
11251,841529
11252,832147
11253,824461
11254,814950
11255,805490
11256,795871
11257,786394
11258,776856
11259,767290
11260,757671
11261,748209
11262,738621
11263,723324
11264,719875
11265,710487
11266,702891
11267,694244
11268,684585
11269,675151
11270,665649
11271,656006
11272,646387
11273,636938
11274,627404
11275,617926
11276,608453
11277,597518
11278,589237
11279,581710
11280,572159
11281,562765
11282,553157
11283,544348
11284,534851
11285,525269
11286,515658
11287,506081
11288,496593
11289,486913
11290,477372
11291,467792
11292,460137
11293,450545
11294,440977
11295,431320
11296,421688
11297,412393
11298,402747
11299,393948
11300,384417
11301,374732
11302,365133
11303,355580
11304,348018
11305,338482
11306,329096
11307,319512
11308,309904
11309,300377
11310,290769
11311,281302
11312,271753
11313,262301
11314,252652
11315,244054
11316,234413
11317,228333
11318,218717
11319,209114
11320,199513
11321,190054
11322,180479
11323,171155
11324,161668
11325,152084
11326,98597
11327,98674
11328,98704
11329,98791
11330,100812
11331,96750
11332,87186
11333,77659
11334,68058
11335,58439
11336,48861
11337,39248
11338,29665
11339,20313
11340,10721
11341,1060992
11342,1051654
11343,1047573
11344,1045231
11345,1035392
11346,1025471
11347,1015548
11348,1005649
11349,995710
11350,987561
11351,977642
11352,967731
11353,957820
11354,947928
11355,937998
11356,928043
11357,918197
11358,908264
11359,898618
11360,889036
11361,879770
11362,870246
11363,861569
11364,852061
11365,842504
11366,833057
11367,823550
11368,816157
11369,806666
11370,797150
11371,787558
11372,778053
11373,768570
11374,758849
11375,749484
11376,739858
11377,730615
11378,721120
11379,712290
11380,702762
11381,695288
11382,685716
11383,676255
11384,666857
11385,657425
11386,647984
11387,638498
11388,629007
11389,619464
11390,609953
11391,600475
11392,590936
11393,581598
11394,573950
11395,565252
11396,555740
11397,546324
11398,537057
11399,527669
11400,518073
11401,508652
11402,499092
11403,489595
11404,480112
11405,470493
11406,460994
11407,453164
11408,443690
11409,434295
11410,424734
11411,415846
11412,406310
11413,396747
11414,387080
11415,377475
11416,367953
11417,358363
11418,348788
11419,339118
11420,331540
11421,321876
11422,312271
11423,302790
11424,293143
11425,283810
11426,274215
11427,265539
11428,255930
11429,246456
11430,236880
11431,227340
11432,219666
11433,210192
11434,200574
11435,191111
11436,181493
11437,171884
11438,162318
11439,152747
11440,143085
11441,133692
11442,124130
11443,115288
11444,106075
11445,98436
11446,88986
11447,79390
11448,69834
11449,60242
11450,50641
11451,41053
11452,31404
11453,23172
11454,13245
11455,3296
11456,1049781
11457,1041001
11458,1036999
11459,1028381
11460,1018889
11461,1009373
11462,999989
11463,990464
11464,980834
11465,971263
11466,961706
11467,952046
11468,942511
11469,932921
11470,923292
11471,915660
11472,906081
11473,896694
11474,887139
11475,878222
11476,868527
11477,858983
11478,849288
11479,839715
11480,830203
11481,820531
11482,810900
11483,801347
11484,793529
11485,783889
11486,774370
11487,764675
11488,755000
11489,745666
11490,736133
11491,727469
11492,717927
11493,708393
11494,698769
11495,689096
11496,681405
11497,671825
11498,662278
11499,652867
11500,643190
11501,633578
11502,623888
11503,614318
11504,604667
11505,595202
11506,585532
11507,576613
11508,566995
11509,560609
11510,551047
11511,541536
11512,531952
11513,522366
11514,512739
11515,503187
11516,493573
11517,483996
11518,474307
11519,464774
11520,455118
11521,445796
11522,438221
11523,429307
11524,419648
11525,410133
11526,400544
11527,391021
11528,381468
11529,371937
11530,362288
11531,352770
11532,343148
11533,333526
11534,323966
11535,316183
11536,306662
11537,297287
11538,287694
11539,278824
11540,269262
11541,259702
11542,250292
11543,240691
11544,231077
11545,221490
11546,211908
11547,202381
11548,194611
11549,185121
11550,175554
11551,166001
11552,156393
11553,146917
11554,137315
11555,129287
11556,119366
11557,109403
11558,99860
11559,90642
11560,83109
11561,73603
11562,63917
11563,54274
11564,44727
11565,35113
11566,25466
11567,16089
11568,6452
11569,1056731
11570,1047371
11571,1038772
11572,1029250
11573,1025033
11574,1015517
11575,1005950
11576,996412
11577,986759
11578,977172
11579,967574
11580,957985
11581,948373
11582,938857
11583,929253
11584,919621
11585,910382
11586,902827
11587,893881
11588,884378
11589,874783
11590,865130
11591,855627
11592,846134
11593,836556
11594,827148
11595,817474
11596,807860
11597,798361
11598,788962
11599,781240
11600,771717
11601,762353
11602,752824
11603,744136
11604,734638
11605,725022
11606,715528
11607,706100
11608,696565
11609,687018
11610,677402
11611,667828
11612,660466
11613,650767
11614,641234
11615,631645
11616,622145
11617,612621
11618,603043
11619,594077
11620,584449
11621,574859
11622,565186
11623,555734
11624,548048
11625,538552
11626,528892
11627,519332
11628,509766
11629,500237
11630,490701
11631,481054
11632,471511
11633,462155
11634,452513
11635,443574
11636,434024
11637,426174
11638,416677
11639,407105
11640,397523
11641,387912
11642,378339
11643,368732
11644,359139
11645,349490
11646,339980
11647,330310
11648,320668
11649,311262
11650,303481
11651,294745
11652,285103
11653,275548
11654,266014
11655,256493
11656,246911
11657,239823
11658,229900
11659,219962
11660,210017
11661,200064
11662,190118
11663,181718
11664,172223
11665,162756
11666,153249
11667,144413
11668,134864
11669,125298
11670,115846
11671,106165
11672,96882
11673,87323
11674,77699
11675,68079
11676,60407
11677,50898
11678,41427
11679,31972
11680,22308
11681,13196
11682,3666
11683,1190233
11684,1184570
11685,1177229
11686,1169670
11687,1162605
11688,1180209
11689,1172849
11690,1165754
11691,1158202
11692,1150655
11693,1143416
11694,1135711
11695,1127450
11696,1118718
11697,1109995
11698,1100662
11699,1092325
11700,1082629
11701,1076843
11702,1067279
11703,1057645
11704,1048097
11705,1038513
11706,1029028
11707,1019543
11708,1010054
11709,1000523
11710,991055
11711,981558
11712,972077
11713,962752
11714,955582
11715,946703
11716,937086
11717,927534
11718,917995
11719,908408
11720,898938
11721,889336
11722,879835
11723,870355
11724,860773
11725,851260
11726,841765
11727,834088
11728,824609
11729,815202
11730,805644
11731,796810
11732,787295
11733,777646
11734,768169
11735,758734
11736,749036
11737,739432
11738,730079
11739,720506
11740,712741
11741,703306
11742,693725
11743,684102
11744,674526
11745,665031
11746,655392
11747,646530
11748,636832
11749,627280
11750,617758
11751,608102
11752,600302
11753,590713
11754,581047
11755,571470
11756,561860
11757,552266
11758,542686
11759,535461
11760,525566
11761,515615
11762,505718
11763,495782
11764,485826
11765,478136
11766,468654
11767,458977
11768,449373
11769,439702
11770,430327
11771,420748
11772,411255
11773,401662
11774,392107
11775,382459
11776,372838
11777,363439
11778,355697
11779,346844
11780,337226
11781,327572
11782,317902
11783,308347
11784,298751
11785,289193
11786,279588
11787,270440
11788,260870
11789,251315
11790,241689
11791,234291
11792,224789
11793,215369
11794,205833
11795,196972
11796,187430
11797,177795
11798,168230
11799,158625
11800,149128
11801,139489
11802,129939
11803,120324
11804,112623
11805,102966
11806,93484
11807,83892
11808,74237
11809,64795
11810,55250
11811,46264
11812,36579
11813,27142
11814,17676
11815,8136
11816,1240526
11817,1234039
11818,1226446
11819,1219631
11820,1211809
11821,1204694
11822,1197749
11823,1190288
11824,1182560
11825,1179335
11826,1171957
11827,1170390
11828,1163246
11829,1162933
11830,1153620
11831,1144243
11832,1134586
11833,1125077
11834,1115501
11835,1105911
11836,1096251
11837,1086838
11838,1077280
11839,1067755
11840,1058203
11841,1048888
11842,1041270
11843,1032485
11844,1022866
11845,1013372
11846,1004044
11847,994513
11848,984956
11849,975506
11850,965897
11851,956371
11852,946900
11853,937337
11854,927850
11855,920305
11856,910665
11857,901314
11858,891855
11859,883147
11860,873642
11861,864137
11862,855556
11863,845610
11864,835696
11865,826249
11866,816799
11867,807296
11868,799680
11869,790099
11870,780559
11871,771023
11872,761561
11873,752223
11874,742624
11875,733787
11876,724400
11877,714806
11878,705218
11879,695682
11880,688110
11881,678591
11882,668963
11883,659365
11884,649844
11885,640218
11886,630648
11887,621018
11888,611411
11889,602073
11890,592434
11891,583624
11892,573970
11893,567550
11894,557952
11895,548343
11896,538783
11897,529136
11898,519565
11899,509974
11900,500455
11901,490759
11902,481138
11903,471744
11904,462076
11905,452740
11906,445239
11907,436433
11908,426903
11909,417323
11910,407718
11911,398099
11912,388511
11913,378980
11914,369376
11915,359816
11916,350254
11917,340706
11918,331039
11919,323338
11920,314204
11921,304894
11922,295289
11923,286268
11924,276683
11925,267074
11926,257482
11927,247907
11928,238205
11929,228644
11930,219032
11931,209453
11932,201781
11933,192271
11934,182736
11935,173082
11936,163557
11937,154193
11938,144637
11939,135647
11940,125981
11941,116270
11942,106663
11943,97065
11944,88775
11945,79216
11946,69678
11947,60090
11948,50518
11949,40865
11950,31299
11951,21897
11952,12197
11953,1025175
11954,1025225
11955,1026474
11956,1026544
11957,1026912
11958,1017398
11959,1007749
11960,998270
11961,988743
11962,979057
11963,969447
11964,959810
11965,952135
11966,942258
11967,932323
11968,922395
11969,912474
11970,904273
11971,895491
11972,889836
11973,879998
11974,870094
11975,860208
11976,850313
11977,840380
11978,830498
11979,820580
11980,810633
11981,800749
11982,790805
11983,782629
11984,773056
11985,763613
11986,754010
11987,745142
11988,735485
11989,725830
11990,716221
11991,706540
11992,696836
11993,687262
11994,677759
11995,668153
11996,660549
11997,650850
11998,641369
11999,631991
12000,622248
12001,612805
12002,603378
12003,594420
12004,584785
12005,575292
12006,565601
12007,556070
12008,548443
12009,538885
12010,529243
12011,519696
12012,510111
12013,500518
12014,490910
12015,481350
12016,471809
12017,462353
12018,452785
12019,443967
12020,434412
12021,426625
12022,417152
12023,407575
12024,397974
12025,388405
12026,378891
12027,369320
12028,359673
12029,350087
12030,340516
12031,330886
12032,321368
12033,311979
12034,304242
12035,295403
12036,285796
12037,276042
12038,266426
12039,256821
12040,247204
12041,237650
12042,228103
12043,218485
12044,209030
12045,199395
12046,189796
12047,182204
12048,172674
12049,163284
12050,153737
12051,144802
12052,135314
12053,125684
12054,116147
12055,106565
12056,97031
12057,87347
12058,78227
12059,68643
12060,60857
12061,51486
12062,41918
12063,32370
12064,22690
12065,13521
12066,3914
12067,1054757
12068,1045453
12069,1035931
12070,1026258
12071,1016756
12072,1012613
12073,1003088
12074,993559
12075,984058
12076,974373
12077,964868
12078,955266
12079,945715
12080,936076
12081,926614
12082,916993
12083,908363
12084,898753
12085,892247
12086,882763
12087,873193
12088,863669
12089,854249
12090,844738
12091,835267
12092,825869
12093,816348
12094,806885
12095,797284
12096,787813
12097,778389
12098,770904
12099,761964
12100,752399
12101,742795
12102,733224
12103,723676
12104,714243
12105,704609
12106,695124
12107,685600
12108,676073
12109,666507
12110,657005
12111,649663
12112,640209
12113,630830
12114,621353
12115,612406
12116,603035
12117,593700
12118,584023
12119,574541
12120,565104
12121,555402
12122,545879
12123,536177
12124,528421
12125,518879
12126,509217
12127,499609
12128,490025
12129,480616
12130,471002
12131,462096
12132,452417
12133,442821
12134,433232
12135,423637
12136,415843
12137,406323
12138,396662
12139,387123
12140,377547
12141,367834
12142,358224
12143,348655
12144,339014
12145,329659
12146,320089
12147,311142
12148,301497
12149,293739
12150,284086
12151,274427
12152,264811
12153,255117
12154,245641
12155,236060
12156,226407
12157,216802
12158,207279
12159,197660
12160,188124
12161,178741
12162,170994
12163,162155
12164,152635
12165,142896
12166,133429
12167,123849
12168,114282
12169,107365
12170,97518
12171,87592
12172,77649
12173,67699
12174,57760
12175,49092
12176,39505
12177,30184
12178,20646
12179,12080
12180,2542
12181,1204859
12182,1199102
12183,1191845
12184,1184505
12185,1177437
12186,1169920
12187,1162480
12188,1160523
12189,1150953
12190,1141423
12191,1132051
12192,1122557
12193,1113692
12194,1104248
12195,1095552
12196,1085920
12197,1076434
12198,1066929
12199,1057352
12200,1050083
12201,1040543
12202,1030910
12203,1021392
12204,1011759
12205,1002231
12206,992683
12207,983018
12208,973434
12209,964192
12210,954635
12211,946020
12212,936557
12213,928974
12214,919338
12215,909857
12216,900158
12217,890664
12218,881201
12219,871591
12220,862005
12221,852498
12222,842811
12223,833387
12224,823891
12225,814626
12226,807033
12227,798395
12228,788945
12229,779357
12230,769894
12231,760382
12232,750794
12233,741287
12234,731743
12235,722243
12236,712922
12237,703297
12238,693679
12239,686215
12240,676579
12241,667271
12242,657726
12243,648948
12244,639276
12245,629746
12246,620235
12247,610741
12248,601234
12249,591687
12250,582047
12251,572498
12252,564860
12253,555209
12254,545692
12255,536041
12256,526456
12257,517019
12258,507452
12259,498598
12260,488984
12261,479435
12262,469815
12263,460420
12264,452658
12265,443071
12266,433585
12267,423926
12268,414534
12269,405019
12270,395338
12271,385667
12272,378139
12273,368242
12274,358324
12275,348454
12276,338775
12277,332145
12278,322622
12279,313092
12280,303382
12281,293845
12282,284193
12283,274575
12284,264990
12285,255878
12286,246310
12287,236693
12288,227122
12289,217721
12290,210070
12291,201233
12292,191706
12293,182131
12294,172503
12295,162873
12296,153242
12297,143581
12298,134121
12299,124576
12300,115023
12301,105430
12302,95965
12303,88200
12304,78696
12305,69276
12306,59602
12307,50754
12308,41239
12309,31561
12310,22191
12311,12715
12312,3081
12313,1260868
12314,1255361
12315,1248216
12316,1267838
12317,1261072
12318,1253563
12319,1245403
12320,1236693
12321,1228510
12322,1219220
12323,1211913
12324,1202579
12325,1193184
12326,1184086
12327,1174676
12328,1168588
12329,1159341
12330,1150105
12331,1140771
12332,1131464
12333,1122095
12334,1112778
12335,1103454
12336,1094142
12337,1085116
12338,1075908
12339,1067615
12340,1058320
12341,1051791
12342,1042482
12343,1033406
12344,1024213
12345,1014871
12346,1005487
12347,996247
12348,986865
12349,977422
12350,968108
12351,958689
12352,949374
12353,940402
12354,933837
12355,925690
12356,916527
12357,907085
12358,897897
12359,888594
12360,879211
12361,869935
12362,860716
12363,851369
12364,842111
12365,832826
12366,823401
12367,816812
12368,807517
12369,798466
12370,789052
12371,780923
12372,771642
12373,762539
12374,754921
12375,745050
12376,735145
12377,725339
12378,715896
12379,706598
12380,700147
12381,690751
12382,681435
12383,672208
12384,662832
12385,653730
12386,644391
12387,636101
12388,626714
12389,617464
12390,607995
12391,598646
12392,592100
12393,582786
12394,573412
12395,564071
12396,554714
12397,545389
12398,537364
12399,528043
12400,518940
12401,509967
12402,500605
12403,492471
12404,483076
12405,476645
12406,467362
12407,458123
12408,448735
12409,439242
12410,429960
12411,420588
12412,411219
12413,401938
12414,392632
12415,383341
12416,374123
12417,365659
12418,359271
12419,351255
12420,341909
12421,332546
12422,323284
12423,314094
12424,304784
12425,295594
12426,286120
12427,276733
12428,267385
12429,257970
12430,248624
12431,242163
12432,232861
12433,223827
12434,214534
12435,206271
12436,197016
12437,187643
12438,178239
12439,168859
12440,159367
12441,149844
12442,140573
12443,131357
12444,124371
12445,115064
12446,105642
12447,96120
12448,86749
12449,77560
12450,68052
12451,59691
12452,50311
12453,41246
12454,31939
12455,22564
12456,15697
12457,6328
12458,1053489
12459,1043986
12460,1015364
12461,1015459
12462,1014929
12463,1005392
12464,995820
12465,986952
12466,977313
12467,968717
12468,959175
12469,955692
12470,946247
12471,936662
12472,927229
12473,917712
12474,908032
12475,898449
12476,890823
12477,880895
12478,870958
12479,861013
12480,851072
12481,841132
12482,833238
12483,824412
12484,814832
12485,805333
12486,795738
12487,786223
12488,776751
12489,767196
12490,757695
12491,748194
12492,738582
12493,729051
12494,719507
12495,711657
12496,702020
12497,692699
12498,683117
12499,674413
12500,665002
12501,655350
12502,645915
12503,636426
12504,626766
12505,617169
12506,607525
12507,597883
12508,590105
12509,580611
12510,570918
12511,561313
12512,551745
12513,542281
12514,532734
12515,523984
12516,514336
12517,504695
12518,495094
12519,485432
12520,477652
12521,468128
12522,458434
12523,448845
12524,439321
12525,429835
12526,420146
12527,410618
12528,400900
12529,391448
12530,381974
12531,372992
12532,363440
12533,355759
12534,346117
12535,336508
12536,326895
12537,317278
12538,307613
12539,297964
12540,288326
12541,278856
12542,269233
12543,259603
12544,249960
12545,240627
12546,232990
12547,224093
12548,214541
12549,204916
12550,195209
12551,185655
12552,176081
12553,166542
12554,156974
12555,147313
12556,137738
12557,128210
12558,118524
12559,110747
12560,101122
12561,91756
12562,82200
12563,73922
12564,64231
12565,54678
12566,45067
12567,35421
12568,25787
12569,16192
12570,6659
12571,1055984
12572,1051448
12573,1041937
12574,1032285
12575,1022776
12576,1013111
12577,1004116
12578,996370
12579,986427
12580,976476
12581,966877
12582,957296
12583,947661
12584,940420
12585,930750
12586,921207
12587,911675
12588,902044
12589,892418
12590,882850
12591,873158
12592,863537
12593,854231
12594,844595
12595,835878
12596,826366
12597,818563
12598,808985
12599,799481
12600,789768
12601,786793
12602,776960
12603,767028
12604,757093
12605,747204
12606,737272
12607,727328
12608,717439
12609,707511
12610,697560
12611,687657
12612,677755
12613,668006
12614,658879
12615,649383
12616,639747
12617,630200
12618,620505
12619,611001
12620,601462
12621,591894
12622,582264
12623,574652
12624,565023
12625,555697
12626,546102
12627,537155
12628,527477
12629,517970
12630,508374
12631,498732
12632,489187
12633,479465
12634,469835
12635,460280
12636,452482
12637,442952
12638,433314
12639,423804
12640,414157
12641,404758
12642,395103
12643,386264
12644,376638
12645,366960
12646,357300
12647,347698
12648,339920
12649,330567
12650,320883
12651,311258
12652,301599
12653,292080
12654,282400
12655,272773
12656,263141
12657,253693
12658,244270
12659,235350
12660,225729
12661,219186
12662,209589
12663,199980
12664,190375
12665,180800
12666,171227
12667,161565
12668,152043
12669,142387
12670,132839
12671,123266
12672,113632
12673,104242
12674,96653
12675,88264
12676,78647
12677,69092
12678,59545
12679,49922
12680,40330
12681,32472
12682,22609
12683,12698
12684,1231075
12685,1226349
12686,1221399
12687,1248967
12688,1240241
12689,1232223
12690,1222827
12691,1214177
12692,1204696
12693,1195150
12694,1185553
12695,1176000
12696,1166343
12697,1156722
12698,1147063
12699,1137398
12700,1129819
12701,1120323
12702,1110666
12703,1101061
12704,1091507
12705,1082024
12706,1072503
12707,1063623
12708,1053947
12709,1044422
12710,1034838
12711,1025283
12712,1017871
12713,1008344
12714,998902
12715,989337
12716,979835
12717,970336
12718,960650
12719,951104
12720,941543
12721,932122
12722,922544
12723,913597
12724,903987
12725,896660
12726,887053
12727,877662
12728,868126
12729,858434
12730,848998
12731,839417
12732,829732
12733,820139
12734,810578
12735,800929
12736,791314
12737,781930
12738,774123
12739,765241
12740,755677
12741,746041
12742,736368
12743,726768
12744,717094
12745,707478
12746,697921
12747,688326
12748,678651
12749,669045
12750,659612
12751,651862
12752,642343
12753,632906
12754,623266
12755,614317
12756,604732
12757,595041
12758,585420
12759,575818
12760,566119
12761,556503
12762,546805
12763,537218
12764,529566
12765,519863
12766,510286
12767,500682
12768,491050
12769,481634
12770,472035
12771,463408
12772,453880
12773,444303
12774,434746
12775,425308
12776,417609
12777,408028
12778,398426
12779,388847
12780,379206
12781,369508
12782,359968
12783,350352
12784,342454
12785,332584
12786,322645
12787,313185
12788,303610
12789,295997
12790,286482
12791,276932
12792,267247
12793,257711
12794,248115
12795,238552
12796,228918
12797,219303
12798,209650
12799,200062
12800,190451
12801,181078
12802,173227
12803,164416
12804,154783
12805,145094
12806,135479
12807,125824
12808,116174
12809,106620
12810,96899
12811,87247
12812,77640
12813,67929
12814,58469
12815,50709
12816,41150
12817,31808
12818,22282
12819,13596
12820,3971
12821,1194329
12822,1188402
12823,1181301
12824,1174541
12825,1167044
12826,1159692
12827,1152715
12828,1160530
12829,1151058
12830,1141520
12831,1131867
12832,1122346
12833,1113584
12834,1104059
12835,1095428
12836,1085865
12837,1076251
12838,1066664
12839,1057187
12840,1049779
12841,1040330
12842,1030946
12843,1021337
12844,1011754
12845,1002287
12846,993053
12847,983610
12848,974084
12849,964617
12850,955141
12851,946413
12852,936891
12853,930416
12854,920876
12855,911304
12856,901641
12857,892211
12858,882576
12859,873099
12860,863615
12861,854050
12862,844507
12863,835037
12864,825491
12865,816344
12866,808811
12867,799872
12868,790282
12869,780741
12870,771177
12871,761611
12872,752118
12873,742667
12874,733076
12875,723560
12876,714001
12877,704422
12878,694954
12879,687326
12880,677676
12881,668419
12882,658860
12883,650079
12884,640527
12885,630998
12886,622991
12887,613081
12888,603150
12889,593247
12890,583537
12891,573969
12892,566366
12893,556792
12894,547295
12895,537622
12896,528063
12897,518737
12898,509107
12899,500251
12900,490647
12901,481148
12902,471559
12903,462038
12904,454391
12905,444878
12906,435203
12907,425620
12908,416244
12909,406542
12910,397068
12911,387554
12912,378116
12913,368813
12914,359276
12915,350442
12916,340905
12917,333382
12918,323898
12919,314282
12920,304833
12921,295210
12922,285679
12923,276122
12924,266609
12925,257544
12926,248027
12927,238426
12928,228803
12929,219457
12930,212092
12931,203345
12932,193824
12933,184132
12934,174639
12935,165071
12936,155458
12937,145941
12938,136336
12939,126849
12940,117150
12941,107676
12942,98205
12943,90768
12944,81280
12945,71891
12946,62386
12947,53642
12948,44057
12949,34476
12950,25113
12951,15602
12952,6166
12953,1052885
12954,1043396
12955,1033918
12956,1029959
12957,1020359
12958,1010808
12959,1001259
12960,991721
12961,982770
12962,973264
12963,964457
12964,954917
12965,945426
12966,935832
12967,926300
12968,918750
12969,909119
12970,899556
12971,890039
12972,880433
12973,870973
12974,861502
12975,851885
12976,842401
12977,833001
12978,823353
12979,814589
12980,805127
12981,797377
12982,787921
12983,778702
12984,769094
12985,759634
12986,750206
12987,740616
12988,731145
12989,723277
12990,713340
12991,703397
12992,693456
12993,683593
12994,675791
12995,666899
12996,657485
12997,647901
12998,638434
12999,628914
13000,619413
13001,609862
13002,600324
13003,590856
13004,581282
13005,571711
13006,562184
13007,554550
13008,545061
13009,535622
13010,526105
13011,517149
13012,507578
13013,497990
13014,488318
13015,478732
13016,469172
13017,459593
13018,450027
13019,440425
13020,432730
13021,423123
13022,413508
13023,403859
13024,394272
13025,384913
13026,375374
13027,366404
13028,356761
13029,347183
13030,337584
13031,328011
13032,320447
13033,310899
13034,301298
13035,291678
13036,282117
13037,272478
13038,262840
13039,253275
13040,243885
13041,234501
13042,224966
13043,216120
13044,206540
13045,199898
13046,190363
13047,180720
13048,171154
13049,161632
13050,152028
13051,142378
13052,132821
13053,123153
13054,113657
13055,104054
13056,94440
13057,85579
13058,78011
13059,69098
13060,59474
13061,49962
13062,40365
13063,30829
13064,21277
13065,11944
13066,2452
13067,1052169
13068,1042738
13069,1033131
13070,1023608
13071,1019584
13072,1010001
13073,1001228
13074,991585
13075,983024
13076,973495
13077,963876
13078,954284
13079,944718
13080,935089
13081,925420
13082,915898
13083,906224
13084,898701
13085,889091
13086,879447
13087,869814
13088,860246
13089,850795
13090,841212
13091,833934
13092,824050
13093,814162
13094,804282
13095,794349
13096,786585
13097,777043
13098,767348
13099,757830
13100,748352
13101,738794
13102,729307
13103,719780
13104,710131
13105,700743
13106,691164
13107,682222
13108,672599
13109,664913
13110,655474
13111,645899
13112,636388
13113,626882
13114,617272
13115,607764
13116,598062
13117,588573
13118,578989
13119,569431
13120,559754
13121,550378
13122,542537
13123,533735
13124,524350
13125,514657
13126,505082
13127,495519
13128,485963
13129,476414
13130,466758
13131,457131
13132,447562
13133,437983
13134,428253
13135,420547
13136,411059
13137,401665
13138,392136
13139,383339
13140,373708
13141,364052
13142,354592
13143,344980
13144,335428
13145,325829
13146,316197
13147,306563
13148,298846
13149,289218
13150,279617
13151,270080
13152,260540
13153,251107
13154,241610
13155,232638
13156,223129
13157,213570
13158,203948
13159,194282
13160,186648
13161,177095
13162,167482
13163,157938
13164,148348
13165,138875
13166,129454
13167,119849
13168,110292
13169,100983
13170,91483
13171,83073
13172,73412
13173,65696
13174,56076
13175,46508
13176,36888
13177,27303
13178,17712
13179,8230
13180,1129923
13181,1120506
13182,1110911
13183,1101412
13184,1091592
13185,1082703
13186,1079020
13187,1070450
13188,1060853
13189,1051320
13190,1041859
13191,1032284
13192,1022687
13193,1014917
13194,1004993
13195,995062
13196,985180
13197,975237
13198,965308
13199,957846
13200,948257
13201,938904
13202,929395
13203,920596
13204,911008
13205,901571
13206,892208
13207,882698
13208,873270
13209,863840
13210,854434
13211,844863
13212,837270
13213,827774
13214,818230
13215,808642
13216,799040
13217,789794
13218,780183
13219,771506
13220,761990
13221,752330
13222,742888
13223,733363
13224,725894
13225,716336
13226,706955
13227,697289
13228,687706
13229,685009
13230,675211
13231,665323
13232,655444
13233,645537
13234,635651
13235,625767
13236,615897
13237,606005
13238,596430
13239,586899
13240,577341
13241,567821
13242,558269
13243,548621
13244,539151
13245,529595
13246,519969
13247,510472
13248,500883
13249,491525
13250,484057
13251,475303
13252,465744
13253,456209
13254,446562
13255,436965
13256,427455
13257,417866
13258,408236
13259,398682
13260,389102
13261,379513
13262,370165
13263,362515
13264,353077
13265,343715
13266,334201
13267,325499
13268,316031
13269,306381
13270,296938
13271,287402
13272,277815
13273,268251
13274,258716
13275,249095
13276,241457
13277,232027
13278,222385
13279,212854
13280,203304
13281,193887
13282,184318
13283,175534
13284,166385
13285,156804
13286,147362
13287,137731
13288,130183
13289,131113
13290,121395
13291,111575
13292,101782
13293,91894
13294,82031
13295,74481
13296,64665
13297,54721
13298,44834
13299,34918
13300,24978
13301,15074
13302,1132908
13303,1123416
13304,1114128
13305,1104588
13306,1095092
13307,1085746
13308,1076107
13309,1066569
13310,1057096
13311,1047502
13312,1037970
13313,1029068
13314,1025262
13315,1019507
13316,1012815
13317,1005111
13318,997987
13319,991014
13320,983483
13321,976272
13322,969348
13323,961758
13324,954477
13325,949113
13326,942613
13327,947801
13328,942732
13329,938067
13330,932376
13331,934367
13332,928170
13333,920197
13334,911607
13335,902334
13336,892999
13337,883676
13338,874161
13339,864687
13340,860497
13341,850822
13342,841186
13343,831717
13344,822078
13345,812778
13346,803368
13347,794514
13348,785031
13349,775521
13350,765920
13351,756333
13352,748778
13353,739160
13354,729712
13355,720225
13356,710699
13357,701100
13358,691482
13359,681925
13360,672448
13361,663256
13362,653609
13363,644844
13364,635298
13365,627660
13366,618130
13367,608568
13368,598880
13369,589502
13370,579956
13371,570445
13372,560901
13373,551420
13374,541764
13375,532138
13376,522573
13377,513147
13378,505487
13379,496666
13380,487023
13381,477515
13382,467931
13383,458425
13384,448784
13385,439277
13386,429690
13387,420087
13388,410508
13389,400967
13390,391494
13391,383954
13392,374407
13393,365103
13394,355498
13395,346673
13396,337086
13397,327538
13398,319712
13399,309794
13400,299927
13401,289989
13402,280052
13403,270116
13404,262288
13405,252785
13406,243937
13407,234331
13408,224696
13409,215268
13410,205625
13411,196696
13412,187077
13413,177568
13414,167961
13415,158459
13416,150878
13417,141415
13418,131801
13419,122140
13420,112604
13421,102915
13422,93293
13423,83601
13424,74060
13425,64678
13426,55075
13427,46157
13428,36478
13429,29906
13430,20538
13431,11050
13432,1599
13433,1105112
13434,1095788
13435,1086511
13436,1077021
13437,1067463
13438,1057821
13439,1048297
13440,1038728
13441,1029902
13442,1026057
13443,1027568
13444,1018075
13445,1008669
13446,999068
13447,989465
13448,979882
13449,970332
13450,960759
13451,951255
13452,941584
13453,931979
13454,922509
13455,915175
13456,905683
13457,896421
13458,886999
13459,878297
13460,868721
13461,859172
13462,849566
13463,840085
13464,830502
13465,820971
13466,811511
13467,801945
13468,794287
13469,784806
13470,775236
13471,765650
13472,756157
13473,746712
13474,737240
13475,728687
13476,719392
13477,709985
13478,700591
13479,690897
13480,683296
13481,673834
13482,664363
13483,655048
13484,645535
13485,635991
13486,626405
13487,616958
13488,607259
13489,597889
13490,588313
13491,579491
13492,569843
13493,562266
13494,552742
13495,543162
13496,533644
13497,523985
13498,514457
13499,504797
13500,495273
13501,487298
13502,477394
13503,467484
13504,457579
13505,447683
13506,440019
13507,431241
13508,421831
13509,412331
13510,402811
13511,393200
13512,383670
13513,374010
13514,364535
13515,354951
13516,345309
13517,335783
13518,326166
13519,318579
13520,309207
13521,299764
13522,290242
13523,281553
13524,272037
13525,262475
13526,252908
13527,243262
13528,233669
13529,224153
13530,214601
13531,205047
13532,197520
13533,187914
13534,178300
13535,168693
13536,159202
13537,150142
13538,140682
13539,132013
13540,122454
13541,112972
13542,103314
13543,93700
13544,86215
13545,76625
13546,67056
13547,57472
13548,47910
13549,38284
13550,28767
13551,19362
13552,9804
13553,1060004
13554,1050584
13555,1041850
13556,1032311
13557,1028172
13558,1018655
13559,1009143
13560,999550
13561,989888
13562,980529
13563,970916
13564,961363
13565,951812
13566,942156
13567,932551
13568,922970
13569,913558
13570,905805
13571,897079
13572,887518
13573,877833
13574,868318
13575,858698
13576,849132
13577,839541
13578,829910
13579,820252
13580,810726
13581,801045
13582,791445
13583,784086
13584,774472
13585,765078
13586,755601
13587,746648
13588,737061
13589,727544
13590,717941
13591,708289
13592,698699
13593,689196
13594,679524
13595,669980
13596,662188
13597,652711
13598,643108
13599,633583
13600,623967
13601,614573
13602,604984
13603,596933
13604,587042
13605,577107
13606,567216
13607,557632
13608,550045
13609,540531
13610,530967
13611,521384
13612,511814
13613,502287
13614,492804
13615,483228
13616,473625
13617,464158
13618,454660
13619,445765
13620,436187
13621,429595
13622,419964
13623,410353
13624,400767
13625,391217
13626,381581
13627,371958
13628,362340
13629,352654
13630,342964
13631,333358
13632,323723
13633,314332
13634,306682
13635,297698
13636,288413
13637,278852
13638,269292
13639,259859
13640,250289
13641,240764
13642,231314
13643,221735
13644,212148
13645,202573
13646,192978
13647,185253
13648,175685
13649,166277
13650,156718
13651,147824
13652,138270
13653,128649
13654,119027
13655,109489
13656,100318
13657,90688
13658,81233
13659,71706
13660,64059
13661,54610
13662,44996
13663,35449
13664,25976
13665,16743
13666,7244
13667,1058290
13668,1048799
13669,1039310
13670,1029837
13671,1020240
13672,1016043
13673,1006559
13674,996889
13675,987282
13676,977660
13677,968038
13678,958520
13679,948966
13680,939299
13681,929998
13682,920392
13683,911646
13684,902004
13685,894304
13686,884700
13687,875116
13688,865556
13689,856001
13690,846427
13691,836853
13692,827174
13693,817636
13694,808067
13695,798411
13696,788809
13697,779430
13698,771781
13699,762906
13700,753343
13701,743789
13702,734313
13703,724794
13704,715356
13705,707765
13706,697912
13707,687976
13708,678027
13709,668119
13710,658181
13711,650289
13712,640726
13713,631366
13714,621755
13715,612946
13716,603257
13717,593800
13718,584030
13719,574457
13720,564898
13721,555258
13722,545659
13723,536047
13724,528533
13725,518949
13726,509284
13727,499750
13728,490075
13729,480866
13730,471329
13731,462306
13732,452740
13733,443134
13734,433477
13735,423822
13736,416120
13737,406545
13738,396953
13739,387403
13740,377785
13741,368146
13742,358569
13743,348993
13744,339469
13745,330021
13746,320391
13747,311465
13748,301922
13749,294247
13750,284588
13751,275062
13752,265365
13753,255757
13754,246321
13755,236713
13756,227070
13757,217541
13758,207879
13759,198300
13760,188777
13761,179297
13762,171532
13763,162774
13764,153066
13765,143439
13766,133877
13767,124234
13768,114566
13769,104987
13770,95379
13771,86230
13772,76594
13773,66955
13774,57392
13775,49785
13776,40163
13777,30731
13778,21121
13779,12420
13780,2782
13781,1204190
13782,1198060
13783,1190979
13784,1184002
13785,1176434
13786,1169139
13787,1162238
13788,1163819
13789,1154276
13790,1144736
13791,1135277
13792,1125813
13793,1116964
13794,1107478
13795,1098879
13796,1089371
13797,1079794
13798,1070323
13799,1060711
13800,1053218
13801,1043697
13802,1034132
13803,1024461
13804,1014842
13805,1005377
13806,995765
13807,986202
13808,979586
13809,969632
13810,959693
13811,949792
13812,939842
13813,933203
13814,923752
13815,914209
13816,904674
13817,895142
13818,885529
13819,876062
13820,866474
13821,856969
13822,847420
13823,837993
13824,828470
13825,819337
13826,810687
13827,802931
13828,793341
13829,783765
13830,774259
13831,764773
13832,755300
13833,745847
13834,736264
13835,726771
13836,717304
13837,707679
13838,698213
13839,690559
13840,681140
13841,672034
13842,662595
13843,653847
13844,644382
13845,634897
13846,625428
13847,615976
13848,606393
13849,596871
13850,587304
13851,577736
13852,570258
13853,560732
13854,551159
13855,541568
13856,532004
13857,522683
13858,519949
13859,510161
13860,500223
13861,490303
13862,480388
13863,470455
13864,460551
13865,450663
13866,440708
13867,430770
13868,420875
13869,410941
13870,401039
13871,391445
13872,381884
13873,372573
13874,363001
13875,354249
13876,344629
13877,337076
13878,327519
13879,317997
13880,308519
13881,298966
13882,289335
13883,279814
13884,270147
13885,261204
13886,251616
13887,242108
13888,232541
13889,223239
13890,215759
13891,206904
13892,197454
13893,187839
13894,178314
13895,168878
13896,159264
13897,149807
13898,140229
13899,130590
13900,120925
13901,111438
13902,101752
13903,94263
13904,84750
13905,75270
13906,65784
13907,56949
13908,47375
13909,37809
13910,29910
13911,19989
13912,10043
13913,1183586
13914,1174166
13915,1164592
13916,1158876
13917,1149265
13918,1139715
13919,1130265
13920,1120657
13921,1111611
13922,1102194
13923,1093371
13924,1083714
13925,1074161
13926,1064489
13927,1054825
13928,1046767
13929,1037162
13930,1027545
13931,1017993
13932,1008295
13933,998650
13934,989119
13935,979475
13936,969829
13937,960443
13938,950918
13939,942054
13940,932475
13941,924133
13942,914484
13943,904982
13944,895334
13945,885756
13946,876139
13947,866530
13948,856947
13949,847377
13950,837702
13951,828099
13952,818500
13953,809042
13954,800684
13955,791842
13956,782390
13957,772781
13958,763209
13959,753616
13960,743966
13961,734319
13962,724667
13963,715041
13964,705479
13965,695978
13966,686371
13967,678017
13968,668387
13969,658953
13970,649397
13971,653151
13972,643496
13973,633835
13974,624207
13975,614544
13976,604994
13977,595312
13978,585626
13979,576088
13980,567689
13981,558141
13982,548599
13983,538944
13984,529292
13985,519873
13986,510162
13987,501238
13988,491587
13989,481911
13990,472512
13991,462995
13992,455581
13993,445892
13994,436334
13995,426726
13996,417089
13997,407388
13998,397746
13999,388230
14000,378758
14001,369279
14002,359841
14003,350954
14004,341368
14005,334319
14006,324751
14007,315086
14008,305483
14009,295932
14010,286309
14011,276726
14012,269455
14013,259605
14014,249707
14015,239774
14016,229858
14017,219927
14018,211294
14019,202365
14020,192736
14021,183121
14022,173448
14023,163797
14024,154192
14025,144488
14026,134942
14027,125262
14028,115632
14029,105970
14030,96375
14031,88112
14032,78571
14033,69051
14034,59446
14035,50472
14036,40851
14037,31334
14038,21924
14039,12390
14040,2787
14041,1049090
14042,1039676
14043,1030214
14044,1024492
14045,1015064
14046,1005387
14047,995746
14048,986255
14049,976994
14050,967552
14051,958723
14052,949082
14053,939502
14054,929897
14055,920239
14056,912844
14057,903330
14058,893703
14059,884124
14060,874593
14061,864915
14062,855286
14063,845756
14064,836122
14065,826705
14066,817090
14067,808405
14068,798893
14069,791086
14070,781589
14071,771922
14072,762502
14073,752950
14074,743367
14075,733890
14076,724220
14077,714727
14078,705145
14079,695518
14080,685843
14081,676468
14082,668664
14083,659822
14084,650413
14085,640872
14086,631182
14087,621642
14088,611971
14089,602344
14090,592790
14091,583099
14092,573510
14093,563913
14094,554252
14095,546369
14096,537046
14097,527602
14098,517942
14099,509118
14100,499439
14101,489793
14102,480191
14103,470512
14104,460910
14105,451357
14106,441789
14107,432207
14108,424576
14109,414908
14110,405279
14111,395699
14112,386065
14113,376652
14114,369244
14115,359326
14116,349382
14117,339455
14118,329504
14119,319555
14120,311594
14121,302045
14122,292383
14123,282746
14124,273075
14125,263507
14126,254050
14127,244440
14128,234920
14129,225576
14130,215988
14131,207079
14132,197499
14133,189678
14134,180212
14135,170667
14136,161211
14137,151620
14138,142006
14139,132340
14140,122774
14141,113276
14142,103620
14143,93997
14144,84417
14145,75190
14146,67492
14147,58688
14148,49022
14149,39366
14150,29809
14151,20245
14152,10744
14153,1060521
14154,1051035
14155,1041710
14156,1032202
14157,1022608
14158,1012999
14159,1008258
14160,998700
14161,989718
14162,980277
14163,971509
14164,961883
14165,952287
14166,942624
14167,933064
14168,923540
14169,913948
14170,904322
14171,894775
14172,887081
14173,877462
14174,867902
14175,858387
14176,848840
14177,839386
14178,829989
14179,821163
14180,811708
14181,802230
14182,792683
14183,783152
14184,775432
14185,765870
14186,756278
14187,746810
14188,737243
14189,727801
14190,718310
14191,708777
14192,699271
14193,689863
14194,680354
14195,671568
14196,662451
14197,655950
14198,646430
14199,636762
14200,627263
14201,617704
14202,608358
14203,598719
14204,589145
14205,579504
14206,569909
14207,560380
14208,550864
14209,541469
14210,533889
14211,525062
14212,515527
14213,505941
14214,496235
14215,486740
14216,477163
14217,469666
14218,459803
14219,449947
14220,440021
14221,430094
14222,420190
14223,411740
14224,402206
14225,392720
14226,383081
14227,374158
14228,364517
14229,355063
14230,345400
14231,335812
14232,326167
14233,316508
14234,307006
14235,297360
14236,289623
14237,280133
14238,270403
14239,260878
14240,251415
14241,241964
14242,232363
14243,223521
14244,213887
14245,204362
14246,194800
14247,185207
14248,177478
14249,167976
14250,158400
14251,148885
14252,139289
14253,129611
14254,119982
14255,110403
14256,100721
14257,92260
14258,82720
14259,73941
14260,64394
14261,56843
14262,47373
14263,37771
14264,28199
14265,18676
14266,9115
14267,1065918
14268,1056519
14269,1047105
14270,1037704
14271,1028071
14272,1018443
14273,1009624
14274,1005334
14275,996640
14276,987128
14277,977542
14278,968042
14279,958579
14280,948986
14281,939435
14282,929986
14283,920315
14284,910750
14285,901188
14286,891542
14287,883979
14288,874381
14289,865016
14290,855404
14291,846585
14292,837084
14293,827529
14294,818098
14295,808572
14296,798951
14297,789356
14298,779686
14299,770235
14300,762574
14301,752904
14302,743294
14303,733779
14304,724214
14305,714847
14306,705299
14307,696343
14308,687192
14309,677665
14310,668294
14311,658644
14312,651130
14313,641458
14314,631892
14315,622255
14316,612720
14317,603079
14318,593624
14319,583960
14320,576030
14321,566123
14322,556203
14323,546347
14324,536809
14325,528932
14326,519423
14327,509801
14328,500164
14329,490565
14330,481040
14331,471414
14332,461722
14333,452237
14334,442696
14335,433115
14336,423575
14337,414165
14338,406479
14339,397697
14340,388009
14341,378423
14342,368783
14343,359212
14344,349527
14345,339963
14346,330250
14347,320656
14348,311031
14349,301353
14350,291818
14351,284027
14352,274391
14353,265092
14354,255590
14355,246691
14356,237072
14357,227439
14358,217908
14359,208297
14360,198802
14361,189152
14362,179556
14363,169965
14364,162212
14365,152687
14366,143130
14367,133595
14368,124097
14369,114693
14370,105094
14371,96587
14372,87034
14373,77336
14374,67755
14375,58224
14376,50457
14377,41042
14378,31472
14379,21792
14380,12471
14381,2929
14382,1196946
14383,1190758
14384,1184337
14385,1180535
14386,1173230
14387,1172391
14388,1165032
14389,1166791
14390,1157283
14391,1147700
14392,1138104
14393,1128612
14394,1118958
14395,1109384
14396,1099828
14397,1090274
14398,1080639
14399,1071117
14400,1061532
14401,1052172
14402,1044834
14403,1035981
14404,1026394
14405,1016842
14406,1007236
14407,997704
14408,988218
14409,978611
14410,969113
14411,959584
14412,950282
14413,940753
14414,931359
14415,923741
14416,914353
14417,904964
14418,895408
14419,886671
14420,877140
14421,867644
14422,859686
14423,849797
14424,839851
14425,829908
14426,820281
14427,810735
14428,803075
14429,793632
14430,784080
14431,774574
14432,764997
14433,755704
14434,746264
14435,737521
14436,728029
14437,718826
14438,709349
14439,699794
14440,692254
14441,682683
14442,673108
14443,663531
14444,653941
14445,644339
14446,634773
14447,625273
14448,615690
14449,606335
14450,596811
14451,587830
14452,578313
14453,570583
14454,561154
14455,551576
14456,542031
14457,532453
14458,522852
14459,513283
14460,503740
14461,494222
14462,484817
14463,475294
14464,465825
14465,456537
14466,448892
14467,440044
14468,430652
14469,421161
14470,411542
14471,402094
14472,392467
14473,382989
14474,373456
14475,363812
14476,354270
14477,344829
14478,335180
14479,327500
14480,318011
14481,308520
14482,298935
14483,290131
14484,280553
14485,271472
14486,261963
14487,262016
14488,252179
14489,242346
14490,232409
14491,222540
14492,212673
14493,202718
14494,192799
14495,182885
14496,172935
14497,162992
14498,153089
14499,143139
14500,133193
14501,123291
14502,113341
14503,103397
14504,94012
14505,84479
14506,74825
14507,65350
14508,55660
14509,46199
14510,36620
14511,27222
14512,17635
14513,8348
14514,1144119
14515,1136065
14516,1126641
14517,1122043
14518,1112492
14519,1103062
14520,1093472
14521,1083844
14522,1074364
14523,1064767
14524,1055197
14525,1047965
14526,1031013
14527,1028198
14528,1018329
14529,1008412
14530,1000293
14531,991634
14532,982022
14533,972529
14534,962944
14535,953289
14536,943729
14537,934199
14538,924576
14539,915054
14540,905435
14541,895938
14542,886359
14543,878887
14544,869304
14545,859916
14546,850293
14547,841458
14548,831867
14549,822252
14550,812608
14551,803075
14552,793465
14553,783789
14554,774181
14555,764613
14556,756969
14557,747674
14558,738194
14559,728626
14560,718954
14561,709584
14562,699934
14563,691051
14564,681530
14565,671900
14566,662270
14567,652617
14568,645199
14569,635588
14570,626157
14571,616523
14572,606938
14573,597377
14574,587771
14575,578181
14576,568774
14577,559385
14578,549726
14579,540857
14580,531252
14581,524971
14582,515441
14583,505888
14584,496309
14585,486794
14586,477205
14587,467617
14588,458104
14589,448468
14590,438939
14591,429295
14592,419662
14593,410239
14594,402698
14595,393784
14596,384211
14597,374721
14598,365021
14599,355485
14600,346145
14601,336592
14602,327042
14603,317436
14604,307903
14605,298381
14606,288842
14607,281210
14608,271737
14609,262413
14610,252914
14611,244158
14612,234621
14613,224984
14614,215377
14615,205856
14616,196322
14617,187217
14618,177697
14619,168079
14620,160353
14621,150758
14622,141177
14623,131587
14624,121990
14625,112531
14626,103024
14627,95320
14628,85411
14629,75516
14630,65589
14631,55686
14632,47942
14633,38352
14634,28787
14635,19397
14636,9797
14637,1160787
14638,1151526
14639,1142098
14640,1132588
14641,1123700
14642,1114288
14643,1105691
14644,1096189
14645,1092759
14646,1083196
14647,1073723
14648,1064359
14649,1054719
14650,1045187
14651,1035646
14652,1026081
14653,1016501
14654,1006959
14655,997346
14656,987798
14657,978537
14658,971062
14659,962358
14660,953024
14661,943717
14662,934284
14663,924762
14664,915183
14665,905749
14666,896155
14667,886543
14668,876971
14669,867368
14670,857834
14671,850342
14672,840790
14673,831369
14674,821963
14675,813162
14676,803596
14677,794063
14678,784441
14679,774968
14680,765627
14681,756058
14682,746472
14683,737168
14684,729382
14685,719834
14686,710191
14687,700744
14688,691120
14689,681707
14690,672118
14691,663233
14692,653713
14693,644110
14694,634528
14695,625011
14696,617528
14697,607976
14698,598579
14699,588982
14700,579338
14701,569693
14702,560188
14703,550502
14704,540950
14705,531488
14706,521815
14707,512949
14708,503401
14709,495896
14710,486464
14711,476785
14712,467056
14713,457490
14714,447843
14715,438267
14716,428707
14717,419105
14718,409433
14719,399886
14720,390219
14721,380943
14722,373619
14723,364981
14724,355464
14725,345892
14726,336249
14727,326557
14728,317234
14729,309701
14730,299780
14731,289912
14732,280080
14733,270144
14734,260220
14735,251742
14736,242229
14737,232715
14738,223188
14739,214223
14740,205239
14741,195677
14742,186033
14743,176509
14744,166912
14745,157425
14746,147856
14747,138304
14748,130636
14749,121000
14750,111508
14751,101938
14752,92339
14753,82965
14754,73453
14755,64388
14756,54827
14757,45101
14758,35479
14759,26097
14760,18673
14761,9041
14762,1058755
14763,1049323
14764,1039917
14765,1030447
14766,1020777
14767,1011164
14768,1001704
14769,992715
14770,983200
14771,974475
14772,964815
14773,961418
14774,952019
14775,942328
14776,932827
14777,923315
14778,913732
14779,904137
14780,894591
14781,884930
14782,875346
14783,865759
14784,856074
14785,846773
14786,839240
14787,830337
14788,820782
14789,811145
14790,801531
14791,792125
14792,782991
14793,773486
14794,763966
14795,754469
14796,744899
14797,735052
14798,725425
14799,717695
14800,708133
14801,698845
14802,689253
14803,680498
14804,670953
14805,661400
14806,652015
14807,642463
14808,632813
14809,623276
14810,613694
14811,604046
14812,596234
14813,586614
14814,576944
14815,567392
14816,557859
14817,548474
14818,538824
14819,529972
14820,520459
14821,510813
14822,501227
14823,491623
14824,483895
14825,474324
14826,464675
14827,455161
14828,445604
14829,435958
14830,426285
14831,418670
14832,408733
14833,398801
14834,388893
14835,379036
14836,369347
14837,361600
14838,352087
14839,342429
14840,332877
14841,323178
14842,313622
14843,304022
14844,294398
14845,285011
14846,275572
14847,265868
14848,256267
14849,246895
14850,239225
14851,230516
14852,220949
14853,211311
14854,201664
14855,192064
14856,182563
14857,172925
14858,163332
14859,153702
14860,144197
14861,134572
14862,124958
14863,117178
14864,107612
14865,98107
14866,88619
14867,80352
14868,70699
14869,61095
14870,51510
14871,41830
14872,32300
14873,22680
14874,13271
14875,3745
14876,1247754
14877,1238844
14878,1229634
14879,1220372
14880,1210903
14881,1202084
14882,1192599
14883,1183873
14884,1174369
14885,1164751
14886,1155191
14887,1145654
14888,1138590
14889,1129009
14890,1119483
14891,1109914
14892,1100328
14893,1090759
14894,1081326
14895,1071739
14896,1062158
14897,1052877
14898,1043272
14899,1034524
14900,1025054
14901,1018022
14902,1008475
14903,999008
14904,989496
14905,980012
14906,970507
14907,960870
14908,951396
14909,941845
14910,932311
14911,922788
14912,913212
14913,903742
14914,896293
14915,887455
14916,877888
14917,868307
14918,858807
14919,849414
14920,839795
14921,830303
14922,820638
14923,811095
14924,801509
14925,791898
14926,782422
14927,775066
14928,765459
14929,756148
14930,746727
14931,737902
14932,728372
14933,718826
14934,710789
14935,700882
14936,690970
14937,681026
14938,671093
14939,661444
14940,653787
14941,644262
14942,634691
14943,625062
14944,615586
14945,606127
14946,596519
14947,587691
14948,578123
14949,568449
14950,558850
14951,549330
14952,541823
14953,532302
14954,522794
14955,513156
14956,503584
14957,494129
14958,484544
14959,474890
14960,465281
14961,455928
14962,446308
14963,437631
14964,427985
14965,421738
14966,412190
14967,402632
14968,393030
14969,383482
14970,373816
14971,364288
14972,354727
14973,345102
14974,335544
14975,325932
14976,316266
14977,306942
14978,299402
14979,290944
14980,281390
14981,271750
14982,262229
14983,252640
14984,243114
14985,233535
14986,223995
14987,214605
14988,204983
14989,195428
14990,185872
14991,178494
14992,169060
14993,159817
14994,150199
14995,141280
14996,131739
14997,122133
14998,112541
14999,102985
15000,93362
15001,83757
15002,74127
15003,64533
15004,56774
15005,47268
15006,37765
15007,28388
15008,18912
15009,9485
15010,1056393
15011,1048540
15012,1039010
15013,1029454
15014,1020057
15015,1010448
15016,1006637
15017,997242
15018,987831
15019,978193
15020,968704
15021,959022
15022,949500
15023,940004
15024,930381
15025,921137
15026,911625
15027,902781
15028,893133
15029,885641
15030,876132
15031,866536
15032,857022
15033,847366
15034,837826
15035,828270
15036,818623
15037,809964
15038,800064
15039,790205
15040,780635
15041,771301
15042,763648
15043,754872
15044,745459
15045,735846
15046,726346
15047,716861
15048,707345
15049,697853
15050,688363
15051,678871
15052,669365
15053,660003
15054,650515
15055,642857
15056,633457
15057,624165
15058,614589
15059,605879
15060,596195
15061,586761
15062,577226
15063,567909
15064,558493
15065,548898
15066,539306
15067,529815
15068,522336
15069,512793
15070,503139
15071,493671
15072,484064
15073,474663
15074,465165
15075,456255
15076,446706
15077,437155
15078,427619
15079,418021
15080,410541
15081,401035
15082,391446
15083,381912
15084,372391
15085,362811
15086,353277
15087,343671
15088,334179
15089,324890
15090,315327
15091,306575
15092,297037
15093,289474
15094,279876
15095,270398
15096,260903
15097,251364
15098,241961
15099,232477
15100,222952
15101,213340
15102,203815
15103,194326
15104,184745
15105,175271
15106,167749
15107,158927
15108,149330
15109,139757
15110,130254
15111,120617
15112,111070
15113,101952
15114,92322
15115,82737
15116,100989
15117,91067
15118,81233
15119,71354
15120,61414
15121,51479
15122,41582
15123,31629
15124,1145976
15125,1136639
15126,1127185
15127,1117821
15128,1108323
15129,1098747
15130,1089172
15131,1079583
15132,1075488
15133,1065930
15134,1056390
15135,1046760
15136,1037136
15137,1028349
15138,1018731
15139,1010769
15140,1000936
15141,991099
15142,981483
15143,971911
15144,964309
15145,954747
15146,945294
15147,935724
15148,926219
15149,916947
15150,907345
15151,897816
15152,888384
15153,879033
15154,869515
15155,860726
15156,851201
15157,844745
15158,835198
15159,825553
15160,816071
15161,806696
15162,797179
15163,787584
15164,778110
15165,768557
15166,759129
15167,749759
15168,740372
15169,730970
15170,723415
15171,714557
15172,705136
15173,695640
15174,686079
15175,676592
15176,667161
15177,657576
15178,648035
15179,638601
15180,628991
15181,619387
15182,609883
15183,602174
15184,592692
15185,583276
15186,573669
15187,564845
15188,555405
15189,545956
15190,536395
15191,526827
15192,517240
15193,507718
15194,498053
15195,488488
15196,480781
15197,471237
15198,461648
15199,451993
15200,442551
15201,433110
15202,423425
15203,414562
15204,404891
15205,395273
15206,385736
15207,376051
15208,368371
15209,358723
15210,349067
15211,339644
15212,330056
15213,320428
15214,310948
15215,301483
15216,291867
15217,282565
15218,272969
15219,263987
15220,254480
15221,246817
15222,237316
15223,227687
15224,218190
15225,208603
15226,198973
15227,189385
15228,180167
15229,170697
15230,161097
15231,151618
15232,142061
15233,132656
15234,125287
15235,116371
15236,106832
15237,97160
15238,87496
15239,77897
15240,68337
15241,60345
15242,50563
15243,40644
15244,30740
15245,20821
15246,10965
15247,1066054
15248,1056692
15249,1047814
15250,1038377
15251,1029832
15252,1020277
15253,1010702
15254,1001291
15255,991615
15256,981998
15257,972628
15258,962949
15259,953354
15260,946085
15261,936561
15262,926895
15263,917366
15264,907748
15265,898347
15266,888833
15267,879971
15268,870395
15269,860853
15270,851150
15271,841694
15272,833869
15273,824395
15274,814777
15275,805306
15276,795794
15277,786508
15278,776986
15279,767369
15280,757907
15281,748552
15282,738872
15283,730050
15284,720471
15285,712701
15286,703218
15287,693642
15288,684067
15289,674661
15290,665127
15291,655521
15292,645956
15293,636526
15294,626952
15295,617429
15296,607844
15297,598425
15298,590704
15299,581811
15300,572201
15301,562857
15302,553301
15303,543670
15304,534140
15305,524594
15306,514962
15307,505436
15308,495871
15309,486275
15310,476603
15311,468855
15312,459209
15313,449849
15314,440323
15315,431257
15316,421718
15317,412110
15318,402615
15319,392895
15320,383346
15321,373691
15322,364085
15323,354517
15324,346634
15325,337166
15326,327668
15327,318051
15328,308408
15329,299086
15330,289426
15331,280541
15332,270948
15333,261452
15334,251804
15335,242352
15336,234570
15337,225006
15338,215469
15339,205850
15340,196196
15341,186656
15342,176960
15343,167339
15344,159150
15345,149241
15346,139295
15347,129740
15348,120063
15349,113383
15350,104281
15351,94735
15352,85163
15353,75645
15354,65946
15355,56309
15356,46763
15357,37120
15358,27423
15359,17939
15360,8374
15361,1058736
15362,1054179
15363,1045516
15364,1035916
15365,1026446
15366,1016880
15367,1007244
15368,997712
15369,988111
15370,978625
15371,969082
15372,959448
15373,949956
15374,940400
15375,932926
15376,923306
15377,914008
15378,904481
15379,895512
15380,886051
15381,876442
15382,866790
15383,857250
15384,847612
15385,838041
15386,828511
15387,818862
15388,811619
15389,802170
15390,792605
15391,783045
15392,773462
15393,764078
15394,754579
15395,745767
15396,736143
15397,726477
15398,716906
15399,707251
15400,699522
15401,689960
15402,680279
15403,670859
15404,661552
15405,651938
15406,642364
15407,632815
15408,623175
15409,613830
15410,604320
15411,595480
15412,585908
15413,578205
15414,568555
15415,558933
15416,549356
15417,539741
15418,530238
15419,520716
15420,511095
15421,501465
15422,491930
15423,482226
15424,472644
15425,463241
15426,455361
15427,446495
15428,436880
15429,427304
15430,417674
15431,408055
15432,398413
15433,388826
15434,379219
15435,369514
15436,359985
15437,350350
15438,340781
15439,333105
15440,323547
15441,314121
15442,304541
15443,295650
15444,285885
15445,276390
15446,267851
15447,257908
15448,247965
15449,238237
15450,228613
15451,219020
15452,211379
15453,201835
15454,192212
15455,182613
15456,172970
15457,163528
15458,154001
15459,145197
15460,135658
15461,126086
15462,116495
15463,106867
15464,99702
15465,90150
15466,80588
15467,71026
15468,61453
15469,51944
15470,42440
15471,32932
15472,23288
15473,14149
15474,4544
15475,1852755
15476,1843952
15477,1834102
15478,1824181
15479,1814265
15480,1804344
15481,1794422
15482,1784515
15483,1774562
15484,1764615
15485,1754707
15486,1744761
15487,1734811
15488,1724863
15489,1714910
15490,1704973
15491,1695054
15492,1685096
15493,1675151
15494,1665273
15495,1655318
15496,1645376
15497,1635456
15498,1625517
15499,1615570
15500,1605708
15501,1595760
15502,1585817
15503,1575930
15504,1565978
15505,1556034
15506,1546136
15507,1536184
15508,1526239
15509,1516350
15510,1506404
15511,1496443
15512,1486517
15513,1476568
15514,1466629
15515,1456680
15516,1446730
15517,1436815
15518,1426902
15519,1416951
15520,1407030
15521,1397072
15522,1387121
15523,1377201
15524,1367272
15525,1357325
15526,1347391
15527,1337507
15528,1327555
15529,1317635
15530,1307680
15531,1297730
15532,1287789
15533,1277873
15534,1267925
15535,1257981
15536,1248062
15537,1238107
15538,1228160
15539,1218285
15540,1208338
15541,1198395
15542,1188485
15543,1178534
15544,1168585
15545,1158658
15546,1148713
15547,1138800
15548,1131362
15549,1121427
15550,1111529
15551,1101577
15552,1091657
15553,1081724
15554,1071852
15555,1061898
15556,1051950
15557,1042002
15558,1032067
15559,1022157
15560,1012214
15561,1002290
15562,992348
15563,315714
15564,315758
15565,315625
15566,315636
15567,321177
15568,321276
15569,321955
15570,321988
15571,323706
15572,323801
15573,323778
15574,323818
15575,323926
15576,323978
15577,324010
15578,324085
15579,324109
15580,325577
15581,325661
15582,325707
15583,325743
15584,325833
15585,325854
15586,325922
15587,327067
15588,327101
15589,327137
15590,327189
15591,327215
15592,328960
15593,329068
15594,329095
15595,329134
15596,329179
15597,329163
15598,329197
15599,329280
15600,329264
15601,329292
15602,329364
15603,330319
15604,330370
15605,332141
15606,332203
15607,332279
15608,332385
15609,332372
15610,332407
15611,332471
15612,332492
15613,332489
15614,332569
15615,332591
15616,332624
15617,332655
15618,333850
15619,335133
15620,335179
15621,335239
15622,335338
15623,335382
15624,335404
15625,335440
15626,335537
15627,335600
15628,335638
15629,335701
15630,335756
15631,336719
15632,336811
15633,336869
15634,336947
15635,338194
15636,338268
15637,338334
15638,338438
15639,338457
15640,338484
15641,338547
15642,338612
15643,338638
15644,339913
15645,339948
15646,339977
15647,340060
15648,340089
15649,340120
15650,341466
15651,341454
15652,341448
15653,341460
15654,341448
15655,341440
15656,343083
15657,343133
15658,343165
15659,343203
15660,342659
15661,332784
15662,322924
15663,313063
15664,303184
15665,293347
15666,283430
15667,274360
15668,264810
15669,256934
15670,247429
15671,237898
15672,228330
15673,218695
15674,209156
15675,199530
15676,189882
15677,180343
15678,170662
15679,161159
15680,151734
15681,142249
15682,134360
15683,125517
15684,115987
15685,106341
15686,96746
15687,87154
15688,77511
15689,67998
15690,58721
15691,49113
15692,39504
15693,29920
15694,20261
15695,12591
15696,3180
15697,1124583
15698,1115196
15699,1106680
15700,1097024
15701,1087636
15702,1078030
15703,1068598
15704,1059120
15705,1049436
15706,1039927
15707,1030402
15708,1026413
15709,1016854
15710,1007371
15711,997750
15712,988133
15713,978894
15714,969327
15715,960476
15716,950896
15717,941305
15718,931730
15719,922197
15720,914841
15721,905323
15722,895786
15723,886268
15724,876765
15725,867339
15726,857878
15727,848335
15728,838938
15729,829577
15730,820028
15731,811302
15732,801838
15733,795452
15734,785969
15735,776439
15736,766773
15737,757128
15738,747574
15739,738114
15740,750876
15741,740958
15742,731113
15743,721262
15744,711316
15745,701376
15746,692865
15747,682948
15748,673009
15749,663100
15750,653161
15751,643215
15752,633330
15753,624863
15754,614985
15755,605108
15756,595157
15757,585212
15758,575324
15759,565407
15760,555467
15761,545571
15762,535622
15763,525678
15764,515743
15765,505787
15766,495859
15767,485966
15768,476016
15769,466078
15770,456190
15771,446231
15772,436296
15773,426349
15774,416404
15775,406462
15776,396574
15777,386628
15778,376691
15779,366807
15780,356855
15781,346913
15782,337012
15783,327068
15784,317350
15785,307807
15786,298133
15787,288605
15788,279072
15789,269527
15790,259993
15791,250435
15792,240828
15793,231476
15794,221881
15795,213152
15796,203622
15797,195979
15798,186419
15799,176800
15800,167697
15801,158199
15802,148546
15803,138980
15804,129370
15805,119854
15806,110377
15807,100709
15808,90987
15809,81809
15810,74332
15811,65534
15812,56023
15813,46375
15814,36763
15815,27203
15816,17819
15817,8337
15818,1232541
15819,1225401
15820,1217482
15821,1209770
15822,1201550
15823,1211710
15824,1202688
15825,1194159
15826,1184632
15827,1175964
15828,1166453
15829,1156942
15830,1147391
15831,1137901
15832,1128383
15833,1118791
15834,1109159
15835,1099585
15836,1092224
15837,1082570
15838,1072971
15839,1063502
15840,1053853
15841,1044542
15842,1034980
15843,1026060
15844,1016537
15845,1006985
15846,997282
15847,987823
15848,980332
15849,970783
15850,961264
15851,951648
15852,942126
15853,932596
15854,923121
15855,913469
15856,905166
15857,895260
15858,885318
15859,876123
15860,866714
15861,859909
15862,850402
15863,840790
15864,831254
15865,821613
15866,812067
15867,802508
15868,793043
15869,783444
15870,773843
15871,764200
15872,754676
15873,745363
15874,737863
15875,729027
15876,719548
15877,709950
15878,700428
15879,690780
15880,681230
15881,671620
15882,662022
15883,652402
15884,642843
15885,633052
15886,623396
15887,616027
15888,606384
15889,597029
15890,587605
15891,578634
15892,568965
15893,559380
15894,549766
15895,540170
15896,530648
15897,520865
15898,511407
15899,501876
15900,494262
15901,484716
15902,475016
15903,465408
15904,455962
15905,446658
15906,437084
15907,428263
15908,418756
15909,409067
15910,399441
15911,389891
15912,382392
15913,372739
15914,363139
15915,353464
15916,343853
15917,334292
15918,324614
15919,315014
15920,305470
15921,295953
15922,286872
15923,278174
15924,268679
15925,262207
15926,252622
15927,243025
15928,233482
15929,223849
15930,214207
15931,204531
15932,194911
15933,185237
15934,175583
15935,165935
15936,156223
15937,146801
15938,141609
15939,132554
15940,122855
15941,113323
15942,103665
15943,94012
15944,84369
15945,74740
15946,65219
15947,55622
15948,46125
15949,36515
15950,27195
15951,19387
15952,9913
15953,1060284
15954,1050828
15955,1042176
15956,1032683
15957,1023221
15958,1014910
15959,1005024
15960,995083
15961,985152
15962,975302
15963,965679
15964,960957
15965,951558
15966,942019
15967,932358
15968,922786
15969,913305
15970,903711
15971,894899
15972,885256
15973,875657
15974,866200
15975,856610
15976,848859
15977,839300
15978,829595
15979,819998
15980,810500
15981,800908
15982,791321
15983,782129
15984,772604
15985,763196
15986,753763
15987,744903
15988,735300
15989,727590
15990,718061
15991,708441
15992,698904
15993,689299
15994,679675
15995,670097
15996,660740
15997,651260
15998,641740
15999,632247
16000,622624
16001,613239
16002,605404
16003,596600
16004,586958
16005,577335
16006,567679
16007,558262
16008,548677
16009,539107
16010,529584
16011,519886
16012,510375
16013,500822
16014,491242
16015,483645
16016,474080
16017,464648
16018,455023
16019,446162
16020,436578
16021,426896
16022,417303
16023,407705
16024,398046
16025,388456
16026,378783
16027,369101
16028,361561
16029,351897
16030,342310
16031,332697
16032,323168
16033,313754
16034,304184
16035,295177
16036,285611
16037,276115
16038,266565
16039,257139
16040,249502
16041,239809
16042,230284
16043,220779
16044,211186
16045,201587
16046,191915
16047,182310
16048,172675
16049,163323
16050,153715
16051,144842
16052,135251
16053,127475
16054,117850
16055,108334
16056,99237
16057,89627
16058,80122
16059,70514
16060,60991
16061,52455
16062,42515
16063,32579
16064,22718
16065,13419
16066,5693
16067,1057943
16068,1048336
16069,1038633
16070,1029052
16071,1019480
16072,1009845
16073,1000331
16074,990728
16075,981206
16076,971633
16077,962036
16078,952400
16079,944932
16080,935286
16081,925833
16082,916278
16083,907367
16084,897800
16085,888206
16086,878628
16087,869014
16088,859456
16089,849932
16090,840536
16091,830968
16092,823504
16093,813994
16094,804424
16095,794736
16096,785267
16097,775846
16098,766304
16099,757408
16100,747795
16101,738059
16102,728606
16103,718778
16104,710827
16105,701276
16106,691719
16107,682042
16108,672398
16109,662839
16110,653214
16111,643614
16112,634112
16113,624652
16114,615049
16115,606211
16116,596672
16117,590130
16118,580563
16119,570917
16120,561425
16121,551834
16122,542177
16123,532608
16124,523066
16125,513407
16126,503820
16127,494280
16128,484667
16129,475320
16130,467614
16131,458624
16132,448968
16133,439370
16134,429695
16135,420078
16136,410445
16137,400743
16138,391217
16139,381602
16140,371904
16141,362315
16142,352786
16143,344943
16144,335387
16145,325992
16146,316376
16147,307678
16148,298037
16149,288423
16150,278823
16151,269252
16152,259601
16153,249943
16154,240348
16155,230713
16156,223114
16157,213537
16158,203929
16159,194267
16160,184714
16161,175291
16162,165638
16163,157986
16164,148058
16165,138148
16166,128277
16167,118330
16168,110625
16169,101158
16170,91504
16171,82009
16172,72680
16173,62975
16174,53352
16175,43756
16176,34148
16177,24731
16178,15189
16179,6286
16180,1180067
16181,1196906
16182,1189729
16183,1182531
16184,1175646
16185,1168003
16186,1160549
16187,1153430
16188,1145795
16189,1138078
16190,1130888
16191,1123042
16192,1116101
16193,1112541
16194,1114285
16195,1110427
16196,1101291
16197,1091793
16198,1082393
16199,1072971
16200,1063388
16201,1053778
16202,1044259
16203,1034650
16204,1025065
16205,1015542
16206,1006013
16207,998699
16208,989233
16209,979804
16210,970272
16211,961565
16212,952028
16213,942426
16214,932931
16215,923380
16216,913931
16217,904403
16218,894837
16219,885337
16220,877760
16221,868108
16222,858520
16223,849041
16224,839600
16225,830289
16226,820849
16227,811972
16228,802499
16229,793051
16230,783460
16231,773966
16232,766325
16233,756983
16234,747424
16235,737848
16236,728344
16237,718930
16238,709399
16239,699751
16240,690110
16241,680731
16242,671107
16243,662395
16244,652831
16245,645118
16246,635520
16247,626003
16248,616384
16249,606930
16250,597262
16251,587673
16252,578017
16253,568491
16254,558809
16255,549162
16256,539608
16257,530224
16258,522620
16259,513686
16260,504131
16261,494542
16262,484896
16263,475458
16264,465847
16265,458670
16266,448716
16267,438783
16268,428878
16269,418923
16270,408986
16271,400639
16272,391024
16273,381568
16274,372015
16275,363135
16276,353563
16277,343981
16278,334402
16279,324815
16280,315178
16281,305546
16282,295913
16283,286263
16284,278971
16285,269414
16286,259795
16287,250201
16288,240633
16289,231214
16290,221507
16291,212646
16292,203065
16293,193454
16294,183879
16295,174292
16296,166491
16297,156910
16298,147376
16299,137697
16300,128146
16301,118572
16302,108941
16303,99257
16304,89699
16305,80251
16306,70704
16307,61807
16308,52171
16309,45525
16310,36086
16311,26621
16312,17164
16313,7529
16314,1200168
16315,1193585
16316,1187210
16317,1179613
16318,1172474
16319,1165597
16320,1157973
16321,1154047
16322,1167601
16323,1159413
16324,1149874
16325,1140368
16326,1130793
16327,1121164
16328,1111667
16329,1102093
16330,1092512
16331,1082915
16332,1073304
16333,1063755
16334,1054217
16335,1046742
16336,1037158
16337,1027795
16338,1018256
16339,1009533
16340,999998
16341,990392
16342,980888
16343,971571
16344,961974
16345,952536
16346,942994
16347,933436
16348,925715
16349,916185
16350,906577
16351,896899
16352,887404
16353,878034
16354,868493
16355,859731
16356,850173
16357,840782
16358,831304
16359,821752
16360,814152
16361,804722
16362,795189
16363,785603
16364,776127
16365,766593
16366,757069
16367,756715
16368,746778
16369,736867
16370,726986
16371,717036
16372,707100
16373,697212
16374,687300
16375,677365
16376,667493
16377,657539
16378,647602
16379,637662
16380,627708
16381,617768
16382,607896
16383,597945
16384,588006
16385,578156
16386,570466
16387,561713
16388,552186
16389,542585
16390,533027
16391,523552
16392,513880
16393,504404
16394,494807
16395,485156
16396,475578
16397,466084
16398,456467
16399,448931
16400,439345
16401,430059
16402,420507
16403,411803
16404,402208
16405,392592
16406,383006
16407,373354
16408,363790
16409,354152
16410,344602
16411,335019
16412,327432
16413,317875
16414,308267
16415,298778
16416,289212
16417,279895
16418,270748
16419,261980
16420,252373
16421,242861
16422,233189
16423,223682
16424,216000
16425,206400
16426,196807
16427,187303
16428,177642
16429,168153
16430,158540
16431,148908
16432,139314
16433,129984
16434,120343
16435,111587
16436,102153
16437,94752
16438,85239
16439,75704
16440,65988
16441,56387
16442,46820
16443,37142
16444,27759
16445,18320
16446,8711
16447,1058990
16448,1049647
16449,1040788
16450,1036989
16451,1028571
16452,1018969
16453,1009513
16454,999903
16455,990284
16456,980734
16457,971248
16458,961700
16459,952155
16460,942681
16461,933154
16462,923572
16463,916241
16464,906682
16465,897256
16466,887809
16467,878936
16468,869295
16469,859798
16470,851932
16471,842015
16472,832069
16473,822122
16474,812181
16475,802278
16476,794688
16477,785299
16478,775904
16479,766404
16480,756952
16481,747680
16482,738063
16483,729215
16484,719826
16485,710231
16486,700816
16487,691355
16488,683838
16489,674375
16490,665114
16491,655565
16492,646122
16493,636653
16494,627100
16495,617660
16496,608225
16497,598785
16498,589318
16499,580478
16500,570913
16501,564873
16502,555295
16503,545757
16504,536173
16505,526681
16506,517060
16507,507565
16508,497965
16509,488435
16510,478803
16511,469206
16512,459562
16513,450194
16514,442608
16515,433723
16516,424113
16517,414522
16518,404830
16519,395236
16520,385705
16521,376164
16522,366588
16523,357048
16524,347397
16525,337811
16526,328170
16527,320601
16528,311039
16529,301654
16530,291995
16531,283167
16532,273633
16533,264155
16534,254610
16535,244999
16536,235420
16537,225839
16538,216281
16539,206631
16540,198974
16541,189450
16542,179766
16543,170141
16544,160616
16545,151257
16546,141671
16547,132794
16548,123197
16549,113535
16550,104309
16551,94658
16552,86960
16553,77479
16554,67896
16555,58316
16556,48766
16557,39097
16558,29567
16559,19978
16560,10510
16561,1061025
16562,1051851
16563,1043095
16564,1033521
16565,1029143
16566,1019586
16567,1010054
16568,1000534
16569,990907
16570,981360
16571,971773
16572,962137
16573,954127
16574,944218
16575,934271
16576,924338
16577,914433
16578,906687
16579,897951
16580,888380
16581,878749
16582,869111
16583,859641
16584,849973
16585,840459
16586,830918
16587,821213
16588,811687
16589,802114
16590,792588
16591,785097
16592,775720
16593,766380
16594,756789
16595,747977
16596,738412
16597,728895
16598,719438
16599,709899
16600,700333
16601,690748
16602,681163
16603,671545
16604,664073
16605,654421
16606,644779
16607,635207
16608,625534
16609,616175
16610,606654
16611,597740
16612,588082
16613,578511
16614,568793
16615,559270
16616,551722
16617,542160
16618,532538
16619,523056
16620,513474
16621,503817
16622,494219
16623,484543
16624,475081
16625,465718
16626,456066
16627,447164
16628,437602
16629,429840
16630,420226
16631,410660
16632,401017
16633,391350
16634,381879
16635,372274
16636,362594
16637,352982
16638,343290
16639,333649
16640,324060
16641,314508
16642,306705
16643,297804
16644,288199
16645,278709
16646,269161
16647,259619
16648,250044
16649,240533
16650,230855
16651,221272
16652,211751
16653,202175
16654,192596
16655,184910
16656,175280
16657,165838
16658,156262
16659,147402
16660,137800
16661,128114
16662,118577
16663,108952
16664,99755
16665,90141
16666,80505
16667,71018
16668,63197
16669,53765
16670,44266
16671,34656
16672,25074
16673,15902
16674,6368
16675,1236236
16676,1226988
16677,1217481
16678,1208079
16679,1198589
16680,1194489
16681,1185031
16682,1175599
16683,1166197
16684,1156538
16685,1147030
16686,1137393
16687,1127823
16688,1118285
16689,1108981
16690,1099313
16691,1090561
16692,1081015
16693,1074550
16694,1065006
16695,1055429
16696,1045927
16697,1036461
16698,1027119
16699,1017588
16700,1008110
16701,998492
16702,988814
16703,979371
16704,969909
16705,960512
16706,952863
16707,943957
16708,934303
16709,924765
16710,916550
16711,907071
16712,897558
16713,887981
16714,878431
16715,868973
16716,859329
16717,849836
16718,840371
16719,833819
16720,824291
16721,814887
16722,805275
16723,796453
16724,786879
16725,777542
16726,768048
16727,758679
16728,748984
16729,739551
16730,730075
16731,720464
16732,712795
16733,703259
16734,693739
16735,684035
16736,674520
16737,665128
16738,655595
16739,646787
16740,637239
16741,627585
16742,618033
16743,608428
16744,600683
16745,591105
16746,581416
16747,571782
16748,562290
16749,552690
16750,543146
16751,533601
16752,523940
16753,514565
16754,505016
16755,496237
16756,486657
16757,478896
16758,469397
16759,459747
16760,450252
16761,440665
16762,431123
16763,421628
16764,412024
16765,402509
16766,392941
16767,383347
16768,373716
16769,364342
16770,356623
16771,347729
16772,338190
16773,328569
16774,318988
16775,309428
16776,299840
16777,292271
16778,282415
16779,272484
16780,262533
16781,252854
16782,243219
16783,235722
16784,226227
16785,216864
16786,207292
16787,198441
16788,188806
16789,179259
16790,169693
16791,160082
16792,150418
16793,140870
16794,131422
16795,121750
16796,113936
16797,104287
16798,94667
16799,85055
16800,75374
16801,65921
16802,56375
16803,47333
16804,37863
16805,28539
16806,18864
16807,9359
16808,1084909
16809,1077324
16810,1069559
16811,1061904
16812,1053820
16813,1045914
16814,1037984
16815,1030065
16816,1022102
16817,1015822
16818,1007592
16819,1003531
16820,995664
16821,992796
16822,984977
16823,977680
16824,969326
16825,961301
16826,953684
16827,945373
16828,937363
16829,929666
16830,921478
16831,913502
16832,905896
16833,898946
16834,895948
16835,892084
16836,884070
16837,876209
16838,868585
16839,860295
16840,852477
16841,844822
16842,844281
16843,836081
16844,827569
16845,818320
16846,809044
16847,802048
16848,792370
16849,783042
16850,773478
16851,764797
16852,755151
16853,745674
16854,736023
16855,726474
16856,716892
16857,707232
16858,697668
16859,688149
16860,680344
16861,670734
16862,661228
16863,651704
16864,642210
16865,632846
16866,623132
16867,614275
16868,604688
16869,595080
16870,585472
16871,575930
16872,568077
16873,558592
16874,548949
16875,539405
16876,529817
16877,520338
16878,510851
16879,501219
16880,493287
16881,483372
16882,473428
16883,463626
16884,454071
16885,447113
16886,437574
16887,427885
16888,418405
16889,408875
16890,399149
16891,389542
16892,379919
16893,370266
16894,360676
16895,351215
16896,341751
16897,332389
16898,324656
16899,315745
16900,306183
16901,296623
16902,287057
16903,277457
16904,267936
16905,258318
16906,248761
16907,239155
16908,229531
16909,219963
16910,210416
16911,202675
16912,193420
16913,184058
16914,174366
16915,165511
16916,155907
16917,146297
16918,136655
16919,127051
16920,117536
16921,107994
16922,98400
16923,88700
16924,80935
16925,71469
16926,61852
16927,52167
16928,42628
16929,33265
16930,23709
16931,14920
16932,5334
16933,1064522
16934,1057533
16935,1049948
16936,1049662
16937,1042644
16938,1034927
16939,1027554
16940,1020354
16941,1012664
16942,1005189
16943,998081
16944,990408
16945,984122
16946,976946
16947,973726
16948,966377
16949,965272
16950,957862
16951,949981
16952,941381
16953,932275
16954,922838
16955,913567
16956,904079
16957,894568
16958,885189
16959,875772
16960,866236
16961,857016
16962,849265
16963,840449
16964,831022
16965,821425
16966,811952
16967,802471
16968,792968
16969,783411
16970,773936
16971,764343
16972,754877
16973,745383
16974,735792
16975,728087
16976,718618
16977,709366
16978,699902
16979,691079
16980,681667
16981,672265
16982,664487
16983,654547
16984,644613
16985,634670
16986,624726
16987,614977
16988,607515
16989,597885
16990,588405
16991,578884
16992,569399
16993,560001
16994,550416
16995,541607
16996,532065
16997,526598
16998,516728
16999,506840
17000,496964
17001,487019
17002,477125
17003,467238
17004,457354
17005,447646
17006,438038
17007,428450
17008,419050
17009,409710
17010,400198
17011,391429
17012,381874
17013,374130
17014,364612
17015,355042
17016,345427
17017,335904
17018,326362
17019,316734
17020,307348
17021,297725
17022,288234
17023,278657
17024,269217
17025,259871
17026,252237
17027,243419
17028,233845
17029,224219
17030,214662
17031,205002
17032,195466
17033,185952
17034,176334
17035,166682
17036,157151
17037,147874
17038,138512
17039,131067
17040,121618
17041,112199
17042,102665
17043,93836
17044,84181
17045,74624
17046,65008
17047,55386
17048,45821
17049,36190
17050,26581
17051,17164
17052,9513
17053,1063323
17054,1055758
17055,1047663
17056,1039683
17057,1033024
17058,1024871
17059,1020462
17060,1012810
17061,1004654
17062,996837
17063,989116
17064,986634
17065,978840
17066,971313
17067,963007
17068,954840
17069,947201
17070,939013
17071,930873
17072,923101
17073,915847
17074,907811
17075,903567
17076,895429
17077,892785
17078,883503
17079,873999
17080,864409
17081,854926
17082,845251
17083,835820
17084,829663
17085,819826
17086,809953
17087,800101
17088,790175
17089,780267
17090,771164
17091,762307
17092,752626
17093,743015
17094,733430
17095,723913
17096,714546
17097,705003
17098,695495
17099,686031
17100,676554
17101,667044
17102,657550
17103,649890
17104,640315
17105,631041
17106,621418
17107,612649
17108,603204
17109,593592
17110,584130
17111,574692
17112,565073
17113,555544
17114,545900
17115,536261
17116,528474
17117,518914
17118,509232
17119,499614
17120,490088
17121,480677
17122,471112
17123,462263
17124,452589
17125,442952
17126,433415
17127,423722
17128,416066
17129,406527
17130,396861
17131,387349
17132,377759
17133,368139
17134,358454
17135,348978
17136,339336
17137,329901
17138,320184
17139,311296
17140,301738
17141,294139
17142,284540
17143,274936
17144,265313
17145,255706
17146,246113
17147,236560
17148,226858
17149,217302
17150,207765
17151,198115
17152,188455
17153,179076
17154,171148
17155,162273
17156,152966
17157,143329
17158,133732
17159,124211
17160,114682
17161,104976
17162,95495
17163,85825
17164,76204
17165,66625
17166,56982
17167,49452
17168,39869
17169,30428
17170,20810
17171,11996
17172,2452
17173,1053476
17174,1044089
17175,1034618
17176,1025071
17177,1015567
17178,1005921
17179,996471
17180,989096
17181,979621
17182,969987
17183,960431
17184,950760
17185,941361
17186,933777
17187,923889
17188,913948
17189,904053
17190,894145
17191,884349
17192,876651
17193,867119
17194,857480
17195,847847
17196,838232
17197,828583
17198,819033
17199,809507
17200,799826
17201,790571
17202,781114
17203,772296
17204,762798
17205,754999
17206,745393
17207,735852
17208,726165
17209,716578
17210,706999
17211,697467
17212,687943
17213,678390
17214,668752
17215,659128
17216,649582
17217,640293
17218,632531
17219,623741
17220,614120
17221,604423
17222,594880
17223,585243
17224,575622
17225,566102
17226,556555
17227,546902
17228,537387
17229,527782
17230,518288
17231,510498
17232,500820
17233,491394
17234,481860
17235,472875
17236,463192
17237,453658
17238,443991
17239,434376
17240,424784
17241,415081
17242,405452
17243,395794
17244,387922
17245,378338
17246,368696
17247,359103
17248,349468
17249,340085
17250,330402
17251,321561
17252,311950
17253,302295
17254,292782
17255,283281
17256,275500
17257,265961
17258,256336
17259,246778
17260,237286
17261,227753
17262,218197
17263,208663
17264,199055
17265,189652
17266,180058
17267,171190
17268,161585
17269,154298
17270,144724
17271,135163
17272,125583
17273,116011
17274,106351
17275,96683
17276,87089
17277,77624
17278,68031
17279,58453
17280,48830
17281,39402
17282,31843
17283,23034
17284,13578
17285,4033
17286,1057156
17287,1049300
17288,1041842
17289,1035546
17290,1025949
17291,1018414
17292,1010245
17293,1002260
17294,994587
17295,992676
17296,984917
17297,978402
17298,970216
17299,966010
17300,958251
17301,949931
17302,941861
17303,934287
17304,926112
17305,918127
17306,910400
17307,902408
17308,899155
17309,891470
17310,883353
17311,875642
17312,868027
17313,860814
17314,852937
17315,848764
17316,840878
17317,832817
17318,825263
17319,817048
17320,814131
17321,806547
17322,798544
17323,790658
17324,783130
17325,774934
17326,766947
17327,758388
17328,749268
17329,740279
17330,731080
17331,722293
17332,712628
17333,705074
17334,695506
17335,685949
17336,676523
17337,666968
17338,657412
17339,647861
17340,638204
17341,628793
17342,619260
17343,609757
17344,600263
17345,590941
17346,583122
17347,574258
17348,564707
17349,555109
17350,545616
17351,535980
17352,526495
17353,517019
17354,507508
17355,497897
17356,488346
17357,478715
17358,469070
17359,461330
17360,451798
17361,442436
17362,432820
17363,423903
17364,414269
17365,404680
17366,395235
17367,385645
17368,376117
17369,366549
17370,356937
17371,347248
17372,339469
17373,329912
17374,320232
17375,310750
17376,301135
17377,291776
17378,282284
17379,273242
17380,263619
17381,254016
17382,244471
17383,234780
17384,227067
17385,217542
17386,207853
17387,198306
17388,188730
17389,179075
17390,169762
17391,160123
17392,152138
17393,142257
17394,132317
17395,122610
17396,113080
17397,105456
17398,96009
17399,86437
17400,76863
17401,67230
17402,57673
17403,48062
17404,38443
17405,28935
17406,19338
17407,9823
17408,1130631
17409,1121896
17410,1119212
17411,1121331
17412,1115463
17413,1109383
17414,1104011
17415,1097727
17416,1091847
17417,1087559
17418,1108862
17419,1103066
17420,1097458
17421,1088955
17422,1080077
17423,1073849
17424,1064171
17425,1054829
17426,1045303
17427,1036777
17428,1027256
17429,1017702
17430,1008032
17431,998475
17432,989019
17433,979557
17434,970067
17435,960674
17436,953322
17437,943640
17438,934144
17439,924432
17440,915147
17441,905880
17442,896268
17443,887353
17444,878065
17445,868469
17446,858795
17447,849286
17448,841495
17449,831885
17450,822413
17451,812913
17452,803489
17453,794061
17454,784515
17455,775051
17456,765483
17457,756096
17458,746491
17459,737666
17460,728107
17461,721963
17462,712587
17463,703069
17464,693545
17465,683977
17466,674286
17467,664808
17468,655269
17469,645622
17470,636109
17471,626576
17472,616935
17473,608003
17474,600548
17475,591801
17476,582141
17477,572554
17478,562921
17479,553325
17480,543789
17481,534217
17482,524610
17483,515054
17484,505417
17485,495771
17486,486195
17487,478419
17488,468785
17489,459471
17490,450003
17491,441339
17492,431737
17493,422268
17494,414316
17495,404389
17496,394448
17497,384509
17498,374920
17499,365474
17500,357773
17501,348243
17502,338593
17503,329292
17504,319822
17505,310466
17506,300843
17507,292406
17508,282822
17509,273249
17510,263583
17511,254420
17512,247033
17513,237509
17514,227967
17515,218470
17516,208820
17517,199260
17518,189701
17519,180302
17520,170695
17521,161424
17522,151913
17523,143131
17524,133609
17525,128032
17526,118580
17527,109006
17528,99511
17529,90004
17530,80443
17531,70862
17532,61359
17533,51853
17534,42243
17535,32644
17536,23212
17537,13912
17538,6342
17539,1103220
17540,1097513
17541,1090235
17542,1083352
17543,1076323
17544,1068752
17545,1061323
17546,1053812
17547,1045116
17548,1035907
17549,1026635
17550,1017292
17551,1012911
17552,1003392
17553,994092
17554,984570
17555,976014
17556,966379
17557,956752
17558,947229
17559,937657
17560,928089
17561,918556
17562,908923
17563,899325
17564,891807
17565,882343
17566,872754
17567,863215
17568,853545
17569,844225
17570,834828
17571,825999
17572,816446
17573,806984
17574,797383
17575,787822
17576,780276
17577,770732
17578,761081
17579,751633
17580,742147
17581,732677
17582,723291
17583,714089
17584,704655
17585,695391
17586,685894
17587,677242
17588,667717
17589,660021
17590,650598
17591,640980
17592,631426
17593,621969
17594,612445
17595,602911
17596,593451
17597,585523
17598,575596
17599,565662
17600,555683
17601,545792
17602,538023
17603,529135
17604,519578
17605,509992
17606,500479
17607,490846
17608,481356
17609,471833
17610,462270
17611,452615
17612,443249
17613,433622
17614,424136
17615,416364
17616,406805
17617,397457
17618,387862
17619,379016
17620,369338
17621,359775
17622,350202
17623,340606
17624,331048
17625,321424
17626,312069
17627,307996
17628,298133
17629,288318
17630,278374
17631,268560
17632,258662
17633,248735
17634,238893
17635,229011
17636,219121
17637,209386
17638,199857
17639,190216
17640,182504
17641,173100
17642,163687
17643,154807
17644,145227
17645,135726
17646,126111
17647,116574
17648,107090
17649,97631
17650,88067
17651,79136
17652,69509
17653,63283
17654,53775
17655,44109
17656,34589
17657,25069
17658,15727
17659,6249
17660,1056283
17661,1046766
17662,1037368
17663,1027925
17664,1018354
17665,1009436
17666,1005395
17667,996702
17668,987353
17669,977621
17670,968202
17671,958698
17672,949071
17673,939647
17674,929978
17675,920394
17676,910768
17677,901189
17678,891827
17679,884158
17680,874617
17681,865327
17682,855731
17683,846800
17684,837324
17685,827701
17686,818067
17687,808661
17688,799077
17689,789440
17690,779903
17691,770286
17692,762602
17693,753047
17694,743354
17695,733701
17696,724201
17697,714836
17698,705263
17699,697230
17700,687370
17701,677434
17702,667648
17703,658054
17704,650391
17705,640826
17706,631259
17707,621597
17708,612093
17709,602431
17710,592806
17711,583299
17712,573664
17713,564366
17714,554751
17715,545833
17716,536300
17717,528625
17718,519055
17719,509352
17720,499830
17721,490219
17722,480664
17723,471031
17724,461382
17725,451754
17726,442225
17727,432632
17728,423053
17729,413605
17730,406104
17731,397231
17732,387760
17733,378148
17734,368595
17735,359016
17736,349369
17737,340093
17738,330473
17739,320766
17740,311084
17741,301497
17742,291912
17743,286138
17744,276585
17745,267138
17746,257600
17747,248852
17748,239228
17749,229706
17750,220217
17751,210554
17752,201030
17753,191504
17754,181944
17755,172300
17756,164540
17757,154903
17758,145307
17759,135782
17760,126163
17761,116720
17762,107149
17763,98598
17764,89084
17765,79514
17766,69943
17767,60545
17768,52923
17769,43491
17770,33889
17771,24334
17772,14881
17773,5351
17774,1060873
17775,1051451
17776,1041948
17777,1033012
17778,1023415
17779,1014658
17780,1005130
17781,1000831
17782,991311
17783,981905
17784,972439
17785,962841
17786,953225
17787,943549
17788,933919
17789,924341
17790,914762
17791,905093
17792,895457
17793,886163
17794,878371
17795,869575
17796,859986
17797,850295
17798,840941
17799,831224
17800,821630
17801,813410
17802,803515
17803,793574
17804,783683
17805,773734
17806,763995
17807,756529
17808,746924
17809,737501
17810,727944
17811,719072
17812,709448
17813,699943
17814,690287
17815,680645
17816,671170
17817,661715
17818,652158
17819,642596
17820,634906
17821,625362
17822,615797
17823,606210
17824,596638
17825,587303
17826,577712
17827,568968
17828,559431
17829,549782
17830,540143
17831,530629
17832,522925
17833,513331
17834,503739
17835,494189
17836,484602
17837,475040
17838,465329
17839,455687
17840,446087
17841,436700
17842,427007
17843,418203
17844,408636
17845,402101
17846,392539
17847,382955
17848,373341
17849,363781
17850,354183
17851,344569
17852,334974
17853,325433
17854,315836
17855,306240
17856,296654
17857,287220
17858,279596
17859,270674
17860,261324
17861,251756
17862,242177
17863,232489
17864,222943
17865,213384
17866,203719
17867,194119
17868,184581
17869,174912
17870,165373
17871,157677
17872,148217
17873,138817
17874,129230
17875,120590
17876,111115
17877,102054
17878,92503
17879,82942
17880,73342
17881,63668
17882,54261
17883,44641
17884,36817
17885,27225
17886,17667
17887,8205
17888,1126177
17889,1117402
17890,1107895
17891,1099257
17892,1089653
17893,1080092
17894,1070571
17895,1060951
17896,1057057
17897,1047528
17898,1037956
17899,1028366
17900,1018973
17901,1009366
17902,999819
17903,991680
17904,981731
17905,971790
17906,962101
17907,953362
17908,943784
17909,936232
17910,926584
17911,917021
17912,907602
17913,898008
17914,888478
17915,878887
17916,869337
17917,859667
17918,850085
17919,840532
17920,830899
17921,821589
17922,813844
17923,805061
17924,795675
17925,785992
17926,776600
17927,767116
17928,757458
17929,747898
17930,738378
17931,729135
17932,719538
17933,710101
17934,700537
17935,692905
17936,683422
17937,674017
17938,664426
17939,655701
17940,646135
17941,636590
17942,627201
17943,617609
17944,608033
17945,598548
17946,588955
17947,579385
17948,571915
17949,562295
17950,552723
17951,543172
17952,533614
17953,524174
17954,514744
17955,505790
17956,496205
17957,486621
17958,477052
17959,467431
17960,459890
17961,450314
17962,440751
17963,431209
17964,421571
17965,412016
17966,402436
17967,392870
17968,383215
17969,373906
17970,364512
17971,355730
17972,346153
17973,338670
17974,329145
17975,319681
17976,310150
17977,300515
17978,290956
17979,281488
17980,271962
17981,262407
17982,252884
17983,243274
17984,233783
17985,224382
17986,216716
17987,207974
17988,198365
17989,188864
17990,179279
17991,170170
17992,160656
17993,151099
17994,141479
17995,132017
17996,122572
17997,113042
17998,103436
17999,95930
18000,86266
18001,76950
18002,67397
18003,58439
18004,48859
18005,39333
18006,30604
18007,20676
18008,10856
18009,1261204
18010,1254158
18011,1246750
18012,1258825
18013,1251161
18014,1243631
18015,1235210
18016,1226406
18017,1218326
18018,1209011
18019,1200421
18020,1190952
18021,1181327
18022,1171804
18023,1162212
18024,1154860
18025,1145353
18026,1135765
18027,1126180
18028,1116568
18029,1106981
18030,1097326
18031,1087861
18032,1078375
18033,1069035
18034,1059528
18035,1050833
18036,1041171
18037,1034619
18038,1025039
18039,1015457
18040,1005938
18041,996327
18042,986670
18043,977232
18044,967693
18045,958148
18046,948674
18047,939137
18048,929583
18049,920238
18050,912472
18051,903561
18052,894068
18053,884556
18054,875041
18055,865593
18056,856098
18057,846535
18058,837007
18059,827516
18060,817916
18061,808300
18062,798741
18063,790957
18064,781496
18065,772241
18066,762655
18067,753920
18068,744451
18069,734928
18070,725483
18071,715957
18072,706310
18073,696783
18074,687189
18075,677525
18076,669914
18077,660261
18078,650651
18079,641058
18080,631483
18081,621956
18082,612294
18083,603433
18084,593849
18085,584302
18086,574722
18087,565105
18088,557406
18089,548017
18090,538436
18091,528794
18092,519217
18093,509542
18094,499933
18095,490376
18096,480863
18097,471565
18098,461938
18099,453076
18100,443511
18101,435805
18102,426149
18103,416631
18104,407026
18105,397421
18106,387866
18107,378277
18108,368729
18109,360224
18110,350318
18111,340397
18112,330452
18113,321339
18114,313793
18115,304921
18116,295328
18117,285691
18118,276296
18119,266777
18120,257207
18121,247630
18122,238077
18123,228433
18124,218945
18125,209310
18126,199774
18127,191923
18128,182430
18129,173020
18130,163469
18131,154525
18132,144967
18133,135383
18134,125772
18135,116172
18136,106619
18137,97021
18138,87366
18139,77792
18140,70235
18141,60600
18142,51116
18143,41633
18144,32092
18145,22743
18146,13295
18147,4446
18148,1054303
18149,1044971
18150,1035415
18151,1025961
18152,1021760
18153,1012223
18154,1002707
18155,993234
18156,983581
18157,973960
18158,964469
18159,954849
18160,945232
18161,936461
18162,926937
18163,918385
18164,908797
18165,901292
18166,891771
18167,882265
18168,872657
18169,863062
18170,853421
18171,843782
18172,834349
18173,824760
18174,815084
18175,805549
18176,796194
18177,786850
18178,779195
18179,770333
18180,760743
18181,751238
18182,741884
18183,732213
18184,722561
18185,713153
18186,703655
18187,693978
18188,684535
18189,674927
18190,665345
18191,657863
18192,648423
18193,639103
18194,629557
18195,620730
18196,611238
18197,601833
18198,592477
18199,582928
18200,573422
18201,563807
18202,554197
18203,544654
18204,536880
18205,527323
18206,517829
18207,508204
18208,498617
18209,489331
18210,479733
18211,471690
18212,461838
18213,451933
18214,442109
18215,432469
18216,424717
18217,415213
18218,405749
18219,396175
18220,386528
18221,376961
18222,367410
18223,358119
18224,348549
18225,339143
18226,329556
18227,320779
18228,311225
18229,304962
18230,295455
18231,285842
18232,276249
18233,266634
18234,257119
18235,247650
18236,238085
18237,228454
18238,218887
18239,209392
18240,199722
18241,190327
18242,182969
18243,174218
18244,164638
18245,155088
18246,145507
18247,135811
18248,126203
18249,116548
18250,107032
18251,97414
18252,88154
18253,78686
18254,69206
18255,61530
18256,52120
18257,48436
18258,38637
18259,28812
18260,18961
18261,9082
18262,1055129
18263,1045778
18264,1036301
18265,1026856
18266,1017397
18267,1007906
18268,1004075
18269,994554
18270,984914
18271,975452
18272,965897
18273,957041
18274,947398
18275,938691
18276,929147
18277,919494
18278,909923
18279,900410
18280,892902
18281,883335
18282,873673
18283,864135
18284,854704
18285,845167
18286,835717
18287,826420
18288,816833
18289,807595
18290,798112
18291,789212
18292,779744
18293,772043
18294,762396
18295,752878
18296,743304
18297,733726
18298,724219
18299,714615
18300,705118
18301,695582
18302,686083
18303,676490
18304,666803
18305,657515
18306,651446
18307,641554
18308,631750
18309,621875
18310,612145
18311,602593
18312,593290
18313,585149
18314,575314
18315,565383
18316,555444
18317,545729
18318,536154
18319,528288
18320,518918
18321,509530
18322,499944
18323,491067
18324,481389
18325,471784
18326,462159
18327,452550
18328,443025
18329,433404
18330,423855
18331,414179
18332,406593
18333,396943
18334,387404
18335,377767
18336,368111
18337,358745
18338,349451
18339,340510
18340,330951
18341,321424
18342,311830
18343,302161
18344,294384
18345,284820
18346,275251
18347,265672
18348,256042
18349,246506
18350,236896
18351,227282
18352,217694
18353,208291
18354,198772
18355,189928
18356,180329
18357,172581
18358,163070
18359,153500
18360,143947
18361,134311
18362,124783
18363,115134
18364,105518
18365,95950
18366,86673
18367,77176
18368,67692
18369,58243
18370,50474
18371,41708
18372,32076
18373,22462
18374,13041
18375,3438
18376,1050440
18377,1041082
18378,1031624
18379,1021982
18380,1012579
18381,1002974
18382,993408
18383,989359
18384,979756
18385,970860
18386,961371
18387,952696
18388,943209
18389,933814
18390,924238
18391,914615
18392,905043
18393,895399
18394,885841
18395,876267
18396,868719
18397,859037
18398,849458
18399,839862
18400,830372
18401,821173
18402,811587
18403,802698
18404,793136
18405,783640
18406,774094
18407,764548
18408,756709
18409,747229
18410,737654
18411,727962
18412,718465
18413,708882
18414,699407
18415,689876
18416,681424
18417,671499
18418,661570
18419,652856
18420,643360
18421,636952
18422,627364
18423,617818
18424,608200
18425,598666
18426,589025
18427,579483
18428,569865
18429,560365
18430,550920
18431,541427
18432,531873
18433,522397
18434,514741
18435,505845
18436,496262
18437,486738
18438,477068
18439,467522
18440,457965
18441,448380
18442,438750
18443,429211
18444,419524
18445,409986
18446,400370
18447,392634
18448,383013
18449,373655
18450,363957
18451,355047
18452,345382
18453,335681
18454,326129
18455,316530
18456,306892
18457,297420
18458,287954
18459,278245
18460,270639
18461,261024
18462,251534
18463,242023
18464,232440
18465,223050
18466,213415
18467,204630
18468,195038
18469,185457
18470,175907
18471,166256
18472,158503
18473,148961
18474,139270
18475,129621
18476,120104
18477,110475
18478,100820
18479,91336
18480,82126
18481,72793
18482,63254
18483,54352
18484,44708
18485,37061
18486,27384
18487,17818
18488,8302
18489,1059122
18490,1049655
18491,1040202
18492,1030486
18493,1020972
18494,1011372
18495,1001881
18496,992233
18497,982835
18498,975297
18499,966371
18500,956814
18501,947171
18502,937589
18503,928179
18504,918489
18505,908916
18506,899345
18507,889771
18508,880197
18509,870523
18510,860932
18511,853151
18512,843536
18513,834174
18514,824580
18515,815959
18516,806374
18517,796888
18518,788436
18519,778488
18520,768548
18521,758687
18522,749083
18523,739435
18524,731607
18525,722044
18526,712389
18527,702801
18528,693230
18529,683848
18530,674268
18531,665300
18532,655808
18533,646274
18534,636790
18535,627098
18536,619298
18537,609720
18538,600129
18539,590507
18540,580839
18541,571243
18542,561649
18543,552131
18544,542563
18545,533310
18546,523804
18547,514969
18548,505363
18549,497570
18550,488065
18551,478459
18552,468874
18553,459250
18554,449726
18555,440169
18556,430569
18557,421013
18558,411408
18559,401802
18560,392229
18561,382813
18562,374935
18563,366053
18564,356451
18565,346855
18566,337227
18567,327501
18568,317918
18569,308468
18570,298871
18571,289247
18572,279676
18573,270104
18574,260443
18575,252558
18576,243017
18577,233586
18578,224045
18579,215139
18580,205649
18581,196043
18582,186437
18583,176771
18584,167248
18585,157706
18586,148098
18587,138500
18588,130697
18589,121179
18590,111531
18591,101872
18592,92200
18593,83023
18594,73428
18595,64624
18596,54943
18597,45378
18598,35731
18599,26129
18600,18325
18601,8904
18602,1127778
18603,1118273
18604,1108849
18605,1099553
18606,1089994
18607,1080446
18608,1070965
18609,1062062
18610,1052517
18611,1043916
18612,1034350
18613,1031722
18614,1022200
18615,1012651
18616,1003181
18617,993599
18618,984013
18619,974455
18620,966520
18621,956564
18622,946631
18623,936736
18624,926824
18625,917767
18626,914844
18627,912029
18628,904531
18629,898091
18630,890768
18631,883402
18632,876280
18633,868697
18634,861138
18635,853858
18636,846082
18637,838439
18638,831280
18639,829808
18640,822499
18641,816948
18642,809217
18643,806261
18644,798955
18645,790388
18646,781233
18647,772112
18648,762547
18649,753070
18650,743653
18651,734131
18652,726609
18653,717115
18654,707467
18655,697923
18656,688328
18657,678851
18658,669317
18659,660629
18660,650999
18661,641582
18662,632045
18663,622383
18664,614677
18665,605115
18666,595415
18667,588091
18668,578547
18669,568994
18670,559554
18671,550078
18672,540387
18673,530968
18674,521387
18675,512528
18676,502803
18677,495177
18678,485590
18679,476000
18680,466383
18681,456824
18682,447146
18683,437732
18684,429531
18685,419702
18686,409846
18687,399949
18688,390078
18689,380529
18690,372842
18691,364069
18692,354466
18693,344826
18694,335162
18695,325560
18696,315957
18697,306480
18698,296884
18699,287263
18700,277649
18701,268010
18702,258351
18703,250512
18704,240928
18705,231556
18706,222278
18707,213405
18708,203843
18709,194186
18710,184691
18711,175068
18712,165442
18713,155942
18714,146462
18715,136834
18716,129314
18717,119660
18718,110108
18719,100567
18720,90938
18721,81640
18722,73455
18723,63578
18724,53636
18725,43980
18726,34479
18727,24887
18728,17351
18729,7903
18730,1159818
18731,1154158
18732,1147048
18733,1139640
18734,1132689
18735,1124905
18736,1117208
18737,1109998
18738,1100678
18739,1092370
18740,1082822
18741,1078247
18742,1068727
18743,1059214
18744,1049673
18745,1040080
18746,1030568
18747,1021010
18748,1011382
18749,1001850
18750,992241
18751,982754
18752,973195
18753,963762
18754,956480
18755,947875
18756,938266
18757,928733
18758,919219
18759,909732
18760,900235
18761,890670
18762,881081
18763,871690
18764,862121
18765,852593
18766,843014
18767,835479
18768,825821
18769,816474
18770,807012
18771,798117
18772,788679
18773,779449
18774,769816
18775,760381
18776,751014
18777,741517
18778,732053
18779,722625
18780,715040
18781,705574
18782,696009
18783,686423
18784,676802
18785,667488
18786,658002
18787,649072
18788,639494
18789,629898
18790,620378
18791,610782
18792,603015
18793,593557
18794,583946
18795,574306
18796,564625
18797,555047
18798,545461
18799,535862
18800,526268
18801,516848
18802,507234
18803,498593
18804,489030
18805,482433
18806,472807
18807,463132
18808,453662
18809,444093
18810,434480
18811,424803
18812,415205
18813,405661
18814,396044
18815,386446
18816,376868
18817,367545
18818,359911
18819,351009
18820,341507
18821,331905
18822,322384
18823,312891
18824,303296
18825,294981
18826,285088
18827,275171
18828,265230
18829,255333
18830,245757
18831,237979
18832,228347
18833,219108
18834,210076
18835,201383
18836,191868
18837,182302
18838,172656
18839,163124
18840,153451
18841,143778
18842,134184
18843,124632
18844,117133
18845,107614
18846,98009
18847,88415
18848,78848
18849,69422
18850,59851
18851,50993
18852,41471
18853,31880
18854,22571
18855,12916
18856,5324
18857,1052503
18858,1043035
18859,1033458
18860,1023918
18861,1014328
18862,1004775
18863,995283
18864,985640
18865,976755
18866,967187
18867,958515
18868,948845
18869,944031
18870,934584
18871,925037
18872,915622
18873,906027
18874,896439
18875,886929
18876,877345
18877,867717
18878,858154
18879,848486
18880,838922
18881,829552
18882,821990
18883,813166
18884,803598
18885,794068
18886,784551
18887,778695
18888,768845
18889,758956
18890,749073
18891,739190
18892,729313
18893,719424
18894,709507
18895,700285
18896,690771
18897,681417
18898,671806
18899,663070
18900,653701
18901,644214
18902,634705
18903,625148
18904,615677
18905,606106
18906,596537
18907,587063
18908,579395
18909,569902
18910,560266
18911,550704
18912,541073
18913,531705
18914,522113
18915,513149
18916,503441
18917,493836
18918,484191
18919,474523
18920,466983
18921,457345
18922,447734
18923,438090
18924,428502
18925,418874
18926,409299
18927,399641
18928,391000
18929,381084
18930,371173
18931,362072
18932,352468
18933,344697
18934,335410
18935,325957
18936,316340
18937,306825
18938,297242
18939,287665
18940,278022
18941,268470
18942,258956
18943,249300
18944,239924
18945,230592
18946,222882
18947,214041
18948,204461
18949,194893
18950,185314
18951,175664
18952,166051
18953,156506
18954,146830
18955,137237
18956,127570
18957,117984
18958,108342
18959,100631
18960,91012
18961,82421
18962,72881
18963,64004
18964,54636
18965,45106
18966,35544
18967,25882
18968,16510
18969,6955
18970,1057223
18971,1047810
18972,1042884
18973,1033299
18974,1023807
18975,1014174
18976,1004612
18977,995676
18978,986046
18979,977369
18980,967772
18981,958258
18982,948645
18983,939034
18984,931482
18985,921943
18986,912401
18987,902740
18988,893171
18989,883655
18990,873995
18991,864390
18992,854884
18993,845477
18994,835871
18995,827307
18996,817685
18997,811738
18998,802206
18999,792603
19000,782985
19001,773490
19002,763961
19003,754279
19004,744771
19005,735141
19006,725672
19007,716042
19008,706528
19009,697211
19010,689506
19011,680746
19012,671217
19013,661886
19014,652397
19015,642854
19016,633273
19017,623853
19018,614359
19019,604853
19020,595328
19021,585766
19022,576249
19023,568483
19024,558964
19025,549845
19026,540375
19027,531549
19028,522152
19029,512582
19030,503893
19031,493979
19032,484035
19033,474117
19034,464495
19035,454891
19036,447184
19037,437663
19038,428077
19039,418513
19040,408913
19041,399423
19042,389795
19043,380973
19044,371413
19045,361814
19046,352225
19047,342657
19048,334966
19049,325576
19050,315931
19051,306366
19052,296833
19053,287286
19054,277618
19055,268100
19056,258441
19057,249119
19058,239568
19059,230640
19060,221142
19061,213548
19062,203985
19063,194319
19064,184779
19065,175166
19066,165589
19067,156053
19068,146371
19069,136731
19070,127129
19071,117449
19072,107975
19073,98629
19074,91387
19075,82673
19076,73083
19077,63498
19078,53831
19079,44334
19080,34726
19081,25126
19082,15726
19083,6103
19084,1157876
19085,1148518
19086,1139001
19087,1135052
19088,1125275
19089,1115975
19090,1106057
19091,1097503
19092,1087925
19093,1078321
19094,1068945
19095,1059302
19096,1049755
19097,1040256
19098,1030618
19099,1021110
19100,1013676
19101,1004033
19102,994495
19103,984949
19104,975354
19105,966021
19106,956610
19107,947763
19108,938284
19109,928735
19110,919087
19111,909516
19112,901804
19113,892310
19114,882963
19115,873484
19116,863978
19117,854466
19118,844931
19119,835283
19120,825845
19121,816435
19122,806852
19123,797995
19124,788454
19125,780720
19126,771281
19127,761712
19128,752082
19129,742691
19130,733491
19131,723890
19132,714505
19133,706262
19134,696361
19135,686427
19136,676486
19137,666967
19138,663083
19139,654305
19140,644650
19141,635065
19142,625622
19143,616186
19144,606871
19145,597464
19146,587835
19147,578368
19148,568918
19149,559252
19150,549755
19151,542352
19152,532814
19153,523508
19154,513935
19155,505154
19156,495707
19157,486253
19158,476816
19159,467237
19160,457831
19161,448269
19162,438679
19163,429158
19164,421505
19165,412020
19166,402495
19167,392860
19168,383243
19169,374130
19170,364500
19171,355709
19172,346177
19173,336616
19174,327240
19175,317601
19176,310002
19177,300401
19178,290902
19179,281356
19180,271783
19181,262245
19182,252586
19183,242999
19184,233426
19185,223954
19186,214355
19187,205483
19188,195844
19189,189665
19190,180573
19191,171023
19192,161542
19193,151941
19194,142469
19195,132857
19196,123420
19197,113819
19198,104177
19199,94688
19200,85042
19201,75681
19202,68269
19203,59435
19204,49808
19205,40280
19206,30646
19207,21373
19208,11900
19209,2414
19210,1195793
19211,1189881
19212,1182742
19213,1175524
19214,1168790
19215,1187474
19216,1180756
19217,1177977
19218,1170566
19219,1169438
19220,1162417
19221,1154721
19222,1147466
19223,1140461
19224,1131620
19225,1122571
19226,1113511
19227,1104110
19228,1097181
19229,1087666
19230,1078056
19231,1068420
19232,1058852
19233,1049521
19234,1040036
19235,1031486
19236,1021628
19237,1012233
19238,1002699
19239,993060
19240,985460
19241,975867
19242,966244
19243,956614
19244,946987
19245,937407
19246,927849
19247,918296
19248,908677
19249,899316
19250,889709
19251,880767
19252,871250
19253,863558
19254,853967
19255,844403
19256,834833
19257,825248
19258,815629
19259,806058
19260,796371
19261,786915
19262,777314
19263,767622
19264,758025
19265,748827
19266,740993
19267,732228
19268,722590
19269,712986
19270,703376
19271,693742
19272,684086
19273,674543
19274,664882
19275,655311
19276,645670
19277,636047
19278,626398
19279,618601
19280,609090
19281,599612
19282,589996
19283,581180
19284,571468
19285,561844
19286,552307
19287,542641
19288,533015
19289,523406
19290,513984
19291,504360
19292,496605
19293,487000
19294,477340
19295,467772
19296,458135
19297,448953
19298,439409
19299,430474
19300,420922
19301,411349
19302,401678
19303,392087
19304,384237
19305,374716
19306,365163
19307,355633
19308,345960
19309,336461
19310,326865
19311,317158
19312,307552
19313,298067
19314,288981
19315,280151
19316,270546
19317,262726
19318,253161
19319,243834
19320,234164
19321,224549
19322,214902
19323,205249
19324,195655
19325,186110
19326,176423
19327,166740
19328,157141
19329,147717
19330,139895
19331,131002
19332,121368
19333,111723
19334,102121
19335,92521
19336,82956
19337,74494
19338,64564
19339,54627
19340,44708
19341,34846
19342,25549
19343,17880
19344,8394
19345,1058446
19346,1049076
19347,1040414
19348,1030807
19349,1021363
19350,1011749
19351,1002222
19352,992702
19353,983177
19354,973609
19355,964048
19356,959182
19357,949736
19358,940285
19359,930626
19360,920985
19361,911687
19362,902047
19363,893216
19364,883675
19365,874062
19366,864444
19367,854941
19368,847276
19369,837807
19370,828253
19371,818614
19372,809114
19373,799540
19374,789905
19375,780335
19376,770786
19377,761300
19378,751831
19379,743006
19380,733417
19381,726728
19382,717161
19383,707545
19384,697867
19385,688290
19386,678603
19387,669126
19388,659803
19389,650281
19390,640811
19391,631304
19392,621846
19393,612540
19394,604887
19395,595976
19396,586389
19397,576822
19398,567309
19399,557615
19400,548103
19401,538609
19402,529108
19403,519508
19404,509864
19405,500205
19406,490677
19407,482882
19408,473425
19409,463981
19410,454356
19411,445472
19412,435847
19413,426156
19414,416624
19415,407054
19416,397447
19417,387775
19418,378173
19419,368730
19420,361005
19421,351481
19422,341886
19423,332201
19424,322675
19425,313219
19426,303542
19427,294756
19428,285167
19429,275511
19430,265965
19431,256400
19432,248776
19433,239208
19434,229677
19435,219983
19436,210445
19437,200791
19438,191289
19439,182981
19440,173042
19441,163107
19442,153164
19443,143993
19444,134441
19445,126622
19446,117032
19447,107402
19448,98394
19449,88959
19450,79261
19451,69734
19452,60088
19453,50607
19454,41041
19455,31373
19456,21866
19457,12630
19458,4877
19459,1053019
19460,1043666
19461,1034112
19462,1024494
19463,1015033
19464,1005392
19465,995835
19466,986274
19467,976622
19468,966990
19469,957369
19470,947781
19471,943158
19472,933577
19473,924251
19474,914716
19475,905925
19476,896271
19477,886689
19478,877175
19479,867564
19480,857950
19481,848389
19482,838718
19483,829132
19484,821790
19485,812329
19486,802791
19487,793233
19488,783633
19489,774232
19490,764717
19491,755732
19492,746192
19493,736653
19494,727019
19495,717488
19496,709725
19497,700170
19498,690567
19499,680957
19500,671397
19501,661908
19502,652531
19503,642978
19504,633504
19505,624136
19506,614545
19507,605572
19508,596029
19509,588415
19510,579040
19511,569454
19512,559846
19513,550267
19514,540689
19515,531063
19516,526781
19517,516932
19518,507035
19519,497105
19520,487209
19521,477296
19522,467351
19523,457457
19524,447504
19525,437568
19526,427601
19527,417655
19528,407793
19529,398278
19530,388628
19531,379035
19532,369473
19533,359824
19534,350160
19535,342614
19536,332986
19537,323606
19538,313962
19539,305313
19540,295648
19541,286047
19542,277366
19543,267448
19544,257536
19545,247674
19546,238062
19547,228455
19548,220608
19549,210975
19550,201326
19551,191807
19552,182162
19553,172838
19554,163325
19555,154436
19556,144845
19557,135218
19558,125523
19559,116008
19560,108252
19561,98703
19562,89103
19563,79843
19564,70298
19565,60727
19566,51070
19567,41446
19568,31887
19569,22499
19570,12879
19571,4194
19572,1054013
19573,1050872
19574,1041431
19575,1031882
19576,1022355
19577,1012837
19578,1003143
19579,993604
19580,984088
19581,974430
19582,964852
19583,955363
19584,945747
19585,936924
19586,929251
19587,920580
19588,910894
19589,901384
19590,891725
19591,882127
19592,872484
19593,862929
19594,853290
19595,843770
19596,834120
19597,824548
19598,814991
19599,807561
19600,798175
19601,788837
19602,779252
19603,770352
19604,760801
19605,751210
19606,741640
19607,732113
19608,722479
19609,712862
19610,703294
19611,693617
19612,685801
19613,676331
19614,666669
19615,657094
19616,647751
19617,638300
19618,628760
19619,619919
19620,610291
19621,600618
19622,591074
19623,581437
19624,573906
19625,564408
19626,554755
19627,545120
19628,535597
19629,526263
19630,516664
19631,507163
19632,497536
19633,488090
19634,478513
19635,469597
19636,460002
19637,452325
19638,442688
19639,433029
19640,423409
19641,413720
19642,404222
19643,394616
19644,385020
19645,376280
19646,366374
19647,356432
19648,346535
19649,337115
19650,329312
19651,320339
19652,310756
19653,301350
19654,291735
19655,282098
19656,272536
19657,262917
19658,253297
19659,243872
19660,234359
19661,224803
19662,215251
19663,207425
19664,197903
19665,188534
19666,178997
19667,170165
19668,160593
19669,151061
19670,141483
19671,131776
19672,122136
19673,112528
19674,102903
19675,93245
19676,86218
19677,76628
19678,67042
19679,57495
19680,47847
19681,38426
19682,28808
19683,19817
19684,10293
19685,1183328
19686,1176962
19687,1169614
19688,1187547
19689,1180336
19690,1172882
19691,1165885
19692,1158216
19693,1150876
19694,1143434
19695,1134518
19696,1125553
19697,1117204
19698,1107752
19699,1099110
19700,1089546
19701,1082271
19702,1072679
19703,1063190
19704,1053643
19705,1044241
19706,1034722
19707,1025182
19708,1015652
19709,1006100
19710,996817
19711,987384
19712,977922
19713,968498
19714,960900
19715,952172
19716,942600
19717,932946
19718,923430
19719,913880
19720,904343
19721,894919
19722,885288
19723,875664
19724,866179
19725,856615
19726,847173
19727,839524
19728,829891
19729,820686
19730,811184
19731,802342
19732,792713
19733,783215
19734,773595
19735,763938
19736,754446
19737,744833
19738,735205
19739,725769
19740,718252
19741,708776
19742,699192
19743,689651
19744,680107
19745,670794
19746,661254
19747,652664
19748,642968
19749,633311
19750,623715
19751,614176
19752,606526
19753,597003
19754,587435
19755,577900
19756,568283
19757,558690
19758,549109
19759,539567
19760,530028
19761,520663
19762,511055
19763,502266
19764,492667
19765,486510
19766,476995
19767,467400
19768,457790
19769,448203
19770,438592
19771,429208
19772,419710
19773,410091
19774,400455
19775,390908
19776,381270
19777,371884
19778,364269
19779,355345
19780,345778
19781,336157
19782,326522
19783,316894
19784,307330
19785,297698
19786,288052
19787,278487
19788,268955
19789,259751
19790,250185
19791,242659
19792,233239
19793,223853
19794,214264
19795,205433
19796,195870
19797,186210
19798,176580
19799,167074
19800,157424
19801,147770
19802,138234
19803,128539
19804,120900
19805,111302
19806,101761
19807,92161
19808,82543
19809,73184
19810,63537
19811,54764
19812,45113
19813,35456
19814,26082
19815,16476
19816,8863
19817,1193918
19818,1187569
19819,1180671
19820,1173627
19821,1165957
19822,1158446
19823,1151441
19824,1143835
19825,1140084
19826,1133094
19827,1131032
19828,1123726
19829,1122419
19830,1112828
19831,1103268
19832,1093853
19833,1084202
19834,1074687
19835,1065173
19836,1055532
19837,1045925
19838,1036329
19839,1026767
19840,1017201
19841,1007881
19842,1000698
19843,992031
19844,982508
19845,972902
19846,963324
19847,953888
19848,944300
19849,936119
19850,926274
19851,916328
19852,906383
19853,896591
19854,887050
19855,879604
19856,870061
19857,860655
19858,851154
19859,842519
19860,833073
19861,823660
19862,814170
19863,804562
19864,795061
19865,785638
19866,776024
19867,766506
19868,759011
19869,749465
19870,739938
19871,730568
19872,721159
19873,711843
19874,702330
19875,693431
19876,683792
19877,674259
19878,664659
19879,655027
19880,647426
19881,637914
19882,628316
19883,618750
19884,609164
19885,599636
19886,590040
19887,580415
19888,570802
19889,561374
19890,551731
19891,542860
19892,533234
19893,525520
19894,515980
19895,506456
19896,496790
19897,487175
19898,477636
19899,468113
19900,458510
19901,449005
19902,439405
19903,429878
19904,420492
19905,411108
19906,403558
19907,394888
19908,385230
19909,375653
19910,366101
19911,356518
19912,346904
19913,337422
19914,327730
19915,318178
19916,308596
19917,298954
19918,289445
19919,281944
19920,272319
19921,263408
19922,253851
19923,244958
19924,235412
19925,225809
19926,216256
19927,206713
19928,197297
19929,187788
19930,178328
19931,168854
19932,161566
19933,152207
19934,142560
19935,132921
19936,123324
19937,114016
19938,104340
19939,95574
19940,86031
19941,76373
19942,66765
19943,57135
19944,49500
19945,39943
19946,30379
19947,20889
19948,11284
19949,1055564
19950,1045946
19951,1036497
19952,1027880
19953,1017942
19954,1008013
19955,999075
19956,989478
19957,983831
19958,974310
19959,964720
19960,955222
19961,945706
19962,936064
19963,926523
19964,916941
19965,907275
19966,897667
19967,888125
19968,878401
19969,869037
19970,861470
19971,852583
19972,843031
19973,833535
19974,824072
19975,814611
19976,805163
19977,795621
19978,786105
19979,776650
19980,767147
19981,757681
19982,748203
19983,740417
19984,730826
19985,721530
19986,711881
19987,703040
19988,693447
19989,683787
19990,674265
19991,664850
19992,655500
19993,645972
19994,636463
19995,626815
19996,619141
19997,609591
19998,599951
19999,590346
20000,580781
20001,571410
20002,561741
20003,552832
20004,543207
20005,533585
20006,524050
20007,514418
20008,506584
20009,497043
20010,487377
20011,477763
20012,468146
20013,458457
20014,448907
20015,439332
20016,429706
20017,420341
20018,410763
20019,401842
20020,392206
20021,384641
20022,375128
20023,365475
20024,355883
20025,346280
20026,336698
20027,327084
20028,317431
20029,307808
20030,298185
20031,288483
20032,278972
20033,269533
20034,261752
20035,252943
20036,243452
20037,233835
20038,224270
20039,214698
20040,205047
20041,195394
20042,185869
20043,176203
20044,166659
20045,157058
20046,147387
20047,139588
20048,129956
20049,120503
20050,110868
20051,102173
20052,92841
20053,83364
20054,74823
20055,64891
20056,54946
20057,44998
20058,35167
20059,25645
20060,18004
20061,8549
20062,1062665
20063,1053408
20064,1043808
20065,1034870
20066,1025449
20067,1016735
20068,1007241
20069,997764
20070,988252
20071,978600
20072,974598
20073,965007
20074,955387
20075,945840
20076,936433
20077,926909
20078,917413
20079,907794
20080,898239
20081,888933
20082,879338
20083,870705
20084,861140
20085,853537
20086,843995
20087,834458
20088,824773
20089,815322
20090,805804
20091,796262
20092,786807
20093,777294
20094,767748
20095,758243
20096,748845
20097,739841
20098,732292
20099,723499
20100,713857
20101,704332
20102,694897
20103,685366
20104,676035
20105,666703
20106,657105
20107,647629
20108,638080
20109,628467
20110,618817
20111,611229
20112,601651
20113,592143
20114,582528
20115,573666
20116,564164
20117,554606
20118,545020
20119,535385
20120,525877
20121,516237
20122,506630
20123,497070
20124,489316
20125,479711
20126,470336
20127,460675
20128,451135
20129,441690
20130,432026
20131,423064
20132,413490
20133,403789
20134,394248
20135,384673
20136,376907
20137,367396
20138,357791
20139,348344
20140,338711
20141,329229
20142,319500
20143,309995
20144,300361
20145,296523
20146,286717
20147,276907
20148,267066
20149,257128
20150,247234
20151,237403
20152,227495
20153,218059
20154,208576
20155,199031
20156,191130
20157,181270
20158,171328
20159,161407
20160,151466
20161,141815
20162,134064
20163,125152
20164,115566
20165,106546
20166,97026
20167,87434
20168,77910
20169,68393
20170,58819
20171,49257
20172,39698
20173,30076
20174,20555
20175,12857
20176,3508
20177,1088094
20178,1081169
20179,1078247
20180,1070567
20181,1062587
20182,1054676
20183,1047104
20184,1038957
20185,1031161
20186,1023561
20187,1015495
20188,1013382
20189,1003861
20190,994331
20191,984756
20192,975185
20193,965803
20194,956149
20195,947481
20196,937852
20197,928219
20198,918715
20199,909045
20200,901950
20201,892454
20202,882833
20203,873224
20204,863724
20205,854102
20206,844570
20207,835146
20208,825519
20209,816192
20210,806718
20211,797821
20212,788315
20213,780539
20214,770917
20215,761273
20216,751739
20217,742219
20218,732734
20219,723280
20220,713830
20221,704392
20222,694802
20223,685279
20224,675712
20225,666432
20226,658627
20227,649827
20228,640308
20229,630745
20230,621452
20231,611955
20232,602374
20233,592904
20234,583311
20235,573725
20236,564030
20237,554486
20238,544788
20239,537028
20240,527498
20241,518023
20242,508420
20243,499603
20244,489979
20245,480417
20246,470729
20247,461027
20248,451403
20249,441879
20250,432200
20251,422567
20252,414954
20253,405292
20254,395635
20255,386051
20256,376516
20257,367198
20258,359239
20259,349288
20260,339343
20261,329436
20262,319865
20263,310383
20264,302608
20265,292963
20266,283540
20267,273950
20268,264357
20269,254744
20270,245174
20271,235461
20272,225940
20273,216485
20274,206922
20275,12717
20276,1175979
20277,1199033
20278,1199266
20279,1199867
20280,1200099
20281,1200474
20282,1200916
20283,1201023
20284,1201168
20285,1201589
20286,1201735
20287,1201826
20288,1202137
20289,1205261
20290,1214428
20291,1222972
20292,1223156
20293,1223295
20294,1220938
20295,1211233
20296,1203174
20297,1195561
20298,1187379
20299,1179589
20300,1171870
20301,1163785
20302,1155934
20303,1153924
20304,1145975
20305,1139045
20306,1130706
20307,1122956
20308,1113538
20309,1104152
20310,1094650
20311,1085042
20312,1075509
20313,1065878
20314,1056284
20315,1046747
20316,1039231
20317,1029717
20318,1020140
20319,1010522
20320,1001047
20321,991705
20322,982155
20323,973354
20324,963895
20325,954340
20326,944890
20327,935307
20328,927596
20329,918037
20330,908543
20331,898850
20332,889421
20333,879911
20334,870333
20335,860910
20336,851337
20337,841912
20338,832444
20339,823986
20340,814532
20341,808092
20342,798539
20343,788895
20344,779308
20345,769835
20346,760167
20347,750519
20348,740968
20349,731342
20350,721803
20351,712289
20352,702724
20353,693413
20354,685793
20355,676991
20356,667353
20357,657832
20358,648189
20359,638502
20360,629013
20361,621566
20362,611706
20363,601816
20364,591866
20365,581928
20366,572014
20367,563708
20368,554225
20369,544899
20370,535321
20371,526603
20372,517092
20373,507500
20374,497850
20375,488291
20376,478675
20377,469076
20378,459555
20379,449905
20380,442299
20381,432720
20382,423275
20383,413766
20384,404210
20385,394779
20386,385201
20387,376446
20388,366847
20389,357264
20390,347644
20391,337980
20392,330313
20393,320783
20394,311238
20395,301622
20396,292373
20397,282765
20398,273453
20399,263908
20400,254269
20401,245006
20402,235425
20403,229979
20404,220429
20405,213106
20406,203548
20407,193939
20408,184425
20409,174861
20410,165245
20411,155751
20412,146155
20413,136539
20414,126984
20415,117368
20416,107755
20417,98453
20418,90785
20419,82045
20420,72491
20421,62811
20422,53119
20423,43713
20424,34135
20425,24867
20426,15328
20427,5795
20428,1120921
20429,1114919
20430,1107883
20431,1125824
20432,1118972
20433,1115257
20434,1108096
20435,1106874
20436,1099116
20437,1091593
20438,1083726
20439,1074747
20440,1065589
20441,1056437
20442,1046957
20443,1037440
20444,1030172
20445,1020624
20446,1011217
20447,1001683
20448,992085
20449,982757
20450,973243
20451,964309
20452,954726
20453,945269
20454,935725
20455,926153
20456,918613
20457,909019
20458,899522
20459,889922
20460,880301
20461,870646
20462,861132
20463,851630
20464,843217
20465,833330
20466,823403
20467,814367
20468,804884
20469,797074
20470,787767
20471,778377
20472,768813
20473,759194
20474,749795
20475,740222
20476,730722
20477,721222
20478,711549
20479,702151
20480,692552
20481,683141
20482,675529
20483,666929
20484,657353
20485,647867
20486,638300
20487,628844
20488,619274
20489,609712
20490,600043
20491,590535
20492,581010
20493,571460
20494,561951
20495,554293
20496,544764
20497,535455
20498,525874
20499,516975
20500,507472
20501,497917
20502,488349
20503,478785
20504,469209
20505,459529
20506,450015
20507,440495
20508,433087
20509,423585
20510,413994
20511,404468
20512,394889
20513,385530
20514,375936
20515,367345
20516,357841
20517,348206
20518,338697
20519,329225
20520,321682
20521,312295
20522,302731
20523,293206
20524,283634
20525,274171
20526,264659
20527,255059
20528,245477
20529,236065
20530,226559
20531,218227
20532,208712
20533,202335
20534,192932
20535,183349
20536,173831
20537,164345
20538,154795
20539,145270
20540,135715
20541,126036
20542,116485
20543,106950
20544,97403
20545,87911
20546,81298
20547,72556
20548,62997
20549,53454
20550,43878
20551,34252
20552,24928
20553,15382
20554,5779
20555,1063053
20556,1053540
20557,1044104
20558,1034577
20559,1030473
20560,1021009
20561,1012074
20562,1002496
20563,993931
20564,984360
20565,974757
20566,966495
20567,956585
20568,946648
20569,936718
20570,926907
20571,917309
20572,909636
20573,900089
20574,890519
20575,880907
20576,871460
20577,862062
20578,852529
20579,843703
20580,834145
20581,824699
20582,815297
20583,805814
20584,798076
20585,788597
20586,778999
20587,769439
20588,759853
20589,750238
20590,740839
20591,731299
20592,721739
20593,712338
20594,702748
20595,693862
20596,684355
20597,676663
20598,667343
20599,657719
20600,648301
20601,638883
20602,629362
20603,619903
20604,610393
20605,601046
20606,591570
20607,582003
20608,572417
20609,563086
20610,555259
20611,546480
20612,536834
20613,527225
20614,517722
20615,508161
20616,498532
20617,489041
20618,479488
20619,469856
20620,460264
20621,450713
20622,441154
20623,433375
20624,423827
20625,414447
20626,404893
20627,395928
20628,386305
20629,376923
20630,367334
20631,357883
20632,348192
20633,338636
20634,329002
20635,319475
20636,311816
20637,302204
20638,292503
20639,282957
20640,273269
20641,263868
20642,254462
20643,245553
20644,235942
20645,226383
20646,216672
20647,207094
20648,199362
20649,189718
20650,180199
20651,170660
20652,160991
20653,151440
20654,141846
20655,132128
20656,122638
20657,113270
20658,103570
20659,95309
20660,85769
20661,78148
20662,68656
20663,59174
20664,49496
20665,39808
20666,30276
20667,20603
20668,11182
20669,2960
20670,1058758
20671,1049364
20672,1039826
20673,1030798
20674,1027169
20675,1018660
20676,1009071
20677,999561
20678,990109
20679,980557
20680,971037
20681,961411
20682,951756
20683,942146
20684,932626
20685,923046
20686,913534
20687,906176
20688,896521
20689,887199
20690,877712
20691,868888
20692,859302
20693,849771
20694,840308
20695,830837
20696,821363
20697,811807
20698,802279
20699,792831
20700,785235
20701,775813
20702,766130
20703,756486
20704,746858
20705,737589
20706,728084
20707,719104
20708,709631
20709,700062
20710,690550
20711,681064
20712,673543
20713,664522
20714,654925
20715,645308
20716,635878
20717,626313
20718,616778
20719,607234
20720,597826
20721,588475
20722,578857
20723,570064
20724,560461
20725,554117
20726,544600
20727,534872
20728,525323
20729,515762
20730,506148
20731,496596
20732,487047
20733,477323
20734,467738
20735,458155
20736,448525
20737,439112
20738,431643
20739,422664
20740,413147
20741,403550
20742,393957
20743,384287
20744,374728
20745,365383
20746,355917
20747,346364
20748,336656
20749,327049
20750,317436
20751,309883
20752,300308
20753,290970
20754,281396
20755,272402
20756,262959
20757,253524
20758,243764
20759,234266
20760,224697
20761,215103
20762,205598
20763,195959
20764,188346
20765,178783
20766,169091
20767,159646
20768,149990
20769,140598
20770,130990
20771,122485
20772,116436
20773,106558
20774,96704
20775,86790
20776,76848
20777,67188
20778,57621
20779,48119
20780,38487
20781,28890
20782,19223
20783,9809
20784,1206990
20785,1204595
20786,1198736
20787,1197629
20788,1190874
20789,1193141
20790,1183566
20791,1174071
20792,1164628
20793,1155067
20794,1145453
20795,1135825
20796,1126258
20797,1116677
20798,1107166
20799,1097617
20800,1088052
20801,1078824
20802,1071605
20803,1062875
20804,1053277
20805,1043747
20806,1034098
20807,1024581
20808,1015041
20809,1005493
20810,995998
20811,986413
20812,976852
20813,967313
20814,957785
20815,950339
20816,940731
20817,931367
20818,921929
20819,913229
20820,903544
20821,894084
20822,884534
20823,875065
20824,865579
20825,856055
20826,846494
20827,837168
20828,829689
20829,820194
20830,810747
20831,801213
20832,791727
20833,782362
20834,772878
20835,763988
20836,754441
20837,745026
20838,735496
20839,725915
20840,718328
20841,708759
20842,699256
20843,689693
20844,680168
20845,670680
20846,661058
20847,651401
20848,641806
20849,632449
20850,622829
20851,613922
20852,604424
20853,596639
20854,587009
20855,577390
20856,567799
20857,558226
20858,548684
20859,539051
20860,529383
20861,519842
20862,510271
20863,500623
20864,491057
20865,481863
20866,474228
20867,465543
20868,455991
20869,446471
20870,437095
20871,427583
20872,417982
20873,409656
20874,399708
20875,389771
20876,379886
20877,369931
20878,360402
20879,352736
20880,343290
20881,333871
20882,324371
20883,315470
20884,305939
20885,296359
20886,286821
20887,277766
20888,268282
20889,258652
20890,249093
20891,239660
20892,232110
20893,222621
20894,213039
20895,203382
20896,193771
20897,184412
20898,174766
20899,165892
20900,156329
20901,146711
20902,137088
20903,127531
20904,119946
20905,110389
20906,100846
20907,91212
20908,81692
20909,72052
20910,62454
20911,52795
20912,43217
20913,33834
20914,24219
20915,15608
20916,6029
20917,1211318
20918,1202051
20919,1192578
20920,1183006
20921,1173529
20922,1163875
20923,1154307
20924,1144803
20925,1135228
20926,1125668
20927,1116180
20928,1106517
20929,1097754
20930,1090481
20931,1081775
20932,1072159
20933,1062648
20934,1054750
20935,1045343
20936,1035871
20937,1026434
20938,1016999
20939,1007569
20940,998103
20941,988568
20942,979174
20943,971629
20944,962046
20945,952719
20946,943218
20947,934741
20948,925193
20949,915724
20950,906279
20951,896776
20952,887325
20953,877781
20954,868379
20955,858818
20956,851273
20957,841668
20958,832080
20959,822546
20960,813064
20961,803888
20962,794392
20963,785678
20964,776161
20965,766748
20966,757209
20967,747619
20968,740101
20969,730649
20970,720979
20971,711393
20972,702207
20973,692619
20974,683092
20975,675189
20976,665270
20977,655340
20978,645397
20979,636285
20980,626668
20981,619097
20982,609631
20983,600141
20984,590566
20985,580920
20986,571298
20987,561751
20988,552146
20989,542503
20990,532913
20991,523320
20992,513773
20993,504389
20994,496773
20995,487935
20996,478421
20997,468915
20998,459392
20999,449816
21000,440246
21001,430725
21002,421144
21003,411527
21004,402117
21005,392656
21006,383076
21007,375462
21008,365929
21009,356521
21010,346982
21011,338286
21012,328675
21013,319169
21014,309650
21015,300107
21016,290484
21017,280901
21018,271404
21019,261812
21020,254409
21021,245224
21022,235748
21023,226251
21024,216673
21025,207315
21026,193445
21027,188980
21028,179393
21029,169792
21030,160162
21031,150663
21032,143120
21033,133598
21034,123971
21035,114405
21036,104826
21037,95300
21038,85772
21039,76248
21040,66558
21041,57150
21042,47618
21043,38822
21044,29254
21045,21766
21046,12287
21047,2808
21048,1049555
21049,1040107
21050,1030578
21051,1021081
21052,1011473
21053,1001998
21054,992456
21055,982908
21056,973397
21057,964513
21058,959545
21059,950872
21060,941378
21061,931813
21062,922301
21063,912637
21064,903090
21065,893549
21066,883865
21067,874267
21068,864737
21069,855091
21070,845461
21071,837959
21072,828294
21073,818947
21074,809368
21075,800364
21076,790910
21077,781495
21078,773084
21079,763149
21080,753254
21081,743771
21082,734183
21083,724605
21084,716808
21085,707282
21086,697733
21087,688221
21088,678595
21089,669243
21090,659668
21091,651164
21092,641667
21093,632003
21094,622483
21095,612985
21096,605211
21097,595683
21098,586138
21099,576486
21100,566912
21101,569207
21102,559497
21103,549684
21104,539857
21105,529970
21106,520025
21107,510144
21108,500252
21109,490310
21110,480453
21111,470500
21112,460556
21113,450653
21114,440700
21115,430770
21116,420861
21117,410942
21118,401007
21119,391092
21120,381141
21121,371248
21122,361986
21123,353107
21124,343459
21125,333841
21126,324136
21127,314461
21128,304905
21129,295296
21130,285660
21131,276092
21132,266586
21133,256945
21134,247351
21135,239556
21136,230100
21137,220727
21138,211199
21139,202360
21140,192813
21141,183216
21142,173685
21143,164096
21144,154460
21145,144867
21146,135320
21147,125674
21148,117925
21149,108322
21150,98721
21151,89041
21152,79878
21153,70361
21154,60742
21155,51877
21156,42315
21157,32762
21158,23148
21159,13682
21160,5853
21161,1049601
21162,1040114
21163,1030639
21164,1021079
21165,1011553
21166,1001935
21167,992311
21168,982788
21169,973465
21170,963840
21171,954893
21172,945325
21173,937695
21174,928100
21175,918568
21176,908970
21177,899521
21178,889976
21179,880498
21180,870749
21181,862475
21182,852625
21183,842724
21184,832858
21185,823359
21186,816289
21187,807425
21188,797920
21189,788294
21190,778656
21191,769155
21192,759511
21193,750028
21194,740478
21195,730827
21196,721231
21197,711676
21198,702047
21199,694422
21200,684805
21201,675413
21202,665818
21203,656988
21204,647617
21205,637961
21206,628426
21207,618779
21208,609223
21209,599857
21210,590259
21211,580702
21212,572938
21213,563261
21214,553664
21215,544131
21216,534535
21217,525107
21218,515600
21219,506602
21220,497096
21221,487514
21222,477942
21223,468338
21224,460530
21225,450893
21226,441301
21227,431814
21228,422152
21229,412467
21230,402903
21231,393224
21232,383771
21233,374374
21234,364765
21235,355761
21236,346172
21237,338459
21238,328966
21239,319483
21240,309816
21241,300190
21242,290740
21243,281042
21244,271498
21245,261904
21246,252280
21247,242624
21248,233098
21249,223715
21250,215984
21251,207182
21252,197572
21253,188053
21254,178438
21255,168820
21256,159192
21257,149535
21258,139937
21259,130277
21260,120673
21261,110956
21262,101403
21263,93650
21264,84112
21265,74883
21266,65375
21267,56439
21268,46860
21269,37280
21270,27718
21271,18133
21272,8598
21273,1062248
21274,1054366
21275,1046873
21276,1044404
21277,1036581
21278,1028861
21279,1020792
21280,1012741
21281,1006144
21282,997892
21283,993602
21284,985898
21285,977743
21286,969783
21287,961998
21288,959424
21289,951593
21290,944022
21291,935932
21292,927893
21293,920202
21294,912109
21295,904146
21296,896391
21297,889073
21298,881147
21299,877100
21300,868958
21301,870648
21302,862591
21303,853606
21304,844468
21305,835301
21306,825856
21307,816392
21308,806927
21309,797354
21310,787773
21311,778182
21312,768593
21313,759191
21314,751456
21315,742502
21316,732897
21317,723370
21318,713713
21319,704080
21320,694495
21321,684991
21322,675364
21323,665812
21324,656303
21325,646670
21326,637239
21327,629457
21328,619860
21329,610558
21330,600839
21331,591946
21332,582465
21333,572902
21334,563398
21335,553794
21336,544207
21337,534570
21338,525046
21339,515382
21340,507667
21341,498054
21342,488420
21343,478848
21344,469237
21345,459792
21346,450272
21347,441359
21348,431703
21349,422046
21350,412466
21351,402775
21352,394968
21353,385406
21354,375794
21355,366130
21356,356621
21357,346996
21358,337417
21359,327766
21360,318304
21361,308937
21362,299397
21363,290353
21364,280798
21365,273085
21366,263572
21367,253961
21368,244431
21369,234740
21370,225204
21371,215518
21372,205957
21373,196268
21374,186646
21375,177051
21376,167430
21377,158291
21378,150693
21379,141937
21380,132327
21381,122712
21382,113119
21383,103506
21384,94013
21385,85600
21386,75863
21387,65922
21388,55993
21389,46086
21390,36178
21391,28319
21392,18935
21393,9593
21394,1060629
21395,1052196
21396,1042656
21397,1033140
21398,1023669
21399,1014171
21400,1004566
21401,995107
21402,991314
21403,981522
21404,971693
21405,961772
21406,951846
21407,941954
21408,932010
21409,922071
21410,912172
21411,902222
21412,892319
21413,882929
21414,873296
21415,863740
21416,855950
21417,846394
21418,836724
21419,827196
21420,817657
21421,808196
21422,798690
21423,789210
21424,779756
21425,770314
21426,760761
21427,751932
21428,742368
21429,734514
21430,724869
21431,715379
21432,705803
21433,696196
21434,686570
21435,676994
21436,667394
21437,658007
21438,648362
21439,638751
21440,629151
21441,619661
21442,611757
21443,603054
21444,593463
21445,583792
21446,574292
21447,564765
21448,555195
21449,545596
21450,535987
21451,526306
21452,516767
21453,507093
21454,497548
21455,489803
21456,480188
21457,470799
21458,461237
21459,452336
21460,442741
21461,433202
21462,423616
21463,414031
21464,404466
21465,394742
21466,385185
21467,375596
21468,367729
21469,358158
21470,348652
21471,339080
21472,329538
21473,320131
21474,310562
21475,301652
21476,292107
21477,282474
21478,272937
21479,263443
21480,255790
21481,246288
21482,236707
21483,227058
21484,217479
21485,207926
21486,198333
21487,188650
21488,180317
21489,170367
21490,160425
21491,151054
21492,141477
21493,134379
21494,124909
21495,115260
21496,105692
21497,96417
21498,86795
21499,77131
21500,67574
21501,57891
21502,48296
21503,38758
21504,29034
21505,19605
21506,11929
21507,3342
21508,1053564
21509,1044239
21510,1034702
21511,1025154
21512,1015612
21513,1006085
21514,996396
21515,986842
21516,977264
21517,967761
21518,958202
21519,950463
21520,940866
21521,931555
21522,922080
21523,913238
21524,903686
21525,894057
21526,884441
21527,874881
21528,865263
21529,855642
21530,846078
21531,836465
21532,828723
21533,819068
21534,809561
21535,799994
21536,790505
21537,781044
21538,771551
21539,762786
21540,753155
21541,743624
21542,734077
21543,724444
21544,716631
21545,707056
21546,697406
21547,687752
21548,678214
21549,668535
21550,658949
21551,649360
21552,639920
21553,630454
21554,620935
21555,611898
21556,602361
21557,594709
21558,585186
21559,575577
21560,566034
21561,556339
21562,546817
21563,537360
21564,527720
21565,518088
21566,508581
21567,498876
21568,489328
21569,479917
21570,472114
21571,463273
21572,453701
21573,444002
21574,434398
21575,424760
21576,415111
21577,405565
21578,395964
21579,386327
21580,376696
21581,367067
21582,357349
21583,349472
21584,339989
21585,330554
21586,320910
21587,311954
21588,302350
21589,292673
21590,284244
21591,274310
21592,264358
21593,254406
21594,244454
21595,234951
21596,227106
21597,217465
21598,207903
21599,198319
21600,188739
21601,179315
21602,169824
21603,160827
21604,151305
21605,141808
21606,132153
21607,122458
21608,114722
21609,105032
21610,95476
21611,85888
21612,76494
21613,66935
21614,57328
21615,47721
21616,38056
21617,28703
21618,19082
21619,10184
21620,1170992
21621,1181930
21622,1174099
21623,1166811
21624,1158926
21625,1151138
21626,1143605
21627,1135428
21628,1127469
21629,1119860
21630,1111675
21631,1103526
21632,1094724
21633,1086510
21634,1079299
21635,1070645
21636,1061013
21637,1051394
21638,1041879
21639,1032181
21640,1022583
21641,1012984
21642,1003338
21643,993676
21644,984125
21645,974522
21646,964959
21647,957407
21648,947816
21649,938492
21650,928878
21651,920231
21652,910700
21653,901155
21654,891505
21655,882123
21656,872502
21657,862906
21658,853338
21659,843736
21660,835921
21661,826384
21662,816873
21663,807371
21664,797876
21665,788562
21666,779003
21667,770200
21668,760671
21669,750981
21670,741460
21671,731955
21672,724586
21673,715409
21674,705909
21675,696193
21676,686893
21677,677331
21678,667666
21679,658067
21680,648472
21681,639092
21682,629496
21683,620621
21684,610947
21685,604368
21686,594834
21687,585174
21688,575567
21689,565991
21690,556365
21691,546708
21692,538828
21693,528881
21694,518940
21695,509001
21696,499058
21697,489153
21698,481797
21699,473072
21700,463503
21701,453815
21702,444138
21703,434463
21704,424960
21705,415492
21706,405925
21707,396502
21708,386932
21709,377371
21710,367864
21711,360074
21712,350480
21713,341145
21714,331546
21715,322695
21716,313030
21717,303505
21718,293849
21719,284251
21720,274566
21721,265057
21722,255488
21723,245813
21724,238535
21725,229012
21726,219351
21727,209692
21728,200092
21729,190627
21730,181138
21731,172261
21732,162645
21733,153009
21734,143391
21735,133779
21736,125876
21737,116361
21738,106731
21739,97115
21740,87473
21741,77838
21742,68173
21743,58631
21744,48948
21745,39577
21746,29974
21747,21215
21748,11652
21749,4146
21750,1084349
21751,1077188
21752,1069807
21753,1061704
21754,1053714
21755,1046011
21756,1038074
21757,1030228
21758,1022597
21759,1014308
21760,1006232
21761,1001603
21762,1006813
21763,998496
21764,989019
21765,979456
21766,969901
21767,960374
21768,950674
21769,941157
21770,931509
21771,921864
21772,912198
21773,902730
21774,893102
21775,885561
21776,876025
21777,866620
21778,857194
21779,848381
21780,838801
21781,829148
21782,819592
21783,809977
21784,800345
21785,790817
21786,781091
21787,771476
21788,763805
21789,754128
21790,744592
21791,734965
21792,725391
21793,715977
21794,708172
21795,698218
21796,688453
21797,678838
21798,669289
21799,659682
21800,652131
21801,642497
21802,633040
21803,623450
21804,613860
21805,604266
21806,594772
21807,585107
21808,575486
21809,566137
21810,556587
21811,547559
21812,538024
21813,530289
21814,520732
21815,511153
21816,501418
21817,491762
21818,482243
21819,472615
21820,463061
21821,453386
21822,443793
21823,434164
21824,424588
21825,415104
21826,407315
21827,398486
21828,388823
21829,379187
21830,369726
21831,360036
21832,350421
21833,340873
21834,331213
21835,321673
21836,312094
21837,302552
21838,292949
21839,285225
21840,275609
21841,266213
21842,256694
21843,247761
21844,238177
21845,228543
21846,219040
21847,209338
21848,199826
21849,190107
21850,180550
21851,170950
21852,163095
21853,153548
21854,144693
21855,135101
21856,125522
21857,116174
21858,106548
21859,97779
21860,88184
21861,78492
21862,68792
21863,59215
21864,51560
21865,42163
21866,32605
21867,22911
21868,13456
21869,3946
21870,1060283
21871,1050871
21872,1041443
21873,1032517
21874,1023046
21875,1014489
21876,1004961
21877,1002463
21878,992961
21879,983317
21880,973853
21881,964225
21882,954597
21883,944957
21884,935435
21885,925744
21886,916166
21887,906669
21888,897067
21889,887652
21890,880188
21891,871346
21892,861764
21893,852249
21894,842617
21895,833103
21896,823548
21897,815419
21898,805532
21899,795626
21900,785686
21901,775754
21902,766080
21903,758543
21904,748909
21905,739592
21906,730065
21907,721160
21908,711604
21909,701910
21910,692355
21911,682802
21912,673308
21913,663779
21914,654336
21915,644763
21916,637144
21917,627564
21918,618035
21919,608470
21920,599138
21921,589774
21922,580338
21923,571537
21924,561954
21925,552373
21926,542847
21927,533306
21928,525734
21929,516211
21930,506639
21931,497155
21932,487601
21933,478035
21934,468392
21935,458802
21936,449172
21937,439700
21938,430174
21939,421346
21940,411733
21941,404166
21942,394520
21943,384960
21944,375397
21945,365772
21946,356254
21947,346691
21948,337134
21949,327472
21950,318055
21951,308508
21952,298907
21953,289582
21954,281833
21955,273013
21956,263530
21957,253988
21958,244425
21959,234903
21960,225319
21961,215735
21962,206182
21963,196608
21964,187125
21965,177550
21966,167993
21967,160436
21968,150899
21969,141539
21970,132034
21971,123222
21972,113632
21973,104577
21974,95012
21975,85463
21976,75814
21977,66428
21978,56852
21979,47307
21980,39896
21981,30281
21982,20626
21983,11328
21984,1884
21985,1132877
21986,1123580
21987,1114981
21988,1105541
21989,1096068
21990,1086453
21991,1076952
21992,1073070
21993,1063628
21994,1054180
21995,1044715
21996,1035133
21997,1025564
21998,1016073
21999,1006373
22000,997991
22001,988082
22002,978136
22003,969075
22004,959566
22005,952006
22006,942426
22007,932912
22008,923279
22009,913762
22010,904280
22011,894762
22012,885254
22013,875840
22014,866435
22015,856844
22016,847430
22017,838134
22018,830519
22019,821816
22020,812173
22021,802632
22022,793126
22023,783622
22024,773991
22025,764563
22026,754901
22027,745473
22028,736119
22029,726570
22030,717002
22031,711552
22032,701663
22033,691815
22034,681935
22035,672046
22036,662486
22037,652954
22038,643585
22039,634005
22040,624448
22041,614887
22042,605229
22043,595667
22044,588012
22045,578537
22046,568912
22047,559317
22048,549694
22049,540290
22050,530642
22051,521804
22052,512265
22053,502646
22054,493062
22055,483420
22056,475972
22057,466328
22058,456783
22059,447144
22060,437609
22061,428142
22062,418607
22063,409082
22064,399465
22065,390105
22066,380522
22067,371756
22068,362168
22069,355788
22070,346267
22071,336833
22072,327275
22073,317761
22074,308154
22075,298519
22076,288952
22077,279286
22078,269844
22079,260292
22080,250665
22081,241406
22082,233912
22083,225121
22084,215503
22085,206080
22086,196493
22087,186945
22088,177901
22089,168308
22090,158744
22091,149095
22092,139561
22093,129952
22094,120491
22095,113811
22096,104339
22097,94963
22098,85415
22099,76469
22100,66916
22101,57225
22102,48817
22103,38937
22104,29006
22105,19061
22106,9374
22107,1129242
22108,1124880
22109,1115501
22110,1105897
22111,1096303
22112,1086814
22113,1077886
22114,1068278
22115,1059567
22116,1049930
22117,1040399
22118,1030756
22119,1021229
22120,1013682
22121,1004124
22122,994472
22123,984900
22124,975315
22125,965736
22126,956212
22127,946746
22128,937100
22129,927760
22130,918384
22131,909726
22132,900394
22133,892898
22134,883263
22135,873606
22136,864037
22137,854684
22138,845096
22139,835715
22140,826077
22141,816438
22142,807077
22143,797378
22144,787782
22145,778382
22146,771114
22147,762285
22148,752793
22149,743105
22150,733842
22151,724310
22152,714614
22153,705192
22154,695656
22155,686055
22156,676402
22157,666807
22158,657149
22159,649518
22160,639989
22161,630531
22162,620892
22163,612228
22164,602618
22165,592982
22166,583437
22167,573850
22168,564343
22169,554781
22170,545140
22171,535515
22172,528012
22173,518384
22174,508892
22175,499247
22176,489617
22177,480223
22178,470725
22179,462172
22180,452625
22181,443042
22182,433363
22183,423752
22184,418378
22185,408770
22186,399217
22187,389678
22188,380293
22189,370665
22190,361043
22191,351525
22192,341806
22193,332414
22194,322921
22195,314139
22196,304624
22197,296865
22198,287366
22199,277795
22200,268148
22201,258554
22202,248928
22203,239274
22204,229662
22205,221889
22206,211981
22207,202098
22208,192197
22209,182281
22210,174034
22211,165673
22212,156187
22213,146596
22214,137041
22215,127398
22216,117695
22217,108049
22218,98503
22219,88877
22220,79406
22221,69824
22222,60169
22223,52525
22224,43066
22225,33658
22226,24105
22227,15290
22228,5686
22229,1088797
22230,1081527
22231,1073952
22232,1066406
22233,1058145
22234,1050430
22235,1042727
22236,1046959
22237,1037514
22238,1028018
22239,1018349
22240,1008705
22241,999872
22242,990234
22243,981492
22244,972011
22245,962408
22246,952774
22247,943195
22248,935677
22249,926195
22250,916620
22251,906974
22252,897372
22253,887832
22254,878193
22255,868521
22256,859022
22257,849600
22258,840155
22259,831656
22260,822136
22261,815967
22262,806351
22263,796781
22264,787166
22265,777619
22266,767989
22267,758514
22268,748947
22269,739431
22270,729784
22271,720216
22272,710596
22273,701402
22274,693690
22275,684951
22276,675311
22277,665827
22278,656268
22279,646769
22280,637215
22281,627637
22282,618183
22283,608744
22284,599024
22285,589597
22286,580076
22287,572466
22288,563020
22289,553590
22290,544031
22291,535066
22292,525535
22293,516041
22294,506366
22295,496783
22296,487234
22297,477590
22298,467965
22299,458270
22300,450512
22301,440916
22302,431316
22303,421695
22304,412117
22305,402701
22306,393086
22307,385656
22308,375721
22309,365817
22310,355914
22311,345969
22312,337955
22313,328410
22314,318738
22315,309106
22316,299739
22317,290098
22318,280602
22319,271027
22320,261550
22321,252240
22322,242619
22323,233640
22324,224061
22325,216415
22326,206800
22327,197137
22328,187576
22329,177949
22330,168387
22331,158837
22332,149202
22333,140064
22334,130540
22335,120893
22336,111327
22337,101988
22338,94347
22339,85488
22340,75878
22341,66270
22342,56667
22343,47013
22344,37395
22345,27704
22346,18313
22347,8719
22348,1058411
22349,1048960
22350,1039427
22351,1035053
22352,1025641
22353,1016804
22354,1007266
22355,998548
22356,988910
22357,979348
22358,969767
22359,960170
22360,950564
22361,941029
22362,931398
22363,921757
22364,920886
22365,911272
22366,901695
22367,892212
22368,882522
22369,873153
22370,863569
22371,854735
22372,845062
22373,835592
22374,825950
22375,816433
22376,808810
22377,799183
22378,789642
22379,780047
22380,770459
22381,760979
22382,751463
22383,741840
22384,732354
22385,722991
22386,713326
22387,704459
22388,695006
22389,687143
22390,677779
22391,668369
22392,658720
22393,649259
22394,639742
22395,630419
22396,620922
22397,611419
22398,601949
22399,592290
22400,582739
22401,573333
22402,565592
22403,556739
22404,547091
22405,537509
22406,527948
22407,518333
22408,508662
22409,501407
22410,491479
22411,481580
22412,471677
22413,461728
22414,451793
22415,443100
22416,433541
22417,424134
22418,414561
22419,405676
22420,396120
22421,386548
22422,376986
22423,367379
22424,357817
22425,348267
22426,338715
22427,329148
22428,321413
22429,311859
22430,302337
22431,292662
22432,283018
22433,273646
22434,264151
22435,255380
22436,245784
22437,236090
22438,226552
22439,216916
22440,209112
22441,199510
22442,190000
22443,180365
22444,170792
22445,161273
22446,151646
22447,141997
22448,132434
22449,122992
22450,113348
22451,105053
22452,95636
22453,89086
22454,79470
22455,69946
22456,60285
22457,50718
22458,41119
22459,31594
22460,21982
22461,12513
22462,3027
22463,1052652
22464,1043191
22465,1034285
22466,1030146
22467,1024674
22468,1014877
22469,1005021
22470,995138
22471,985258
22472,975386
22473,965436
22474,955534
22475,945624
22476,935682
22477,925733
22478,915900
22479,908327
22480,898760
22481,889475
22482,879829
22483,870971
22484,861627
22485,852073
22486,842564
22487,833064
22488,823636
22489,814125
22490,804518
22491,795001
22492,787229
22493,777715
22494,768059
22495,758568
22496,749040
22497,739578
22498,730111
22499,721309
22500,711613
22501,702230
22502,692587
22503,683017
22504,675190
22505,665728
22506,656328
22507,646673
22508,637092
22509,627525
22510,617860
22511,610199
22512,600266
22513,590320
22514,580420
22515,570947
22516,561322
22517,553573
22518,544061
22519,534423
22520,524797
22521,515105
22522,505583
22523,495905
22524,486271
22525,476609
22526,467032
22527,457376
22528,447725
22529,438266
22530,430461
22531,421699
22532,412149
22533,402413
22534,392893
22535,383271
22536,373644
22537,363936
22538,354421
22539,344698
22540,335160
22541,325570
22542,315981
22543,308202
22544,298687
22545,289237
22546,279683
22547,270751
22548,261109
22549,251681
22550,242102
22551,232472
22552,222908
22553,213365
22554,203470
22555,193835
22556,186139
22557,176480
22558,166860
22559,157329
22560,147653
22561,138189
22562,128671
22563,119767
22564,110132
22565,100551
22566,90832
22567,81707
22568,74206
22569,64547
22570,54957
22571,45405
22572,35755
22573,26135
22574,16726
22575,7095
22576,1122991
22577,1114266
22578,1104778
22579,1096158
22580,1086657
22581,1081999
22582,1072546
22583,1063029
22584,1053419
22585,1043845
22586,1034286
22587,1024654
22588,1014996
22589,1005495
22590,995811
22591,986260
22592,976673
22593,967224
22594,959515
22595,950745
22596,941126
22597,931539
22598,922001
22599,912411
22600,902734
22601,893311
22602,883816
22603,874276
22604,864792
22605,855369
22606,845794
22607,838218
22608,828570
22609,819139
22610,809643
22611,800769
22612,791348
22613,781812
22614,773929
22615,764007
22616,754075
22617,744117
22618,734232
22619,724794
22620,717115
22621,707498
22622,697967
22623,688302
22624,678819
22625,669460
22626,659955
22627,651159
22628,641660
22629,632096
22630,622798
22631,613278
22632,605658
22633,596061
22634,586598
22635,576886
22636,567360
22637,557786
22638,548143
22639,538538
22640,529020
22641,519641
22642,510069
22643,501195
22644,491535
22645,485181
22646,475621
22647,466056
22648,456458
22649,446846
22650,437209
22651,427618
22652,418070
22653,408495
22654,398894
22655,389328
22656,379663
22657,370310
22658,362685
22659,353802
22660,344238
22661,339468
22662,329598
22663,319767
22664,309891
22665,299992
22666,290095
22667,280213
22668,270291
22669,260349
22670,250441
22671,240989
22672,231471
22673,222168
22674,212624
22675,203807
22676,194317
22677,184812
22678,175298
22679,166475
22680,156911
22681,147327
22682,137842
22683,128256
22684,120792
22685,111360
22686,101650
22687,92181
22688,82599
22689,73168
22690,63487
22691,54600
22692,45018
22693,35405
22694,25764
22695,16310
22696,8728
22697,1138069
22698,1128631
22699,1119154
22700,1109699
22701,1100150
22702,1090511
22703,1081043
22704,1071470
22705,1062695
22706,1053371
22707,1044654
22708,1035075
22709,1030840
22710,1021288
22711,1011690
22712,1002288
22713,992854
22714,983538
22715,974365
22716,965161
22717,957717
22718,950464
22719,944442
22720,938333
22721,934749
22722,938524
22723,940619
22724,935213
22725,928736
22726,923501
22727,919862
22728,913982
22729,906680
22730,898176
22731,888866
22732,879736
22733,870369
22734,860918
22735,853393
22736,843794
22737,834451
22738,824859
22739,816054
22740,806640
22741,797087
22742,787449
22743,777990
22744,768385
22745,758893
22746,749220
22747,739699
22748,732183
22749,722550
22750,712978
22751,703510
22752,693863
22753,684530
22754,675179
22755,666584
22756,656909
22757,647548
22758,637972
22759,628378
22760,620698
22761,611176
22762,601604
22763,592067
22764,582668
22765,573225
22766,563587
22767,554019
22768,544512
22769,535161
22770,525544
22771,516610
22772,507097
22773,499830
22774,490327
22775,480802
22776,471317
22777,461778
22778,452213
22779,442647
22780,433196
22781,423571
22782,413900
22783,404459
22784,395056
22785,385667
22786,377988
22787,369251
22788,359622
22789,349988
22790,340481
22791,330920
22792,321427
22793,311934
22794,302262
22795,292627
22796,283055
22797,273458
22798,263835
22799,256245
22800,246590
22801,237664
22802,228193
22803,219339
22804,209719
22805,200313
22806,190759
22807,181264
22808,171797
22809,162218
22810,152680
22811,143166
22812,139585
22813,130019
22814,120429
22815,110781
22816,101306
22817,91926
22818,82365
22819,73861
22820,63955
22821,54262
22822,44783
22823,35220
22824,27980
22825,18426
22826,8892
22827,1144635
22828,1138454
22829,1132088
22830,1124470
22831,1116953
22832,1109781
22833,1102625
22834,1093417
22835,1085255
22836,1075611
22837,1072502
22838,1063024
22839,1053460
22840,1043982
22841,1034465
22842,1024862
22843,1015207
22844,1005739
22845,996058
22846,986452
22847,976907
22848,967236
22849,957853
22850,950420
22851,941511
22852,931959
22853,922383
22854,912907
22855,903356
22856,893880
22857,884666
22858,875238
22859,865779
22860,856244
22861,846759
22862,837397
22863,829660
22864,820181
22865,810946
22866,801439
22867,792673
22868,783144
22869,773492
22870,764324
22871,754935
22872,745452
22873,735880
22874,726441
22875,716962
22876,709233
22877,699708
22878,690186
22879,680710
22880,671183
22881,661709
22882,652336
22883,643652
22884,634083
22885,624487
22886,614843
22887,605335
22888,597936
22889,588470
22890,578779
22891,569258
22892,559743
22893,550146
22894,540534
22895,530974
22896,521285
22897,511895
22898,502320
22899,493407
22900,483821
22901,476275
22902,466759
22903,457145
22904,447564
22905,437970
22906,428409
22907,418804
22908,409219
22909,399552
22910,390039
22911,380456
22912,371003
22913,361805
22914,354432
22915,345659
22916,336127
22917,326501
22918,316930
22919,307457
22920,297928
22921,290826
22922,280977
22923,271042
22924,261106
22925,251193
22926,241255
22927,232810
22928,223491
22929,213962
22930,204380
22931,196196
22932,186645
22933,176986
22934,167447
22935,157867
22936,148316
22937,138745
22938,129188
22939,119696
22940,112975
22941,103522
22942,93908
22943,84372
22944,74782
22945,65306
22946,55741
22947,46745
22948,37091
22949,27521
22950,18105
22951,8534
22952,1063483
22953,1054069
22954,1044568
22955,1034990
22956,1025454
22957,1015846
22958,1006317
22959,996616
22960,987075
22961,978231
22962,968731
22963,960070
22964,950588
22965,943115
22966,933657
22967,924121
22968,914616
22969,904984
22970,895474
22971,885913
22972,876306
22973,866872
22974,857319
22975,847935
22976,838352
22977,829005
22978,821504
22979,812733
22980,803097
22981,793555
22982,784041
22983,774483
22984,764940
22985,755459
22986,745846
22987,736372
22988,726813
22989,717151
22990,707559
22991,699998
22992,690375
22993,681108
22994,671512
22995,662877
22996,653393
22997,643951
22998,634527
22999,625298
23000,615874
23001,606186
23002,596749
23003,587163
23004,579445
23005,569854
23006,560351
23007,550661
23008,541040
23009,531715
23010,522123
23011,513285
23012,503744
23013,494111
23014,484459
23015,474854
23016,467053
23017,457549
23018,447939
23019,438334
23020,428728
23021,419103
23022,409554
23023,399845
23024,391539
23025,381606
23026,371658
23027,362300
23028,352696
23029,346324
23030,336792
23031,327182
23032,317651
23033,308088
23034,298529
23035,288917
23036,279354
23037,269703
23038,260203
23039,250723
23040,241248
23041,231894
23042,224179
23043,215194
23044,205645
23045,196089
23046,186546
23047,176871
23048,167255
23049,157630
23050,148085
23051,138553
23052,129029
23053,119441
23054,110003
23055,102385
23056,93454
23057,84062
23058,74461
23059,65638
23060,56104
23061,46403
23062,36859
23063,27303
23064,17783
23065,8152
23066,1055220
23067,1045706
23068,1041023
23069,1031535
23070,1022034
23071,1012405
23072,1002965
23073,993994
23074,984386
23075,975830
23076,966180
23077,956580
23078,947083
23079,937331
23080,929779
23081,920203
23082,910620
23083,900943
23084,891364
23085,881755
23086,872167
23087,862589
23088,853073
23089,843618
23090,834112
23091,825408
23092,816020
23093,808936
23094,799323
23095,789785
23096,780218
23097,770687
23098,761175
23099,751694
23100,742096
23101,732649
23102,723249
23103,713687
23104,704222
23105,694943
23106,687212
23107,678482
23108,669065
23109,659616
23110,650203
23111,640594
23112,631009
23113,621558
23114,612011
23115,602560
23116,592985
23117,583661
23118,574116
23119,566580
23120,557179
23121,547754
23122,538297
23123,529474
23124,519876
23125,510329
23126,503003
23127,493103
23128,483205
23129,473305
23130,463436
23131,453504
23132,445148
23133,435589
23134,425950
23135,416444
23136,406789
23137,397328
23138,387802
23139,378975
23140,369393
23141,359817
23142,350102
23143,340605
23144,332916
23145,323429
23146,313771
23147,304368
23148,294813
23149,285299
23150,275769
23151,266118
23152,256577
23153,247298
23154,237698
23155,228818
23156,219325
23157,211796
23158,202319
23159,192811
23160,183237
23161,173682
23162,164098
23163,154463
23164,144824
23165,135307
23166,125718
23167,116111
23168,106529
23169,97113
23170,90203
23171,81506
23172,71973
23173,62426
23174,52889
23175,43258
23176,33646
23177,24110
23178,14725
23179,5120
23180,1230339
23181,1224002
23182,1216830
23183,1235613
23184,1226972
23185,1218940
23186,1209585
23187,1200978
23188,1191539
23189,1181988
23190,1172407
23191,1162803
23192,1153304
23193,1143583
23194,1134089
23195,1124415
23196,1116790
23197,1107154
23198,1097599
23199,1087960
23200,1078276
23201,1068986
23202,1059243
23203,1050528
23204,1040984
23205,1031251
23206,1021707
23207,1012135
23208,1004407
23209,995024
23210,985469
23211,975928
23212,966312
23213,956734
23214,947083
23215,937633
23216,928095
23217,918633
23218,908999
23219,900095
23220,890410
23221,883880
23222,874279
23223,864924
23224,855337
23225,845772
23226,836122
23227,826675
23228,818862
23229,808934
23230,798997
23231,789043
23232,779098
23233,769166
23234,761245
23235,752349
23236,742982
23237,733439
23238,723796
23239,714220
23240,704625
23241,695063
23242,685410
23243,675850
23244,666264
23245,656578
23246,646978
23247,639199
23248,629565
23249,620130
23250,610448
23251,601427
23252,591766
23253,582164
23254,572652
23255,563070
23256,553439
23257,543765
23258,534115
23259,524650
23260,516919
23261,507329
23262,497761
23263,488157
23264,478517
23265,469116
23266,459557
23267,450815
23268,441210
23269,431614
23270,422029
23271,412452
23272,404735
23273,395143
23274,385536
23275,375888
23276,366347
23277,356682
23278,347010
23279,337425
23280,327768
23281,318329
23282,308750
23283,300197
23284,290663
23285,283084
23286,273554
23287,263939
23288,254421
23289,244758
23290,240714
23291,230916
23292,221035
23293,211103
23294,201248
23295,191376
23296,181467
23297,171598
23298,161657
23299,151712
23300,141859
23301,131989
23302,122100
23303,112425
23304,102757
23305,93241
23306,83550
23307,73905
23308,64199
23309,54574
23310,44991
23311,37190
23312,28023
23313,18579
23314,8938
23315,1213992
23316,1207849
23317,1200724
23318,1193848
23319,1186322
23320,1179049
23321,1171952
23322,1164308
23323,1157263
23324,1170752
23325,1161474
23326,1152133
23327,1142614
23328,1132997
23329,1123757
23330,1115981
23331,1106101
23332,1096176
23333,1086710
23334,1077024
23335,1067598
23336,1060401
23337,1050873
23338,1041399
23339,1031827
23340,1022421
23341,1012816
23342,1003276
23343,993703
23344,984122
23345,974924
23346,965591
23347,956798
23348,947325
23349,939645
23350,930082
23351,920649
23352,911004
23353,901405
23354,891906
23355,882291
23356,872635
23357,863210
23358,853564
23359,844381
23360,834894
23361,825435
23362,817786
23363,809144
23364,799592
23365,790057
23366,780498
23367,770989
23368,761431
23369,752015
23370,742712
23371,733202
23372,723665
23373,714077
23374,704473
23375,696877
23376,687318
23377,677913
23378,668309
23379,659429
23380,649924
23381,640347
23382,630782
23383,621213
23384,611695
23385,602107
23386,592516
23387,582941
23388,575304
23389,565799
23390,556207
23391,546649
23392,537035
23393,527715
23394,518047
23395,509250
23396,499671
23397,490037
23398,480406
23399,470900
23400,463220
23401,453740
23402,444332
23403,434665
23404,425074
23405,415524
23406,405920
23407,396353
23408,386768
23409,377380
23410,367861
23411,359119
23412,349483
23413,343105
23414,333554
23415,324043
23416,314370
23417,304801
23418,295230
23419,285959
23420,276466
23421,266846
23422,257257
23423,247859
23424,238284
23425,228847
23426,221494
23427,212608
23428,203026
23429,193498
23430,183826
23431,174269
23432,164634
23433,156601
23434,146696
23435,136785
23436,126835
23437,116893
23438,107041
23439,99330
23440,89839
23441,80416
23442,70876
23443,61987
23444,52444
23445,43033
23446,33454
23447,24143
23448,14618
23449,5088
23450,1080062
23451,1070664
23452,1065915
23453,1056539
23454,1046899
23455,1037292
23456,1027790
23457,1018730
23458,1009208
23459,1000399
23460,990831
23461,981179
23462,971671
23463,962037
23464,954489
23465,945024
23466,935387
23467,925700
23468,916117
23469,906476
23470,896951
23471,887493
23472,877885
23473,868507
23474,858933
23475,850065
23476,840516
23477,832847
23478,823203
23479,813644
23480,804323
23481,794754
23482,785260
23483,775764
23484,766123
23485,756659
23486,747106
23487,737534
23488,727853
23489,718509
23490,710546
23491,701792
23492,692285
23493,682930
23494,673479
23495,663967
23496,654407
23497,645041
23498,635436
23499,625932
23500,616301
23501,606677
23502,596995
23503,589197
23504,579707
23505,570440
23506,560834
23507,551960
23508,542334
23509,532740
23510,523106
23511,513422
23512,503811
23513,494180
23514,484563
23515,474889
23516,467157
23517,457560
23518,447950
23519,438398
23520,428747
23521,419275
23522,409758
23523,400790
23524,391206
23525,381634
23526,371965
23527,362335
23528,354591
23529,345010
23530,335345
23531,325725
23532,316043
23533,306509
23534,297038
23535,287446
23536,278816
23537,268929
23538,258976
23539,250000
23540,240395
23541,232688
23542,223223
23543,213662
23544,204051
23545,194474
23546,184865
23547,175226
23548,165610
23549,155925
23550,146366
23551,136755
23552,127137
23553,117728
23554,110312
23555,101533
23556,91925
23557,82253
23558,72827
23559,63248
23560,53650
23561,44119
23562,34453
23563,24832
23564,15397
23565,5791
23566,1161067
23567,1157287
23568,1147720
23569,1138882
23570,1129367
23571,1120798
23572,1111228
23573,1101850
23574,1092260
23575,1082651
23576,1073164
23577,1063625
23578,1054090
23579,1044553
23580,1037040
23581,1027532
23582,1017967
23583,1008357
23584,998767
23585,989442
23586,979873
23587,970949
23588,961577
23589,952003
23590,942460
23591,932998
23592,925293
23593,915771
23594,906297
23595,896708
23596,887273
23597,877792
23598,868098
23599,858650
23600,849153
23601,839680
23602,830242
23603,821580
23604,811992
23605,805956
23606,796345
23607,786828
23608,777252
23609,767868
23610,758286
23611,748667
23612,739189
23613,729673
23614,720440
23615,710997
23616,701413
23617,692059
23618,684655
23619,675738
23620,666187
23621,656604
23622,647041
23623,637436
23624,627927
23625,618396
23626,608957
23627,599121
23628,589384
23629,579809
23630,570252
23631,562576
23632,552961
23633,543611
23634,533964
23635,525076
23636,515544
23637,505955
23638,497900
23639,487993
23640,478044
23641,468106
23642,458197
23643,448499
23644,441020
23645,431695
23646,422189
23647,412621
23648,403112
23649,393799
23650,384326
23651,375531
23652,365904
23653,356493
23654,346970
23655,337416
23656,329801
23657,320265
23658,310680
23659,301181
23660,291671
23661,282133
23662,272458
23663,262922
23664,253373
23665,244057
23666,234438
23667,225613
23668,216096
23669,208645
23670,199404
23671,189833
23672,180296
23673,170728
23674,161165
23675,151671
23676,142136
23677,132513
23678,122946
23679,113358
23680,103806
23681,94514
23682,86881
23683,78160
23684,68540
23685,59000
23686,49414
23687,39868
23688,30205
23689,20832
23690,11259
23691,1145461
23692,1136059
23693,1126671
23694,1117178
23695,1113938
23696,1104525
23697,1095748
23698,1086237
23699,1077670
23700,1068035
23701,1058493
23702,1048936
23703,1039281
23704,1029736
23705,1020177
23706,1010559
23707,1001036
23708,993599
23709,983963
23710,974497
23711,964957
23712,955339
23713,946028
23714,936453
23715,927549
23716,918219
23717,908839
23718,899350
23719,889787
23720,882261
23721,872784
23722,863182
23723,853713
23724,844164
23725,834693
23726,825250
23727,815803
23728,806294
23729,797006
23730,787496
23731,778651
23732,769144
23733,761665
23734,752212
23735,742716
23736,733197
23737,723729
23738,714279
23739,704805
23740,695322
23741,686931
23742,676997
23743,667064
23744,657436
23745,648087
23746,640713
23747,631977
23748,622356
23749,612990
23750,603438
23751,593975
23752,584530
23753,574949
23754,565405
23755,555819
23756,546243
23757,536658
23758,527075
23759,519469
23760,509948
23761,500549
23762,491008
23763,482209
23764,472650
23765,463091
23766,453366
23767,443852
23768,434343
23769,424793
23770,415206
23771,405631
23772,397903
23773,388319
23774,378910
23775,369420
23776,359805
23777,350512
23778,341071
23779,332403
23780,322874
23781,313313
23782,303645
23783,294198
23784,286535
23785,277078
23786,267535
23787,258011
23788,248406
23789,238846
23790,229226
23791,219594
23792,210000
23793,200558
23794,191096
23795,182741
23796,173223
23797,167069
23798,157472
23799,147907
23800,138398
23801,128799
23802,119243
23803,109704
23804,100126
23805,90467
23806,80950
23807,71487
23808,61797
23809,52390
23810,44626
23811,35649
23812,26273
23813,16736
23814,7227
23815,1249179
23816,1242735
23817,1233848
23818,1224766
23819,1215437
23820,1206083
23821,1196605
23822,1187083
23823,1183155
23824,1173565
23825,1164562
23826,1154951
23827,1146205
23828,1136719
23829,1127035
23830,1117465
23831,1107976
23832,1098378
23833,1088741
23834,1079197
23835,1069552
23836,1061995
23837,1052518
23838,1042895
23839,1033299
23840,1023696
23841,1014249
23842,1004629
23843,996160
23844,986218
23845,976605
23846,967035
23847,957435
23848,949734
23849,940243
23850,930551
23851,921068
23852,911487
23853,902005
23854,892419
23855,882918
23856,873381
23857,863847
23858,854382
23859,845773
23860,836067
23861,828364
23862,818873
23863,809281
23864,799671
23865,790110
23866,780475
23867,770911
23868,761216
23869,751902
23870,742332
23871,732767
23872,723189
23873,713861
23874,706016
23875,697057
23876,687565
23877,677913
23878,668322
23879,658741
23880,649104
23881,639525
23882,629828
23883,620210
23884,610625
23885,601059
23886,591387
23887,583771
23888,574189
23889,564796
23890,555187
23891,546505
23892,536868
23893,527314
23894,517758
23895,508132
23896,498570
23897,488984
23898,479387
23899,469755
23900,462109
23901,452423
23902,443077
23903,433488
23904,423946
23905,414474
23906,404956
23907,396031
23908,386502
23909,376884
23910,367214
23911,357702
23912,349887
23913,340365
23914,330724
23915,321238
23916,311604
23917,306274
23918,296397
23919,286494
23920,276600
23921,266726
23922,256815
23923,246926
23924,237068
23925,228371
23926,218807
23927,209206
23928,199609
23929,189997
23930,180367
23931,170736
23932,161225
23933,151635
23934,142041
23935,132404
23936,122829
23937,113445
23938,105555
23939,96709
23940,87022
23941,77332
23942,67756
23943,58209
23944,48551
23945,40545
23946,30623
23947,20703
23948,10798
23949,1100959
23950,1091293
23951,1081460
23952,1071532
23953,1061636
23954,1051745
23955,1041813
23956,1031945
23957,1022045
23958,1012153
23959,1002244
23960,992354
23961,982426
23962,972519
23963,962635
23964,952687
23965,942794
23966,932905
23967,922961
23968,913043
23969,903147
23970,893239
23971,1328249
23972,1318704
23973,1309225
23974,1299834
23975,1290254
23976,1283827
23977,1274305
23978,1264716
23979,1255414
23980,1245856
23981,1236365
23982,1226626
23983,1217008
23984,1207565
23985,1198150
23986,1188659
23987,1179640
23988,1170062
23989,1163583
23990,1153981
23991,1144363
23992,1135088
23993,1125523
23994,1115950
23995,1106312
23996,1096844
23997,1087235
23998,1077584
23999,1068023
24000,1058378
24001,1049064
24002,1041376
24003,1032683
24004,1023222
24005,1013741
24006,1004108
24007,994576
24008,985004
24009,975544
24010,966079
24011,956560
24012,946785
24013,937185
24014,927661
24015,919931
24016,910318
24017,900919
24018,891275
24019,882324
24020,872726
24021,863107
24022,853431
24023,843941
24024,834223
24025,824566
24026,815013
24027,805303
24028,798492
24029,788977
24030,779360
24031,769669
24032,760128
24033,750674
24034,741042
24035,732175
24036,722498
24037,712880
24038,703231
24039,693562
24040,685317
24041,675717
24042,666189
24043,656682
24044,646973
24045,637351
24046,627767
24047,635305
24048,625396
24049,615522
24050,605626
24051,595683
24052,585790
24053,575903
24054,566003
24055,556056
24056,546161
24057,536209
24058,526266
24059,516346
24060,506444
24061,496498
24062,486619
24063,476664
24064,466718
24065,456804
24066,446857
24067,436979
24068,427062
24069,417120
24070,407207
24071,397317
24072,387366
24073,377419
24074,367518
24075,357570
24076,347625
24077,337706
24078,327795
24079,318915
24080,309403
24081,299888
24082,290284
24083,281705
24084,272179
24085,262623
24086,253113
24087,243523
24088,233947
24089,224343
24090,214705
24091,205097
24092,197437
24093,187833
24094,178204
24095,168700
24096,159125
24097,149688
24098,140172
24099,131264
24100,121753
24101,112144
24102,102469
24103,92878
24104,85071
24105,75537
24106,65832
24107,56303
24108,47008
24109,37517
24110,27979
24111,18257
24112,8712
24113,1173127
24114,1164009
24115,1155260
24116,1145931
24117,1141859
24118,1132312
24119,1122802
24120,1113184
24121,1103770
24122,1094260
24123,1084648
24124,1074992
24125,1065564
24126,1055965
24127,1046395
24128,1036843
24129,1027483
24130,1020037
24131,1011327
24132,1001814
24133,992301
24134,982745
24135,973076
24136,963509
24137,954016
24138,944353
24139,934813
24140,925283
24141,915613
24142,906302
24143,898832
24144,889273
24145,879971
24146,870502
24147,861639
24148,852139
24149,842753
24150,834710
24151,824813
24152,814952
24153,805046
24154,795141
24155,785423
24156,778250
24157,768704
24158,759326
24159,749885
24160,740267
24161,730993
24162,721545
24163,712761
24164,703323
24165,693761
24166,684542
24167,674990
24168,667498
24169,658075
24170,648554
24171,638999
24172,629416
24173,619813
24174,610226
24175,600636
24176,591207
24177,581778
24178,572197
24179,563412
24180,553749
24181,547377
24182,537869
24183,528305
24184,518589
24185,509143
24186,499818
24187,490300
24188,480750
24189,471416
24190,461968
24191,452420
24192,442913
24193,433582
24194,426152
24195,417257
24196,407660
24197,398019
24198,388549
24199,379181
24200,369650
24201,360116
24202,350474
24203,341021
24204,331427
24205,321812
24206,312261
24207,304705
24208,295140
24209,285860
24210,276260
24211,267381
24212,257756
24213,248139
24214,238593
24215,228988
24216,219838
24217,210232
24218,200689
24219,191104
24220,183588
24221,174025
24222,164406
24223,154817
24224,145230
24225,135861
24226,126270
24227,117515
24228,107870
24229,98341
24230,88692
24231,79190
24232,71433
24233,62015
24234,52328
24235,42722
24236,33154
24237,23694
24238,14153
24239,4587
24240,1055219
24241,1046554
24242,1037193
24243,1028520
24244,1018975
24245,1015177
24246,1005716
24247,996237
24248,986693
24249,977197
24250,967540
24251,958039
24252,948425
24253,940811
24254,931022
24255,921114
24256,911217
24257,901315
24258,893150
24259,884371
24260,874951
24261,865305
24262,855675
24263,846135
24264,836516
24265,827067
24266,817500
24267,808097
24268,798578
24269,789051
24270,779794
24271,772303
24272,762764
24273,753404
24274,743910
24275,735122
24276,725503
24277,715870
24278,706275
24279,696619
24280,687097
24281,677557
24282,668060
24283,658758
24284,651343
24285,641742
24286,632184
24287,622597
24288,613157
24289,603763
24290,594167
24291,585327
24292,575891
24293,566331
24294,556728
24295,547185
24296,539728
24297,530163
24298,520566
24299,510956
24300,501316
24301,491707
24302,482221
24303,472611
24304,463075
24305,453724
24306,444144
24307,435280
24308,425646
24309,418379
24310,408825
24311,399299
24312,389690
24313,380017
24314,370508
24315,360799
24316,351209
24317,341669
24318,332146
24319,322437
24320,312965
24321,303659
24322,296042
24323,287287
24324,277794
24325,268132
24326,258803
24327,249155
24328,239632
24329,230093
24330,220484
24331,211010
24332,201522
24333,191987
24334,182395
24335,174923
24336,165330
24337,155921
24338,146445
24339,137534
24340,127954
24341,118393
24342,108760
24343,99677
24344,90162
24345,80643
24346,71052
24347,61595
24348,54059
24349,44468
24350,35024
24351,25347
24352,16047
24353,6711
24354,1057063
24355,1050130
24356,1040255
24357,1030369
24358,1020803
24359,1011368
24360,1007397
24361,997854
24362,988452
24363,978822
24364,969317
24365,959730
24366,950153
24367,940589
24368,931097
24369,921726
24370,912210
24371,903511
24372,893934
24373,887728
24374,878279
24375,868636
24376,859042
24377,849569
24378,839918
24379,830339
24380,820922
24381,811241
24382,801783
24383,792338
24384,783197
24385,773830
24386,766450
24387,757685
24388,748124
24389,738540
24390,729022
24391,719395
24392,709920
24393,700432
24394,690979
24395,681491
24396,671815
24397,662534
24398,653050
24399,645473
24400,635980
24401,626699
24402,617142
24403,608441
24404,598884
24405,589234
24406,579738
24407,570385
24408,560716
24409,551256
24410,541977
24411,532551
24412,524950
24413,515400
24414,505888
24415,496296
24416,486787
24417,477361
24418,467788
24419,459042
24420,449419
24421,439801
24422,430279
24423,420618
24424,413114
24425,403564
24426,393981
24427,384370
24428,374800
24429,365198
24430,355612
24431,346064
24432,336386
24433,327062
24434,317543
24435,308623
24436,299130
24437,291368
24438,281809
24439,272233
24440,262898
24441,253324
24442,243763
24443,234246
24444,224649
24445,214980
24446,205440
24447,195819
24448,186245
24449,176768
24450,169003
24451,160284
24452,150757
24453,141217
24454,131565
24455,122014
24456,112405
24457,105221
24458,95387
24459,85462
24460,75517
24461,65600
24462,55649
24463,47437
24464,37947
24465,28689
24466,19121
24467,10398
24468,1060002
24469,1050629
24470,1041128
24471,1031615
24472,1022046
24473,1012547
24474,1002982
24475,993403
24476,989317
24477,979813
24478,970265
24479,960684
24480,951160
24481,942050
24482,932557
24483,923898
24484,914348
24485,904788
24486,895122
24487,885515
24488,877946
24489,868366
24490,858730
24491,849406
24492,839759
24493,830342
24494,820876
24495,811226
24496,801735
24497,792411
24498,782828
24499,773946
24500,764436
24501,756514
24502,747004
24503,737429
24504,727753
24505,718224
24506,708643
24507,699022
24508,689462
24509,679973
24510,670388
24511,660973
24512,651638
24513,642196
24514,634582
24515,625826
24516,616197
24517,606646
24518,597049
24519,587373
24520,577714
24521,568199
24522,558546
24523,548911
24524,539352
24525,529677
24526,520129
24527,512556
24528,502976
24529,493857
24530,484295
24531,475415
24532,465779
24533,456164
24534,446495
24535,436974
24536,427379
24537,417767
24538,408325
24539,398813
24540,390945
24541,381503
24542,372004
24543,362303
24544,371106
24545,361384
24546,351566
24547,341749
24548,331928
24549,322040
24550,312097
24551,302217
24552,292269
24553,282335
24554,272433
24555,262478
24556,252613
24557,242792
24558,232850
24559,222919
24560,214653
24561,204783
24562,194959
24563,185122
24564,175239
24565,165375
24566,155474
24567,145519
24568,135581
24569,125680
24570,115730
24571,105791
24572,95891
24573,86002
24574,76054
24575,66143
24576,56194
24577,46251
24578,36935
24579,28041
24580,18656
24581,8996
24582,1127954
24583,1118527
24584,1109106
24585,1099642
24586,1090012
24587,1080524
24588,1070966
24589,1061323
24590,1051872
24591,1047858
24592,1038297
24593,1029400
24594,1019805
24595,1011222
24596,1001762
24597,992196
24598,982609
24599,973110
24600,963523
24601,954035
24602,944470
24603,934902
24604,927400
24605,917917
24606,908269
24607,898653
24608,889325
24609,879945
24610,870397
24611,861594
24612,852025
24613,842600
24614,832994
24615,823366
24616,815764
24617,806235
24618,796616
24619,787011
24620,777449
24621,767893
24622,758368
24623,748785
24624,739247
24625,729936
24626,720518
24627,711635
24628,702198
24629,694472
24630,684967
24631,675365
24632,666052
24633,656599
24634,647085
24635,637671
24636,628144
24637,618658
24638,609193
24639,599699
24640,590082
24641,580793
24642,572994
24643,564190
24644,554623
24645,544980
24646,535407
24647,525877
24648,516290
24649,506723
24650,497204
24651,487514
24652,477997
24653,468337
24654,458672
24655,450956
24656,441470
24657,432051
24658,422487
24659,413647
24660,404070
24661,394448
24662,386261
24663,376305
24664,366358
24665,356450
24666,346571
24667,337041
24668,329426
24669,319940
24670,310359
24671,300873
24672,291356
24673,282042
24674,272538
24675,263609
24676,254153
24677,244545
24678,235032
24679,225510
24680,217867
24681,208332
24682,198732
24683,189207
24684,179498
24685,169995
24686,161019
24687,151451
24688,141884
24689,132505
24690,122997
24691,114225
24692,104697
24693,97002
24694,87573
24695,78080
24696,68467
24697,58918
24698,49416
24699,39796
24700,30315
24701,20876
24702,11313
24703,1246041
24704,1239198
24705,1234400
24706,1246247
24707,1242889
24708,1233814
24709,1224584
24710,1215374
24711,1205962
24712,1196435
24713,1186873
24714,1177299
24715,1167705
24716,1158168
24717,1148660
24718,1139033
24719,1131675
24720,1122045
24721,1112738
24722,1103180
24723,1094419
24724,1084830
24725,1075331
24726,1065771
24727,1056279
24728,1046735
24729,1037134
24730,1027540
24731,1018045
24732,1010576
24733,1001012
24734,991487
24735,981913
24736,972295
24737,963116
24738,953562
24739,944703
24740,935253
24741,925643
24742,916019
24743,906568
24744,898815
24745,889429
24746,880067
24747,870397
24748,860939
24749,851467
24750,841880
24751,832369
24752,822879
24753,813490
24754,803896
24755,795118
24756,785497
24757,779511
24758,770018
24759,760372
24760,750789
24761,741262
24762,731578
24763,722074
24764,714161
24765,704239
24766,694296
24767,684356
24768,674412
24769,664613
24770,657015
24771,648136
24772,638646
24773,629064
24774,619408
24775,609788
24776,600229
24777,590547
24778,581000
24779,571410
24780,561834
24781,552256
24782,542692
24783,535056
24784,525461
24785,516029
24786,506421
24787,497589
24788,488092
24789,478601
24790,468989
24791,459458
24792,449798
24793,440329
24794,430720
24795,421099
24796,413537
24797,404069
24798,394430
24799,384826
24800,375315
24801,365853
24802,356278
24803,347413
24804,338087
24805,328487
24806,319363
24807,309777
24808,302266
24809,292777
24810,283227
24811,273534
24812,263987
24813,254433
24814,244832
24815,235243
24816,225729
24817,216305
24818,206726
24819,197799
24820,188293
24821,180511
24822,170872
24823,161267
24824,151632
24825,142042
24826,132434
24827,122843
24828,113163
24829,103613
24830,94086
24831,84353
24832,74801
24833,65599
24834,57887
24835,49250
24836,39729
24837,30321
24838,20665
24839,11216
24840,1913
24841,1092549
24842,1086540
24843,1079179
24844,1071845
24845,1064771
24846,1056071
24847,1053681
24848,1044162
24849,1035204
24850,1025776
24851,1017194
24852,1007633
24853,998140
24854,988587
24855,979031
24856,969390
24857,959907
24858,950305
24859,940759
24860,933495
24861,923826
24862,914255
24863,904733
24864,895167
24865,885689
24866,878855
24867,868957
24868,859016
24869,849100
24870,839165
24871,829266
24872,821655
24873,812175
24874,802571
24875,793089
24876,783536
24877,774035
24878,764524
24879,754931
24880,745459
24881,736138
24882,726573
24883,717871
24884,708486
24885,700982
24886,691307
24887,681785
24888,672089
24889,662623
24890,653236
24891,643659
24892,634039
24893,624511
24894,615098
24895,605523
24896,596030
24897,586681
24898,579016
24899,570263
24900,560640
24901,551124
24902,541510
24903,531876
24904,522324
24905,512752
24906,503160
24907,493568
24908,484083
24909,474397
24910,464924
24911,457084
24912,447451
24913,438031
24914,428488
24915,419504
24916,409876
24917,400307
24918,390954
24919,381447
24920,371855
24921,362260
24922,352652
24923,343101
24924,335359
24925,325871
24926,316262
24927,306629
24928,297174
24929,287773
24930,278116
24931,269313
24932,259707
24933,250087
24934,240413
24935,230868
24936,223081
24937,213540
24938,203927
24939,194334
24940,184648
24941,175045
24942,165411
24943,155721
24944,146205
24945,137215
24946,127602
24947,118737
24948,109138
24949,102705
24950,93179
24951,83553
24952,74019
24953,64457
24954,54770
24955,45245
24956,35728
24957,26060
24958,16674
24959,7107
24960,1056566
24961,1047829
24962,1043667
24963,1034971
24964,1025412
24965,1016031
24966,1006327
24967,996714
24968,987249
24969,980069
24970,970171
24971,960271
24972,950326
24973,940388
24974,930477
24975,922187
24976,912572
24977,903290
24978,893685
24979,884883
24980,875323
24981,865773
24982,856103
24983,846570
24984,837071
24985,827523
24986,817996
24987,808406
24988,800613
24989,791156
24990,781519
24991,771986
24992,762328
24993,752957
24994,743455
24995,734650
24996,725089
24997,715437
24998,705853
24999,696189
25000,688422
25001,678880
25002,669212
25003,659946
25004,650365
25005,640708
25006,631129
25007,621565
25008,611974
25009,602593
25010,592995
25011,584100
25012,574570
25013,566876
25014,557366
25015,547876
25016,538222
25017,528613
25018,519126
25019,509558
25020,499892
25021,490373
25022,480812
25023,471237
25024,461660
25025,452226
25026,444444
25027,435550
25028,425955
25029,416387
25030,406739
25031,397120
25032,387393
25033,377758
25034,368232
25035,358532
25036,348951
25037,339329
25038,329698
25039,322096
25040,312634
25041,303239
25042,293613
25043,284619
25044,274993
25045,265376
25046,255996
25047,246276
25048,236636
25049,227090
25050,217444
25051,207858
25052,200177
25053,190497
25054,181074
25055,171425
25056,161837
25057,152440
25058,142870
25059,133940
25060,124404
25061,114876
25062,105277
25063,96217
25064,88527
25065,78999
25066,69324
25067,59830
25068,50182
25069,40542
25070,31018
25071,21466
25072,13573
25073,3663
25074,1085407
25075,1077297
25076,1067783
25077,1064135
25078,1054645
25079,1045163
25080,1035644
25081,1026098
25082,1016501
25083,1006836
25084,997198
25085,987589
25086,977907
25087,968319
25088,958739
25089,949383
25090,941881
25091,933077
25092,923467
25093,913759
25094,904270
25095,894601
25096,884950
25097,875415
25098,865982
25099,856436
25100,846958
25101,837328
25102,827793
25103,820161
25104,810678
25105,801252
25106,791719
25107,782845
25108,773245
25109,763649
25110,753985
25111,744450
25112,734914
25113,725406
25114,715896
25115,706272
25116,698575
25117,689184
25118,679636
25119,670015
25120,660344
25121,650886
25122,641329
25123,632470
25124,622916
25125,613277
25126,603650
25127,594224
25128,586577
25129,577144
25130,567559
25131,557945
25132,548271
25133,538693
25134,529098
25135,519542
25136,509992
25137,500498
25138,490892
25139,481953
25140,472285
25141,465683
25142,456182
25143,446590
25144,436908
25145,427416
25146,417837
25147,408144
25148,398646
25149,388932
25150,379340
25151,369828
25152,360312
25153,350815
25154,342989
25155,334304
25156,324704
25157,315102
25158,305418
25159,295790
25160,286324
25161,276825
25162,267198
25163,257590
25164,248044
25165,238389
25166,228790
25167,220982
25168,211562
25169,202199
25170,192641
25171,183778
25172,174179
25173,199452
25174,191684
25175,181855
25176,171959
25177,162046
25178,152130
25179,142217
25180,132298
25181,122422
25182,112487
25183,102544
25184,92588
25185,82652
25186,72714
25187,62785
25188,52845
25189,42898
25190,32941
25191,1033934
25192,1029726
25193,1020266
25194,1010655
25195,1001167
25196,991661
25197,982174
25198,972612
25199,963060
25200,953449
25201,944439
25202,935007
25203,926225
25204,916608
25205,909074
25206,899445
25207,889903
25208,880332
25209,870763
25210,861102
25211,851582
25212,842223
25213,832624
25214,823067
25215,813535
25216,803870
25217,794638
25218,786887
25219,778177
25220,768647
25221,758992
25222,749442
25223,739874
25224,730365
25225,720908
25226,711342
25227,701810
25228,692272
25229,682722
25230,673139
25231,665360
25232,655793
25233,646350
25234,636905
25235,628130
25236,618537
25237,608950
25238,599388
25239,589758
25240,580213
25241,570663
25242,561075
25243,551435
25244,543764
25245,534089
25246,524616
25247,515169
25248,505658
25249,496246
25250,486715
25251,477782
25252,468177
25253,458595
25254,448894
25255,439385
25256,431590
25257,422051
25258,412402
25259,402877
25260,393182
25261,383591
25262,374008
25263,364437
25264,354724
25265,345341
25266,335717
25267,326880
25268,317334
25269,309628
25270,299975
25271,290596
25272,280968
25273,271436
25274,261894
25275,252291
25276,242791
25277,234266
25278,224332
25279,214378
25280,204655
25281,195238
25282,187602
25283,178690
25284,169045
25285,159431
25286,149859
25287,140243
25288,130694
25289,121105
25290,111505
25291,101992
25292,92403
25293,82760
25294,73594
25295,66151
25296,56546
25297,47115
25298,37549
25299,30303
25300,20766
25301,11402
25302,1952
25303,1054953
25304,1045477
25305,1035872
25306,1026423
25307,1016827
25308,1009361
25309,999774
25310,990165
25311,980552
25312,970958
25313,961671
25314,952159
25315,943266
25316,933674
25317,924037
25318,914516
25319,904912
25320,897212
25321,887640
25322,878108
25323,868454
25324,858942
25325,849423
25326,839712
25327,830145
25328,820566
25329,811187
25330,801709
25331,792872
25332,783477
25333,777043
25334,767471
25335,757867
25336,748231
25337,738674
25338,728988
25339,719392
25340,709846
25341,700227
25342,690632
25343,681059
25344,671418
25345,662130
25346,654547
25347,645715
25348,636185
25349,626728
25350,617219
25351,607733
25352,598246
25353,588624
25354,579011
25355,569532
25356,559986
25357,550382
25358,540757
25359,532953
25360,523567
25361,514195
25362,504668
25363,495729
25364,486218
25365,476604
25366,467084
25367,457541
25368,447876
25369,438233
25370,428688
25371,419093
25372,411438
25373,401815
25374,392200
25375,382568
25376,372939
25377,363578
25378,353981
25379,347055
25380,337127
25381,327181
25382,317291
25383,307345
25384,298748
25385,289219
25386,279523
25387,269955
25388,260356
25389,250740
25390,241211
25391,231625
25392,221930
25393,212548
25394,202953
25395,194060
25396,184476
25397,176788
25398,167202
25399,157634
25400,148027
25401,138341
25402,128774
25403,119126
25404,109519
25405,99876
25406,90334
25407,81116
25408,71614
25409,62303
25410,54470
25411,45717
25412,36148
25413,26507
25414,17150
25415,7634
25416,1063790
25417,1056159
25418,1048599
25419,1040414
25420,1032513
25421,1024831
25422,1017075
25423,1015302
25424,1007844
25425,1000715
25426,992636
25427,996427
25428,988282
25429,980303
25430,972578
25431,964308
25432,956265
25433,948392
25434,940122
25435,932082
25436,925798
25437,916314
25438,906779
25439,897264
25440,887755
25441,878348
25442,868683
25443,859773
25444,850212
25445,840702
25446,831251
25447,821552
25448,813936
25449,804261
25450,794664
25451,785072
25452,775473
25453,765989
25454,756515
25455,747000
25456,737548
25457,728178
25458,718560
25459,709853
25460,700376
25461,692687
25462,683107
25463,673551
25464,663973
25465,654306
25466,644707
25467,635042
25468,625554
25469,615930
25470,606346
25471,596920
25472,587378
25473,577994
25474,570290
25475,561548
25476,551984
25477,542314
25478,532728
25479,523140
25480,513540
25481,505740
25482,495793
25483,485851
25484,475949
25485,466003
25486,456064
25487,447949
25488,438349
25489,428854
25490,419283
25491,410330
25492,400723
25493,391107
25494,381393
25495,371965
25496,362294
25497,352667
25498,343176
25499,333574
25500,325808
25501,316157
25502,306699
25503,297201
25504,287629
25505,278326
25506,268664
25507,259786
25508,250289
25509,240656
25510,231195
25511,221643
25512,213882
25513,204348
25514,194741
25515,185244
25516,175657
25517,166134
25518,156467
25519,146878
25520,137457
25521,128004
25522,118413
25523,109478
25524,99830
25525,92835
25526,83367
25527,73761
25528,64108
25529,54530
25530,44890
25531,35225
25532,25676
25533,16097
25534,6531
25535,1057160
25536,1047599
25537,1038230
25538,1030994
25539,1022064
25540,1012576
25541,1003019
25542,993377
25543,983736
25544,974157
25545,964554
25546,954983
25547,945316
25548,935785
25549,926193
25550,916713
25551,908892
25552,899279
25553,889808
25554,880247
25555,871408
25556,861848
25557,852244
25558,842738
25559,833280
25560,823752
25561,814273
25562,804812
25563,795264
25564,787474
25565,778006
25566,768386
25567,758898
25568,749469
25569,740118
25570,730591
25571,721847
25572,712315
25573,702764
25574,693289
25575,683750
25576,676079
25577,666540
25578,657074
25579,647576
25580,638129
25581,628696
25582,619010
25583,611476
25584,601578
25585,591639
25586,581692
25587,572158
25588,562615
25589,555087
25590,545551
25591,536005
25592,526498
25593,516858
25594,507380
25595,497797
25596,488286
25597,478572
25598,469019
25599,459503
25600,449904
25601,440610
25602,432845
25603,424058
25604,414451
25605,404879
25606,395213
25607,385743
25608,376110
25609,366603
25610,356940
25611,347397
25612,337792
25613,328246
25614,318719
25615,310884
25616,301410
25617,292033
25618,282486
25619,273713
25620,264076
25621,254648
25622,245206
25623,235715
25624,226063
25625,216609
25626,206974
25627,197379
25628,189645
25629,180047
25630,170457
25631,160937
25632,151318
25633,142035
25634,132517
25635,123643
25636,114045
25637,104531
25638,95107
25639,85568
25640,77771
25641,68242
25642,58615
25643,49133
25644,39456
25645,29911
25646,20430
25647,10952
25648,1475
25649,1052483
25650,1042976
25651,1034295
25652,1024844
25653,1017462
25654,1007863
25655,998413
25656,988856
25657,979175
25658,969710
25659,960040
25660,950437
25661,940748
25662,931106
25663,921556
25664,912025
25665,902548
25666,894694
25667,885838
25668,876226
25669,866588
25670,857031
25671,847605
25672,838160
25673,828409
25674,818769
25675,809191
25676,799640
25677,789964
25678,780381
25679,772598
25680,762985
25681,753519
25682,743974
25683,735009
25684,725397
25685,715860
25686,708142
25687,698213
25688,688289
25689,678357
25690,668417
25691,658501
25692,650167
25693,640622
25694,631078
25695,621492
25696,611892
25697,602618
25698,593103
25699,584238
25700,574645
25701,565058
25702,555567
25703,546041
25704,538406
25705,528786
25706,519260
25707,509687
25708,500041
25709,490529
25710,480856
25711,471237
25712,461649
25713,452205
25714,442545
25715,433620
25716,423969
25717,416884
25718,407356
25719,397870
25720,388294
25721,378717
25722,369117
25723,359549
25724,349886
25725,340227
25726,330625
25727,321084
25728,311589
25729,302222
25730,294431
25731,285512
25732,275947
25733,266379
25734,256733
25735,247222
25736,237592
25737,227919
25738,218341
25739,208754
25740,199093
25741,189481
25742,179842
25743,172202
25744,162712
25745,153385
25746,143757
25747,134942
25748,125384
25749,115695
25750,106201
25751,96614
25752,87157
25753,77638
25754,68094
25755,58440
25756,50706
25757,41191
25758,31652
25759,21997
25760,12536
25761,3174
25762,1052734
25763,1044353
25764,1034941
25765,1025477
25766,1016010
25767,1006468
25768,999166
25769,989716
25770,980251
25771,970602
25772,961194
25773,951586
25774,942012
25775,932471
25776,922854
25777,913500
25778,903914
25779,895158
25780,885586
25781,877905
25782,868285
25783,858689
25784,849159
25785,839632
25786,830203
25787,820636
25788,811071
25789,803843
25790,793937
25791,784046
25792,774106
25793,764191
25794,755718
25795,746949
25796,737446
25797,727762
25798,718264
25799,708755
25800,699271
25801,689776
25802,680307
25803,670748
25804,661174
25805,658840
25806,648969
25807,639061
25808,629172
25809,619270
25810,609332
25811,599451
25812,589511
25813,579571
25814,569620
25815,559682
25816,549739
25817,539873
25818,530349
25819,520669
25820,513039
25821,503406
25822,493823
25823,484218
25824,474694
25825,465294
25826,455765
25827,446922
25828,437396
25829,427815
25830,418227
25831,408659
25832,400920
25833,391434
25834,381778
25835,372165
25836,362583
25837,352966
25838,343336
25839,333835
25840,324166
25841,314785
25842,305294
25843,296523
25844,287025
25845,279306
25846,269759
25847,260277
25848,250646
25849,241261
25850,231680
25851,222088
25852,212443
25853,202973
25854,193481
25855,183839
25856,174371
25857,164999
25858,157270
25859,148565
25860,138990
25861,129486
25862,119957
25863,110411
25864,100853
25865,91519
25866,81922
25867,72368
25868,62819
25869,53303
25870,43782
25871,36093
25872,26439
25873,17173
25874,7716
25875,1142189
25876,1132789
25877,1123321
25878,1113746
25879,1104188
25880,1094689
25881,1085038
25882,1075643
25883,1066063
25884,1062040
25885,1052441
25886,1042928
25887,1033341
25888,1023712
25889,1014436
25890,1004845
25891,997317
25892,987377
25893,977438
25894,967496
25895,957778
25896,950361
25897,940796
25898,931290
25899,921771
25900,912151
25901,902641
25902,893051
25903,883532
25904,874201
25905,864934
25906,855437
25907,846695
25908,837159
25909,830805
25910,821310
25911,811731
25912,802159
25913,792604
25914,783046
25915,773447
25916,763922
25917,754394
25918,745072
25919,735658
25920,726150
25921,716905
25922,709427
25923,700595
25924,691061
25925,681602
25926,672202
25927,662659
25928,653176
25929,643830
25930,634325
25931,624769
25932,615265
25933,605750
25934,596191
25935,588472
25936,579000
25937,569723
25938,560196
25939,551360
25940,541807
25941,532212
25942,522695
25943,513217
25944,503628
25945,494077
25946,484575
25947,474937
25948,467270
25949,457658
25950,448125
25951,438500
25952,429128
25953,419751
25954,410129
25955,401419
25956,391855
25957,382275
25958,372645
25959,363054
25960,355501
25961,345990
25962,336539
25963,327057
25964,317501
25965,307926
25966,298460
25967,288896
25968,279320
25969,269972
25970,260464
25971,251630
25972,242148
25973,234466
25974,225046
25975,215474
25976,205970
25977,196420
25978,186834
25979,177708
25980,168125
25981,158514
25982,149004
25983,139420
25984,129789
25985,120472
25986,112979
25987,104239
25988,94768
25989,85134
25990,75591
25991,66052
25992,56437
25993,49414
25994,39607
25995,29689
25996,19769
25997,9852
25998,1124690
25999,1121000
26000,1111586
26001,1102680
26002,1093239
26003,1084758
26004,1075160
26005,1065725
26006,1056468
26007,1046819
26008,1037269
26009,1027741
26010,1018128
26011,1008512
26012,1001255
26013,991615
26014,982027
26015,972572
26016,962988
26017,953601
26018,944199
26019,935283
26020,925794
26021,916317
26022,906752
26023,897159
26024,889651
26025,880101
26026,870586
26027,861041
26028,851815
26029,842314
26030,832921
26031,823427
26032,814025
26033,804678
26034,795229
26035,786439
26036,776888
26037,769326
26038,759887
26039,750341
26040,740824
26041,731580
26042,722006
26043,712462
26044,703027
26045,693532
26046,683969
26047,674473
26048,664911
26049,655496
26050,647832
26051,639170
26052,629836
26053,620376
26054,610985
26055,601468
26056,592046
26057,582450
26058,572872
26059,563239
26060,553780
26061,544086
26062,534604
26063,526966
26064,517385
26065,508156
26066,498603
26067,489803
26068,480309
26069,470734
26070,461196
26071,451646
26072,442112
26073,432527
26074,422846
26075,413321
26076,405645
26077,396192
26078,386770
26079,377196
26080,367652
26081,358358
26082,348812
26083,339946
26084,330626
26085,321043
26086,311544
26087,302053
26088,294500
26089,285039
26090,275497
26091,265970
26092,256390
26093,246869
26094,237340
26095,227793
26096,220342
26097,210417
26098,200473
26099,190582
26100,180951
26101,175339
26102,165883
26103,156237
26104,146690
26105,137201
26106,127661
26107,118080
26108,108505
26109,98841
26110,89388
26111,79869
26112,70184
26113,60829
26114,53211
26115,44472
26116,34764
26117,25381
26118,15851
26119,6315
26120,1128300
26121,1118852
26122,1109336
26123,1099799
26124,1090246
26125,1080603
26126,1071155
26127,1067171
26128,1057798
26129,1049073
26130,1039514
26131,1030947
26132,1021434
26133,1011861
26134,1002201
26135,992687
26136,983106
26137,973598
26138,964060
26139,954495
26140,946967
26141,937481
26142,927883
26143,918232
26144,908754
26145,899343
26146,889829
26147,881101
26148,871416
26149,862023
26150,852904
26151,843344
26152,835716
26153,826195
26154,816707
26155,807035
26156,797629
26157,788037
26158,778559
26159,769063
26160,759511
26161,750110
26162,740604
26163,731811
26164,722335
26165,714780
26166,705254
26167,695663
26168,686222
26169,676644
26170,667091
26171,657658
26172,648019
26173,638596
26174,629022
26175,619409
26176,609933
26177,600564
26178,592832
26179,584114
26180,574537
26181,564920
26182,555291
26183,545834
26184,536215
26185,526747
26186,517149
26187,507502
26188,497906
26189,488379
26190,478718
26191,471095
26192,461516
26193,452046
26194,442377
26195,433616
26196,423877
26197,414253
26198,406951
26199,397048
26200,387124
26201,377192
26202,367274
26203,357344
26204,349268
26205,339847
26206,330281
26207,321683
26208,312388
26209,303976
26210,294136
26211,285221
26212,275703
26213,266166
26214,256526
26215,246885
26216,239191
26217,229681
26218,220034
26219,210506
26220,200868
26221,191290
26222,181789
26223,172261
26224,163133
26225,153811
26226,144211
26227,135265
26228,125651
26229,118081
26230,108566
26231,98898
26232,89299
26233,79695
26234,70146
26235,60470
26236,51003
26237,41474
26238,31768
26239,22164
26240,12766
26241,3431
26242,1087733
26243,1079772
26244,1070213
26245,1060841
26246,1051324
26247,1041724
26248,1032148
26249,1022641
26250,1013120
26251,1003540
26252,994071
26253,984410
26254,974797
26255,967579
26256,957927
26257,948579
26258,939042
26259,930180
26260,920640
26261,911063
26262,901422
26263,891891
26264,882542
26265,872879
26266,863381
26267,853745
26268,845998
26269,836382
26270,826865
26271,817306
26272,807755
26273,798426
26274,788830
26275,780127
26276,770632
26277,761096
26278,751618
26279,742093
26280,734336
26281,724833
26282,715284
26283,705614
26284,696077
26285,686652
26286,677035
26287,667425
26288,657881
26289,648514
26290,638899
26291,630270
26292,620654
26293,614333
26294,604828
26295,595168
26296,585641
26297,576185
26298,566592
26299,557082
26300,549903
26301,539968
26302,530034
26303,520140
26304,510186
26305,500251
26306,492003
26307,483233
26308,473706
26309,464130
26310,454451
26311,444808
26312,435295
26313,425698
26314,416145
26315,406506
26316,396917
26317,387344
26318,377805
26319,370033
26320,360475
26321,351044
26322,341506
26323,332744
26324,323111
26325,313443
26326,303851
26327,294358
26328,284765
26329,275305
26330,265717
26331,256121
26332,248453
26333,238888
26334,229266
26335,219771
26336,210260
26337,200763
26338,191273
26339,182545
26340,172871
26341,163323
26342,153815
26343,144200
26344,136386
26345,127318
26346,117851
26347,108230
26348,98660
26349,89004
26350,79467
26351,69832
26352,60158
26353,50797
26354,41130
26355,32334
26356,22759
26357,15161
26358,5718
26359,1052391
26360,1042986
26361,1033507
26362,1024039
26363,1014623
26364,1005093
26365,995653
26366,986123
26367,976618
26368,967051
26369,958162
26370,953225
26371,944543
26372,934986
26373,925353
26374,915804
26375,906141
26376,896607
26377,886945
26378,877405
26379,867719
26380,858278
26381,848610
26382,839052
26383,831411
26384,821807
26385,812635
26386,803072
26387,794342
26388,784775
26389,775155
26390,765716
26391,756188
26392,746600
26393,737215
26394,727656
26395,718195
26396,710941
26397,701283
26398,691658
26399,682220
26400,672540
26401,663179
26402,656097
26403,646193
26404,636250
26405,626302
26406,616600
26407,607037
26408,599300
26409,589926
26410,580475
26411,570990
26412,561436
26413,551906
26414,542348
26415,532871
26416,523312
26417,513977
26418,504525
26419,495787
26420,486157
26421,478450
26422,468835
26423,459257
26424,449664
26425,440057
26426,430488
26427,420828
26428,411184
26429,401571
26430,391968
26431,382328
26432,372713
26433,363338
26434,355509
26435,352303
26436,342451
26437,332577
26438,322725
26439,312785
26440,302850
26441,292950
26442,283006
26443,273059
26444,263148
26445,253206
26446,243259
26447,233393
26448,223769
26449,214355
26450,204740
26451,195864
26452,186236
26453,176697
26454,167125
26455,157471
26456,147860
26457,138225
26458,128557
26459,118981
26460,111135
26461,101591
26462,92029
26463,82956
26464,73354
26465,64048
26466,54435
26467,45600
26468,35976
26469,26322
26470,16766
26471,7310
26472,1061199
26473,1051818
26474,1042381
26475,1032789
26476,1023219
26477,1013665
26478,1004051
26479,994439
26480,984958
26481,976020
26482,966475
26483,957832
26484,948185
26485,941931
26486,932374
26487,922928
26488,913283
26489,903894
26490,894167
26491,884742
26492,875109
26493,865561
26494,855940
26495,846420
26496,836724
26497,827371
26498,820189
26499,811352
26500,801813
26501,792426
26502,782862
26503,773241
26504,763690
26505,756538
26506,746648
26507,736741
26508,726803
26509,716868
26510,706957
26511,698385
26512,688908
26513,679618
26514,670114
26515,661417
26516,651958
26517,642366
26518,632928
26519,623418
26520,613831
26521,604277
26522,594784
26523,585123
26524,577337
26525,567740
26526,558199
26527,548716
26528,539123
26529,529623
26530,520147
26531,511277
26532,501787
26533,492153
26534,482544
26535,472876
26536,465174
26537,455696
26538,446012
26539,436521
26540,426843
26541,417265
26542,407617
26543,398076
26544,388415
26545,378962
26546,369331
26547,360504
26548,351000
26549,343343
26550,333698
26551,324218
26552,314561
26553,304902
26554,295212
26555,285736
26556,276094
26557,266500
26558,256914
26559,247443
26560,237849
26561,228507
26562,220781
26563,212006
26564,202449
26565,192862
26566,183350
26567,173692
26568,164107
26569,154421
26570,144852
26571,135291
26572,125690
26573,116162
26574,106470
26575,98737
26576,89575
26577,80259
26578,70654
26579,61814
26580,52305
26581,42699
26582,33031
26583,23413
26584,13993
26585,4384
26586,1121107
26587,1111668
26588,1107182
26589,1097661
26590,1088242
26591,1078630
26592,1068976
26593,1060033
26594,1050448
26595,1041725
26596,1032095
26597,1022569
26598,1012967
26599,1003387
26600,995779
26601,986297
26602,976626
26603,967123
26604,957427
26605,947872
26606,938286
26607,928596
26608,921035
26609,911108
26610,901165
26611,891226
26612,881623
26613,874253
26614,864622
26615,855039
26616,845677
26617,836190
26618,826581
26619,817035
26620,807496
26621,797950
26622,788292
26623,778777
26624,769265
26625,759857
26626,752047
26627,743203
26628,733617
26629,724109
26630,714562
26631,705039
26632,695396
26633,685961
26634,676287
26635,666680
26636,657131
26637,647573
26638,638045
26639,630331
26640,620683
26641,611362
26642,601928
26643,593182
26644,583639
26645,574013
26646,564444
26647,554835
26648,545193
26649,535476
26650,525852
26651,516310
26652,508521
26653,498933
26654,489409
26655,479772
26656,470111
26657,460758
26658,451120
26659,442132
26660,432569
26661,422889
26662,413242
26663,403639
26664,395860
26665,386263
26666,376724
26667,367226
26668,357699
26669,348036
26670,338525
26671,328929
26672,319347
26673,310135
26674,300548
26675,291756
26676,282104
26677,275439
26678,265816
26679,256135
26680,246483
26681,236911
26682,227255
26683,217690
26684,208164
26685,198532
26686,188944
26687,179388
26688,169688
26689,160232
26690,153185
26691,144439
26692,134807
26693,125283
26694,115609
26695,106081
26696,96437
26697,86855
26698,77184
26699,67631
26700,58030
26701,48327
26702,38733
26703,30934
26704,21677
26705,12364
26706,2896
26707,1183018
26708,1189885
26709,1182194
26710,1174295
26711,1166641
26712,1158577
26713,1150864
26714,1143355
26715,1134741
26716,1132001
26717,1122511
26718,1113060
26719,1103495
26720,1093967
26721,1084473
26722,1074869
26723,1066151
26724,1056550
26725,1046962
26726,1037445
26727,1027852
26728,1020589
26729,1011060
26730,1001382
26731,991866
26732,982364
26733,972892
26734,963311
26735,953824
26736,944233
26737,934972
26738,925781
26739,916987
26740,907490
26741,899857
26742,890296
26743,880742
26744,871209
26745,861675
26746,852297
26747,842769
26748,833086
26749,823627
26750,814119
26751,804755
26752,795255
26753,785897
26754,778100
26755,769429
26756,759942
26757,750388
26758,740985
26759,731491
26760,722051
26761,712442
26762,702959
26763,693314
26764,683720
26765,674250
26766,664722
26767,656984
26768,647504
26769,638186
26770,628592
26771,619815
26772,610208
26773,600660
26774,591094
26775,581561
26776,571951
26777,562468
26778,552804
26779,543229
26780,535591
26781,526060
26782,516446
26783,506828
26784,497246
26785,487823
26786,478297
26787,469372
26788,459783
26789,450160
26790,440535
26791,430934
26792,423176
26793,413666
26794,404420
26795,394874
26796,385312
26797,375755
26798,366190
26799,356619
26800,347095
26801,337694
26802,328130
26803,319263
26804,309734
26805,302081
26806,292557
26807,283119
26808,273374
26809,263712
26810,254097
26811,245096
26812,235467
26813,227431
26814,217500
26815,207568
26816,197625
26817,187678
26818,179902
26819,171352
26820,161895
26821,152292
26822,142660
26823,133094
26824,123535
26825,113929
26826,104287
26827,94684
26828,85145
26829,75535
26830,65926
26831,58351
26832,48747
26833,39329
26834,29797
26835,21114
26836,11603
26837,2224
26838,1098744
26839,1094888
26840,1090570
26841,1084348
26842,1078558
26843,1071610
26844,1069688
26845,1060057
26846,1050574
26847,1040971
26848,1031323
26849,1022420
26850,1012823
26851,1004051
26852,994503
26853,984840
26854,975272
26855,965644
26856,958026
26857,948411
26858,938861
26859,929260
26860,919672
26861,910247
26862,900706
26863,891089
26864,881504
26865,872015
26866,862395
26867,853577
26868,843958
26869,837335
26870,827715
26871,818174
26872,808585
26873,799016
26874,789363
26875,779700
26876,770150
26877,760499
26878,750903
26879,741329
26880,731636
26881,722284
26882,714659
26883,705754
26884,696232
26885,686795
26886,677237
26887,667625
26888,658017
26889,648481
26890,638834
26891,629273
26892,619672
26893,609987
26894,600475
26895,592631
26896,583019
26897,573631
26898,564010
26899,555065
26900,545466
26901,535854
26902,526307
26903,517087
26904,507224
26905,497331
26906,487480
26907,477618
26908,469909
26909,460337
26910,450731
26911,441169
26912,431545
26913,422080
26914,412557
26915,405345
26916,395425
26917,385493
26918,375578
26919,365633
26920,357404
26921,347845
26922,338208
26923,328557
26924,319034
26925,309436
26926,299771
26927,290223
26928,280559
26929,271258
26930,261720
26931,252815
26932,243270
26933,235396
26934,225968
26935,216422
26936,206853
26937,197195
26938,187532
26939,177926
26940,168404
26941,158699
26942,149133
26943,139557
26944,130007
26945,121084
26946,113568
26947,104765
26948,95150
26949,85476
26950,75866
26951,66274
26952,56721
26953,47103
26954,37510
26955,27892
26956,18485
26957,8905
26958,1058782
26959,1054498
26960,1045095
26961,1036155
26962,1026769
26963,1018140
26964,1008555
26965,998896
26966,989402
26967,979719
26968,970189
26969,960603
26970,950963
26971,941437
26972,934002
26973,924306
26974,914842
26975,905253
26976,895629
26977,886308
26978,876767
26979,867797
26980,858216
26981,848775
26982,839259
26983,829889
26984,822348
26985,812821
26986,803164
26987,793652
26988,784065
26989,774566
26990,765083
26991,755516
26992,746045
26993,736679
26994,727200
26995,718340
26996,708738
26997,700941
26998,691306
26999,681776
27000,672136
27001,662782
27002,653326
27003,643666
27004,634178
27005,624637
27006,615111
27007,605598
27008,596019
27009,586672
27010,578990
27011,570126
27012,560500
27013,550957
27014,541402
27015,531816
27016,522219
27017,515048
27018,505113
27019,495165
27020,485253
27021,475298
27022,465357
27023,456853
27024,447233
27025,437866
27026,428185
27027,419253
27028,409665
27029,400091
27030,390502
27031,380892
27032,371324
27033,361680
27034,352117
27035,342537
27036,334806
27037,325243
27038,315839
27039,306256
27040,296690
27041,287395
27042,277738
27043,268815
27044,259358
27045,249687
27046,240128
27047,230560
27048,223079
27049,213569
27050,204039
27051,194451
27052,184849
27053,175298
27054,165694
27055,156123
27056,146540
27057,137103
27058,127591
27059,118733
27060,109166
27061,103141
27062,93667
27063,84069
27064,74401
27065,67946
27066,58089
27067,48208
27068,38347
27069,28432
27070,18493
27071,8604
27072,1062745
27073,1053870
27074,1049588
27075,1040895
27076,1031304
27077,1021837
27078,1012272
27079,1002672
27080,993237
27081,983679
27082,974149
27083,964532
27084,955026
27085,945460
27086,935936
27087,928453
27088,918831
27089,909399
27090,899713
27091,890798
27092,881223
27093,871669
27094,861999
27095,852460
27096,842806
27097,833191
27098,823614
27099,813913
27100,807202
27101,797752
27102,788141
27103,778490
27104,769069
27105,759665
27106,749997
27107,741104
27108,731454
27109,721777
27110,712220
27111,702507
27112,694794
27113,685283
27114,675722
27115,666342
27116,656816
27117,647155
27118,637555
27119,629704
27120,619832
27121,609926
27122,599989
27123,590535
27124,580875
27125,573174
27126,563829
27127,554205
27128,544598
27129,534956
27130,525371
27131,515805
27132,506195
27133,496533
27134,486987
27135,477310
27136,467769
27137,458371
27138,450635
27139,441808
27140,432259
27141,422584
27142,412961
27143,403360
27144,393656
27145,384061
27146,374417
27147,364753
27148,355149
27149,345653
27150,335985
27151,328350
27152,318808
27153,309353
27154,299749
27155,290868
27156,281250
27157,271576
27158,262098
27159,252448
27160,242894
27161,233372
27162,223740
27163,214041
27164,206366
27165,196745
27166,187139
27167,177506
27168,167872
27169,158507
27170,148917
27171,140023
27172,130408
27173,120891
27174,111370
27175,102235
27176,94755
27177,85266
27178,75642
27179,66016
27180,56363
27181,46828
27182,37239
27183,27549
27184,17936
27185,8657
27186,1190050
27187,1193275
27188,1187025
27189,1197574
27190,1188046
27191,1178711
27192,1169025
27193,1159501
27194,1149944
27195,1140335
27196,1130784
27197,1121217
27198,1111583
27199,1102070
27200,1092522
27201,1083183
27202,1075789
27203,1067120
27204,1057425
27205,1047861
27206,1038269
27207,1028707
27208,1019130
27209,1009558
27210,999970
27211,990459
27212,980957
27213,971399
27214,961941
27215,954521
27216,945229
27217,935941
27218,926409
27219,917639
27220,908106
27221,898649
27222,890353
27223,880444
27224,870552
27225,860661
27226,851022
27227,841599
27228,834016
27229,824536
27230,815129
27231,805683
27232,796100
27233,786938
27234,777449
27235,768711
27236,759235
27237,749584
27238,740036
27239,730518
27240,722761
27241,713280
27242,703786
27243,694333
27244,684771
27245,675231
27246,665649
27247,656139
27248,646592
27249,637154
27250,627566
27251,618821
27252,609285
27253,602862
27254,593291
27255,583746
27256,574109
27257,564608
27258,554876
27259,545407
27260,535824
27261,526223
27262,516582
27263,507037
27264,497487
27265,488136
27266,480517
27267,471610
27268,462281
27269,452746
27270,443195
27271,433675
27272,424318
27273,414857
27274,405305
27275,395784
27276,386160
27277,376559
27278,366993
27279,359314
27280,349784
27281,340435
27282,330903
27283,322189
27284,312649
27285,303027
27286,293551
27287,283958
27288,274392
27289,265269
27290,255691
27291,246135
27292,238623
27293,229268
27294,219778
27295,210110
27296,200634
27297,191223
27298,181783
27299,172952
27300,163325
27301,153681
27302,144187
27303,134666
27304,127040
27305,117485
27306,107795
27307,98227
27308,88669
27309,79059
27310,69445
27311,59898
27312,50254
27313,40892
27314,31441
27315,22755
27316,13180
27317,5564
27318,1187680
27319,1181019
27320,1174542
27321,1166885
27322,1159218
27323,1152090
27324,1144369
27325,1136883
27326,1129819
27327,1122140
27328,1114606
27329,1111098
27330,1121310
27331,1113088
27332,1103622
27333,1093970
27334,1084385
27335,1074877
27336,1065232
27337,1055790
27338,1046233
27339,1036738
27340,1027200
27341,1017781
27342,1008119
27343,1000842
27344,991217
27345,981858
27346,972310
27347,963621
27348,954227
27349,944845
27350,935302
27351,925809
27352,916254
27353,906844
27354,897285
27355,887813
27356,880193
27357,870611
27358,861000
27359,851536
27360,841960
27361,832639
27362,823214
27363,814404
27364,804965
27365,795478
27366,785902
27367,776351
27368,768763
27369,759175
27370,749747
27371,740173
27372,730685
27373,721283
27374,711714
27375,702242
27376,692653
27377,683238
27378,673682
27379,664856
27380,655199
27381,647499
27382,637918
27383,628425
27384,618789
27385,609207
27386,599689
27387,590085
27388,580506
27389,570989
27390,561305
27391,551799
27392,542263
27393,532850
27394,525106
27395,516173
27396,506623
27397,497065
27398,487454
27399,477822
27400,468206
27401,458666
27402,449143
27403,439458
27404,429898
27405,420379
27406,410800
27407,403330
27408,393689
27409,384303
27410,374716
27411,365893
27412,356313
27413,346705
27414,337141
27415,327472
27416,317871
27417,308259
27418,298732
27419,289159
27420,281373
27421,271753
27422,262949
27423,253375
27424,243885
27425,234464
27426,224845
27427,216200
27428,206592
27429,197047
27430,187388
27431,177853
27432,170325
27433,160786
27434,151211
27435,141710
27436,132156
27437,122574
27438,112958
27439,103390
27440,93803
27441,84383
27442,74803
27443,65937
27444,56323
27445,49868
27446,40257
27447,30640
27448,21208
27449,11795
27450,2257
27451,1052716
27452,1043342
27453,1033813
27454,1024353
27455,1014905
27456,1005270
27457,996384
27458,992222
27459,983485
27460,974038
27461,964454
27462,954826
27463,945241
27464,935626
27465,926048
27466,916430
27467,906864
27468,897188
27469,887606
27470,878059
27471,870416
27472,860804
27473,851411
27474,842039
27475,833147
27476,823637
27477,814049
27478,804563
27479,795096
27480,785525
27481,775965
27482,766479
27483,756930
27484,749174
27485,739640
27486,730049
27487,720487
27488,710915
27489,701620
27490,691951
27491,683103
27492,673547
27493,664089
27494,654715
27495,645216
27496,637509
27497,627962
27498,618549
27499,608921
27500,599416
27501,589875
27502,580345
27503,570746
27504,561178
27505,551830
27506,542258
27507,533336
27508,523722
27509,516012
27510,506379
27511,496728
27512,487208
27513,477496
27514,467914
27515,458336
27516,448786
27517,439086
27518,429505
27519,419881
27520,410247
27521,400876
27522,392964
27523,384103
27524,374490
27525,364850
27526,355214
27527,345637
27528,336213
27529,328960
27530,319127
27531,309184
27532,299251
27533,289308
27534,279347
27535,270665
27536,261019
27537,251609
27538,242186
27539,233250
27540,223602
27541,214089
27542,204507
27543,194933
27544,185328
27545,175780
27546,166158
27547,156587
27548,148868
27549,139238
27550,129651
27551,120072
27552,110348
27553,100921
27554,91413
27555,83047
27556,73473
27557,63886
27558,54238
27559,44665
27560,37137
27561,27585
27562,17948
27563,8529
27564,1055432
27565,1046073
27566,1036631
27567,1027082
27568,1017574
27569,1008762
27570,999124
27571,990492
27572,980892
27573,976660
27574,967211
27575,957755
27576,948107
27577,938491
27578,928926
27579,919276
27580,909613
27581,900151
27582,890517
27583,880894
27584,871296
27585,861886
27586,854209
27587,845391
27588,835893
27589,826549
27590,817073
27591,807455
27592,797818
27593,788424
27594,778878
27595,769328
27596,759818
27597,750150
27598,740619
27599,733026
27600,723480
27601,714022
27602,704434
27603,695466
27604,685968
27605,676440
27606,667024
27607,657609
27608,648082
27609,638545
27610,629010
27611,619374
27612,611580
27613,601942
27614,592439
27615,582908
27616,573385
27617,564010
27618,554473
27619,545632
27620,536067
27621,526436
27622,516924
27623,507322
27624,499605
27625,490036
27626,480525
27627,470857
27628,461221
27629,451652
27630,441997
27631,432414
27632,424178
27633,414251
27634,404312
27635,394800
27636,385093
27637,378553
27638,368943
27639,359334
27640,349732
27641,340172
27642,330472
27643,320941
27644,311345
27645,301787
27646,292212
27647,282601
27648,272923
27649,263481
27650,255801
27651,246991
27652,237387
27653,227805
27654,218138
27655,208613
27656,199024
27657,189453
27658,179806
27659,170281
27660,160627
27661,151103
27662,141467
27663,133563
27664,124109
27665,114716
27666,105109
27667,96704
27668,87130
27669,77572
27670,68096
27671,58495
27672,48757
27673,39246
27674,29707
27675,20028
27676,12321
27677,2967
27678,1053070
27679,1043663
27680,1034226
27681,1025233
27682,1015605
27683,1007084
27684,997403
27685,987928
27686,978358
27687,968743
27688,964442
27689,954979
27690,945389
27691,935923
27692,926349
27693,916735
27694,911902
27695,902102
27696,892215
27697,882308
27698,872405
27699,862500
27700,852587
27701,843287
27702,833650
27703,824071
27704,814463
27705,804976
27706,795556
27707,786147
27708,776563
27709,767100
27710,757732
27711,748138
27712,738511
27713,729257
27714,721510
27715,712651
27716,703090
27717,693398
27718,683903
27719,674418
27720,664911
27721,655370
27722,645945
27723,636436
27724,626835
27725,617257
27726,607656
27727,599894
27728,590386
27729,581019
27730,571394
27731,562505
27732,552848
27733,543211
27734,534717
27735,524759
27736,514834
27737,504922
27738,495321
27739,485688
27740,478022
27741,468425
27742,458835
27743,449210
27744,439609
27745,430163
27746,420597
27747,411583
27748,401972
27749,392440
27750,382774
27751,373203
27752,365413
27753,355894
27754,346265
27755,336681
27756,327071
27757,317521
27758,307959
27759,298458
27760,288812
27761,279444
27762,269905
27763,261068
27764,251585
27765,243827
27766,234196
27767,224684
27768,215059
27769,205474
27770,195881
27771,186363
27772,176735
27773,167157
27774,157501
27775,147918
27776,138259
27777,128803
27778,121037
27779,112254
27780,102704
27781,93565
27782,84085
27783,74458
27784,64812
27785,55251
27786,45569
27787,35950
27788,26391
27789,16720
27790,7182
27791,1130368
27792,1120869
27793,1112021
27794,1102532
27795,1093874
27796,1084316
27797,1074783
27798,1065216
27799,1055570
27800,1045999
27801,1036404
27802,1026865
27803,1017380
27804,1009910
27805,1000314
27806,990843
27807,981175
27808,971547
27809,962284
27810,952637
27811,943780
27812,934310
27813,924605
27814,915002
27815,905465
27816,898193
27817,888645
27818,879096
27819,869487
27820,859851
27821,850601
27822,841106
27823,831559
27824,821992
27825,812647
27826,803132
27827,794264
27828,784616
27829,778356
27830,768813
27831,759194
27832,749712
27833,740176
27834,730822
27835,721343
27836,713884
27837,703985
27838,694049
27839,684101
27840,674156
27841,664213
27842,656481
27843,647710
27844,638098
27845,628751
27846,619229
27847,609650
27848,600124
27849,590663
27850,581108
27851,571591
27852,562008
27853,552482
27854,542975
27855,535253
27856,525718
27857,516362
27858,506827
27859,498041
27860,488481
27861,478938
27862,469334
27863,459837
27864,450162
27865,440563
27866,431001
27867,421402
27868,413750
27869,404234
27870,394580
27871,385188
27872,375690
27873,366295
27874,356721
27875,348031
27876,338462
27877,329028
27878,319452
27879,309929
27880,302438
27881,292994
27882,283340
27883,273867
27884,264327
27885,254724
27886,245131
27887,235745
27888,226016
27889,216727
27890,207122
27891,198221
27892,188650
27893,181104
27894,172060
27895,162326
27896,152917
27897,143321
27898,133704
27899,124054
27900,114511
27901,104890
27902,95298
27903,85730
27904,76090
27905,66780
27906,59193
27907,50334
27908,40746
27909,31229
27910,21607
27911,12317
27912,2792
27913,1222609
27914,1216843
27915,1209743
27916,1202265
27917,1195508
27918,1187680
27919,1195780
27920,1186344
27921,1177560
27922,1167916
27923,1159332
27924,1149664
27925,1140153
27926,1130589
27927,1120985
27928,1111342
27929,1101827
27930,1092250
27931,1082636
27932,1075382
27933,1065756
27934,1056122
27935,1046618
27936,1036982
27937,1027703
27938,1019998
27939,1010102
27940,1000161
27941,990213
27942,980366
27943,971172
27944,963751
27945,954237
27946,944718
27947,935160
27948,925633
27949,916170
27950,906643
27951,897155
27952,887657
27953,878409
27954,868842
27955,859998
27956,850614
27957,842931
27958,833329
27959,823809
27960,814147
27961,804635
27962,795100
27963,785574
27964,775994
27965,766561
27966,756945
27967,747398
27968,737939
27969,728637
27970,721098
27971,712392
27972,702831
27973,693311
27974,683766
27975,674196
27976,664683
27977,655157
27978,645471
27979,635971
27980,626404
27981,616852
27982,607285
27983,599576
27984,589934
27985,580535
27986,570984
27987,562058
27988,552456
27989,542844
27990,533341
27991,523732
27992,514190
27993,504621
27994,494961
27995,485427
27996,477758
27997,468394
27998,458820
27999,449292
28000,439810
28001,430511
28002,420962
28003,412298
28004,402655
28005,392986
28006,383474
28007,373835
28008,366256
28009,356740
28010,347244
28011,337670
28012,328074
28013,318508
28014,308952
28015,299350
28016,289887
28017,280868
28018,271264
28019,262533
28020,252848
28021,246644
28022,237071
28023,227519
28024,218019
28025,208511
28026,198919
28027,189423
28028,179819
28029,170178
28030,160775
28031,151237
28032,141647
28033,132227
28034,124532
28035,115672
28036,106169
28037,96593
28038,87090
28039,77433
28040,67819
28041,59879
28042,50013
28043,40119
28044,30172
28045,20230
28046,10640
28047,1065802
28048,1056432
28049,1047692
28050,1038220
28051,1040445
28052,1030847
28053,1020970
28054,1011126
28055,1001241
28056,991335
28057,981448
28058,971593
28059,961688
28060,951757
28061,941916
28062,931972
28063,922029
28064,912085
28065,902143
28066,892204
28067,882271
28068,872322
28069,862384
28070,852468
28071,842526
28072,833980
28073,824485
28074,814876
28075,805232
28076,795770
28077,786268
28078,776741
28079,767231
28080,757628
28081,748297
28082,738695
28083,729808
28084,720199
28085,712387
28086,702794
28087,693298
28088,683718
28089,674222
28090,664793
28091,655249
28092,645668
28093,636255
28094,626761
28095,617218
28096,607734
28097,598380
28098,590651
28099,581900
28100,572437
28101,562893
28102,553412
28103,543973
28104,534516
28105,524886
28106,515364
28107,505754
28108,496181
28109,486603
28110,476939
28111,469176
28112,459537
28113,450087
28114,440515
28115,431706
28116,422104
28117,412440
28118,402843
28119,393193
28120,383592
28121,373993
28122,364347
28123,354733
28124,347146
28125,337695
28126,328154
28127,318612
28128,308998
28129,299591
28130,290075
28131,281049
28132,271451
28133,261944
28134,252363
28135,242830
28136,235059
28137,225507
28138,215911
28139,206383
28140,196675
28141,187166
28142,177578
28143,167986
28144,159797
28145,149917
28146,140011
28147,130368
28148,120753
28149,113137
28150,103984
28151,94468
28152,84882
28153,75272
28154,65682
28155,56053
28156,46488
28157,36990
28158,27293
28159,17754
28160,8279
28161,1058825
28162,1054090
28163,1045529
28164,1035973
28165,1026406
28166,1016870
28167,1007227
28168,997626
28169,988164
28170,978440
28171,968821
28172,959343
28173,949718
28174,940110
28175,932701
28176,923212
28177,913806
28178,904232
28179,895396
28180,885769
28181,876217
28182,866642
28183,856997
28184,847466
28185,837820
28186,828426
28187,818951
28188,811619
28189,802065
28190,792485
28191,782909
28192,773344
28193,763865
28194,754260
28195,745409
28196,735832
28197,726341
28198,716799
28199,707318
28200,699445
28201,689975
28202,680430
28203,670870
28204,661453
28205,651907
28206,642224
28207,632665
28208,623109
28209,613719
28210,604075
28211,595247
28212,585689
28213,579336
28214,569758
28215,560265
28216,550704
28217,541134
28218,531494
28219,521899
28220,512289
28221,502722
28222,493183
28223,483578
28224,473951
28225,464583
28226,456849
28227,447877
28228,438215
28229,428646
28230,419083
28231,409477
28232,399871
28233,390283
28234,380700
28235,371105
28236,361487
28237,351855
28238,342333
28239,334472
28240,324900
28241,315520
28242,305963
28243,297263
28244,287678
28245,278105
28246,270069
28247,260215
28248,250310
28249,240404
28250,230578
28251,221054
28252,213227
28253,203782
28254,194174
28255,184569
28256,174928
28257,165534
28258,156028
28259,147139
28260,137430
28261,127834
28262,118195
28263,108640
28264,101510
28265,92005
28266,82358
28267,72862
28268,63315
28269,53733
28270,44198
28271,34732
28272,24993
28273,15729
28274,6190
28275,1127151
28276,1117770
28277,1113617
28278,1104094
28279,1094749
28280,1085289
28281,1075861
28282,1066283
28283,1056815
28284,1047231
28285,1037689
28286,1028078
28287,1018486
28288,1008898
28289,999608
28290,992262
28291,983616
28292,974008
28293,964400
28294,954870
28295,945406
28296,935794
28297,926301
28298,916770
28299,907231
28300,897666
28301,888042
28302,878424
28303,870896
28304,861412
28305,852123
28306,842715
28307,834077
28308,824457
28309,814871
28310,805380
28311,795843
28312,786369
28313,776779
28314,767258
28315,757790
28316,750194
28317,740649
28318,731223
28319,722021
28320,712558
28321,703242
28322,693756
28323,689493
28324,679686
28325,669834
28326,659980
28327,650081
28328,640205
28329,630305
28330,620407
28331,610739
28332,601195
28333,591763
28334,582283
28335,572767
28336,563267
28337,553929
28338,544462
28339,535627
28340,526071
28341,518416
28342,508792
28343,499273
28344,489650
28345,480099
28346,470560
28347,460968
28348,451393
28349,443924
28350,433994
28351,424056
28352,414157
28353,404219
28354,395916
28355,387237
28356,377574
28357,368005
28358,358428
28359,348779
28360,339176
28361,329691
28362,320279
28363,310676
28364,301183
28365,291684
28366,282072
28367,274595
28368,264938
28369,255565
28370,246078
28371,237256
28372,227583
28373,218075
28374,208414
28375,198910
28376,189325
28377,179832
28378,170212
28379,161149
28380,153695
28381,144034
28382,134508
28383,124840
28384,115213
28385,105797
28386,96160
28387,87289
28388,77709
28389,68106
28390,58504
28391,48875
28392,41102
28393,31583
28394,22194
28395,12601
28396,3078
28397,1050299
28398,1040895
28399,1031495
28400,1022115
28401,1013204
28402,1003678
28403,995115
28404,985541
28405,983041
28406,973573
28407,964131
28408,954576
28409,944996
28410,935404
28411,925775
28412,916307
28413,906704
28414,897157
28415,887645
28416,878158
28417,868706
28418,861230
28419,852490
28420,842881
28421,833395
28422,823705
28423,814224
28424,804820
28425,795215
28426,785752
28427,776501
28428,766902
28429,757402
28430,747907
28431,740216
28432,730726
28433,721425
28434,711769
28435,702921
28436,693374
28437,683917
28438,674467
28439,664909
28440,655483
28441,646085
28442,636605
28443,627083
28444,619473
28445,610095
28446,600584
28447,590960
28448,581515
28449,572177
28450,562693
28451,555097
28452,545185
28453,535246
28454,525612
28455,516027
28456,508333
28457,498856
28458,489198
28459,479623
28460,470112
28461,460452
28462,450938
28463,441380
28464,431712
28465,422289
28466,412788
28467,403903
28468,394283
28469,386719
28470,377185
28471,367651
28472,358059
28473,348456
28474,338916
28475,329376
28476,319732
28477,310237
28478,300769
28479,291235
28480,281674
28481,272330
28482,264579
28483,255984
28484,246503
28485,236953
28486,227454
28487,217938
28488,208366
28489,198834
28490,189263
28491,179711
28492,170179
28493,160629
28494,151180
28495,143573
28496,134082
28497,124766
28498,115196
28499,106376
28500,97029
28501,87426
28502,77831
28503,68233
28504,58739
28505,49134
28506,39555
28507,29946
28508,22290
28509,12938
28510,3434
28511,1234055
28512,1227411
28513,1223851
28514,1216951
28515,1215107
28516,1207503
28517,1200498
28518,1192863
28519,1185679
28520,1185724
28521,1176157
28522,1166594
28523,1157070
28524,1147498
28525,1137852
28526,1128327
28527,1118801
28528,1109245
28529,1099910
28530,1090250
28531,1081497
28532,1071854
28533,1064384
28534,1054852
28535,1045242
28536,1035553
28537,1025933
28538,1016431
28539,1006767
28540,997357
28541,988101
28542,978725
28543,969167
28544,959620
28545,950357
28546,942662
28547,933974
28548,924342
28549,914811
28550,905348
28551,895815
28552,886230
28553,878929
28554,869045
28555,859121
28556,849228
28557,839288
28558,829346
28559,821615
28560,812052
28561,802734
28562,793136
28563,784300
28564,774801
28565,765344
28566,755801
28567,756037
28568,746561
28569,737013
28570,727542
28571,718066
28572,710391
28573,700942
28574,691331
28575,681697
28576,672221
28577,662922
28578,653365
28579,644518
28580,635015
28581,625481
28582,615958
28583,606390
28584,598734
28585,589236
28586,579671
28587,570112
28588,560582
28589,551122
28590,541522
28591,532082
28592,522589
28593,513214
28594,503721
28595,495122
28596,485677
28597,479562
28598,470008
28599,460385
28600,450887
28601,441311
28602,431769
28603,422165
28604,412692
28605,403021
28606,393542
28607,383984
28608,374407
28609,365076
28610,357448
28611,348590
28612,339085
28613,329662
28614,320590
28615,311170
28616,301619
28617,292018
28618,282443
28619,272934
28620,263558
28621,254011
28622,244499
28623,236887
28624,227382
28625,218018
28626,208429
28627,199556
28628,189997
28629,180442
28630,170843
28631,161278
28632,151677
28633,142115
28634,132587
28635,123064
28636,115306
28637,105807
28638,96154
28639,86581
28640,77054
28641,67774
28642,58269
28643,49634
28644,40117
28645,30771
28646,21329
28647,11874
28648,4301
28649,1055093
28650,1045689
28651,1036309
28652,1026989
28653,1017541
28654,1008033
28655,1000913
28656,991043
28657,981116
28658,971224
28659,962785
28660,953243
28661,949812
28662,940277
28663,930885
28664,921430
28665,911991
28666,902518
28667,893015
28668,883427
28669,873808
28670,864441
28671,854924
28672,845487
28673,836240
28674,829060
28675,820522
28676,811204
28677,801743
28678,792334
28679,782895
28680,773403
28681,764010
28682,754537
28683,744971
28684,735580
28685,726079
28686,716600
28687,709242
28688,699815
28689,690542
28690,681001
28691,672383
28692,662987
28693,653474
28694,644046
28695,634420
28696,624930
28697,615545
28698,605926
28699,596404
28700,589051
28701,579450
28702,569887
28703,560454
28704,550932
28705,541654
28706,532252
28707,523706
28708,514274
28709,504818
28710,495434
28711,485960
28712,478637
28713,469177
28714,459646
28715,450198
28716,440790
28717,431226
28718,421711
28719,412296
28720,402847
28721,393623
28722,384132
28723,375529
28724,366042
28725,358688
28726,349187
28727,339775
28728,330345
28729,320903
28730,311479
28731,302310
28732,292962
28733,283491
28734,274027
28735,264529
28736,255220
28737,245998
28738,238630
28739,230140
28740,220651
28741,211080
28742,201723
28743,192265
28744,182746
28745,173287
28746,163723
28747,154116
28748,144656
28749,135089
28750,125620
28751,118374
28752,108832
28753,100380
28754,90894
28755,82344
28756,72844
28757,63469
28758,56452
28759,46530
28760,36663
28761,26709
28762,16767
28763,6814
28764,1060288
28765,1050911
28766,1041438
28767,1031848
28768,1022266
28769,1013272
28770,1003703
28771,994980
28772,985415
28773,975758
28774,966162
28775,956667
28776,949121
28777,939512
28778,929999
28779,920434
28780,910821
28781,901254
28782,891652
28783,882045
28784,872530
28785,863137
28786,853609
28787,844825
28788,835327
28789,829355
28790,819804
28791,810202
28792,800546
28793,790921
28794,781266
28795,771872
28796,762385
28797,752753
28798,743255
28799,733709
28800,724137
28801,714863
28802,707084
28803,698112
28804,688560
28805,678980
28806,669434
28807,660217
28808,650701
28809,641121
28810,631645
28811,622250
28812,612592
28813,603039
28814,593420
28815,596908
28816,587308
28817,577880
28818,568298
28819,559591
28820,550123
28821,540561
28822,531023
28823,521519
28824,511998
28825,502442
28826,492940
28827,483370
28828,475675
28829,466102
28830,456486
28831,446889
28832,437264
28833,427909
28834,418253
28835,409457
28836,399933
28837,390313
28838,380808
28839,371215
28840,363552
28841,354018
28842,344301
28843,334849
28844,325511
28845,315963
28846,306284
28847,296736
28848,287285
28849,277839
28850,268369
28851,259640
28852,250142
28853,242549
28854,232995
28855,223362
28856,213790
28857,204177
28858,194628
28859,185000
28860,175420
28861,167958
28862,158026
28863,148078
28864,138134
28865,128212
28866,119940
28867,111572
28868,102000
28869,92433
28870,82865
28871,73316
28872,63741
28873,54308
28874,44815
28875,35177
28876,25653
28877,16228
28878,6667
28879,1152384
28880,1143034
28881,1134179
28882,1124585
28883,1115887
28884,1106295
28885,1096690
28886,1087207
28887,1077650
28888,1067991
28889,1058511
28890,1048953
28891,1039405
28892,1032134
28893,1022507
28894,1013044
28895,1003472
28896,993907
28897,984547
28898,975001
28899,966234
28900,956653
28901,947006
28902,937336
28903,927901
28904,920717
28905,911251
28906,901707
28907,892163
28908,882670
28909,873065
28910,863613
28911,854118
28912,844613
28913,835360
28914,825868
28915,816954
28916,807509
28917,799961
28918,790350
28919,780835
28920,771149
28921,761760
28922,752369
28923,742751
28924,733289
28925,723668
28926,714323
28927,704801
28928,695179
28929,685770
28930,678249
28931,669456
28932,659795
28933,650187
28934,640690
28935,631111
28936,621585
28937,612018
28938,602396
28939,592811
28940,583335
28941,573703
28942,564185
28943,556525
28944,546874
28945,537562
28946,527972
28947,519182
28948,509668
28949,500104
28950,490475
28951,480872
28952,476992
28953,467138
28954,457298
28955,447473
28956,437554
28957,427618
28958,417723
28959,407806
28960,397867
28961,387913
28962,378028
28963,370180
28964,360293
28965,350382
28966,340440
28967,330808
28968,323262
28969,313757
28970,304158
28971,294608
28972,285099
28973,275529
28974,265971
28975,256418
28976,246804
28977,237465
28978,227873
28979,219084
28980,209482
28981,203181
28982,194275
28983,184871
28984,175362
28985,165900
28986,156375
28987,146828
28988,137297
28989,127646
28990,118051
28991,108576
28992,98933
28993,89483
28994,82228
28995,73447
28996,63897
28997,54289
28998,44760
28999,35227
29000,25668
29001,16400
29002,6910
29003,1137625
29004,1128159
29005,1118675
29006,1109252
29007,1105585
29008,1096036
29009,1087200
29010,1077770
29011,1069144
29012,1059683
29013,1050055
29014,1040415
29015,1031086
29016,1021486
29017,1011827
29018,1002288
29019,992661
29020,985203
29021,975650
29022,966006
29023,956371
29024,946908
29025,937565
29026,927999
29027,919218
29028,909767
29029,900351
29030,890880
29031,881292
29032,873689
29033,864144
29034,854428
29035,844898
29036,835341
29037,825837
29038,816305
29039,806850
29040,797284
29041,787954
29042,778294
29043,769421
29044,759889
29045,752462
29046,742990
29047,733547
29048,724046
29049,714560
29050,705118
29051,695657
29052,686059
29053,676532
29054,667140
29055,657553
29056,647988
29057,638651
29058,630900
29059,622203
29060,612753
29061,603149
29062,593648
29063,584023
29064,574520
29065,566942
29066,557131
29067,547183
29068,537241
29069,527357
29070,517416
29071,509092
29072,499535
29073,490144
29074,480586
29075,471761
29076,462080
29077,452606
29078,443225
29079,433643
29080,424149
29081,414622
29082,405073
29083,395475
29084,388068
29085,378487
29086,368809
29087,359275
29088,349597
29089,340259
29090,330881
29091,322008
29092,312439
29093,302857
29094,293244
29095,283608
29096,275948
29097,266438
29098,256833
29099,247331
29100,237680
29101,227943
29102,218103
29103,208449
29104,198930
29105,189548
29106,180016
29107,171206
29108,162125
29109,154560
29110,145201
29111,135686
29112,126147
29113,116591
29114,107037
29115,97480
29116,87863
29117,78242
29118,68679
29119,59088
29120,49528
29121,40168
29122,32671
29123,24131
29124,14593
29125,5021
29126,1002530
29127,993013
29128,983568
29129,974060
29130,964476
29131,954935
29132,945452
29133,935842
29134,926175
29135,922182
29136,912682
29137,903779
29138,894173
29139,885576
29140,875975
29141,866521
29142,856973
29143,847307
29144,837722
29145,828145
29146,818594
29147,809032
29148,801399
29149,791725
29150,782182
29151,772610
29152,763037
29153,753635
29154,744079
29155,735178
29156,725683
29157,716073
29158,706523
29159,696869
29160,690606
29161,681039
29162,671453
29163,661762
29164,652197
29165,642652
29166,633079
29167,623405
29168,615445
29169,605502
29170,595583
29171,586274
29172,576742
29173,568996
29174,559384
29175,549869
29176,540207
29177,530656
29178,521198
29179,511587
29180,502118
29181,492432
29182,482863
29183,473483
29184,463985
29185,454480
29186,446775
29187,437841
29188,428369
29189,418779
29190,409113
29191,399562
29192,390035
29193,380487
29194,370902
29195,361310
29196,351598
29197,342029
29198,332428
29199,324609
29200,315003
29201,305609
29202,296034
29203,287143
29204,277542
29205,267948
29206,258334
29207,248825
29208,239223
29209,229601
29210,220005
29211,210406
29212,202673
29213,193227
29214,183716
29215,174166
29216,164616
29217,155198
29218,145632
29219,136679
29220,127121
29221,117549
29222,108022
29223,98426
29224,90714
29225,81667
29226,71992
29227,62463
29228,52885
29229,43310
29230,33852
29231,24289
29232,14777
29233,5484
29234,1243427
29235,1235085
29236,1225616
29237,1220952
29238,1211450
29239,1201842
29240,1192265
29241,1182650
29242,1173094
29243,1163569
29244,1153876
29245,1144286
29246,1134646
29247,1125065
29248,1115405
29249,1106038
29250,1098397
29251,1089560
29252,1080031
29253,1070309
29254,1060766
29255,1051155
29256,1041580
29257,1032013
29258,1022722
29259,1013104
29260,1003607
29261,994126
29262,984532
29263,976910
29264,967296
29265,957866
29266,948405
29267,939629
29268,930078
29269,920564
29270,912586
29271,902638
29272,892701
29273,882829
29274,872885
29275,862936
29276,855207
29277,845627
29278,836072
29279,826448
29280,816921
29281,807498
29282,797991
29283,789042
29284,779493
29285,769907
29286,760286
29287,750638
29288,743107
29289,733528
29290,724023
29291,714506
29292,704885
29293,695397
29294,685800
29295,676237
29296,666587
29297,657190
29298,647652
29299,638792
29300,629197
29301,621385
29302,611852
29303,602282
29304,592668
29305,583110
29306,573543
29307,563861
29308,554308
29309,544600
29310,535008
29311,525409
29312,515751
29313,506356
29314,498722
29315,489907
29316,480336
29317,470668
29318,461061
29319,451404
29320,441975
29321,432528
29322,422915
29323,413222
29324,403650
29325,393991
29326,350198
29327,351991
29328,352031
29329,352097
29330,346982
29331,338078
29332,328439
29333,318914
29334,309299
29335,299806
29336,290180
29337,280541
29338,270977
29339,261493
29340,253970
29341,244400
29342,235013
29343,225364
29344,215753
29345,206422
29346,196735
29347,187879
29348,178241
29349,168602
29350,158947
29351,149409
29352,142655
29353,133291
29354,123743
29355,114097
29356,104393
29357,94803
29358,85120
29359,75577
29360,65962
29361,56525
29362,46962
29363,38122
29364,28459
29365,20879
29366,11439
29367,1962
29368,1051721
29369,1042373
29370,1032767
29371,1023398
29372,1015999
29373,1006079
29374,996146
29375,986255
29376,976301
29377,966560
29378,962440
29379,953748
29380,944168
29381,934766
29382,925193
29383,915561
29384,906065
29385,896515
29386,886985
29387,877427
29388,867758
29389,858222
29390,848590
29391,840902
29392,831499
29393,822387
29394,812793
29395,804001
29396,794536
29397,784922
29398,775417
29399,765923
29400,756251
29401,746782
29402,737359
29403,727643
29404,719892
29405,710268
29406,700615
29407,690978
29408,681450
29409,672026
29410,662504
29411,653971
29412,644479
29413,634962
29414,625538
29415,615903
29416,608245
29417,598689
29418,589051
29419,579579
29420,569950
29421,560349
29422,550842
29423,541411
29424,531797
29425,522467
29426,512921
29427,504122
29428,494598
29429,486902
29430,477321
29431,467798
29432,458252
29433,448704
29434,439049
29435,429524
29436,419916
29437,410383
29438,400829
29439,391202
29440,381525
29441,372175
29442,364375
29443,355544
29444,345911
29445,336226
29446,326538
29447,316894
29448,307327
29449,297733
29450,288300
29451,278775
29452,269263
29453,259671
29454,250060
29455,242369
29456,232916
29457,223561
29458,214002
29459,205262
29460,195667
29461,186004
29462,176483
29463,166893
29464,157281
29465,147725
29466,138090
29467,128429
29468,120748
29469,111181
29470,101553
29471,92021
29472,82937
29473,73598
29474,65983
29475,56066
29476,46125
29477,36177
29478,26265
29479,16675
29480,9009
29481,1126809
29482,1117473
29483,1108058
29484,1098471
29485,1088917
29486,1079347
29487,1069750
29488,1060118
29489,1051266
29490,1041694
29491,1032986
29492,1023626
29493,1019316
29494,1009818
29495,1000338
29496,990670
29497,981168
29498,971696
29499,962105
29500,952503
29501,943019
29502,933422
29503,923846
29504,914269
29505,904854
29506,897694
29507,888933
29508,879351
29509,869740
29510,860424
29511,850767
29512,841255
29513,831894
29514,822324
29515,812829
29516,803346
29517,793790
29518,784368
29519,776745
29520,767087
29521,757818
29522,748355
29523,739599
29524,730330
29525,720900
29526,711459
29527,701934
29528,692478
29529,682819
29530,673305
29531,663940
29532,656313
29533,646868
29534,637323
29535,627414
29536,617518
29537,608048
29538,598584
29539,589792
29540,580323
29541,570750
29542,561245
29543,551586
29544,545192
29545,535645
29546,526165
29547,516550
29548,506977
29549,497414
29550,487818
29551,478229
29552,468668
29553,459325
29554,449739
29555,440880
29556,431328
29557,423661
29558,414149
29559,404584
29560,395133
29561,385605
29562,376073
29563,366441
29564,356930
29565,347266
29566,337678
29567,328151
29568,318558
29569,309243
29570,301827
29571,293110
29572,283562
29573,274059
29574,264416
29575,254889
29576,245384
29577,237214
29578,227292
29579,217409
29580,207450
29581,197532
29582,192708
29583,182819
29584,172954
29585,163047
29586,153097
29587,143367
29588,133795
29589,124194
29590,114637
29591,105133
29592,95576
29593,86040
29594,76479
29595,66908
29596,59399
29597,49807
29598,40154
29599,30594
29600,21139
29601,12073
29602,2586
29603,1134164
29604,1124731
29605,1115225
29606,1105835
29607,1096266
29608,1092399
29609,1082914
29610,1073278
29611,1063868
29612,1054339
29613,1044707
29614,1035077
29615,1025543
29616,1015942
29617,1006640
29618,997189
29619,988463
29620,978876
29621,971297
29622,961676
29623,952153
29624,942597
29625,932940
29626,923315
29627,913760
29628,904115
29629,894526
29630,884992
29631,875415
29632,865840
29633,856554
29634,849090
29635,840410
29636,830947
29637,821300
29638,811798
29639,802359
29640,792883
29641,783372
29642,773804
29643,764244
29644,754697
29645,745158
29646,735487
29647,727936
29648,718464
29649,709046
29650,699535
29651,690815
29652,681315
29653,671769
29654,662226
29655,652589
29656,643021
29657,633432
29658,623840
29659,614291
29660,606715
29661,597251
29662,587656
29663,578091
29664,568535
29665,559154
29666,549624
29667,540684
29668,531065
29669,521431
29670,511751
29671,502208
29672,494581
29673,485120
29674,475440
29675,465888
29676,456223
29677,446664
29678,437133
29679,427529
29680,419209
29681,409350
29682,399409
29683,389999
29684,380406
29685,372861
29686,363338
29687,353779
29688,344178
29689,334633
29690,325172
29691,315599
29692,305955
29693,296408
29694,286866
29695,277253
29696,267692
29697,258214
29698,250539
29699,241840
29700,232197
29701,222676
29702,213157
29703,203494
29704,193974
29705,184443
29706,174793
29707,165672
29708,156083
29709,146412
29710,136793
29711,129428
29712,119800
29713,110486
29714,100966
29715,92178
29716,82587
29717,73004
29718,63430
29719,53776
29720,44214
29721,34655
29722,25015
29723,15690
29724,8021
29725,1208969
29726,1200187
29727,1190912
29728,1181426
29729,1172686
29730,1163181
29731,1154382
29732,1144865
29733,1135247
29734,1125669
29735,1116086
29736,1112549
29737,1102977
29738,1093507
29739,1083852
29740,1074198
29741,1064732
29742,1054955
29743,1045384
29744,1035836
29745,1026366
29746,1016784
29747,1007935
29748,998282
29749,990715
29750,981162
29751,971509
29752,961950
29753,952294
29754,942721
29755,933398
29756,923861
29757,914196
29758,904624
29759,895081
29760,885439
29761,876144
29762,868347
29763,859414
29764,849735
29765,840164
29766,830538
29767,820957
29768,811507
29769,801910
29770,792332
29771,782755
29772,773238
29773,763652
29774,754140
29775,746291
29776,736726
29777,727324
29778,717714
29779,708857
29780,699376
29781,689860
29782,681485
29783,671578
29784,661642
29785,651708
29786,641889
29787,632360
29788,624697
29789,615137
29790,605630
29791,596001
29792,586460
29793,576988
29794,567544
29795,558638
29796,548993
29797,539328
29798,529713
29799,520059
29800,512265
29801,502759
29802,493080
29803,483444
29804,473770
29805,464025
29806,454475
29807,444799
29808,435140
29809,425844
29810,416417
29811,407580
29812,397977
29813,390285
29814,380680
29815,371167
29816,361565
29817,351909
29818,342346
29819,332778
29820,323149
29821,313626
29822,304028
29823,294414
29824,284885
29825,275469
29826,267832
29827,259034
29828,250135
29829,240491
29830,230841
29831,221339
29832,211760
29833,202228
29834,192771
29835,183255
29836,173655
29837,164054
29838,154475
29839,146856
29840,137276
29841,127901
29842,118314
29843,109393
29844,99758
29845,90147
29846,80553
29847,70974
29848,61308
29849,51673
29850,42046
29851,32487
29852,25188
29853,15520
29854,6008
29855,1055918
29856,1046413
29857,1037454
29858,1027945
29859,1019114
29860,1009447
29861,999996
29862,990370
29863,980735
29864,975861
29865,966329
29866,956740
29867,947203
29868,937739
29869,928081
29870,918494
29871,908877
29872,899240
29873,889898
29874,880315
29875,871443
29876,861859
29877,854318
29878,844658
29879,835110
29880,825538
29881,815983
29882,806575
29883,796966
29884,787415
29885,779201
29886,769249
29887,759305
29888,749415
29889,739545
29890,731799
29891,722934
29892,713405
29893,703852
29894,694292
29895,684670
29896,675085
29897,665580
29898,656194
29899,646596
29900,637006
29901,627455
29902,617973
29903,610372
29904,600759
29905,591311
29906,581826
29907,572987
29908,563431
29909,553859
29910,544260
29911,534598
29912,525070
29913,515444
29914,505805
29915,496276
29916,488394
29917,478780
29918,469235
29919,459579
29920,450001
29921,440630
29922,431022
29923,422202
29924,412592
29925,402963
29926,393429
29927,383782
29928,377393
29929,367746
29930,358238
29931,348608
29932,339130
29933,329724
29934,320112
29935,310541
29936,301020
29937,291632
29938,282028
29939,273206
29940,263636
29941,256010
29942,246482
29943,236844
29944,227331
29945,217799
29946,208255
29947,198644
29948,189035
29949,179372
29950,169798
29951,160246
29952,150724
29953,141366
29954,133704
29955,124764
29956,115091
29957,105576
29958,96607
29959,87252
29960,77660
29961,68109
29962,58596
29963,49038
29964,39374
29965,29760
29966,20238
29967,12657
29968,3332
29969,1053910
29970,1044491
29971,1035884
29972,1026307
29973,1016719
29974,1007222
29975,997700
29976,988122
29977,978576
29978,969018
29979,959395
29980,954749
29981,945264
29982,935570
29983,925950
29984,916407
29985,906934
29986,897293
29987,889785
29988,879835
29989,869900
29990,859950
29991,850006
29992,842974
29993,833456
29994,823953
29995,814380
29996,804886
29997,795287
29998,785814
29999,776262
30000,766670
30001,757275
30002,747833
30003,739015
30004,729370
30005,721674
30006,712073
30007,702546
30008,692995
30009,683501
30010,673932
30011,664526
30012,655092
30013,645635
30014,636108
30015,626651
30016,617159
30017,607747
30018,600136
30019,591417
30020,581929
30021,572268
30022,562747
30023,553243
30024,543724
30025,534164
30026,524620
30027,515049
30028,505394
30029,495897
30030,486253
30031,478388
30032,468788
30033,459305
30034,449679
30035,440749
30036,431157
30037,421543
30038,411981
30039,402314
30040,392780
30041,383173
30042,373552
30043,363946
30044,356328
30045,346685
30046,337098
30047,327542
30048,317966
30049,308601
30050,299137
30051,290160
30052,280573
30053,271002
30054,261454
30055,252045
30056,244274
30057,234750
30058,225119
30059,215524
30060,205938
30061,196406
30062,186815
30063,177174
30064,167543
30065,158165
30066,148537
30067,139566
30068,129946
30069,122231
30070,112769
30071,103225
30072,94098
30073,84540
30074,75131
30075,65431
30076,55870
30077,46237
30078,36619
30079,27029
30080,17474
30081,8145
30082,1238536
30083,1238483
30084,1230792
30085,1222883
30086,1215281
30087,1207123
30088,1199576
30089,1194327
30090,1184447
30091,1175785
30092,1167957
30093,1159965
30094,1151978
30095,1150034
30096,1142270
30097,1135355
30098,1127684
30099,1122321
30100,1113199
30101,1104004
30102,1094589
30103,1085191
30104,1076338
30105,1066444
30106,1056505
30107,1046869
30108,1039680
30109,1030047
30110,1020446
30111,1010959
30112,1001387
30113,991991
30114,982335
30115,973442
30116,963965
30117,954386
30118,944849
30119,935424
30120,928862
30121,919195
30122,909661
30123,900064
30124,890528
30125,881134
30126,871568
30127,861875
30128,852462
30129,843126
30130,833607
30131,824796
30132,815227
30133,807433
30134,797879
30135,788367
30136,778747
30137,769348
30138,759967
30139,750430
30140,740927
30141,731291
30142,721762
30143,712089
30144,702537
30145,693076
30146,685292
30147,676410
30148,666810
30149,657288
30150,647726
30151,638101
30152,628449
30153,618843
30154,609208
30155,599660
30156,590153
30157,580440
30158,570791
30159,563003
30160,553490
30161,544248
30162,534620
30163,525735
30164,515986
30165,506399
30166,496777
30167,487268
30168,477679
30169,468066
30170,458413
30171,448831
30172,441123
30173,431529
30174,421944
30175,412392
30176,402796
30177,393314
30178,383776
30179,374892
30180,365226
30181,355602
30182,346051
30183,336452
30184,328830
30185,319914
30186,310330
30187,300667
30188,291192
30189,281603
30190,271940
30191,265281
30192,255347
30193,245413
30194,235477
30195,225538
30196,215602
30197,207642
30198,198084
30199,188490
30200,178955
30201,169298
30202,159742
30203,150127
30204,140529
30205,130972
30206,121398
30207,111737
30208,102187
30209,92810
30210,85021
30211,78937
30212,69135
30213,59326
30214,49424
30215,39523
30216,29602
30217,19722
30218,9862
30219,1196306
30220,1189805
30221,1183495
30222,1175944
30223,1179219
30224,1169710
30225,1160888
30226,1151546
30227,1143014
30228,1133585
30229,1123926
30230,1114357
30231,1104767
30232,1095130
30233,1085614
30234,1076011
30235,1066387
30236,1059033
30237,1049418
30238,1039832
30239,1030248
30240,1020718
30241,1011283
30242,1001821
30243,993159
30244,983601
30245,974148
30246,964673
30247,955200
30248,947562
30249,938039
30250,928553
30251,918980
30252,909423
30253,899923
30254,890438
30255,880851
30256,871371
30257,862122
30258,852663
30259,843852
30260,834396
30261,826720
30262,817296
30263,807783
30264,798147
30265,788707
30266,779233
30267,769558
30268,760136
30269,750778
30270,741241
30271,731762
30272,722265
30273,712911
30274,705379
30275,696638
30276,687064
30277,677476
30278,667949
30279,658395
30280,648770
30281,639232
30282,629578
30283,620020
30284,610467
30285,600817
30286,591292
30287,583578
30288,574074
30289,564700
30290,555119
30291,546265
30292,536677
30293,527143
30294,519555
30295,509620
30296,499715
30297,489771
30298,479833
30299,470003
30300,462381
30301,452719
30302,443159
30303,433550
30304,423948
30305,414597
30306,405139
30307,396343
30308,386815
30309,377221
30310,367707
30311,358110
30312,351543
30313,342088
30314,332569
30315,323048
30316,313451
30317,303936
30318,294335
30319,284801
30320,275241
30321,265809
30322,256284
30323,247881
30324,238469
30325,230930
30326,221390
30327,211943
30328,202377
30329,192898
30330,183366
30331,173709
30332,164196
30333,154530
30334,144977
30335,135479
30336,125790
30337,116556
30338,108884
30339,100032
30340,90397
30341,80852
30342,71381
30343,61788
30344,52286
30345,42723
30346,33168
30347,23786
30348,14201
30349,4710
30350,1054294
30351,1050112
30352,1040626
30353,1031739
30354,1022247
30355,1013611
30356,1004129
30357,994596
30358,985080
30359,975469
30360,965801
30361,956192
30362,946639
30363,936974
30364,929427
30365,919904
30366,910308
30367,900682
30368,891099
30369,881715
30370,872206
30371,863316
30372,853651
30373,844215
30374,834791
30375,825209
30376,817383
30377,807841
30378,798138
30379,788634
30380,779005
30381,769453
30382,759754
30383,750210
30384,740526
30385,731132
30386,721523
30387,712653
30388,703016
30389,695214
30390,685603
30391,676023
30392,666503
30393,657184
30394,647626
30395,638017
30396,628481
30397,619925
30398,610021
30399,600092
30400,590158
30401,580610
30402,572729
30403,564020
30404,554468
30405,544895
30406,535252
30407,525684
30408,516037
30409,506426
30410,496905
30411,487295
30412,477711
30413,468153
30414,458506
30415,450638
30416,441189
30417,431751
30418,422158
30419,413296
30420,403692
30421,394033
30422,384436
30423,374745
30424,365091
30425,355564
30426,345856
30427,336310
30428,328563
30429,318882
30430,309295
30431,299939
30432,290291
30433,280906
30434,271365
30435,262377
30436,252974
30437,243513
30438,233821
30439,224223
30440,216379
30441,206839
30442,197170
30443,187541
30444,177918
30445,168334
30446,158743
30447,149137
30448,139521
30449,130034
30450,120472
30451,111665
30452,102070
30453,94897
30454,85442
30455,75889
30456,66305
30457,56743
30458,47182
30459,37542
30460,27920
30461,18310
30462,8817
30463,1058314
30464,1048903
30465,1039971
30466,1035662
30467,1027029
30468,1017468
30469,1008023
30470,998558
30471,989020
30472,979409
30473,969947
30474,960310
30475,950709
30476,941105
30477,931640
30478,922068
30479,914519
30480,904942
30481,895564
30482,886012
30483,877134
30484,867530
30485,857944
30486,848357
30487,838723
30488,829292
30489,819640
30490,810036
30491,800604
30492,792792
30493,783236
30494,773710
30495,764166
30496,754610
30497,745245
30498,735689
30499,727369
30500,717455
30501,707597
30502,698087
30503,688439
30504,681853
30505,672410
30506,663016
30507,653442
30508,643900
30509,634321
30510,624754
30511,615072
30512,605552
30513,596155
30514,586525
30515,577704
30516,568135
30517,560537
30518,551010
30519,541396
30520,531862
30521,522314
30522,512680
30523,503154
30524,493571
30525,483905
30526,474257
30527,464746
30528,455168
30529,445809
30530,438159
30531,429129
30532,419617
30533,409955
30534,400391
30535,390763
30536,381246
30537,371682
30538,362099
30539,352464
30540,342849
30541,333269
30542,323644
30543,316007
30544,306483
30545,297078
30546,287557
30547,278709
30548,269170
30549,259677
30550,250073
30551,240627
30552,231034
30553,221469
30554,211921
30555,202312
30556,194427
30557,184920
30558,175265
30559,165687
30560,156020
30561,146626
30562,137028
30563,128068
30564,118468
30565,108832
30566,99616
30567,89925
30568,82463
30569,72986
30570,63336
30571,53793
30572,44216
30573,34677
30574,25083
30575,15712
30576,6115
30577,1057490
30578,1048117
30579,1039432
30580,1029917
30581,1023087
30582,1013487
30583,1003907
30584,994523
30585,984951
30586,975407
30587,965869
30588,956258
30589,946802
30590,937249
30591,927755
30592,918088
30593,908852
30594,901315
30595,892480
30596,882931
30597,873237
30598,863732
30599,854161
30600,844681
30601,836791
30602,826940
30603,816994
30604,807059
30605,797232
30606,787666
30607,780013
30608,770558
30609,761194
30610,751688
30611,742928
30612,733403
30613,723748
30614,714277
30615,704805
30616,695226
30617,685728
30618,676194
30619,666704
30620,659292
30621,649908
30622,640297
30623,630886
30624,621425
30625,612102
30626,602613
30627,593727
30628,584214
30629,574790
30630,565156
30631,555556
30632,547953
30633,538447
30634,528993
30635,519443
30636,509859
30637,500322
30638,490795
30639,481260
30640,471749
30641,462422
30642,452877
30643,444085
30644,434552
30645,426903
30646,417411
30647,407833
30648,398147
30649,388560
30650,378964
30651,369356
30652,359663
30653,350053
30654,340457
30655,330858
30656,321269
30657,311828
30658,304202
30659,295464
30660,285912
30661,276373
30662,266829
30663,257314
30664,247763
30665,238239
30666,228636
30667,219004
30668,209512
30669,199955
30670,190360
30671,182878
30672,173364
30673,164035
30674,154478
30675,145651
30676,136103
30677,126581
30678,116891
30679,107387
30680,98071
30681,88495
30682,78950
30683,69388
30684,61698
30685,52309
30686,42787
30687,33119
30688,23617
30689,14440
30690,4883
30691,1166621
30692,1157328
30693,1147769
30694,1138264
30695,1128841
30696,1126382
30697,1116883
30698,1107335
30699,1097778
30700,1088390
30701,1078788
30702,1069238
30703,1059685
30704,1051534
30705,1041598
30706,1031658
30707,1022415
30708,1012816
30709,1005371
30710,995879
30711,986279
30712,976808
30713,967240
30714,957723
30715,948191
30716,938750
30717,929178
30718,919706
30719,910161
30720,900603
30721,891258
30722,883710
30723,874861
30724,865263
30725,855809
30726,846327
30727,836823
30728,827402
30729,817930
30730,808442
30731,798964
30732,789485
30733,779985
30734,770556
30735,763130
30736,753738
30737,744367
30738,734902
30739,726266
30740,716695
30741,707246
30742,697784
30743,688380
30744,678855
30745,669231
30746,659792
30747,650102
30748,642500
30749,633092
30750,623415
30751,613834
30752,604219
30753,594828
30754,585345
30755,576478
30756,566936
30757,557252
30758,547818
30759,538167
30760,530650
30761,521101
30762,511463
30763,501859
30764,492477
30765,482916
30766,473395
30767,463854
30768,454217
30769,444846
30770,435280
30771,426481
30772,416850
30773,409339
30774,399712
30775,390165
30776,380606
30777,371029
30778,361618
30779,352087
30780,342524
30781,332948
30782,323366
30783,313785
30784,304186
30785,294896
30786,287204
30787,278475
30788,268918
30789,259339
30790,249783
30791,240242
30792,230667
30793,221191
30794,211793
30795,202566
30796,193052
30797,183480
30798,173899
30799,166323
30800,156824
30801,147492
30802,137940
30803,129191
30804,119618
30805,110008
30806,102675
30807,92729
30808,82803
30809,72895
30810,62962
30811,53019
30812,44767
30813,35132
30814,25537
30815,16202
30816,6622
30817,1248323
30818,1241653
30819,1238600
30820,1230748
30821,1223480
30822,1215559
30823,1207647
30824,1219992
30825,1212030
30826,1203957
30827,1195522
30828,1186368
30829,1177123
30830,1167905
30831,1158423
30832,1148984
30833,1139645
30834,1130147
30835,1121334
30836,1111817
30837,1104403
30838,1094741
30839,1088716
30840,1078880
30841,1069047
30842,1059154
30843,1049255
30844,1039344
30845,1029467
30846,1019540
30847,1009608
30848,999708
30849,989774
30850,981912
30851,972922
30852,963383
30853,953707
30854,944226
30855,934695
30856,925109
30857,915559
30858,905981
30859,896430
30860,887006
30861,877468
30862,867936
30863,860205
30864,850625
30865,841256
30866,831664
30867,822933
30868,813367
30869,803823
30870,794102
30871,784617
30872,774994
30873,765313
30874,755732
30875,746131
30876,738728
30877,729130
30878,719546
30879,709856
30880,700264
30881,690847
30882,681248
30883,672212
30884,662868
30885,653142
30886,643546
30887,633950
30888,627537
30889,618014
30890,608389
30891,598776
30892,589211
30893,579612
30894,570249
30895,560710
30896,551151
30897,541721
30898,532072
30899,523232
30900,513652
30901,506089
30902,496536
30903,487096
30904,477531
30905,467963
30906,458308
30907,448677
30908,442561
30909,432683
30910,422760
30911,412813
30912,402865
30913,392915
30914,383475
30915,374467
30916,364934
30917,355370
30918,345720
30919,336092
30920,326925
30921,317275
30922,307675
30923,298059
30924,288547
30925,278975
30926,269368
30927,262045
30928,252411
30929,243071
30930,233352
30931,224439
30932,214861
30933,205150
30934,195448
30935,185882
30936,176167
30937,166516
30938,156950
30939,147303
30940,139501
30941,129861
30942,120201
30943,110615
30944,100945
30945,91476
30946,81824
30947,73154
30948,63550
30949,53975
30950,44446
30951,34898
30952,27470
30953,18007
30954,8381
30955,1057899
30956,1048503
30957,1038980
30958,1029448
30959,1019938
30960,1010348
30961,1001468
30962,991899
30963,983180
30964,973715
30965,968936
30966,959293
30967,949724
30968,940147
30969,930492
30970,920855
30971,911371
30972,901775
30973,892087
30974,882540
30975,872893
30976,863373
30977,854009
30978,846354
30979,837517
30980,828030
30981,818293
30982,808843
30983,799266
30984,789815
30985,780367
30986,770790
30987,761298
30988,751762
30989,742285
30990,732792
30991,725024
30992,715521
30993,706117
30994,696606
30995,687875
30996,678401
30997,668886
30998,659521
30999,650020
31000,640518
31001,630987
31002,621308
31003,611790
31004,604074
31005,594427
31006,584808
31007,575207
31008,565552
31009,556373
31010,549214
31011,539307
31012,529375
31013,519454
31014,509514
31015,499722
31016,492073
31017,482519
31018,472970
31019,463462
31020,453868
31021,444317
31022,434675
31023,425012
31024,415361
31025,405978
31026,396403
31027,387474
31028,377814
31029,370316
31030,360770
31031,351280
31032,341598
31033,332003
31034,322424
31035,312805
31036,303283
31037,293734
31038,284141
31039,274459
31040,264926
31041,255448
31042,247822
31043,238990
31044,229407
31045,219832
31046,210259
31047,200597
31048,191124
31049,181554
31050,171991
31051,162380
31052,152758
31053,143192
31054,133608
31055,125857
31056,116249
31057,106888
31058,97199
31059,88852
31060,79341
31061,69771
31062,60206
31063,50666
31064,41098
31065,31507
31066,21830
31067,12342
31068,4636
31069,1054337
31070,1044914
31071,1035484
31072,1025852
31073,1017034
31074,1007396
31075,998803
31076,989208
31077,979595
31078,970014
31079,960380
31080,956780
31081,947263
31082,937679
31083,928113
31084,918548
31085,909011
31086,899412
31087,889872
31088,880313
31089,870901
31090,861283
31091,852479
31092,842831
31093,835449
31094,825922
31095,816276
31096,806749
31097,797226
31098,787655
31099,778358
31100,768892
31101,759268
31102,749805
31103,740313
31104,730844
31105,721485
31106,713830
31107,704946
31108,695235
31109,685656
31110,676114
31111,666646
31112,657186
31113,650020
31114,640121
31115,630244
31116,620308
31117,610365
31118,600452
31119,591932
31120,582459
31121,573069
31122,563460
31123,554912
31124,545402
31125,535756
31126,526259
31127,516787
31128,507153
31129,497634
31130,488086
31131,478531
31132,470673
31133,461151
31134,451583
31135,441909
31136,432345
31137,422864
31138,413218
31139,404366
31140,394712
31141,385137
31142,375487
31143,365869
31144,358184
31145,348651
31146,339009
31147,329465
31148,319838
31149,310342
31150,300797
31151,291268
31152,281668
31153,272224
31154,262644
31155,253856
31156,244285
31157,236521
31158,227001
31159,217434
31160,207941
31161,198278
31162,188719
31163,179167
31164,169580
31165,159925
31166,150409
31167,140813
31168,131235
31169,121876
31170,114149
31171,105178
31172,96168
31173,86629
31174,77058
31175,67423
31176,57854
31177,48261
31178,38699
31179,29054
31180,19378
31181,9942
31182,1126910
31183,1122470
31184,1113023
31185,1104222
31186,1094818
31187,1086157
31188,1076521
31189,1066955
31190,1057522
31191,1047949
31192,1038316
31193,1028891
31194,1019287
31195,1009628
31196,1002301
31197,992637
31198,983077
31199,973540
31200,963910
31201,954577
31202,944962
31203,936047
31204,926397
31205,916837
31206,907206
31207,897493
31208,890882
31209,881372
31210,871720
31211,862192
31212,852829
31213,843316
31214,833728
31215,824201
31216,816656
31217,806766
31218,796820
31219,786882
31220,777200
31221,769542
31222,759908
31223,750413
31224,740852
31225,731700
31226,722297
31227,712639
31228,703231
31229,693642
31230,684175
31231,674633
31232,665271
31233,655744
31234,648121
31235,639324
31236,629827
31237,620501
31238,610993
31239,601410
31240,591885
31241,582432
31242,572901
31243,563366
31244,553889
31245,544338
31246,534866
31247,527152
31248,517602
31249,508277
31250,498727
31251,489848
31252,480261
31253,470642
31254,461191
31255,451563
31256,442021
31257,432399
31258,422747
31259,413272
31260,405659
31261,396104
31262,386476
31263,376814
31264,367230
31265,357861
31266,348286
31267,339586
31268,330136
31269,320598
31270,311097
31271,301633
31272,295217
31273,285735
31274,276225
31275,266685
31276,257063
31277,247549
31278,237858
31279,228373
31280,218805
31281,209318
31282,199793
31283,191014
31284,181587
31285,174690
31286,165146
31287,155546
31288,145900
31289,136378
31290,126818
31291,117398
31292,107923
31293,98266
31294,88663
31295,79142
31296,69490
31297,60085
31298,52742
31299,44066
31300,34406
31301,24803
31302,15340
31303,5867
31304,1156442
31305,1149253
31306,1141587
31307,1133899
31308,1125621
31309,1117657
31310,1109978
31311,1122059
31312,1114330
31313,1109888
31314,1101744
31315,1097224
31316,1088192
31317,1078959
31318,1071634
31319,1061745
31320,1051801
31321,1041867
31322,1031949
31323,1022007
31324,1014056
31325,1004532
31326,994924
31327,985431
31328,978368
31329,968896
31330,959389
31331,950554
31332,941003
31333,931460
31334,921843
31335,912205
31336,904615
31337,895051
31338,885383
31339,875798
31340,866233
31341,856564
31342,847061
31343,837566
31344,828053
31345,818601
31346,808990
31347,800244
31348,790629
31349,782931
31350,773448
31351,763864
31352,754348
31353,744718
31354,735541
31355,726078
31356,716473
31357,707031
31358,697543
31359,687965
31360,678428
31361,669029
31362,661280
31363,652333
31364,642897
31365,633237
31366,623664
31367,614100
31368,604630
31369,595063
31370,585523
31371,575933
31372,566369
31373,556857
31374,547211
31375,539319
31376,529797
31377,520358
31378,510802
31379,501932
31380,492216
31381,482724
31382,473056
31383,463491
31384,453982
31385,444387
31386,434743
31387,425188
31388,417573
31389,407956
31390,398294
31391,388909
31392,379253
31393,369957
31394,360445
31395,351580
31396,341963
31397,332437
31398,322728
31399,313090
31400,305383
31401,295816
31402,286178
31403,276506
31404,266902
31405,257229
31406,247714
31407,238085
31408,228980
31409,219544
31410,210085
31411,201313
31412,191788
31413,184170
31414,174636
31415,165102
31416,155510
31417,145942
31418,136301
31419,126729
31420,117135
31421,109572
31422,99633
31423,89706
31424,79754
31425,69797
31426,61391
31427,52650
31428,43013
31429,33493
31430,24059
31431,14504
31432,4920
31433,1095581
31434,1086216
31435,1076808
31436,1067395
31437,1057911
31438,1048354
31439,1044223
31440,1034703
31441,1025813
31442,1016316
31443,1007616
31444,998090
31445,988473
31446,978815
31447,969213
31448,959726
31449,950097
31450,940584
31451,931084
31452,923568
31453,914020
31454,904465
31455,894937
31456,885342
31457,875991
31458,866504
31459,857816
31460,848337
31461,838723
31462,829165
31463,819663
31464,813175
31465,803664
31466,794145
31467,784562
31468,775032
31469,769067
31470,759234
31471,749384
31472,739525
31473,729631
31474,719753
31475,709870
31476,699956
31477,691821
31478,682296
31479,672758
31480,663199
31481,653645
31482,644141
31483,634922
31484,625355
31485,615898
31486,606428
31487,596800
31488,587241
31489,577885
31490,570068
31491,561156
31492,551638
31493,542048
31494,532375
31495,522750
31496,513240
31497,503639
31498,494007
31499,484424
31500,474748
31501,465097
31502,455558
31503,447754
31504,438153
31505,428711
31506,419104
31507,410104
31508,400528
31509,390892
31510,381339
31511,371790
31512,362237
31513,352780
31514,343202
31515,333592
31516,325876
31517,316289
31518,306671
31519,297183
31520,287754
31521,278383
31522,268800
31523,260871
31524,250929
31525,241001
31526,231177
31527,221629
31528,213804
31529,204217
31530,194570
31531,184971
31532,175441
31533,165879
31534,156175
31535,146653
31536,136997
31537,127896
31538,118372
31539,109464
31540,99945
31541,92222
31542,82658
31543,73073
31544,63506
31545,53943
31546,44325
31547,34666
31548,25125
31549,15706
31550,6127
31551,1068802
31552,1059375
31553,1050513
31554,1046398
31555,1037854
31556,1028286
31557,1018692
31558,1009104
31559,999497
31560,989857
31561,980325
31562,970694
31563,961061
31564,951462
31565,941987
31566,932350
31567,924777
31568,915211
31569,905837
31570,896331
31571,887563
31572,878059
31573,868536
31574,859048
31575,849525
31576,840038
31577,830526
31578,820853
31579,811360
31580,803807
31581,794173
31582,784727
31583,775188
31584,765527
31585,756172
31586,746655
31587,737796
31588,728189
31589,718710
31590,709177
31591,699603
31592,691841
31593,682331
31594,673100
31595,663544
31596,653946
31597,644420
31598,634876
31599,625304
31600,615754
31601,606300
31602,596648
31603,587820
31604,578525
31605,570808
31606,561352
31607,551825
31608,542246
31609,532636
31610,523115
31611,513442
31612,503877
31613,494252
31614,484728
31615,475078
31616,465480
31617,456079
31618,448221
31619,439440
31620,429785
31621,420095
31622,410569
31623,400965
31624,391406
31625,383279
31626,373016
31627,363397
31628,353503
31629,343544
31630,333961
31631,326256
31632,316701
31633,307394
31634,297847
31635,288909
31636,279366
31637,269888
31638,260340
31639,250705
31640,241152
31641,231593
31642,221970
31643,212465
31644,204609
31645,195072
31646,185510
31647,175850
31648,166253
31649,156899
31650,147201
31651,138408
31652,128782
31653,119077
31654,109938
31655,100383
31656,93971
31657,84536
31658,75089
31659,65485
31660,55964
31661,46284
31662,36682
31663,27166
31664,17712
31665,8355
31666,1055016
31667,1046914
31668,1037400
31669,1033346
31670,1023879
31671,1014309
31672,1004748
31673,995193
31674,985584
31675,975943
31676,966390
31677,956768
31678,947208
31679,937649
31680,927972
31681,918614
31682,911415
31683,902553
31684,892914
31685,883296
31686,873620
31687,864042
31688,854501
31689,844964
31690,835380
31691,825861
31692,816259
31693,806644
31694,797062
31695,789537
31696,780316
31697,771107
31698,761446
31699,752615
31700,742988
31701,733429
31702,723769
31703,714244
31704,704721
31705,695119
31706,685572
31707,675902
31708,668355
31709,658958
31710,649415
31711,639797
31712,630315
31713,620803
31714,611196
31715,602326
31716,592669
31717,583045
31718,573507
31719,563900
31720,556221
31721,546882
31722,537275
31723,527660
31724,518119
31725,508540
31726,498945
31727,492486
31728,482590
31729,472651
31730,462758
31731,452807
31732,442869
31733,434663
31734,425148
31735,415560
31736,405936
31737,396386
31738,386718
31739,377163
31740,367465
31741,357872
31742,348301
31743,338724
31744,329115
31745,319742
31746,312011
31747,303330
31748,293765
31749,284104
31750,274560
31751,265035
31752,255534
31753,245968
31754,236583
31755,226964
31756,217358
31757,207817
31758,198172
31759,190678
31760,181156
31761,171867
31762,162357
31763,153541
31764,143958
31765,134358
31766,124794
31767,115137
31768,105580
31769,96538
31770,86899
31771,77390
31772,70166
31773,60492
31774,50950
31775,41448
31776,31878
31777,22522
31778,12921
31779,4163
31780,1208252
31781,1202504
31782,1195315
31783,1187965
31784,1194767
31785,1185340
31786,1175760
31787,1166201
31788,1156597
31789,1147153
31790,1137598
31791,1127957
31792,1118469
31793,1109593
31794,1099993
31795,1091250
31796,1081753
31797,1074792
31798,1065260
31799,1055688
31800,1046115
31801,1036568
31802,1027024
31803,1017402
31804,1007740
31805,998187
31806,988537
31807,978993
31808,969460
31809,960099
31810,952542
31811,944232
31812,934623
31813,925138
31814,915648
31815,906141
31816,896582
31817,887168
31818,877624
31819,868142
31820,858583
31821,849058
31822,839457
31823,831904
31824,822470
31825,813172
31826,803646
31827,794843
31828,785356
31829,775966
31830,768164
31831,758229
31832,748368
31833,738415
31834,728481
31835,718537
31836,710841
31837,701328
31838,692068
31839,682500
31840,672918
31841,663654
31842,654070
31843,645337
31844,635782
31845,626259
31846,616580
31847,607112
31848,600685
31849,591131
31850,581640
31851,572106
31852,562478
31853,552923
31854,543377
31855,533856
31856,524289
31857,514859
31858,505274
31859,496469
31860,486905
31861,479351
31862,469817
31863,460168
31864,450521
31865,440976
31866,431383
31867,422112
31868,412650
31869,403069
31870,393485
31871,383908
31872,374220
31873,364853
31874,357416
31875,348601
31876,339034
31877,329505
31878,319839
31879,310351
31880,300868
31881,291260
31882,281785
31883,272282
31884,263140
31885,253506
31886,244004
31887,236784
31888,227367
31889,218115
31890,208605
31891,199786
31892,190407
31893,180948
31894,171573
31895,162039
31896,152483
31897,143009
31898,133430
31899,123954
31900,116209
31901,106706
31902,97098
31903,87483
31904,77996
31905,68638
31906,59075
31907,50322
31908,40775
31909,31513
31910,21955
31911,12487
31912,4870
31913,1235614
31914,1226554
31915,1217190
31916,1207867
31917,1198381
31918,1188777
31919,1179317
31920,1169699
31921,1160763
31922,1151217
31923,1142545
31924,1132935
31925,1128442
31926,1118830
31927,1109158
31928,1099706
31929,1090097
31930,1080494
31931,1070888
31932,1061253
31933,1053833
31934,1043953
31935,1034001
31936,1024079
31937,1014167
31938,1005756
31939,996846
31940,987553
31941,977884
31942,968466
31943,958919
31944,949343
31945,939798
31946,930347
31947,920720
31948,911191
31949,901708
31950,891994
31951,884174
31952,874655
31953,865226
31954,855681
31955,846945
31956,837594
31957,828051
31958,818524
31959,809051
31960,799840
31961,790214
31962,780692
31963,771144
31964,763427
31965,753810
31966,744211
31967,734671
31968,724975
31969,715686
31970,706126
31971,697162
31972,687581
31973,678006
31974,668343
31975,658712
31976,650895
31977,641368
31978,631664
31979,622128
31980,612449
31981,602844
31982,593207
31983,583600
31984,574075
31985,564709
31986,555085
31987,546177
31988,536554
31989,528847
31990,519412
31991,509868
31992,500307
31993,490732
31994,481168
31995,471495
31996,461928
31997,452320
31998,442627
31999,432989
32000,423629
32001,414151
32002,406431
32003,397683
32004,388001
32005,378392
32006,368761
32007,359118
32008,349489
32009,339874
32010,330205
32011,320680
32012,311215
32013,301511
32014,291984
32015,284274
32016,274620
32017,265939
32018,256438
32019,247633
32020,238034
32021,228459
32022,218894
32023,209309
32024,199672
32025,189967
32026,180347
32027,170778
32028,163206
32029,153642
32030,144142
32031,134416
32032,124841
32033,115364
32034,105834
32035,97564
32036,87682
32037,77737
32038,67976
32039,58437
32040,51767
32041,42219
32042,32654
32043,23338
32044,13763
32045,4227
32046,1054070
32047,1044628
32048,1035215
32049,1026368
32050,1016844
32051,1008230
32052,998643
32053,994542
32054,985094
32055,975661
32056,966061
32057,956496
32058,946942
32059,937582
32060,927908
32061,918262
32062,908647
32063,899168
32064,889504
32065,880203
32066,872626
32067,863773
32068,854204
32069,844687
32070,835530
32071,826070
32072,816564
32073,807006
32074,797486
32075,788098
32076,778660
32077,769001
32078,759495
32079,751833
32080,742206
32081,732824
32082,723301
32083,714528
32084,704964
32085,695420
32086,685968
32087,676445
32088,666890
32089,657553
32090,648041
32091,638467
32092,630723
32093,621196
32094,611676
32095,602110
32096,592498
32097,583159
32098,576894
32099,567058
32100,557201
32101,547307
32102,537430
32103,527534
32104,519053
32105,509554
32106,499962
32107,490425
32108,480798
32109,471293
32110,461696
32111,452148
32112,442588
32113,433229
32114,423716
32115,414745
32116,405221
32117,397756
32118,388256
32119,378573
32120,369011
32121,359445
32122,349785
32123,340260
32124,330589
32125,321047
32126,311480
32127,301899
32128,292269
32129,282893
32130,275101
32131,266281
32132,256898
32133,247283
32134,237626
32135,228161
32136,218520
32137,210541
32138,200670
32139,190713
32140,180770
32141,170843
32142,161162
32143,153381
32144,143871
32145,134493
32146,124971
32147,116177
32148,106495
32149,97312
32150,87767
32151,78072
32152,68484
32153,58926
32154,49464
32155,39959
32156,32544
32157,22954
32158,13599
32159,4055
32160,1050884
32161,1042044
32162,1032605
32163,1023883
32164,1014301
32165,1004860
32166,995229
32167,985623
32168,981551
32169,972120
32170,962482
32171,952890
32172,943240
32173,933571
32174,924097
32175,914395
32176,904895
32177,895464
32178,885850
32179,876970
32180,867505
32181,859824
32182,850304
32183,840777
32184,831117
32185,821928
32186,812389
32187,802732
32188,793314
32189,783781
32190,774236
32191,764740
32192,755161
32193,745742
32194,738043
32195,729230
32196,719699
32197,710063
32198,700577
32199,690956
32200,681399
32201,671891
32202,662399
32203,652912
32204,643434
32205,633879
32206,624343
32207,616753
32208,607271
32209,597861
32210,588376
32211,579540
32212,570123
32213,560668
32214,551199
32215,541565
32216,532083
32217,522648
32218,513053
32219,503475
32220,495853
32221,486247
32222,476731
32223,467063
32224,457415
32225,448075
32226,438481
32227,429557
32228,419975
32229,410305
32230,400738
32231,391120
32232,384755
32233,375204
32234,365643
32235,356122
32236,346506
32237,336961
32238,327478
32239,317894
32240,309655
32241,299706
32242,289758
32243,280441
32244,270813
32245,263239
32246,253791
32247,244267
32248,234687
32249,225085
32250,215470
32251,205795
32252,196268
32253,186605
32254,177100
32255,167495
32256,157890
32257,148416
32258,140964
32259,132075
32260,122517
32261,112953
32262,103556
32263,94390
32264,84838
32265,75183
32266,65602
32267,55993
32268,46443
32269,36814
32270,27218
32271,19508
32272,10095
32273,1155014
32274,1145638
32275,1137052
32276,1127558
32277,1118012
32278,1108363
32279,1098888
32280,1089217
32281,1079737
32282,1070215
32283,1060585
32284,1056843
32285,1047257
32286,1037703
32287,1028069
32288,1018596
32289,1009233
32290,999659
32291,990874
32292,981290
32293,971801
32294,962246
32295,952663
32296,945142
32297,935648
32298,926008
32299,916531
32300,907299
32301,897814
32302,888324
32303,878774
32304,869255
32305,859895
32306,850360
32307,841537
32308,832043
32309,824336
32310,814721
32311,805274
32312,795728
32313,786181
32314,776645
32315,767155
32316,757926
32317,748440
32318,738952
32319,729504
32320,719930
32321,710654
32322,702996
32323,694204
32324,684752
32325,675329
32326,665915
32327,656472
32328,646831
32329,637365
32330,627945
32331,618484
32332,608955
32333,599464
32334,589884
32335,582255
32336,572793
32337,563465
32338,553843
32339,545067
32340,535543
32341,525845
32342,517257
32343,507304
32344,497372
32345,487476
32346,477875
32347,468232
32348,460591
32349,450977
32350,441378
32351,431888
32352,422343
32353,412953
32354,403424
32355,394403
32356,384823
32357,375238
32358,365702
32359,356213
32360,348578
32361,339017
32362,329555
32363,319963
32364,310431
32365,300920
32366,291442
32367,281873
32368,272230
32369,262893
32370,253310
32371,244508
32372,235023
32373,227335
32374,217765
32375,208226
32376,199079
32377,189535
32378,179973
32379,170311
32380,160667
32381,151152
32382,141599
32383,132189
32384,122613
32385,113164
32386,105571
32387,96669
32388,86989
32389,77460
32390,67878
32391,58206
32392,48564
32393,38992
32394,29257
32395,19825
32396,10301
32397,1135626
32398,1126218
32399,1122094
32400,1112583
32401,1103623
32402,1094147
32403,1085426
32404,1075867
32405,1066332
32406,1056753
32407,1047298
32408,1037783
32409,1028138
32410,1018557
32411,1009041
32412,1001434
32413,991918
32414,982304
32415,972658
32416,963036
32417,953646
32418,943985
32419,935179
32420,925689
32421,916370
32422,906775
32423,897317
32424,890712
32425,881234
32426,871610
32427,862051
32428,852381
32429,842757
32430,833182
32431,823542
32432,813979
32433,804452
32434,794949
32435,786008
32436,776369
32437,768577
32438,758949
32439,749430
32440,740069
32441,730624
32442,721035
32443,711652
32444,704550
32445,694613
32446,684672
32447,674730
32448,664792
32449,654851
32450,646677
32451,637928
32452,628355
32453,618794
32454,609157
32455,599545
32456,589931
32457,580238
32458,570726
32459,561191
32460,551503
32461,541865
32462,532373
32463,524594
32464,515042
32465,505557
32466,496017
32467,487197
32468,477602
32469,467908
32470,458375
32471,448776
32472,439189
32473,429592
32474,419995
32475,410336
32476,402672
32477,393139
32478,383538
32479,373989
32480,364473
32481,355068
32482,345486
32483,336860
32484,327226
32485,317617
32486,308013
32487,298323
32488,290701
32489,281142
32490,271588
32491,261941
32492,252449
32493,242809
32494,233198
32495,223644
32496,213958
32497,204634
32498,195012
32499,185967
32500,176914
32501,169172
32502,159545
32503,149951
32504,140402
32505,130854
32506,121292
32507,111718
32508,102073
32509,92471
32510,82907
32511,73239
32512,63586
32513,54212
32514,46360
32515,37364
32516,27741
32517,18291
32518,8804
32519,1207813
32520,1200570
32521,1192796
32522,1185223
32523,1177090
32524,1169645
32525,1161999
32526,1153846
32527,1166128
32528,1158728
32529,1153605
32530,1145967
32531,1142390
32532,1133468
32533,1124384
32534,1115210
32535,1105761
32536,1096311
32537,1086789
32538,1077203
32539,1067666
32540,1060310
32541,1050664
32542,1041061
32543,1031573
32544,1022274
32545,1012956
32546,1005638
32547,995695
32548,985764
32549,975829
32550,965875
32551,956285
32552,948517
32553,938917
32554,929275
32555,919794
32556,910142
32557,900651
32558,891112
32559,881506
32560,871998
32561,862727
32562,853163
32563,844480
32564,834992
32565,827199
32566,817719
32567,808160
32568,798609
32569,788979
32570,779445
32571,769790
32572,760347
32573,750717
32574,741278
32575,731780
32576,722209
32577,712829
32578,705005
32579,696180
32580,686563
32581,676988
32582,667414
32583,657814
32584,648265
32585,638684
32586,629023
32587,619406
32588,609769
32589,600154
32590,590620
32591,582798
32592,573195
32593,563732
32594,554187
32595,545281
32596,535622
32597,526103
32598,516658
32599,507070
32600,497608
32601,487852
32602,478221
32603,468694
32604,460996
32605,451409
32606,441925
32607,432393
32608,422828
32609,413415
32610,403754
32611,394878
32612,385227
32613,375618
32614,365967
32615,356349
32616,349857
32617,340281
32618,330677
32619,321072
32620,311451
32621,301915
32622,292293
32623,283124
32624,273774
32625,264335
32626,254820
32627,245963
32628,236434
32629,228637
32630,219154
32631,209535
32632,199926
32633,190337
32634,180722
32635,171073
32636,161387
32637,151791
32638,142210
32639,132616
32640,123014
32641,113557
32642,105863
32643,96896
32644,87241
32645,77682
32646,68022
32647,58356
32648,48906
32649,41243
32650,31354
32651,21458
32652,11528
32653,1579
32654,1052436
32655,1049183
32656,1039736
32657,1030972
32658,1021494
32659,1012870
32660,1003500
32661,993983
32662,984433
32663,974923
32664,965310
32665,955727
32666,946225
32667,936607
32668,929210
32669,919682
32670,909938
32671,900449
32672,890909
32673,881696
32674,872003
32675,863251
32676,853596
32677,843991
32678,834417
32679,824921
32680,817508
32681,807819
32682,798267
32683,788779
32684,779514
32685,769959
32686,760454
32687,751092
32688,741486
32689,732089
32690,722621
32691,713707
32692,704095
32693,696693
32694,687194
32695,677624
32696,668107
32697,658749
32698,649299
32699,639900
32700,630422
32701,620970
32702,611390
32703,601865
32704,592086
32705,582932
32706,575198
32707,566358
32708,556881
32709,547358
32710,537813
32711,528335
32712,518737
32713,509199
32714,499694
32715,490041
32716,480443
32717,470981
32718,461289
32719,453567
32720,444145
32721,434657
32722,425052
32723,416209
32724,406545
32725,396893
32726,392068
32727,382255
32728,372417
32729,362547
32730,352639
32731,342743
32732,332966
32733,323087
32734,313190
32735,303312
32736,293364
32737,283688
32738,274268
32739,265477
32740,256079
32741,246579
32742,236967
32743,227499
32744,219979
32745,210455
32746,200866
32747,191377
32748,181759
32749,172208
32750,162692
32751,152939
32752,145685
32753,135786
32754,125869
32755,116038
32756,106178
32757,99123
32758,89610
32759,80114
32760,70576
32761,60926
32762,51395
32763,41699
32764,32268
32765,22753
32766,13392
32767,3819
32768,1051536
32769,1042647
32770,1038306
32771,1029825
32772,1020249
32773,1010842
32774,1001300
32775,991709
32776,982129
32777,972552
32778,962954
32779,953322
32780,943819
32781,934152
32782,924516
32783,917159
32784,907482
32785,898152
32786,888487
32787,879566
32788,869991
32789,860424
32790,850941
32791,841335
32792,831809
32793,822267
32794,812580
32795,803036
32796,795134
32797,785544
32798,775993
32799,766442
32800,756887
32801,747604
32802,738017
32803,729120
32804,719671
32805,710093
32806,700642
32807,691012
32808,684517
32809,674934
32810,665401
32811,655987
32812,646452
32813,636856
32814,627266
32815,617692
32816,608261
32817,598891
32818,589219
32819,580425
32820,570748
32821,563047
32822,553459
32823,543917
32824,534348
32825,524805
32826,515174
32827,505593
32828,496004
32829,486382
32830,476738
32831,467139
32832,457483
32833,448045
32834,440384
32835,431390
32836,421821
32837,412257
32838,402612
32839,393064
32840,383473
32841,373873
32842,364327
32843,354714
32844,345161
32845,335489
32846,326002
32847,318295
32848,308748
32849,299353
32850,289756
32851,280882
32852,271285
32853,261676
32854,253426
32855,243508
32856,233555
32857,223613
32858,213978
32859,204292
32860,196455
32861,186966
32862,177343
32863,167813
32864,158206
32865,148713
32866,139139
32867,130185
32868,120583
32869,110967
32870,101445
32871,92275
32872,84775
32873,75210
32874,65539
32875,55898
32876,46313
32877,36605
32878,27063
32879,17493
32880,7947
32881,1225145
32882,1219601
32883,1212473
32884,1203103
32885,1199253
32886,1189679
32887,1180109
32888,1170668
32889,1161034
32890,1151505
32891,1141979
32892,1132323
32893,1122722
32894,1113148
32895,1103614
32896,1093979
32897,1084623
32898,1077060
32899,1068186
32900,1058575
32901,1048955
32902,1039352
32903,1029770
32904,1020123
32905,1010508
32906,1001128
32907,991543
32908,981871
32909,972348
32910,962635
32911,954854
32912,945238
32913,935886
32914,926348
32915,917617
32916,907922
32917,898460
32918,888918
32919,879245
32920,869678
32921,860111
32922,850459
32923,840845
32924,833312
32925,823637
32926,814049
32927,804542
32928,794924
32929,785536
32930,775990
32931,767006
32932,757531
32933,748033
32934,738537
32935,729065
32936,721356
32937,711853
32938,702315
32939,692755
32940,683098
32941,673472
32942,663937
32943,654308
32944,644653
32945,635229
32946,625656
32947,616757
32948,607149
32949,599415
32950,589882
32951,580313
32952,570631
32953,560936
32954,551401
32955,541776
32956,532165
32957,524458
32958,514514
32959,504578
32960,494664
32961,484709
32962,476428
32963,467691
32964,458085
32965,448486
32966,438955
32967,429435
32968,419820
32969,410309
32970,400615
32971,391034
32972,381467
32973,371945
32974,362350
32975,354529
32976,344922
32977,335499
32978,325931
32979,317062
32980,307434
32981,297864
32982,288199
32983,278525
32984,269519
32985,259938
32986,250363
32987,240756
32988,233212
32989,223723
32990,214182
32991,204545
32992,194863
32993,185579
32994,175958
32995,167084
32996,157512
32997,147886
32998,138271
32999,128720
33000,122125
33001,112653
33002,103130
33003,93562
33004,83948
33005,74405
33006,64845
33007,55179
33008,45688
33009,36218
33010,26549
33011,17779
33012,8141
33013,1271494
33014,1262237
33015,1252689
33016,1243101
33017,1233619
33018,1224080
33019,1214426
33020,1204864
33021,1195230
33022,1185752
33023,1176245
33024,1166633
33025,1157774
33026,1150442
33027,1141767
33028,1132163
33029,1122670
33030,1113008
33031,1103380
33032,1093940
33033,1084409
33034,1074811
33035,1065232
33036,1055720
33037,1046221
33038,1036710
33039,1029250
33040,1019665
33041,1010244
33042,1000622
33043,991933
33044,982485
33045,972980
33046,963568
33047,953982
33048,944422
33049,934848
33050,925315
33051,915704
33052,908067
33053,898546
33054,888839
33055,879321
33056,869916
33057,860704
33058,851142
33059,843717
33060,833786
33061,823871
33062,813964
33063,804113
33064,796544
33065,787079
33066,777450
33067,767930
33068,758403
33069,748861
33070,739341
33071,729779
33072,720253
33073,710806
33074,701226
33075,692318
33076,682884
33077,675228
33078,665594
33079,655998
33080,646468
33081,636822
33082,627214
33083,617754
33084,608043
33085,598362
33086,588881
33087,579255
33088,569658
33089,560352
33090,552635
33091,543643
33092,534037
33093,524309
33094,514777
33095,505137
33096,495605
33097,485985
33098,476440
33099,466842
33100,457304
33101,447751
33102,438175
33103,430504
33104,421068
33105,411679
33106,402102
33107,393233
33108,383634
33109,374007
33110,364431
33111,354855
33112,345277
33113,335691
33114,326065
33115,316642
33116,309015
33117,299728
33118,290248
33119,280642
33120,270994
33121,261649
33122,252123
33123,243189
33124,233587
33125,224045
33126,214387
33127,204743
33128,197175
33129,187624
33130,178031
33131,168429
33132,158819
33133,149286
33134,139709
33135,130029
33136,120532
33137,111172
33138,101526
33139,92609
33140,83037
33141,75209
33142,65734
33143,56317
33144,46714
33145,37237
33146,27816
33147,18277
33148,8717
33149,1055853
33150,1046330
33151,1036872
33152,1027406
33153,1018468
33154,1014226
33155,1005695
33156,996235
33157,986547
33158,976976
33159,967307
33160,957727
33161,950106
33162,940163
33163,930232
33164,920341
33165,910397
33166,900457
33167,892713
33168,883111
33169,873653
33170,864197
33171,855379
33172,845771
33173,836435
33174,826807
33175,817361
33176,807798
33177,798337
33178,788658
33179,779156
33180,771369
33181,761957
33182,752367
33183,742711
33184,733139
33185,723882
33186,714263
33187,705389
33188,695869
33189,686149
33190,676730
33191,667281
33192,661072
33193,651534
33194,641967
33195,632368
33196,622825
33197,613268
33198,603699
33199,594386
33200,584957
33201,575385
33202,565875
33203,557155
33204,547682
33205,539952
33206,530483
33207,520981
33208,511303
33209,501712
33210,492107
33211,482451
33212,472957
33213,463265
33214,453711
33215,444116
33216,434484
33217,425090
33218,417410
33219,408493
33220,398864
33221,389336
33222,379685
33223,370123
33224,360555
33225,351039
33226,341701
33227,332050
33228,322412
33229,312881
33230,303327
33231,295612
33232,285989
33233,276609
33234,267040
33235,258299
33236,248827
33237,239229
33238,229729
33239,220160
33240,210575
33241,200958
33242,191425
33243,181898
33244,174094
33245,164539
33246,155001
33247,145374
33248,135852
33249,126474
33250,116897
33251,107988
33252,98688
33253,89175
33254,79539
33255,70014
33256,62463
33257,53017
33258,43360
33259,33788
33260,24276
33261,14688
33262,5168
33263,1056425
33264,1046486
33265,1036569
33266,1027036
33267,1018386
33268,1008773
33269,1004629
33270,995030
33271,985574
33272,975947
33273,966296
33274,956667
33275,947051
33276,937439
33277,927777
33278,918254
33279,908581
33280,899109
33281,889984
33282,882376
33283,873573
33284,864039
33285,854276
33286,844744
33287,835158
33288,825739
33289,816241
33290,806627
33291,797098
33292,787599
33293,778074
33294,768611
33295,760817
33296,751425
33297,742056
33298,732430
33299,723607
33300,713920
33301,704391
33302,694806
33303,685310
33304,675658
33305,666292
33306,657056
33307,647543
33308,639872
33309,630247
33310,620551
33311,611011
33312,601411
33313,592098
33314,582466
33315,573544
33316,563889
33317,554543
33318,544992
33319,535320
33320,527591
33321,518006
33322,508424
33323,498796
33324,489251
33325,479712
33326,470155
33327,460513
33328,450964
33329,441585
33330,431997
33331,423159
33332,413574
33333,405842
33334,396221
33335,386627
33336,376990
33337,367341
33338,357828
33339,348170
33340,338622
33341,329013
33342,319538
33343,310014
33344,300448
33345,291019
33346,283268
33347,274319
33348,264779
33349,255295
33350,245748
33351,236196
33352,226612
33353,217089
33354,207389
33355,201435
33356,191567
33357,181679
33358,171789
33359,161922
33360,152007
33361,142311
33362,132803
33363,123909
33364,114441
33365,104823
33366,97158
33367,87226
33368,77326
33369,67374
33370,57430
33371,47510
33372,39728
33373,30140
33374,20595
33375,11260
33376,1696
33377,1116282
33378,1106879
33379,1098313
33380,1088906
33381,1079334
33382,1069802
33383,1060333
33384,1057804
33385,1048407
33386,1038997
33387,1029368
33388,1019809
33389,1010300
33390,1000696
33391,991145
33392,981598
33393,972149
33394,962586
33395,953959
33396,944417
33397,936983
33398,927398
33399,917846
33400,908216
33401,898706
33402,889234
33403,879705
33404,827948
33405,827949
33406,827971
33407,828066
33408,828091
33409,821526
33410,813950
33411,805178
33412,795649
33413,786188
33414,776765
33415,767172
33416,757624
33417,748038
33418,738528
33419,729000
33420,719307
33421,709877
33422,700335
33423,692844
33424,683411
33425,674230
33426,664725
33427,655958
33428,646379
33429,636934
33430,627320
33431,617767
33432,608183
33433,598634
33434,589078
33435,579517
33436,571972
33437,562490
33438,553092
33439,543612
33440,534085
33441,524757
33442,515235
33443,506586
33444,497051
33445,487414
33446,477962
33447,468380
33448,460917
33449,451391
33450,441753
33451,432183
33452,422654
33453,413040
33454,403387
33455,393926
33456,384304
33457,374919
33458,365373
33459,356519
33460,346924
33461,339374
33462,330088
33463,320395
33464,310842
33465,301246
33466,291734
33467,282226
33468,272843
33469,265627
33470,255721
33471,245777
33472,235841
33473,225964
33474,217594
33475,208742
33476,199152
33477,189600
33478,180083
33479,170478
33480,160930
33481,151337
33482,141892
33483,132290
33484,123085
33485,113520
33486,103984
33487,96237
33488,86829
33489,77356
33490,67809
33491,59030
33492,49383
33493,39811
33494,30245
33495,20574
33496,11100
33497,1123793
33498,1114377
33499,1104948
33500,1101173
33501,1091717
33502,1082142
33503,1072664
33504,1063118
33505,1054325
33506,1044845
33507,1036139
33508,1026554
33509,1017120
33510,1007512
33511,997969
33512,990344
33513,980765
33514,971218
33515,961680
33516,952171
33517,942492
33518,933049
33519,923435
33520,913948
33521,904675
33522,895326
33523,886551
33524,877010
33525,869218
33526,859750
33527,850234
33528,840587
33529,831192
33530,821621
33531,811958
33532,802507
33533,792904
33534,783372
33535,773933
33536,764396
33537,755062
33538,747428
33539,738736
33540,729234
33541,719814
33542,710316
33543,700724
33544,691226
33545,681787
33546,672228
33547,662778
33548,653296
33549,643767
33550,634285
33551,626887
33552,617499
33553,608183
33554,598682
33555,589923
33556,580271
33557,570804
33558,561340
33559,551729
33560,542226
33561,532564
33562,523067
33563,513495
33564,505778
33565,496233
33566,486705
33567,477014
33568,467532
33569,458194
33570,448641
33571,440326
33572,430415
33573,420549
33574,411042
33575,401487
33576,394951
33577,385638
33578,376100
33579,366593
33580,356899
33581,347377
33582,337737
33583,328249
33584,318826
33585,309424
33586,299840
33587,291159
33588,281556
33589,273976
33590,264454
33591,254880
33592,245394
33593,235843
33594,226234
33595,216643
33596,207019
33597,197366
33598,187793
33599,178231
33600,168618
33601,159748
33602,152245
33603,143423
33604,133797
33605,124259
33606,114828
33607,105196
33608,95713
33609,86067
33610,76596
33611,66953
33612,57286
33613,47764
33614,38196
33615,30421
33616,21054
33617,11821
33618,2495
33619,1054031
33620,1044634
33621,1035057
33622,1025455
33623,1015951
33624,1006290
33625,996722
33626,987210
33627,977655
33628,970000
33629,960418
33630,950717
33631,941165
33632,931620
33633,922260
33634,912704
33635,903877
33636,894295
33637,884591
33638,875090
33639,865381
33640,859276
33641,849788
33642,840175
33643,830676
33644,821278
33645,811623
33646,802156
33647,792575
33648,782940
33649,773581
33650,763993
33651,755076
33652,745520
33653,738832
33654,729349
33655,719768
33656,710231
33657,700646
33658,690985
33659,681394
33660,671723
33661,662135
33662,652599
33663,643146
33664,633546
33665,624103
33666,616361
33667,607699
33668,598176
33669,588586
33670,579012
33671,569454
33672,559803
33673,551566
33674,541726
33675,531786
33676,521865
33677,511953
33678,502355
33679,494456
33680,484944
33681,475553
33682,465990
33683,456985
33684,447430
33685,437705
33686,428089
33687,418365
33688,408862
33689,399228
33690,389609
33691,379978
33692,372222
33693,362587
33694,353141
33695,343548
33696,333924
33697,324457
33698,314881
33699,305917
33700,296268
33701,286660
33702,277027
33703,267402
33704,259626
33705,250096
33706,240540
33707,231023
33708,221456
33709,211953
33710,202343
33711,192752
33712,183103
33713,173684
33714,163948
33715,155097
33716,145522
33717,137645
33718,128131
33719,118470
33720,108894
33721,99232
33722,89597
33723,80193
33724,70729
33725,61218
33726,51669
33727,41969
33728,32429
33729,22970
33730,15445
33731,6803
33732,1053114
33733,1043676
33734,1034175
33735,1024576
33736,1015120
33737,1005599
33738,995978
33739,986351
33740,976837
33741,967302
33742,957823
33743,953651
33744,944042
33745,935131
33746,925703
33747,916911
33748,907426
33749,897887
33750,888234
33751,878635
33752,869037
33753,859347
33754,849867
33755,840247
33756,832767
33757,823267
33758,813862
33759,804362
33760,794860
33761,785537
33762,775937
33763,767058
33764,757607
33765,748020
33766,738521
33767,728948
33768,722386
33769,712923
33770,703338
33771,693686
33772,684037
33773,674469
33774,664931
33775,655489
33776,647135
33777,637192
33778,627254
33779,618203
33780,608553
33781,600768
33782,591201
33783,581692
33784,572103
33785,562546
33786,553019
33787,543511
33788,533943
33789,524307
33790,514658
33791,505120
33792,495546
33793,486069
33794,478436
33795,469457
33796,459833
33797,450281
33798,440756
33799,431108
33800,433244
33801,423426
33802,413485
33803,403681
33804,393730
33805,383796
33806,373895
33807,363943
33808,353962
33809,344113
33810,334165
33811,324218
33812,314275
33813,304314
33814,294373
33815,284422
33816,274469
33817,264521
33818,254605
33819,244650
33820,234709
33821,224787
33822,214846
33823,204899
33824,195145
33825,185695
33826,176076
33827,167179
33828,157597
33829,147968
33830,138384
33831,128833
33832,121112
33833,111658
33834,101980
33835,92480
33836,83373
33837,73727
33838,64290
33839,54766
33840,45095
33841,35736
33842,26115
33843,17185
33844,7750
33845,1062538
33846,1053130
33847,1043537
33848,1034089
33849,1024480
33850,1015070
33851,1005531
33852,995872
33853,986279
33854,976746
33855,967124
33856,957578
33857,948733
33858,941431
33859,932824
33860,923335
33861,913702
33862,904203
33863,894605
33864,884979
33865,875451
33866,865919
33867,856264
33868,846766
33869,837207
33870,827691
33871,820438
33872,810954
33873,801702
33874,792152
33875,783422
33876,773883
33877,764261
33878,756355
33879,746407
33880,736472
33881,726594
33882,716645
33883,706704
33884,699171
33885,689588
33886,679966
33887,670410
33888,660847
33889,651602
33890,642103
33891,633170
33892,623646
33893,614038
33894,604515
33895,594855
33896,587379
33897,577861
33898,568299
33899,558759
33900,549213
33901,539555
33902,530172
33903,520658
33904,511176
33905,501789
33906,492219
33907,483433
33908,473890
33909,466112
33910,456496
33911,447060
33912,437417
33913,427949
33914,418260
33915,408714
33916,399072
33917,389559
33918,379879
33919,370304
33920,360720
33921,351283
33922,343486
33923,334659
33924,324968
33925,315319
33926,305889
33927,296364
33928,286943
33929,277250
33930,267663
33931,258082
33932,248590
33933,238988
33934,229480
33935,221739
33936,212221
33937,202857
33938,193254
33939,184426
33940,174743
33941,165110
33942,155608
33943,145934
33944,136403
33945,126737
33946,117167
33947,107566
33948,99899
33949,90799
33950,81573
33951,71788
33952,62212
33953,52944
33954,43254
33955,34353
33956,24855
33957,15448
33958,5922
33959,1053581
33960,1049156
33961,1039650
33962,1030118
33963,1020622
33964,1011158
33965,1001660
33966,992106
33967,982558
33968,973019
33969,964115
33970,954540
33971,1442545
33972,1432970
33973,1427149
33974,1417698
33975,1408118
33976,1398548
33977,1389127
33978,1379442
33979,1369857
33980,1362560
33981,1352686
33982,1342737
33983,1332801
33984,1322848
33985,1317997
33986,1308140
33987,1298206
33988,1288282
33989,1278406
33990,1268459
33991,1258519
33992,1248636
33993,1238735
33994,1228870
33995,1219469
33996,1209863
33997,1200221
33998,1190713
33999,1182938
34000,1173604
34001,1164243
34002,1154633
34003,1145944
34004,1136433
34005,1126898
34006,1117329
34007,1107832
34008,1098353
34009,1088717
34010,1079103
34011,1069441
34012,1061612
34013,1052040
34014,1042555
34015,1032946
34016,1023411
34017,1013916
34018,1004261
34019,995375
34020,985677
34021,976145
34022,966540
34023,956874
34024,949101
34025,939478
34026,929868
34027,920230
34028,910646
34029,901013
34030,891402
34031,881759
34032,872089
34033,862686
34034,853153
34035,844117
34036,834414
34037,826781
34038,817106
34039,807714
34040,798168
34041,788515
34042,778932
34043,769330
34044,759666
34045,750184
34046,740660
34047,731056
34048,721451
34049,712012
34050,704175
34051,695226
34052,685608
34053,675914
34054,666426
34055,656826
34056,647148
34057,637505
34058,627895
34059,618209
34060,608640
34061,599046
34062,589371
34063,582123
34064,572574
34065,563201
34066,553639
34067,544757
34068,535041
34069,525451
34070,515915
34071,506244
34072,496636
34073,487061
34074,477439
34075,467759
34076,460071
34077,450397
34078,440790
34079,431232
34080,421570
34081,412199
34082,404112
34083,394201
34084,384275
34085,374597
34086,364930
34087,355328
34088,347648
34089,338260
34090,328698
34091,319238
34092,309581
34093,299969
34094,290448
34095,280828
34096,271307
34097,261985
34098,252427
34099,243573
34100,233981
34101,226086
34102,216536
34103,206991
34104,197390
34105,187728
34106,178175
34107,168555
34108,158963
34109,149479
34110,139773
34111,130177
34112,120588
34113,111100
34114,103246
34115,94359
34116,84690
34117,75041
34118,65467
34119,55887
34120,46547
34121,37047
34122,27427
34123,17776
34124,8239
34125,1165725
34126,1159127
34127,1174394
34128,1166693
34129,1161943
34130,1154638
34131,1151367
34132,1143527
34133,1135825
34134,1127757
34135,1119883
34136,1112158
34137,1104081
34138,1096006
34139,1088607
34140,1103199
34141,1095365
34142,1087405
34143,1078552
34144,1069522
34145,1060671
34146,1051208
34147,1042555
34148,1033031
34149,1023378
34150,1013794
34151,1004199
34152,997067
34153,987512
34154,977945
34155,968338
34156,958715
34157,949155
34158,939567
34159,930085
34160,920653
34161,911197
34162,901710
34163,892920
34164,883307
34165,875751
34166,866249
34167,856662
34168,847333
34169,837831
34170,828162
34171,818580
34172,809103
34173,799521
34174,789959
34175,780432
34176,770834
34177,761506
34178,754067
34179,745174
34180,735564
34181,726196
34182,716725
34183,707270
34184,697780
34185,689779
34186,679898
34187,670062
34188,660147
34189,650200
34190,640495
34191,632782
34192,623214
34193,613947
34194,604377
34195,595487
34196,585935
34197,576268
34198,566703
34199,557202
34200,547575
34201,538027
34202,528464
34203,518785
34204,511151
34205,501724
34206,491940
34207,482560
34208,473009
34209,463606
34210,454001
34211,445408
34212,435808
34213,426201
34214,416611
34215,406982
34216,399403
34217,389848
34218,380194
34219,370697
34220,361131
34221,351471
34222,342032
34223,332497
34224,322777
34225,313494
34226,303918
34227,294966
34228,285961
34229,278463
34230,268824
34231,259197
34232,249643
34233,239975
34234,230395
34235,220828
34236,211181
34237,201575
34238,192015
34239,182355
34240,172788
34241,163366
34242,155571
34243,146767
34244,137299
34245,127440
34246,117855
34247,108269
34248,98558
34249,89093
34250,79561
34251,69976
34252,60319
34253,50725
34254,41298
34255,33655
34256,24425
34257,15094
34258,5484
34259,1056871
34260,1047439
34261,1037968
34262,1028540
34263,1018988
34264,1009421
34265,999894
34266,990277
34267,980719
34268,976949
34269,967279
34270,957663
34271,948233
34272,938669
34273,929254
34274,919798
34275,910970
34276,901366
34277,891878
34278,882157
34279,872580
34280,864888
34281,855355
34282,845774
34283,836197
34284,826639
34285,816983
34286,807472
34287,797803
34288,789652
34289,779781
34290,769903
34291,760723
34292,751268
34293,743402
34294,733990
34295,724498
34296,714824
34297,705431
34298,695964
34299,686406
34300,676750
34301,667217
34302,657696
34303,648323
34304,638833
34305,629431
34306,621775
34307,613041
34308,603543
34309,593954
34310,584510
34311,574826
34312,565241
34313,555736
34314,546109
34315,536465
34316,526980
34317,517547
34318,507916
34319,500187
34320,490619
34321,481216
34322,471582
34323,462614
34324,452990
34325,443523
34326,433831
34327,424231
34328,414654
34329,404950
34330,395439
34331,385828
34332,379170
34333,369686
34334,360113
34335,350425
34336,340770
34337,331425
34338,321762
34339,312793
34340,303220
34341,293570
34342,284118
34343,274556
34344,266816
34345,257249
34346,247832
34347,238172
34348,228669
34349,219033
34350,209475
34351,199804
34352,190304
34353,180925
34354,171420
34355,162504
34356,152934
34357,145182
34358,135558
34359,125952
34360,116413
34361,106838
34362,97209
34363,87972
34364,78380
34365,68778
34366,59236
34367,49694
34368,40065
34369,30685
34370,23049
34371,14363
34372,4798
34373,1054484
34374,1044940
34375,1035542
34376,1026078
34377,1016506
34378,1006968
34379,997351
34380,987739
34381,978157
34382,968693
34383,964230
34384,954854
34385,945879
34386,936249
34387,927527
34388,918045
34389,908336
34390,899962
34391,890059
34392,880149
34393,870238
34394,860403
34395,850778
34396,843103
34397,833503
34398,823925
34399,814353
34400,804779
34401,795402
34402,785905
34403,777310
34404,767675
34405,758151
34406,748648
34407,739073
34408,731361
34409,721854
34410,712144
34411,702631
34412,693086
34413,683442
34414,673811
34415,664376
34416,654762
34417,645562
34418,636089
34419,627255
34420,617699
34421,609940
34422,600560
34423,590893
34424,581453
34425,571861
34426,562258
34427,552932
34428,543370
34429,533764
34430,524137
34431,514545
34432,505222
34433,495903
34434,488357
34435,479606
34436,469985
34437,460311
34438,450705
34439,441301
34440,431722
34441,422228
34442,412646
34443,402981
34444,393344
34445,383777
34446,374111
34447,366558
34448,357033
34449,347571
34450,338052
34451,329164
34452,319577
34453,310006
34454,300365
34455,290728
34456,281179
34457,271712
34458,262174
34459,252563
34460,245066
34461,235388
34462,225920
34463,216424
34464,206795
34465,197493
34466,187924
34467,178940
34468,169285
34469,159668
34470,150147
34471,140550
34472,133019
34473,123474
34474,113864
34475,104307
34476,94695
34477,85522
34478,75921
34479,66316
34480,56820
34481,47408
34482,37822
34483,28983
34484,19385
34485,11804
34486,2405
34487,1156080
34488,1148947
34489,1141050
34490,1133398
34491,1125181
34492,1117281
34493,1109818
34494,1101747
34495,1093908
34496,1086163
34497,1080906
34498,1091147
34499,1088546
34500,1080452
34501,1072497
34502,1064917
34503,1056935
34504,1049163
34505,1041326
34506,1033073
34507,1025216
34508,1017595
34509,1009194
34510,1000492
34511,994625
34512,985065
34513,975602
34514,966025
34515,957161
34516,947564
34517,937993
34518,928346
34519,918675
34520,909081
34521,899527
34522,889905
34523,880331
34524,873880
34525,864271
34526,854702
34527,845086
34528,835497
34529,826092
34530,816649
34531,807875
34532,798365
34533,788918
34534,779510
34535,769984
34536,762259
34537,752788
34538,743233
34539,733699
34540,724322
34541,714812
34542,705285
34543,695757
34544,686190
34545,676790
34546,667305
34547,658591
34548,649047
34549,641305
34550,631748
34551,622053
34552,612563
34553,602997
34554,593469
34555,584010
34556,574453
34557,564817
34558,555218
34559,545642
34560,535988
34561,526561
34562,518923
34563,509925
34564,500424
34565,490812
34566,481202
34567,471614
34568,461964
34569,452488
34570,442808
34571,433244
34572,423617
34573,414008
34574,404516
34575,396721
34576,387164
34577,377717
34578,368194
34579,359298
34580,349770
34581,340170
34582,330616
34583,321073
34584,311531
34585,301912
34586,292316
34587,282733
34588,275017
34589,265523
34590,255779
34591,246433
34592,236968
34593,227568
34594,218050
34595,209454
34596,199593
34597,190060
34598,180457
34599,170874
34600,163176
34601,153607
34602,143963
34603,134387
34604,124814
34605,115195
34606,105679
34607,96119
34608,86480
34609,76979
34610,67355
34611,58461
34612,59029
34613,49170
34614,39232
34615,29327
34616,19445
34617,9493
34618,1054190
34619,1044813
34620,1035179
34621,1025700
34622,1016125
34623,1006579
34624,996988
34625,987610
34626,980082
34627,971137
34628,961572
34629,951960
34630,942373
34631,932855
34632,923232
34633,913723
34634,904203
34635,894475
34636,884849
34637,875340
34638,865792
34639,857941
34640,848378
34641,839002
34642,829443
34643,820730
34644,811211
34645,801685
34646,792039
34647,782538
34648,773072
34649,763667
34650,753994
34651,744540
34652,739061
34653,729481
34654,720065
34655,710558
34656,701034
34657,691720
34658,682264
34659,673378
34660,663905
34661,654524
34662,644938
34663,635459
34664,627802
34665,618317
34666,608812
34667,599234
34668,589772
34669,580404
34670,570908
34671,561350
34672,551957
34673,542599
34674,532954
34675,524234
34676,514655
34677,506866
34678,497412
34679,487864
34680,478215
34681,468673
34682,459113
34683,449499
34684,439831
34685,430313
34686,420628
34687,411021
34688,401464
34689,391961
34690,384295
34691,375501
34692,365836
34693,356168
34694,346591
34695,337011
34696,327411
34697,319241
34698,309302
34699,299377
34700,289473
34701,279528
34702,269889
34703,262231
34704,252713
34705,243413
34706,233929
34707,225148
34708,215623
34709,206123
34710,196538
34711,186922
34712,177401
34713,167724
34714,158233
34715,148628
34716,141829
34717,132374
34718,122816
34719,113204
34720,103696
34721,94337
34722,85053
34723,76290
34724,66768
34725,57192
34726,47591
34727,38025
34728,30382
34729,20814
34730,11522
34731,2073
34732,1102606
34733,1096800
34734,1089424
34735,1082277
34736,1075271
34737,1071360
34738,1063858
34739,1062615
34740,1054800
34741,1062888
34742,1053412
34743,1043760
34744,1034285
34745,1024771
34746,1015198
34747,1005648
34748,996130
34749,986472
34750,976921
34751,967337
34752,957739
34753,948400
34754,941063
34755,932259
34756,922792
34757,913282
34758,903786
34759,894205
34760,884671
34761,875297
34762,865875
34763,856307
34764,846834
34765,837297
34766,827825
34767,820199
34768,810571
34769,801296
34770,791819
34771,783117
34772,773608
34773,763968
34774,754605
34775,745258
34776,735696
34777,726098
34778,716712
34779,707073
34780,699519
34781,690052
34782,680401
34783,670996
34784,661469
34785,652083
34786,642602
34787,633848
34788,624331
34789,614881
34790,605338
34791,595707
34792,588104
34793,578613
34794,569022
34795,559423
34796,549836
34797,540157
34798,530546
34799,522309
34800,512429
34801,502493
34802,492596
34803,483606
34804,473952
34805,466373
34806,456870
34807,447316
34808,437725
34809,428155
34810,418443
34811,409135
34812,399431
34813,389897
34814,380386
34815,370821
34816,361317
34817,351915
34818,344221
34819,335521
34820,325963
34821,316291
34822,306825
34823,297298
34824,287782
34825,278204
34826,268671
34827,259147
34828,249546
34829,239985
34830,230317
34831,222795
34832,213290
34833,203964
34834,194400
34835,185953
34836,176376
34837,166837
34838,157378
34839,147679
34840,138130
34841,128570
34842,119014
34843,109471
34844,102164
34845,92582
34846,83026
34847,73471
34848,63887
34849,54540
34850,44914
34851,36072
34852,26380
34853,16947
34854,7346
34855,1054398
34856,1050249
34857,1040814
34858,1031167
34859,1021611
34860,1012016
34861,1002373
34862,992889
34863,983219
34864,973648
34865,964652
34866,955072
34867,946297
34868,936785
34869,929165
34870,919608
34871,910083
34872,900399
34873,890847
34874,881280
34875,871632
34876,862081
34877,852419
34878,842822
34879,833113
34880,823555
34881,814145
34882,806569
34883,797714
34884,788062
34885,778757
34886,769217
34887,759577
34888,749973
34889,740454
34890,730888
34891,721272
34892,711640
34893,702026
34894,692403
34895,684756
34896,675100
34897,665659
34898,656083
34899,647267
34900,637670
34901,628078
34902,620474
34903,610541
34904,600667
34905,590716
34906,580779
34907,570841
34908,563727
34909,554101
34910,544718
34911,535074
34912,525528
34913,516134
34914,506592
34915,497604
34916,488124
34917,478459
34918,468953
34919,459336
34920,451618
34921,442032
34922,432534
34923,422945
34924,413403
34925,403806
34926,394140
34927,384652
34928,375047
34929,365663
34930,356026
34931,347097
34932,337498
34933,329780
34934,320176
34935,310814
34936,301230
34937,291592
34938,282008
34939,272333
34940,262793
34941,253216
34942,243712
34943,234128
34944,224466
34945,215074
34946,207515
34947,198615
34948,188968
34949,179417
34950,169775
34951,160147
34952,150567
34953,140944
34954,131381
34955,121789
34956,112169
34957,102478
34958,92887
34959,85694
34960,76134
34961,66808
34962,57249
34963,48342
34964,38802
34965,29208
34966,19552
34967,10177
34968,1057264
34969,1047845
34970,1038355
34971,1028717
34972,1024576
34973,1015019
34974,1005360
34975,995858
34976,986267
34977,977363
34978,967698
34979,958937
34980,949333
34981,939751
34982,930175
34983,920532
34984,913077
34985,903504
34986,893881
34987,884218
34988,874636
34989,865085
34990,855529
34991,845911
34992,836284
34993,826866
34994,817256
34995,808391
34996,798747
34997,791205
34998,781936
34999,772365
35000,762846
35001,753326
35002,743796
35003,734299
35004,724646
35005,717194
35006,707309
35007,697366
35008,687423
35009,677498
35010,669136
35011,660505
35012,651032
35013,641338
35014,631890
35015,622371
35016,612915
35017,603208
35018,593745
35019,584069
35020,574434
35021,564913
35022,555286
35023,547639
35024,538196
35025,528809
35026,519087
35027,510223
35028,500676
35029,491082
35030,481430
35031,471778
35032,462187
35033,452642
35034,442986
35035,433474
35036,425813
35037,416199
35038,406530
35039,397007
35040,387425
35041,377957
35042,368413
35043,359409
35044,349770
35045,340206
35046,330574
35047,320958
35048,313328
35049,303738
35050,294155
35051,284571
35052,275137
35053,265521
35054,255979
35055,246444
35056,236927
35057,227592
35058,218038
35059,209178
35060,199618
35061,191943
35062,182506
35063,172981
35064,163407
35065,153831
35066,144272
35067,134712
35068,125114
35069,115583
35070,105912
35071,96371
35072,87289
35073,77904
35074,70090
35075,61333
35076,51745
35077,42076
35078,32469
35079,22884
35080,13541
35081,3893
35082,1217573
35083,1211290
35084,1204752
35085,1197133
35086,1188377
35087,1185589
35088,1175983
35089,1167069
35090,1157672
35091,1149057
35092,1139428
35093,1130061
35094,1120555
35095,1110858
35096,1101508
35097,1091873
35098,1082292
35099,1072725
35100,1066610
35101,1057202
35102,1047544
35103,1037945
35104,1028283
35105,1019148
35106,1009520
35107,1001904
35108,992053
35109,982173
35110,972283
35111,962379
35112,954440
35113,944893
35114,935428
35115,925877
35116,916321
35117,906898
35118,897253
35119,887763
35120,878289
35121,868856
35122,859467
35123,850580
35124,841068
35125,833400
35126,823922
35127,814365
35128,804670
35129,795151
35130,785684
35131,776244
35132,766626
35133,757090
35134,747387
35135,737819
35136,728165
35137,718800
35138,711070
35139,702203
35140,692590
35141,682983
35142,673394
35143,663793
35144,654201
35145,644531
35146,634910
35147,625239
35148,615585
35149,605928
35150,596409
35151,588604
35152,578980
35153,569576
35154,559937
35155,551061
35156,541418
35157,531734
35158,522071
35159,512571
35160,502984
35161,493548
35162,483922
35163,474375
35164,466621
35165,457013
35166,447414
35167,437716
35168,428256
35169,418946
35170,409379
35171,400588
35172,390910
35173,381316
35174,371794
35175,362158
35176,354388
35177,344808
35178,335115
35179,325501
35180,315908
35181,306276
35182,296567
35183,286999
35184,277366
35185,268216
35186,259045
35187,250118
35188,240713
35189,232973
35190,223516
35191,213847
35192,204360
35193,194619
35194,184997
35195,175471
35196,165898
35197,156358
35198,146747
35199,137112
35200,127493
35201,118087
35202,110194
35203,101334
35204,91745
35205,82118
35206,72569
35207,62941
35208,53389
35209,46192
35210,36376
35211,26446
35212,16544
35213,6638
35214,1156690
35215,1152911
35216,1143488
35217,1134662
35218,1125142
35219,1116612
35220,1107101
35221,1097542
35222,1087973
35223,1078365
35224,1068820
35225,1059292
35226,1049754
35227,1040243
35228,1032969
35229,1023392
35230,1013761
35231,1004163
35232,994578
35233,985260
35234,975782
35235,966887
35236,957293
35237,947853
35238,938402
35239,928839
35240,921240
35241,938867
35242,929000
35243,919180
35244,909247
35245,899321
35246,889422
35247,879504
35248,869560
35249,859674
35250,849735
35251,839796
35252,829913
35253,819960
35254,810028
35255,800085
35256,790145
35257,780206
35258,770310
35259,760361
35260,750423
35261,740523
35262,730576
35263,720634
35264,710715
35265,700776
35266,690840
35267,680929
35268,670978
35269,661049
35270,651128
35271,641190
35272,631252
35273,621338
35274,611453
35275,601512
35276,591569
35277,581616
35278,571682
35279,561768
35280,551871
35281,541933
35282,532018
35283,522071
35284,512135
35285,502337
35286,492434
35287,482499
35288,472590
35289,462652
35290,452715
35291,442799
35292,435822
35293,426287
35294,416726
35295,407153
35296,397789
35297,388439
35298,378872
35299,369937
35300,360608
35301,350906
35302,341468
35303,332003
35304,324621
35305,315196
35306,305583
35307,295976
35308,286561
35309,276890
35310,267252
35311,257701
35312,250971
35313,241032
35314,231095
35315,221182
35316,211233
35317,204528
35318,194996
35319,185451
35320,175937
35321,166436
35322,156816
35323,147255
35324,137819
35325,128170
35326,118634
35327,109011
35328,99464
35329,90085
35330,82640
35331,73837
35332,64194
35333,54638
35334,45099
35335,35486
35336,26176
35337,16608
35338,7028
35339,1073778
35340,1064343
35341,1054865
35342,1045378
35343,1041389
35344,1031954
35345,1023103
35346,1013480
35347,1005000
35348,995546
35349,985939
35350,976391
35351,966919
35352,957351
35353,947787
35354,938329
35355,928801
35356,921373
35357,911810
35358,902203
35359,892611
35360,883189
35361,873920
35362,864328
35363,855839
35364,846254
35365,836849
35366,827373
35367,817837
35368,810249
35369,800660
35370,791052
35371,781433
35372,772003
35373,762382
35374,752811
35375,743355
35376,733852
35377,724521
35378,714979
35379,706139
35380,696627
35381,688947
35382,679703
35383,670202
35384,660614
35385,651172
35386,641887
35387,632398
35388,622878
35389,613477
35390,603951
35391,594478
35392,585010
35393,575712
35394,567923
35395,559033
35396,549544
35397,539945
35398,530380
35399,520889
35400,511277
35401,501920
35402,492390
35403,482797
35404,473179
35405,463598
35406,453987
35407,446210
35408,436625
35409,427220
35410,417632
35411,408972
35412,399319
35413,389803
35414,381477
35415,371527
35416,361573
35417,351619
35418,341817
35419,332290
35420,324519
35421,314917
35422,305323
35423,295801
35424,286127
35425,276748
35426,267294
35427,258389
35428,248808
35429,239283
35430,229552
35431,220037
35432,212253
35433,202784
35434,193134
35435,183596
35436,173991
35437,164442
35438,154830
35439,145236
35440,135607
35441,126200
35442,116724
35443,108310
35444,98798
35445,91083
35446,81587
35447,72037
35448,62447
35449,52764
35450,43224
35451,33636
35452,24031
35453,14590
35454,4971
35455,1054530
35456,1045102
35457,1036192
35458,1032090
35459,1023535
35460,1013897
35461,1004369
35462,994826
35463,985178
35464,975552
35465,965993
35466,956313
35467,946751
35468,937273
35469,927646
35470,917980
35471,910439
35472,900817
35473,891458
35474,881940
35475,873033
35476,863402
35477,853866
35478,844357
35479,834895
35480,825367
35481,815698
35482,806106
35483,796614
35484,790015
35485,780412
35486,770867
35487,761155
35488,751669
35489,742259
35490,732717
35491,723831
35492,714304
35493,704693
35494,695090
35495,685478
35496,677675
35497,668203
35498,658785
35499,649216
35500,639620
35501,630026
35502,620386
35503,610783
35504,601279
35505,591934
35506,582409
35507,573625
35508,564076
35509,556355
35510,546806
35511,537230
35512,527627
35513,518117
35514,508524
35515,498902
35516,490858
35517,480917
35518,470987
35519,461044
35520,451088
35521,441461
35522,433676
35523,424791
35524,415249
35525,405640
35526,396085
35527,386449
35528,376858
35529,367257
35530,357730
35531,348123
35532,338855
35533,329289
35534,319703
35535,311878
35536,302382
35537,293055
35538,283394
35539,274459
35540,264936
35541,255431
35542,245843
35543,236282
35544,226739
35545,217154
35546,207593
35547,198059
35548,190303
35549,180755
35550,171136
35551,161681
35552,152065
35553,142592
35554,132883
35555,124040
35556,114368
35557,104818
35558,95679
35559,86063
35560,78374
35561,68849
35562,59392
35563,49771
35564,40185
35565,30553
35566,20925
35567,11607
35568,2158
35569,1052553
35570,1043252
35571,1034699
35572,1025112
35573,1021029
35574,1011493
35575,1001937
35576,992515
35577,983052
35578,973462
35579,963813
35580,954144
35581,944553
35582,934959
35583,925356
35584,915729
35585,906407
35586,898942
35587,890086
35588,880625
35589,870977
35590,861444
35591,851907
35592,842227
35593,832633
35594,823094
35595,813535
35596,803836
35597,794281
35598,784698
35599,776959
35600,767327
35601,758012
35602,748446
35603,739668
35604,730162
35605,720481
35606,710959
35607,701266
35608,691790
35609,682319
35610,672707
35611,663245
35612,655644
35613,646052
35614,636424
35615,626874
35616,617217
35617,607848
35618,599747
35619,589808
35620,579870
35621,570238
35622,560581
35623,551130
35624,543656
35625,534134
35626,524468
35627,514942
35628,505252
35629,495728
35630,486149
35631,476583
35632,466987
35633,457559
35634,448042
35635,439121
35636,429571
35637,421918
35638,412446
35639,402827
35640,394977
35641,385358
35642,375716
35643,366133
35644,356542
35645,346975
35646,337299
35647,327692
35648,318202
35649,308863
35650,301158
35651,292291
35652,282711
35653,273113
35654,263542
35655,254134
35656,244531
35657,234970
35658,225358
35659,215677
35660,206175
35661,196569
35662,187002
35663,179229
35664,169591
35665,160193
35666,150667
35667,141837
35668,132268
35669,122709
35670,113119
35671,103607
35672,94477
35673,84877
35674,75267
35675,65758
35676,59108
35677,49543
35678,39974
35679,30268
35680,20686
35681,11546
35682,2106
35683,1190206
35684,1184751
35685,1177480
35686,1170457
35687,1162855
35688,1160568
35689,1151075
35690,1141551
35691,1131955
35692,1122471
35693,1112918
35694,1103328
35695,1093739
35696,1084161
35697,1074904
35698,1065288
35699,1056675
35700,1047140
35701,1039631
35702,1030181
35703,1020605
35704,1011100
35705,1001645
35706,991974
35707,982362
35708,972846
35709,963320
35710,953857
35711,944517
35712,934992
35713,925616
35714,918042
35715,909269
35716,899643
35717,890106
35718,880645
35719,871111
35720,861624
35721,853331
35722,843473
35723,833579
35724,823633
35725,813918
35726,804583
35727,797133
35728,787687
35729,778359
35730,768785
35731,760044
35732,750630
35733,741064
35734,731646
35735,722124
35736,712682
35737,703161
35738,693718
35739,684103
35740,676549
35741,667174
35742,657546
35743,648081
35744,638542
35745,629146
35746,619656
35747,610885
35748,601378
35749,591745
35750,582159
35751,572628
35752,564902
35753,555391
35754,545697
35755,536198
35756,526645
35757,517091
35758,507535
35759,497999
35760,488326
35761,479024
35762,469457
35763,460554
35764,451026
35765,443710
35766,434072
35767,424464
35768,414837
35769,405340
35770,395900
35771,386353
35772,376833
35773,367382
35774,357842
35775,348180
35776,338724
35777,329403
35778,321802
35779,313194
35780,303689
35781,294082
35782,284484
35783,274933
35784,265239
35785,255750
35786,246104
35787,237077
35788,227561
35789,217996
35790,208457
35791,201077
35792,191609
35793,182243
35794,172595
35795,163903
35796,154320
35797,144737
35798,135265
35799,125622
35800,116104
35801,106568
35802,96937
35803,87438
35804,79942
35805,70313
35806,60863
35807,51382
35808,41762
35809,32506
35810,22973
35811,14343
35812,4854
35813,1256138
35814,1246702
35815,1237130
35816,1233585
35817,1224094
35818,1214522
35819,1204963
35820,1195461
35821,1185919
35822,1176392
35823,1166845
35824,1158731
35825,1148857
35826,1138937
35827,1130231
35828,1120692
35829,1113352
35830,1103792
35831,1094295
35832,1084673
35833,1075088
35834,1065552
35835,1055935
35836,1046458
35837,1036915
35838,1029160
35839,1019729
35840,1010344
35841,1001024
35842,993495
35843,984736
35844,975175
35845,965605
35846,956069
35847,946596
35848,937151
35849,927725
35850,918038
35851,908585
35852,899102
35853,889582
35854,880112
35855,872697
35856,863186
35857,854032
35858,844594
35859,835750
35860,826179
35861,816744
35862,807187
35863,797708
35864,788154
35865,778667
35866,769121
35867,759805
35868,753622
35869,744126
35870,742569
35871,732686
35872,722843
35873,712974
35874,703022
35875,693095
35876,683223
35877,673274
35878,663341
35879,653428
35880,643479
35881,633539
35882,623623
35883,613711
35884,603775
35885,593931
35886,584372
35887,574669
35888,565188
35889,555845
35890,546185
35891,537436
35892,527794
35893,520376
35894,510793
35895,501236
35896,491642
35897,482104
35898,472495
35899,462975
35900,453674
35901,444044
35902,434575
35903,425095
35904,415497
35905,406083
35906,398405
35907,389520
35908,379979
35909,370463
35910,360931
35911,351358
35912,341861
35913,332296
35914,322777
35915,313181
35916,303571
35917,294442
35918,284939
35919,277561
35920,268091
35921,258912
35922,249202
35923,240581
35924,231078
35925,221530
35926,213599
35927,203717
35928,193779
35929,183851
35930,173971
35931,164031
35932,156099
35933,146538
35934,136993
35935,127402
35936,117839
35937,108463
35938,98849
35939,90025
35940,80391
35941,70810
35942,61280
35943,51773
35944,44133
35945,34652
35946,25295
35947,15773
35948,6315
35949,1058466
35950,1048856
35951,1039336
35952,1029786
35953,1020555
35954,1010982
35955,1002163
35956,992494
35957,985297
35958,975780
35959,966126
35960,956531
35961,947056
35962,937370
35963,927866
35964,918155
35965,908655
35966,899045
35967,889444
35968,879752
35969,870359
35970,862496
35971,853746
35972,844120
35973,834554
35974,824989
35975,815451
35976,805847
35977,796287
35978,786744
35979,777081
35980,767432
35981,757856
35982,748331
35983,740493
35984,730987
35985,721539
35986,712030
35987,703162
35988,693511
35989,683880
35990,674325
35991,664698
35992,655132
35993,645644
35994,636172
35995,626591
35996,618994
35997,609370
35998,599722
35999,590114
36000,580474
36001,571088
36002,561469
36003,552514
36004,542915
36005,533346
36006,523727
36007,514217
36008,506305
36009,496695
36010,487127
36011,477512
36012,467930
36013,458370
36014,448819
36015,439247
36016,429535
36017,420126
36018,410488
36019,401561
36020,392019
36021,384197
36022,374675
36023,365325
36024,355740
36025,346218
36026,336595
36027,327056
36028,317459
36029,309884
36030,299945
36031,289994
36032,280044
36033,270088
36034,261639
36035,252942
36036,243272
36037,233701
36038,224165
36039,214506
36040,204926
36041,195338
36042,185746
36043,176177
36044,166557
36045,156939
36046,147412
36047,139706
36048,130100
36049,120636
36050,111062
36051,102131
36052,92810
36053,83297
36054,73672
36055,64126
36056,54593
36057,45012
36058,35426
36059,25893
36060,18837
36061,9490
36062,1064810
36063,1056721
36064,1048731
36065,1042072
36066,1034018
36067,1029806
36068,1022111
36069,1013945
36070,1005855
36071,997989
36072,996034
36073,988334
36074,980906
36075,972642
36076,964673
36077,957081
36078,948988
36079,941355
36080,933656
36081,926382
36082,918199
36083,910937
36084,901545
36085,894136
36086,884687
36087,875315
36088,865658
36089,856161
36090,846477
36091,836934
36092,827337
36093,817640
36094,808153
36095,798601
36096,789009
36097,779628
36098,771821
36099,762833
36100,753159
36101,743607
36102,733948
36103,724453
36104,715001
36105,705583
36106,696070
36107,686560
36108,677033
36109,667489
36110,657984
36111,650194
36112,640701
36113,631431
36114,621824
36115,612930
36116,603395
36117,593806
36118,584141
36119,574601
36120,565049
36121,555459
36122,545806
36123,536101
36124,528398
36125,518809
36126,509263
36127,499539
36128,489918
36129,480500
36130,470790
36131,463382
36132,453436
36133,443501
36134,433554
36135,423609
36136,415494
36137,406089
36138,396449
36139,386852
36140,377256
36141,367676
36142,358148
36143,348554
36144,338902
36145,329604
36146,319910
36147,310899
36148,301384
36149,293678
36150,284238
36151,274646
36152,265090
36153,255499
36154,245997
36155,236429
36156,226875
36157,217158
36158,207653
36159,198012
36160,188448
36161,179086
36162,171347
36163,162596
36164,153027
36165,143593
36166,134065
36167,124509
36168,114882
36169,105397
36170,95817
36171,86270
36172,76642
36173,67105
36174,57510
36175,49811
36176,40231
36177,30862
36178,21290
36179,12519
36180,3046
36181,1053268
36182,1043831
36183,1034213
36184,1024587
36185,1015042
36186,1005492
36187,995866
36188,988493
36189,978830
36190,969196
36191,959695
36192,950081
36193,940603
36194,931174
36195,922235
36196,912685
36197,903089
36198,893495
36199,883930
36200,876178
36201,866650
36202,856961
36203,847509
36204,837904
36205,828342
36206,818747
36207,809149
36208,799451
36209,790043
36210,780480
36211,771531
36212,761919
36213,754152
36214,744547
36215,735047
36216,725486
36217,715893
36218,706340
36219,696633
36220,686984
36221,677419
36222,667762
36223,658107
36224,648538
36225,639247
36226,631531
36227,622797
36228,613198
36229,603605
36230,594011
36231,584443
36232,574931
36233,567679
36234,557745
36235,547815
36236,537867
36237,527920
36238,517985
36239,509490
36240,499858
36241,490475
36242,480933
36243,472020
36244,462498
36245,452903
36246,443210
36247,433607
36248,424033
36249,414467
36250,404846
36251,395285
36252,388267
36253,378695
36254,369151
36255,359523
36256,349914
36257,340513
36258,330848
36259,321970
36260,312365
36261,302754
36262,293220
36263,283732
36264,275920
36265,266270
36266,256715
36267,247069
36268,237530
36269,227981
36270,218370
36271,208702
36272,199162
36273,189762
36274,180226
36275,171395
36276,161744
36277,153911
36278,144327
36279,134749
36280,125108
36281,115499
36282,105796
36283,96165
36284,86573
36285,77152
36286,67580
36287,57970
36288,48276
36289,38800
36290,31300
36291,22437
36292,12943
36293,3421
36294,1057060
36295,1049200
36296,1041771
36297,1033731
36298,1026031
36299,1018354
36300,1010327
36301,1002439
36302,995217
36303,995147
36304,988118
36305,982632
36306,975029
36307,972393
36308,965399
36309,957747
36310,950273
36311,943406
36312,935708
36313,928212
36314,921097
36315,913173
36316,910113
36317,901052
36318,891824
36319,882566
36320,873117
36321,863763
36322,854346
36323,845591
36324,836079
36325,826481
36326,817019
36327,807348
36328,799791
36329,790331
36330,780618
36331,771082
36332,761582
36333,752061
36334,742392
36335,735291
36336,725387
36337,715444
36338,705497
36339,695810
36340,686326
36341,678634
36342,669168
36343,659566
36344,650012
36345,640532
36346,630950
36347,621496
36348,611899
36349,602487
36350,593119
36351,583522
36352,573947
36353,564785
36354,556989
36355,548279
36356,538753
36357,529120
36358,519512
36359,510049
36360,500437
36361,490939
36362,481500
36363,471836
36364,462300
36365,452742
36366,443111
36367,435383
36368,425811
36369,416404
36370,406859
36371,397992
36372,388419
36373,378911
36374,369398
36375,359742
36376,350233
36377,340705
36378,331120
36379,321539
36380,313893
36381,304344
36382,294815
36383,285276
36384,275661
36385,266289
36386,256798
36387,247913
36388,238372
36389,228844
36390,219327
36391,209731
36392,202074
36393,192573
36394,183018
36395,173454
36396,163878
36397,154306
36398,144959
36399,135389
36400,125939
36401,116620
36402,107066
36403,98346
36404,88785
36405,81252
36406,71829
36407,62359
36408,52681
36409,43088
36410,33524
36411,23895
36412,14425
36413,4873
36414,1058310
36415,1050534
36416,1043008
36417,1035831
36418,1034095
36419,1030271
36420,1022132
36421,1014316
36422,1006660
36423,998620
36424,990957
36425,983117
36426,974869
36427,966914
36428,959150
36429,950980
36430,942959
36431,940350
36432,932404
36433,926527
36434,924423
36435,918196
36436,909022
36437,899587
36438,892004
36439,882081
36440,872174
36441,862228
36442,852291
36443,842383
36444,835653
36445,826045
36446,816521
36447,806849
36448,797275
36449,787944
36450,778320
36451,769530
36452,759987
36453,750307
36454,740670
36455,731112
36456,723563
36457,714069
36458,704567
36459,694888
36460,685487
36461,675908
36462,666342
36463,656841
36464,647306
36465,637894
36466,628248
36467,619512
36468,610082
36469,602460
36470,592967
36471,583408
36472,573762
36473,564348
36474,554890
36475,545246
36476,535813
36477,526103
36478,516488
36479,506862
36480,497215
36481,487816
36482,480126
36483,471214
36484,461617
36485,452022
36486,442483
36487,432843
36488,423295
36489,413643
36490,404005
36491,394508
36492,384976
36493,375404
36494,365801
36495,357879
36496,348496
36497,339129
36498,329509
36499,320608
36500,311118
36501,306173
36502,296367
36503,286530
36504,276659
36505,266811
36506,256929
36507,247024
36508,237086
36509,227221
36510,217291
36511,207400
36512,197543
36513,188131
36514,178539
36515,169725
36516,160190
36517,150639
36518,141099
36519,131497
36520,123757
36521,114204
36522,104511
36523,94991
36524,85392
36525,75767
36526,66148
36527,56539
36528,46819
36529,37489
36530,27927
36531,19078
36532,9519
36533,1060230
36534,1050763
36535,1041182
36536,1031568
36537,1021918
36538,1012284
36539,1002652
36540,993010
36541,985839
36542,975952
36543,966046
36544,956141
36545,946243
36546,937430
36547,928617
36548,919018
36549,909467
36550,899813
36551,890157
36552,880601
36553,871010
36554,861407
36555,851693
36556,842124
36557,832517
36558,822902
36559,814596
36560,805036
36561,795533
36562,785844
36563,776929
36564,767218
36565,757629
36566,748011
36567,738364
36568,728735
36569,719159
36570,709454
36571,699834
36572,691500
36573,681813
36574,672176
36575,665352
36576,655510
36577,645619
36578,635758
36579,625860
36580,615944
36581,606050
36582,596189
36583,586293
36584,577029
36585,567184
36586,557286
36587,547422
36588,537481
36589,527539
36590,517690
36591,507747
36592,497803
36593,487929
36594,477984
36595,469044
36596,459196
36597,450420
36598,440600
36599,430713
36600,420853
36601,410968
36602,401055
36603,391162
36604,381263
36605,371352
36606,361400
36607,351499
36608,341600
36609,331703
36610,322602
36611,313813
36612,303926
36613,294044
36614,284165
36615,274255
36616,264356
36617,254476
36618,244574
36619,234677
36620,224760
36621,214858
36622,204964
36623,196751
36624,187089
36625,177603
36626,168041
36627,159423
36628,1018740
36629,1019119
36630,1019137
36631,1019102
36632,1019175
36633,1019156
36634,1019171
36635,1019194
36636,1022984
36637,1023125
36638,1023170
36639,1023160
36640,1023152
36641,1023199
36642,1023181
36643,1025804
36644,1025887
36645,1025880
36646,1025927
36647,1021768
36648,1012371
36649,1002839
36650,993342
36651,983729
36652,974081
36653,964496
36654,954894
36655,945234
36656,935695
36657,926273
36658,916734
36659,907799
36660,898120
36661,890437
36662,880857
36663,871177
36664,861573
36665,852033
36666,842366
36667,832715
36668,823137
36669,813621
36670,804032
36671,794489
36672,784873
36673,775397
36674,767752
36675,758750
36676,749262
36677,739660
36678,730050
36679,720394
36680,710824
36681,701198
36682,691555
36683,681961
36684,672337
36685,662676
36686,653027
36687,645358
36688,635658
36689,626257
36690,616813
36691,607865
36692,598240
36693,588640
36694,579052
36695,569406
36696,559720
36697,550146
36698,540650
36699,531237
36700,523478
36701,513844
36702,504266
36703,494621
36704,485138
36705,475712
36706,466095
36707,457290
36708,447618
36709,438113
36710,428538
36711,418859
36712,411133
36713,401572
36714,391914
36715,382306
36716,372731
36717,363020
36718,353389
36719,343772
36720,334094
36721,324694
36722,315075
36723,306087
36724,296389
36725,288591
36726,279091
36727,269505
36728,259965
36729,250306
36730,240748
36731,231167
36732,221536
36733,212064
36734,202542
36735,192927
36736,183368
36737,173928
36738,166133
36739,157336
36740,147780
36741,138215
36742,128615
36743,119018
36744,109371
36745,102630
36746,92793
36747,82867
36748,72926
36749,63014
36750,53053
36751,44668
36752,35218
36753,25709
36754,16164
36755,7446
36756,1061459
36757,1053423
36758,1045753
36759,1037540
36760,1029419
36761,1021708
36762,1013449
36763,1005387
36764,1006053
36765,997842
36766,990074
36767,982362
36768,974248
36769,967362
36770,959692
36771,955386
36772,947466
36773,939715
36774,931660
36775,923624
36776,920830
36777,911490
36778,901972
36779,892563
36780,882987
36781,873558
36782,863972
36783,854357
36784,844794
36785,835440
36786,825968
36787,817032
36788,807425
36789,799754
36790,790197
36791,780641
36792,770980
36793,761382
36794,751704
36795,742172
36796,732568
36797,723012
36798,713427
36799,703908
36800,694491
36801,685030
36802,677320
36803,668476
36804,658901
36805,649310
36806,639762
36807,630168
36808,620670
36809,611171
36810,601570
36811,592083
36812,582474
36813,572836
36814,563297
36815,555499
36816,545972
36817,536498
36818,526942
36819,518000
36820,508325
36821,498814
36822,489149
36823,479557
36824,469920
36825,460359
36826,450692
36827,441113
36828,433970
36829,424361
36830,414844
36831,405212
36832,395562
36833,386155
36834,376518
36835,367674
36836,358126
36837,348395
36838,338816
36839,329160
36840,321462
36841,311833
36842,302289
36843,292715
36844,283132
36845,273618
36846,263947
36847,254310
36848,247040
36849,237104
36850,227159
36851,217236
36852,207281
36853,199442
36854,189910
36855,180340
36856,170692
36857,161131
36858,151554
36859,141982
36860,132562
36861,122957
36862,113416
36863,103845
36864,94242
36865,84905
36866,77254
36867,68411
36868,58754
36869,49254
36870,39584
36871,30062
36872,20450
36873,11021
36874,1521
36875,1052530
36876,1042990
36877,1033599
36878,1024050
36879,1016857
36880,1007281
36881,997874
36882,988284
36883,979545
36884,970035
36885,960443
36886,950914
36887,941353
36888,931797
36889,922274
36890,912665
36891,903018
36892,895143
36893,885596
36894,875926
36895,866458
36896,856893
36897,847455
36898,837915
36899,829013
36900,819570
36901,809891
36902,800255
36903,790694
36904,782833
36905,773347
36906,763686
36907,754199
36908,744769
36909,735115
36910,725584
36911,716052
36912,706434
36913,697047
36914,687448
36915,678463
36916,668828
36917,660996
36918,651533
36919,641951
36920,632388
36921,622782
36922,613178
36923,603726
36924,594110
36925,584592
36926,574874
36927,565258
36928,555627
36929,546237
36930,538461
36931,529443
36932,519905
36933,510260
36934,500633
36935,491042
36936,481407
36937,471828
36938,462181
36939,452630
36940,443012
36941,433466
36942,423798
36943,416030
36944,406454
36945,397021
36946,387344
36947,378495
36948,368886
36949,359278
36950,351763
36951,341832
36952,331884
36953,321980
36954,312022
36955,302082
36956,293684
36957,284072
36958,274436
36959,264920
36960,255225
36961,245841
36962,236286
36963,227461
36964,217877
36965,208351
36966,198664
36967,189090
36968,181380
36969,171919
36970,162329
36971,152765
36972,143099
36973,133483
36974,123935
36975,114351
36976,104731
36977,95297
36978,85729
36979,77117
36980,67535
36981,59650
36982,50203
36983,40646
36984,31019
36985,21433
36986,11914
36987,2280
36988,1053386
36989,1043999
36990,1034392
36991,1024901
36992,1015337
36993,1005883
36994,998776
36995,989935
36996,980310
36997,970766
36998,961225
36999,951645
37000,942109
37001,932545
37002,922971
37003,913261
37004,903680
37005,894109
37006,884472
37007,876867
37008,867332
37009,857877
37010,848282
37011,839423
37012,829773
37013,820228
37014,810568
37015,801216
37016,791621
37017,781918
37018,772358
37019,762827
37020,756219
37021,746626
37022,737096
37023,727542
37024,717840
37025,708457
37026,698898
37027,689966
37028,680334
37029,670709
37030,661080
37031,651520
37032,643847
37033,634332
37034,624682
37035,615075
37036,605389
37037,595866
37038,586289
37039,576655
37040,567054
37041,557714
37042,548164
37043,539292
37044,529642
37045,521858
37046,512283
37047,502720
37048,493049
37049,483501
37050,473873
37051,464333
37052,457288
37053,447384
37054,437436
37055,427490
37056,417534
37057,407585
37058,398826
37059,389845
37060,380270
37061,370675
37062,361058
37063,351375
37064,341809
37065,332107
37066,322630
37067,313116
37068,303435
37069,293763
37070,284185
37071,276238
37072,266623
37073,257238
37074,247669
37075,238909
37076,229370
37077,219725
37078,210152
37079,200619
37080,191090
37081,181511
37082,171934
37083,162351
37084,154577
37085,145000
37086,135460
37087,125873
37088,116267
37089,106864
37090,97229
37091,88336
37092,78768
37093,69180
37094,59580
37095,49941
37096,42349
37097,32959
37098,23309
37099,13856
37100,4317
37101,1055929
37102,1046740
37103,1037295
37104,1027621
37105,1018434
37106,1008783
37107,999792
37108,990125
37109,982459
37110,972853
37111,963219
37112,953712
37113,944118
37114,934535
37115,924965
37116,915360
37117,905690
37118,896157
37119,886444
37120,876795
37121,867403
37122,858974
37123,850064
37124,840507
37125,830998
37126,821398
37127,811784
37128,802069
37129,792505
37130,782842
37131,773227
37132,781932
37133,772105
37134,762172
37135,752302
37136,742448
37137,732494
37138,722580
37139,712688
37140,702740
37141,692803
37142,682863
37143,672916
37144,662968
37145,653079
37146,643123
37147,633195
37148,623280
37149,613346
37150,603406
37151,593490
37152,583548
37153,573609
37154,566365
37155,556417
37156,546480
37157,536563
37158,526625
37159,516679
37160,506808
37161,496870
37162,486940
37163,476990
37164,467046
37165,457106
37166,447199
37167,437253
37168,427308
37169,417407
37170,407465
37171,397523
37172,387615
37173,377675
37174,367736
37175,357841
37176,347896
37177,337954
37178,328049
37179,318142
37180,308245
37181,298439
37182,288864
37183,279249
37184,269658
37185,260172
37186,252543
37187,243741
37188,234073
37189,224509
37190,214941
37191,205363
37192,195733
37193,186303
37194,176642
37195,167031
37196,157421
37197,147788
37198,138295
37199,130521
37200,120991
37201,111560
37202,102067
37203,93184
37204,83816
37205,74287
37206,64729
37207,55127
37208,45578
37209,36010
37210,26350
37211,16790
37212,9579
37213,1063886
37214,1056255
37215,1048072
37216,1040229
37217,1033529
37218,1025432
37219,1021289
37220,1013679
37221,1005573
37222,997754
37223,989892
37224,991499
37225,983826
37226,976201
37227,967891
37228,959871
37229,952181
37230,944076
37231,936198
37232,928571
37233,921507
37234,913547
37235,911243
37236,901759
37237,894427
37238,884837
37239,875168
37240,865552
37241,856172
37242,846565
37243,836932
37244,827553
37245,817990
37246,808315
37247,798812
37248,789154
37249,779765
37250,772542
37251,763587
37252,753976
37253,744345
37254,734652
37255,725273
37256,715579
37257,708411
37258,698524
37259,688633
37260,678692
37261,668755
37262,658844
37263,650753
37264,641264
37265,631913
37266,622433
37267,613673
37268,604081
37269,594503
37270,585096
37271,575585
37272,565902
37273,556284
37274,546679
37275,537008
37276,529202
37277,519769
37278,510157
37279,500281
37280,490963
37281,481518
37282,471964
37283,463089
37284,453441
37285,443865
37286,434291
37287,424611
37288,416807
37289,407274
37290,397623
37291,388051
37292,378620
37293,369012
37294,359440
37295,349870
37296,340267
37297,330958
37298,321391
37299,312609
37300,303075
37301,295326
37302,285721
37303,276203
37304,266648
37305,257040
37306,247466
37307,237891
37308,228268
37309,218689
37310,209121
37311,199481
37312,189834
37313,180423
37314,172563
37315,163768
37316,154425
37317,144804
37318,135188
37319,125594
37320,116040
37321,106399
37322,96808
37323,87212
37324,77569
37325,68036
37326,58400
37327,50661
37328,41157
37329,31797
37330,22197
37331,13549
37332,4075
37333,1113604
37334,1107467
37335,1100068
37336,1092635
37337,1085744
37338,1078069
37339,1070746
37340,1088932
37341,1081561
37342,1074345
37343,1067253
37344,1059704
37345,1056306
37346,1049596
37347,1046751
37348,1037673
37349,1028577
37350,1019121
37351,1009730
37352,1002647
37353,993139
37354,983639
37355,974115
37356,964549
37357,954898
37358,945442
37359,936089
37360,927892
37361,918006
37362,908054
37363,898709
37364,889149
37365,881398
37366,871842
37367,862298
37368,852626
37369,843116
37370,833500
37371,823899
37372,814394
37373,804844
37374,795330
37375,785809
37376,776464
37377,767204
37378,759521
37379,750728
37380,741251
37381,731769
37382,722294
37383,712759
37384,703176
37385,693738
37386,684201
37387,674738
37388,665223
37389,655927
37390,646479
37391,638923
37392,629364
37393,620078
37394,610596
37395,601745
37396,592222
37397,582747
37398,573120
37399,563646
37400,554049
37401,544481
37402,534906
37403,525318
37404,518838
37405,509349
37406,499796
37407,490252
37408,480657
37409,471281
37410,461674
37411,453015
37412,443557
37413,434012
37414,424424
37415,414988
37416,407350
37417,397825
37418,388261
37419,378749
37420,369326
37421,359738
37422,350161
37423,340599
37424,331046
37425,321695
37426,312095
37427,303149
37428,293566
37429,285723
37430,276230
37431,266623
37432,257106
37433,247488
37434,237869
37435,228196
37436,218553
37437,209356
37438,199701
37439,190180
37440,180550
37441,171168
37442,163608
37443,154782
37444,145267
37445,135643
37446,126100
37447,116476
37448,106944
37449,97333
37450,87799
37451,78178
37452,68618
37453,59101
37454,49514
37455,41623
37456,32088
37457,22935
37458,13358
37459,4520
37460,1061333
37461,1051917
37462,1043647
37463,1033763
37464,1023820
37465,1013916
37466,1004200
37467,994628
37468,990283
37469,980827
37470,971216
37471,961608
37472,952082
37473,943244
37474,933612
37475,924968
37476,915311
37477,905758
37478,896229
37479,886580
37480,878896
37481,869358
37482,859706
37483,850090
37484,840517
37485,830808
37486,821284
37487,811778
37488,802475
37489,793124
37490,783643
37491,774776
37492,765192
37493,757508
37494,747948
37495,738339
37496,728816
37497,719270
37498,709700
37499,700104
37500,690563
37501,681001
37502,671406
37503,661945
37504,652510
37505,643196
37506,635444
37507,626593
37508,617053
37509,607372
37510,598101
37511,588474
37512,578895
37513,569396
37514,559920
37515,550446
37516,540828
37517,531284
37518,521682
37519,514048
37520,504454
37521,495005
37522,485394
37523,476552
37524,466953
37525,457303
37526,447776
37527,438108
37528,428504
37529,418876
37530,409213
37531,399633
37532,392008
37533,382363
37534,372793
37535,363153
37536,353676
37537,344311
37538,334759
37539,325845
37540,316190
37541,306603
37542,297018
37543,287482
37544,279765
37545,270197
37546,260573
37547,251204
37548,241648
37549,232041
37550,222479
37551,212904
37552,203262
37553,193902
37554,184267
37555,175475
37556,165870
37557,158108
37558,148526
37559,138896
37560,129280
37561,119656
37562,110125
37563,100513
37564,91449
37565,82835
37566,72917
37567,62975
37568,53240
37569,43849
37570,36336
37571,27460
37572,18068
37573,8523
37574,1065543
37575,1056105
37576,1046678
37577,1037115
37578,1027606
37579,1018032
37580,1008495
37581,998939
37582,989399
37583,985250
37584,975746
37585,966853
37586,957403
37587,948593
37588,939021
37589,929510
37590,919882
37591,910312
37592,900702
37593,890981
37594,881402
37595,871740
37596,865240
37597,855635
37598,846083
37599,836744
37600,827185
37601,817805
37602,808121
37603,799219
37604,789767
37605,780198
37606,770752
37607,761250
37608,753417
37609,743953
37610,734278
37611,724740
37612,715200
37613,705701
37614,696058
37615,686507
37616,676926
37617,667548
37618,658194
37619,649415
37620,639727
37621,632143
37622,622563
37623,613021
37624,603673
37625,594040
37626,584438
37627,574811
37628,565346
37629,555757
37630,546123
37631,536655
37632,527032
37633,517641
37634,509894
37635,500992
37636,491355
37637,481809
37638,472115
37639,462558
37640,453011
37641,443439
37642,433797
37643,424196
37644,414533
37645,404948
37646,395344
37647,387490
37648,377932
37649,368524
37650,358922
37651,350016
37652,340462
37653,330848
37654,321317
37655,311658
37656,302022
37657,292381
37658,282698
37659,273097
37660,265299
37661,255854
37662,246320
37663,236659
37664,227108
37665,217703
37666,208119
37667,199536
37668,189589
37669,179921
37670,170386
37671,160787
37672,153149
37673,143617
37674,133986
37675,124487
37676,114880
37677,105241
37678,96017
37679,86468
37680,76780
37681,67346
37682,57914
37683,49050
37684,39477
37685,31826
37686,22315
37687,12869
37688,3241
37689,1206912
37690,1200433
37691,1194030
37692,1186680
37693,1179296
37694,1172483
37695,1164797
37696,1157334
37697,1154000
37698,1171340
37699,1170260
37700,1163204
37701,1154575
37702,1145683
37703,1136568
37704,1127197
37705,1117787
37706,1108387
37707,1098835
37708,1089383
37709,1079925
37710,1070383
37711,1062777
37712,1053222
37713,1043828
37714,1034476
37715,1025654
37716,1015965
37717,1006353
37718,996768
37719,987162
37720,977678
37721,968176
37722,958488
37723,949003
37724,941320
37725,931691
37726,922072
37727,912515
37728,902871
37729,893514
37730,884060
37731,875137
37732,865747
37733,856244
37734,846637
37735,837103
37736,829310
37737,819742
37738,810152
37739,800573
37740,791043
37741,781432
37742,771917
37743,762552
37744,752885
37745,743485
37746,733833
37747,724858
37748,715299
37749,707577
37750,697930
37751,688388
37752,678751
37753,669274
37754,659688
37755,650099
37756,640408
37757,630860
37758,621263
37759,611701
37760,602087
37761,600702
37762,591867
37763,581996
37764,572081
37765,562142
37766,552253
37767,542315
37768,532374
37769,523980
37770,514039
37771,504101
37772,494204
37773,484323
37774,474405
37775,464507
37776,454586
37777,444650
37778,434747
37779,424846
37780,415186
37781,405497
37782,395874
37783,386267
37784,376723
37785,367081
37786,357551
37787,347930
37788,340804
37789,331225
37790,321717
37791,312089
37792,302399
37793,293468
37794,283770
37795,274878
37796,265356
37797,255691
37798,246103
37799,236545
37800,228986
37801,219451
37802,209832
37803,200228
37804,190714
37805,181082
37806,171445
37807,161872
37808,152234
37809,142855
37810,133324
37811,124358
37812,114730
37813,106977
37814,97407
37815,87931
37816,78329
37817,68657
37818,59044
37819,49542
37820,39996
37821,30318
37822,20946
37823,11450
37824,1924
37825,1202462
37826,1207735
37827,1199028
37828,1189485
37829,1180079
37830,1170432
37831,1160890
37832,1151332
37833,1141754
37834,1132278
37835,1122719
37836,1113133
37837,1103521
37838,1093979
37839,1086592
37840,1076958
37841,1067596
37842,1057996
37843,1049318
37844,1039828
37845,1030164
37846,1020563
37847,1011045
37848,1001380
37849,991785
37850,982214
37851,972597
37852,965122
37853,955557
37854,945998
37855,936692
37856,927237
37857,917880
37858,908300
37859,899544
37860,890072
37861,880465
37862,870872
37863,861223
37864,853650
37865,844068
37866,834410
37867,824829
37868,815442
37869,805944
37870,796351
37871,788478
37872,778579
37873,768638
37874,758696
37875,749249
37876,739597
37877,731882
37878,722470
37879,713062
37880,703570
37881,694014
37882,684400
37883,674929
37884,665376
37885,655850
37886,646362
37887,636731
37888,627159
37889,617768
37890,610136
37891,601259
37892,591735
37893,582054
37894,572566
37895,562899
37896,553270
37897,543754
37898,534099
37899,524539
37900,514903
37901,505351
37902,495701
37903,488135
37904,478633
37905,469343
37906,459752
37907,450951
37908,441329
37909,431788
37910,422281
37911,412836
37912,403311
37913,393808
37914,384245
37915,374701
37916,367280
37917,357692
37918,348084
37919,338516
37920,328971
37921,319650
37922,310099
37923,301348
37924,291796
37925,282248
37926,272604
37927,262985
37928,255887
37929,246356
37930,236762
37931,227183
37932,217761
37933,208072
37934,198584
37935,188932
37936,179456
37937,170058
37938,160414
37939,151589
37940,142050
37941,134340
37942,124826
37943,115263
37944,105686
37945,96087
37946,86489
37947,76871
37948,67268
37949,57694
37950,48085
37951,38597
37952,28993
37953,19736
37954,12291
37955,3902
37956,1053471
37957,1044008
37958,1034564
37959,1024925
37960,1015369
37961,1005868
37962,996217
37963,986679
37964,977080
37965,967390
37966,957822
37967,953289
37968,943688
37969,934749
37970,925219
37971,916516
37972,906928
37973,897462
37974,888824
37975,878884
37976,868983
37977,859117
37978,849653
37979,840092
37980,833610
37981,823998
37982,814417
37983,804722
37984,795113
37985,785777
37986,776186
37987,767673
37988,758079
37989,748557
37990,738952
37991,729375
37992,721713
37993,712160
37994,702569
37995,692984
37996,683474
37997,673950
37998,664233
37999,654758
38000,645471
38001,636088
38002,626530
38003,617692
38004,608142
38005,600440
38006,590902
38007,581237
38008,571768
38009,562278
38010,552750
38011,543199
38012,533816
38013,524194
38014,514659
38015,505089
38016,495408
38017,486074
38018,478501
38019,469525
38020,459940
38021,450416
38022,440891
38023,431279
38024,421763
38025,412190
38026,402675
38027,393062
38028,383469
38029,373841
38030,364324
38031,356417
38032,346912
38033,337403
38034,327834
38035,318902
38036,309378
38037,299773
38038,290120
38039,280484
38040,270855
38041,261459
38042,251931
38043,242494
38044,234831
38045,225362
38046,215741
38047,206179
38048,196574
38049,187149
38050,177598
38051,168706
38052,160892
38053,151398
38054,141899
38055,132292
38056,124685
38057,115116
38058,105533
38059,95941
38060,86962
38061,77409
38062,67764
38063,58235
38064,48583
38065,39096
38066,29657
38067,20765
38068,11442
38069,3892
38070,1051516
38071,1042117
38072,1032644
38073,1022989
38074,1013414
38075,1003896
38076,994259
38077,985671
38078,975813
38079,965826
38080,955923
38081,946785
38082,941036
38083,932379
38084,922866
38085,913304
38086,903624
38087,894093
38088,884504
38089,874857
38090,865283
38091,855684
38092,846108
38093,836560
38094,826991
38095,818982
38096,809416
38097,799975
38098,790406
38099,781535
38100,771857
38101,762311
38102,752687
38103,743066
38104,733461
38105,723822
38106,714127
38107,704429
38108,696128
38109,686484
38110,676929
38111,667307
38112,657723
38113,648223
38114,638768
38115,629739
38116,620118
38117,610515
38118,600823
38119,591298
38120,583124
38121,573483
38122,563878
38123,554339
38124,544784
38125,535147
38126,525601
38127,515950
38128,506391
38129,496947
38130,487333
38131,478346
38132,468837
38133,460439
38134,450821
38135,441194
38136,431584
38137,422034
38138,412433
38139,402691
38140,393119
38141,383461
38142,373800
38143,364105
38144,354542
38145,345032
38146,336646
38147,327683
38148,318032
38149,308400
38150,298940
38151,289311
38152,279706
38153,270041
38154,260385
38155,250776
38156,241229
38157,231654
38158,222056
38159,213680
38160,204016
38161,194598
38162,185060
38163,176109
38164,166498
38165,156944
38166,147255
38167,137604
38168,128004
38169,118291
38170,108748
38171,99201
38172,92239
38173,82635
38174,73446
38175,63962
38176,54347
38177,44930
38178,35259
38179,26678
38180,16797
38181,7197
38182,1019863
38183,1010489
38184,1005687
38185,996217
38186,986622
38187,977067
38188,967426
38189,957829
38190,948197
38191,938608
38192,928966
38193,919965
38194,910346
38195,901613
38196,892033
38197,885115
38198,875553
38199,865979
38200,856378
38201,846799
38202,837161
38203,827618
38204,818065
38205,808440
38206,798773
38207,789287
38208,779798
38209,770354
38210,762680
38211,753747
38212,744170
38213,734694
38214,725255
38215,715677
38216,706199
38217,696682
38218,687153
38219,677625
38220,668045
38221,658445
38222,648913
38223,641014
38224,631418
38225,622055
38226,612628
38227,603827
38228,594286
38229,584678
38230,575093
38231,565514
38232,556075
38233,546560
38234,537005
38235,527354
38236,519643
38237,510112
38238,500477
38239,490877
38240,481345
38241,471880
38242,462196
38243,453378
38244,443808
38245,434268
38246,424679
38247,415069
38248,407537
38249,398005
38250,388318
38251,378810
38252,369298
38253,359711
38254,350157
38255,340562
38256,330895
38257,321504
38258,311939
38259,303046
38260,293443
38261,285794
38262,276417
38263,266951
38264,257365
38265,247698
38266,238146
38267,228598
38268,218985
38269,209604
38270,200065
38271,190385
38272,180892
38273,171612
38274,164503
38275,155008
38276,145443
38277,135744
38278,126088
38279,116552
38280,106888
38281,98986
38282,89127
38283,79168
38284,69229
38285,59343
38286,49661
38287,42094
38288,32656
38289,23282
38290,13747
38291,5066
38292,1177957
38293,1171605
38294,1165219
38295,1157645
38296,1150163
38297,1142096
38298,1133027
38299,1123982
38300,1120424
38301,1110765
38302,1101264
38303,1091764
38304,1082160
38305,1073198
38306,1063629
38307,1054840
38308,1045218
38309,1035690
38310,1026062
38311,1016401
38312,1008830
38313,999261
38314,989624
38315,980051
38316,970427
38317,960964
38318,951521
38319,941808
38320,932347
38321,923019
38322,913619
38323,904772
38324,895228
38325,887360
38326,877865
38327,868324
38328,858756
38329,849198
38330,839632
38331,830052
38332,820565
38333,811014
38334,801302
38335,791910
38336,782518
38337,773093
38338,765270
38339,756608
38340,746882
38341,737419
38342,727898
38343,718356
38344,708780
38345,699248
38346,689663
38347,680062
38348,670537
38349,660869
38350,651266
38351,643576
38352,633926
38353,624428
38354,614856
38355,605817
38356,596311
38357,586736
38358,577197
38359,567514
38360,557949
38361,548325
38362,538735
38363,529121
38364,522495
38365,512993
38366,503431
38367,493851
38368,484203
38369,474925
38370,465304
38371,456441
38372,446939
38373,437316
38374,427704
38375,418120
38376,410340
38377,400734
38378,391178
38379,381645
38380,372126
38381,362532
38382,352972
38383,343356
38384,335098
38385,325152
38386,315214
38387,305873
38388,296191
38389,288343
38390,278793
38391,275190
38392,265337
38393,255475
38394,245584
38395,235697
38396,225819
38397,215871
38398,205926
38399,196053
38400,186145
38401,176201
38402,166325
38403,157196
38404,147556
38405,137851
38406,128157
38407,118503
38408,108857
38409,99215
38410,89590
38411,80008
38412,70360
38413,60789
38414,51194
38415,42919
38416,33388
38417,24193
38418,14642
38419,5718
38420,1184360
38421,1177075
38422,1169138
38423,1161552
38424,1153771
38425,1145789
38426,1138182
38427,1130151
38428,1136639
38429,1127256
38430,1117633
38431,1108063
38432,1098596
38433,1089581
38434,1079921
38435,1071267
38436,1061607
38437,1052115
38438,1042655
38439,1032959
38440,1025435
38441,1015869
38442,1006219
38443,996567
38444,987060
38445,977365
38446,967839
38447,958312
38448,948811
38449,939352
38450,929859
38451,921222
38452,911765
38453,904073
38454,894554
38455,885058
38456,875484
38457,866000
38458,856502
38459,846980
38460,837442
38461,827834
38462,818270
38463,808778
38464,799368
38465,789943
38466,782162
38467,773321
38468,763829
38469,754264
38470,744766
38471,735232
38472,725691
38473,716157
38474,706604
38475,697118
38476,687801
38477,678235
38478,668600
38479,660791
38480,651249
38481,641821
38482,632241
38483,623391
38484,613838
38485,604222
38486,596081
38487,586144
38488,576210
38489,566259
38490,556324
38491,546382
38492,538771
38493,529092
38494,519496
38495,509905
38496,500301
38497,490828
38498,481262
38499,472237
38500,462643
38501,453071
38502,443419
38503,433891
38504,426015
38505,416391
38506,406768
38507,397343
38508,387667
38509,378082
38510,368517
38511,358944
38512,349253
38513,339904
38514,330288
38515,321472
38516,312012
38517,304257
38518,294712
38519,285162
38520,275489
38521,265906
38522,256362
38523,246625
38524,237434
38525,227902
38526,218387
38527,208779
38528,199271
38529,189833
38530,182065
38531,173222
38532,163614
38533,154095
38534,144476
38535,134872
38536,125281
38537,115682
38538,106051
38539,96375
38540,86794
38541,77201
38542,67548
38543,59946
38544,50388
38545,40635
38546,30801
38547,21997
38548,12445
38549,2885
38550,1052629
38551,1043135
38552,1033709
38553,1024092
38554,1014507
38555,1005050
38556,1002153
38557,992678
38558,983149
38559,973500
38560,963874
38561,954985
38562,945284
38563,936550
38564,927032
38565,917352
38566,907674
38567,898170
38568,890444
38569,880915
38570,871312
38571,861695
38572,852023
38573,842555
38574,832931
38575,823292
38576,813745
38577,804284
38578,794703
38579,785949
38580,776680
38581,768977
38582,759435
38583,749913
38584,740336
38585,730854
38586,721358
38587,711800
38588,703954
38589,694064
38590,684120
38591,674204
38592,664283
38593,654384
38594,646644
38595,637703
38596,628198
38597,618593
38598,609079
38599,599568
38600,589983
38601,580389
38602,570762
38603,561129
38604,551436
38605,541788
38606,532231
38607,524373
38608,514978
38609,505599
38610,496006
38611,487169
38612,477640
38613,467992
38614,458336
38615,448801
38616,439118
38617,429565
38618,419991
38619,410429
38620,402607
38621,393048
38622,383458
38623,373877
38624,364355
38625,354929
38626,345378
38627,336527
38628,326846
38629,317213
38630,307576
38631,297950
38632,290207
38633,280695
38634,271035
38635,261490
38636,251877
38637,242569
38638,233027
38639,223560
38640,213908
38641,204543
38642,194978
38643,186020
38644,176460
38645,168691
38646,159202
38647,149551
38648,139936
38649,130269
38650,120717
38651,111248
38652,101572
38653,92023
38654,82841
38655,73269
38656,63673
38657,54333
38658,46607
38659,37760
38660,28179
38661,18583
38662,9110
38663,1053441
38664,1043879
38665,1034380
38666,1024866
38667,1015229
38668,1005620
38669,996113
38670,986467
38671,979736
38672,970209
38673,960865
38674,951264
38675,942410
38676,932758
38677,923175
38678,913519
38679,903983
38680,894309
38681,884741
38682,875084
38683,865489
38684,858156
38685,848412
38686,838995
38687,829455
38688,819856
38689,810472
38690,802444
38691,792548
38692,782605
38693,772716
38694,763110
38695,753511
38696,745782
38697,736342
38698,726722
38699,717226
38700,707528
38701,697912
38702,688329
38703,678650
38704,669050
38705,659753
38706,649952
38707,641171
38708,631612
38709,623893
38710,614411
38711,605001
38712,595237
38713,585635
38714,576149
38715,566500
38716,556814
38717,547375
38718,537664
38719,528137
38720,518506
38721,509051
38722,501341
38723,492477
38724,482845
38725,473180
38726,463672
38727,454015
38728,444407
38729,434834
38730,425185
38731,415600
38732,405960
38733,396315
38734,386695
38735,378910
38736,369251
38737,359775
38738,350207
38739,341289
38740,331879
38741,322332
38742,312700
38743,303037
38744,293471
38745,283802
38746,274147
38747,264656
38748,256907
38749,247278
38750,237754
38751,228167
38752,218519
38753,209131
38754,199475
38755,190554
38756,181072
38757,171445
38758,161826
38759,152254
38760,144370
38761,134841
38762,125280
38763,115670
38764,106083
38765,96573
38766,86966
38767,77710
38768,68228
38769,58744
38770,49124
38771,40253
38772,30560
38773,23084
38774,13627
38775,4022
38776,1060889
38777,1051528
38778,1041942
38779,1032375
38780,1022894
38781,1013316
38782,1003762
38783,994216
38784,984562
38785,975589
38786,971674
38787,962971
38788,953364
38789,943840
38790,934258
38791,924608
38792,915059
38793,906743
38794,896847
38795,886905
38796,876965
38797,867058
38798,857501
38799,849916
38800,840371
38801,830987
38802,821580
38803,812803
38804,803318
38805,793763
38806,784239
38807,774762
38808,765158
38809,755621
38810,746122
38811,736560
38812,728930
38813,719324
38814,709752
38815,700044
38816,690569
38817,681188
38818,671593
38819,662928
38820,653346
38821,643721
38822,634181
38823,624623
38824,616991
38825,607379
38826,597849
38827,588330
38828,578739
38829,569203
38830,559606
38831,550092
38832,540435
38833,531112
38834,521511
38835,512626
38836,503001
38837,495214
38838,485535
38839,475910
38840,466300
38841,456693
38842,447097
38843,437502
38844,427912
38845,418468
38846,408880
38847,399348
38848,389671
38849,380256
38850,373607
38851,364661
38852,355152
38853,345521
38854,335958
38855,326401
38856,316926
38857,307405
38858,297817
38859,288277
38860,278616
38861,269123
38862,259551
38863,251994
38864,242419
38865,233010
38866,223479
38867,214636
38868,205010
38869,195467
38870,185894
38871,176332
38872,166753
38873,157141
38874,147478
38875,137962
38876,130215
38877,120567
38878,110979
38879,101393
38880,92245
38881,82836
38882,73308
38883,64364
38884,54790
38885,45238
38886,35574
38887,26034
38888,18323
38889,8867
38890,1143276
38891,1133821
38892,1124296
38893,1114856
38894,1105339
38895,1095802
38896,1087580
38897,1077672
38898,1067738
38899,1058836
38900,1049411
38901,1044908
38902,1035323
38903,1025846
38904,1016222
38905,1006600
38906,997051
38907,987367
38908,977752
38909,968229
38910,958663
38911,949019
38912,939471
38913,930109
38914,922672
38915,913875
38916,904274
38917,894671
38918,885204
38919,875782
38920,866109
38921,856705
38922,847090
38923,837533
38924,827947
38925,818334
38926,808756
38927,801122
38928,791489
38929,782118
38930,772453
38931,763546
38932,754075
38933,744686
38934,735183
38935,725677
38936,716103
38937,706537
38938,696963
38939,687404
38940,679603
38941,670018
38942,660440
38943,650898
38944,641273
38945,632033
38946,622455
38947,613560
38948,604022
38949,594356
38950,584671
38951,575195
38952,567575
38953,557934
38954,548357
38955,538761
38956,529313
38957,519717
38958,510018
38959,500428
38960,490818
38961,481373
38962,471851
38963,462904
38964,453327
38965,445675
38966,436089
38967,426512
38968,416925
38969,407271
38970,397659
38971,388013
38972,378401
38973,368728
38974,359161
38975,349564
38976,339908
38977,330604
38978,322917
38979,314047
38980,304412
38981,294924
38982,285235
38983,275683
38984,266104
38985,256533
38986,246933
38987,237473
38988,227859
38989,218239
38990,208635
38991,200915
38992,191489
38993,182159
38994,172961
38995,164122
38996,154591
38997,144989
38998,136436
38999,126536
39000,116596
39001,106648
39002,96747
39003,87136
39004,79450
39005,69845
39006,60189
39007,50518
39008,40904
39009,31454
39010,21955
39011,13257
39012,3744
39013,1217610
39014,1212053
39015,1204972
39016,1206614
39017,1197148
39018,1187504
39019,1177919
39020,1168291
39021,1164402
39022,1154531
39023,1144670
39024,1134773
39025,1124876
39026,1114987
39027,1105091
39028,1095184
39029,1085306
39030,1075434
39031,1065545
39032,1055926
39033,1046342
39034,1036794
39035,1027131
39036,1017583
39037,1007913
39038,998326
39039,988735
39040,979173
39041,969795
39042,962825
39043,954286
39044,944790
39045,935140
39046,925560
39047,915947
39048,906290
39049,896712
39050,887087
39051,877482
39052,867814
39053,858277
39054,848588
39055,841472
39056,831980
39057,822809
39058,813219
39059,804403
39060,794736
39061,785103
39062,775591
39063,765969
39064,756342
39065,746812
39066,737235
39067,727589
39068,719978
39069,710397
39070,700772
39071,691441
39072,681885
39073,672528
39074,662960
39075,654057
39076,644511
39077,634996
39078,625339
39079,615763
39080,607999
39081,598446
39082,588862
39083,579339
39084,569680
39085,560108
39086,550529
39087,540964
39088,531288
39089,521903
39090,512241
39091,503392
39092,493800
39093,486029
39094,476514
39095,466996
39096,457485
39097,447806
39098,438299
39099,428738
39100,419255
39101,410778
39102,400831
39103,390885
39104,381006
39105,371619
39106,363959
39107,355169
39108,345624
39109,336092
39110,326539
39111,316963
39112,307330
39113,297719
39114,287836
39115,277976
39116,268256
39117,258655
39118,249034
39119,242505
39120,232991
39121,223619
39122,214075
39123,205363
39124,195829
39125,186325
39126,176782
39127,167147
39128,157558
39129,147960
39130,138302
39131,128847
39132,121166
39133,111783
39134,102207
39135,92597
39136,83008
39137,73637
39138,64080
39139,55217
39140,45698
39141,35972
39142,26639
39143,17058
39144,9432
39145,1056150
39146,1046723
39147,1037128
39148,1027552
39149,1018070
39150,1008500
39151,998977
39152,989503
39153,980462
39154,970859
39155,962124
39156,952520
39157,947830
39158,938259
39159,928633
39160,919062
39161,909473
39162,899868
39163,890309
39164,880719
39165,871059
39166,861511
39167,851831
39168,842219
39169,832784
39170,825248
39171,816436
39172,806868
39173,797182
39174,787676
39175,778257
39176,768655
39177,759038
39178,749430
39179,739823
39180,730264
39181,720655
39182,711150
39183,703312
39184,693715
39185,684245
39186,674586
39187,665754
39188,656286
39189,646605
39190,637020
39191,627463
39192,617766
39193,608152
39194,598592
39195,588919
39196,581201
39197,571657
39198,561986
39199,552324
39200,542778
39201,533369
39202,523797
39203,515384
39204,505434
39205,495718
39206,486147
39207,476561
39208,468776
39209,459238
39210,449585
39211,440011
39212,430328
39213,420809
39214,411245
39215,401604
39216,392013
39217,382592
39218,373043
39219,364130
39220,354571
39221,346906
39222,337251
39223,327687
39224,318119
39225,308534
39226,298902
39227,289264
39228,279603
39229,270104
39230,260617
39231,251045
39232,241526
39233,232148
39234,225832
39235,217040
39236,207485
39237,197777
39238,188212
39239,178652
39240,169070
39241,159519
39242,149880
39243,140187
39244,130577
39245,120934
39246,111378
39247,103685
39248,94258
39249,85600
39250,76003
39251,67130
39252,57510
39253,47920
39254,38438
39255,28821
39256,19202
39257,9751
39258,1060702
39259,1051277
39260,1043970
39261,1034408
39262,1024767
39263,1015314
39264,1005707
39265,996289
39266,986670
39267,977800
39268,968234
39269,958733
39270,949124
39271,939470
39272,931983
39273,922473
39274,912820
39275,903322
39276,893603
39277,884071
39278,874449
39279,864825
39280,855340
39281,846141
39282,836506
39283,827658
39284,818159
39285,810669
39286,801240
39287,791750
39288,782141
39289,772655
39290,763143
39291,753560
39292,744082
39293,734637
39294,724852
39295,715366
39296,705806
39297,696361
39298,688768
39299,679971
39300,670395
39301,660876
39302,651318
39303,641752
39304,632201
39305,624121
39306,614219
39307,604286
39308,594379
39309,584475
39310,574691
39311,567020
39312,557464
39313,548122
39314,538593
39315,529610
39316,519953
39317,510431
39318,500791
39319,491142
39320,481578
39321,472044
39322,462401
39323,452780
39324,445106
39325,435552
39326,425942
39327,416368
39328,406700
39329,397301
39330,387715
39331,378786
39332,369158
39333,359545
39334,349971
39335,340607
39336,332831
39337,323313
39338,313737
39339,304208
39340,294524
39341,284922
39342,275338
39343,265715
39344,256163
39345,246913
39346,237290
39347,228370
39348,218752
39349,210887
39350,201434
39351,191818
39352,182147
39353,172588
39354,162982
39355,153334
39356,143787
39357,134089
39358,124484
39359,114894
39360,105319
39361,95861
39362,88709
39363,79922
39364,70367
39365,60809
39366,51207
39367,41796
39368,32217
39369,22656
39370,13228
39371,3667
39372,1084394
39373,1077434
39374,1070158
39375,1081970
39376,1074463
39377,1069881
39378,1061842
39379,1058739
39380,1051268
39381,1043138
39382,1035131
39383,1027619
39384,1019459
39385,1011405
39386,1002684
39387,993662
39388,987166
39389,977624
39390,967960
39391,958509
39392,948937
39393,939461
39394,929878
39395,921076
39396,911536
39397,902244
39398,892781
39399,883116
39400,875668
39401,866144
39402,856468
39403,846851
39404,837264
39405,827662
39406,818098
39407,809700
39408,799839
39409,789898
39410,780036
39411,771013
39412,761319
39413,753544
39414,743978
39415,734673
39416,725068
39417,715519
39418,706015
39419,696462
39420,686884
39421,677339
39422,667836
39423,658439
39424,648876
39425,639457
39426,632851
39427,623925
39428,614401
39429,604740
39430,595140
39431,585611
39432,575933
39433,566407
39434,556808
39435,547203
39436,537692
39437,528095
39438,518513
39439,510835
39440,501205
39441,491820
39442,482214
39443,473332
39444,463760
39445,454146
39446,444567
39447,434903
39448,425392
39449,415792
39450,406141
39451,396556
39452,388897
39453,379369
39454,369753
39455,360223
39456,350613
39457,341235
39458,331825
39459,323031
39460,313396
39461,303905
39462,294209
39463,284693
39464,276829
39465,267315
39466,257689
39467,248119
39468,238544
39469,228886
39470,219331
39471,209751
39472,200124
39473,190733
39474,181162
39475,172852
39476,163219
39477,155796
39478,146199
39479,136681
39480,127094
39481,117443
39482,107901
39483,98271
39484,88590
39485,79089
39486,69393
39487,59832
39488,50254
39489,40832
39490,33273
39491,24435
39492,14932
39493,5385
39494,1060821
39495,1051380
39496,1041908
39497,1032377
39498,1022735
39499,1013124
39500,1003595
39501,993900
39502,984333
39503,980377
39504,970722
39505,961776
39506,952372
39507,943577
39508,933961
39509,924411
39510,916016
39511,906086
39512,896174
39513,886227
39514,876544
39515,867011
39516,859315
39517,849716
39518,840246
39519,830770
39520,821307
39521,811913
39522,802312
39523,793796
39524,784300
39525,774674
39526,765231
39527,755705
39528,747998
39529,738385
39530,728835
39531,719332
39532,709719
39533,700298
39534,690625
39535,681188
39536,671668
39537,662446
39538,652979
39539,644315
39540,634632
39541,627094
39542,617550
39543,608037
39544,598446
39545,588967
39546,579419
39547,569872
39548,560395
39549,550727
39550,541190
39551,531679
39552,522187
39553,512892
39554,505185
39555,496315
39556,486715
39557,477185
39558,467670
39559,458106
39560,448540
39561,439108
39562,429561
39563,420040
39564,410467
39565,400796
39566,391279
39567,383465
39568,373946
39569,364622
39570,354918
39571,346028
39572,336497
39573,327107
39574,317453
39575,307951
39576,298348
39577,288780
39578,279223
39579,269620
39580,261978
39581,252546
39582,242986
39583,233452
39584,223924
39585,214620
39586,205015
39587,196196
39588,186608
39589,177023
39590,167403
39591,157844
39592,150111
39593,140559
39594,131005
39595,121366
39596,111859
39597,102200
39598,93227
39599,83706
39600,74053
39601,64718
39602,55188
39603,46231
39604,36604
39605,29024
39606,19413
39607,9993
39608,1168148
39609,1158691
39610,1149178
39611,1139742
39612,1130142
39613,1121653
39614,1111753
39615,1101844
39616,1091907
39617,1082931
39618,1081535
39619,1072974
39620,1063334
39621,1053683
39622,1044103
39623,1034542
39624,1024953
39625,1015335
39626,1005800
39627,996176
39628,986524
39629,977009
39630,967411
39631,959172
39632,949616
39633,940184
39634,930601
39635,921787
39636,912099
39637,902562
39638,893265
39639,883647
39640,874008
39641,864427
39642,854752
39643,845196
39644,837004
39645,827436
39646,817805
39647,808311
39648,798728
39649,789287
39650,784550
39651,774722
39652,764846
39653,754979
39654,745093
39655,735164
39656,725268
39657,715316
39658,705431
39659,695523
39660,685623
39661,675959
39662,666323
39663,656883
39664,647224
39665,637803
39666,628269
39667,619365
39668,609843
39669,601436
39670,591841
39671,582198
39672,572658
39673,563168
39674,553575
39675,544001
39676,534321
39677,524775
39678,515126
39679,505633
39680,496028
39681,486586
39682,478257
39683,469439
39684,459809
39685,450297
39686,440632
39687,431094
39688,421727
39689,412093
39690,402397
39691,392794
39692,383236
39693,373523
39694,363985
39695,355791
39696,346122
39697,336743
39698,327188
39699,318280
39700,308642
39701,299142
39702,289513
39703,279894
39704,270309
39705,260708
39706,251249
39707,241653
39708,233271
39709,223685
39710,214207
39711,204588
39712,195343
39713,186004
39714,176549
39715,168542
39716,158639
39717,148688
39718,138836
39719,129341
39720,121078
39721,111586
39722,102004
39723,92367
39724,82818
39725,73213
39726,63527
39727,53867
39728,44277
39729,34789
39730,25207
39731,16521
39732,6992
39733,1152004
39734,1142623
39735,1133109
39736,1123618
39737,1114078
39738,1104444
39739,1094855
39740,1085315
39741,1075694
39742,1066115
39743,1056555
39744,1046979
39745,1038019
39746,1030778
39747,1022016
39748,1012441
39749,1002913
39750,993286
39751,983684
39752,974179
39753,964532
39754,955043
39755,945518
39756,935830
39757,926239
39758,916717
39759,908921
39760,899334
39761,890034
39762,880420
39763,871886
39764,862473
39765,852829
39766,843276
39767,833781
39768,824207
39769,814591
39770,805071
39771,795519
39772,787740
39773,778185
39774,768608
39775,759015
39776,749466
39777,740283
39778,730706
39779,721929
39780,712311
39781,702792
39782,693234
39783,683671
39784,676017
39785,666489
39786,656836
39787,647243
39788,637769
39789,628238
39790,618651
39791,609107
39792,599520
39793,590138
39794,580676
39795,571799
39796,562181
39797,554454
39798,544852
39799,535357
39800,525751
39801,516088
39802,506446
39803,496934
39804,487263
39805,477673
39806,468124
39807,458569
39808,448958
39809,439553
39810,433187
39811,424335
39812,414825
39813,405165
39814,395489
39815,385956
39816,376302
39817,368540
39818,358662
39819,348718
39820,338792
39821,328832
39822,319108
39823,311492
39824,301949
39825,292590
39826,283027
39827,274210
39828,264533
39829,254972
39830,245430
39831,235874
39832,226255
39833,216768
39834,207212
39835,197640
39836,190049
39837,180948
39838,171377
39839,161808
39840,152130
39841,142755
39842,133174
39843,124297
39844,114820
39845,105294
39846,95675
39847,86041
39848,78556
39849,68975
39850,59468
39851,49870
39852,40276
39853,30571
39854,21271
39855,11794
39856,2216
39857,1052854
39858,1043413
39859,1034804
39860,1025276
39861,1021354
39862,1011899
39863,1002347
39864,992771
39865,983145
39866,973622
39867,963930
39868,954312
39869,944759
39870,935132
39871,925638
39872,916074
39873,906649
39874,899055
39875,890222
39876,880658
39877,871003
39878,861433
39879,851965
39880,842327
39881,832834
39882,823129
39883,813548
39884,804005
39885,794424
39886,784820
39887,777150
39888,767536
39889,758069
39890,748484
39891,739569
39892,729914
39893,720302
39894,710723
39895,701134
39896,691575
39897,681906
39898,672296
39899,662811
39900,655127
39901,645642
39902,636064
39903,626481
39904,616852
39905,607595
39906,598008
39907,589167
39908,579561
39909,570002
39910,560364
39911,550735
39912,543050
39913,533442
39914,523854
39915,514200
39916,504691
39917,495081
39918,485455
39919,475815
39920,467535
39921,457592
39922,447650
39923,438192
39924,428513
39925,420734
39926,411178
39927,401517
39928,391942
39929,382347
39930,372716
39931,363149
39932,353600
39933,343922
39934,334429
39935,325011
39936,315358
39937,305914
39938,298241
39939,289343
39940,279676
39941,270141
39942,260535
39943,251062
39944,241587
39945,232051
39946,222517
39947,212880
39948,203329
39949,193766
39950,184198
39951,176409
39952,166849
39953,157450
39954,147873
39955,139091
39956,129521
39957,119842
39958,110302
39959,100808
39960,91737
39961,82129
39962,72578
39963,63005
39964,55293
39965,45678
39966,36114
39967,26497
39968,17101
39969,7750
39970,1057541
39971,1049419
39972,1039874
39973,1030482
39974,1020914
39975,1011323
39976,1007054
39977,997611
39978,987944
39979,978441
39980,968881
39981,959281
39982,949712
39983,940158
39984,930443
39985,921094
39986,911581
39987,902786
39988,893229
39989,885516
39990,875972
39991,866350
39992,856758
39993,847175
39994,837609
39995,828268
39996,818600
39997,809213
39998,799702
39999,790152
40000,780669
40001,771406
40002,764744
40003,755911
40004,746329
40005,736640
40006,727102
40007,717536
40008,707943
40009,698391
40010,688859
40011,679223
40012,669624
40013,660083
40014,650431
40015,642684
40016,633050
40017,623648
40018,613987
40019,605154
40020,595656
40021,586150
40022,578303
40023,568361
40024,558446
40025,548505
40026,538567
40027,528615
40028,520896
40029,511287
40030,501592
40031,492084
40032,482565
40033,473056
40034,463493
40035,454541
40036,444901
40037,435337
40038,425603
40039,416039
40040,408283
40041,398786
40042,389269
40043,379604
40044,369889
40045,360279
40046,350604
40047,340978
40048,331419
40049,321944
40050,312330
40051,303386
40052,293981
40053,286095
40054,276532
40055,266993
40056,257513
40057,247961
40058,238390
40059,228776
40060,219272
40061,209654
40062,200019
40063,190500
40064,180931
40065,171423
40066,163758
40067,154909
40068,145285
40069,135655
40070,126112
40071,116436
40072,106843
40073,97693
40074,88072
40075,78466
40076,68906
40077,59280
40078,49743
40079,42177
40080,32607
40081,23178
40082,13568
40083,4872
40084,1143113
40085,1133725
40086,1124245
40087,1114655
40088,1105164
40089,1095609
40090,1086072
40091,1076439
40092,1072809
40093,1063248
40094,1053672
40095,1044086
40096,1034494
40097,1025689
40098,1016140
40099,1007430
40100,997873
40101,988290
40102,978712
40103,969149
40104,961533
40105,952024
40106,942500
40107,932923
40108,923330
40109,913733
40110,904106
40111,894531
40112,884980
40113,875619
40114,866247
40115,857453
40116,847838
40117,840376
40118,830866
40119,821441
40120,811774
40121,802253
40122,792702
40123,783186
40124,775104
40125,765179
40126,755275
40127,745329
40128,735607
40129,726181
40130,718687
40131,709882
40132,700318
40133,690791
40134,681227
40135,671679
40136,662092
40137,652625
40138,643319
40139,633840
40140,624285
40141,614797
40142,605259
40143,597601
40144,588013
40145,578626
40146,569056
40147,560287
40148,550787
40149,541247
40150,531628
40151,522102
40152,512490
40153,502940
40154,493393
40155,483685
40156,476197
40157,466725
40158,457132
40159,447619
40160,438068
40161,428791
40162,419254
40163,410524
40164,400944
40165,391453
40166,381894
40167,372276
40168,364645
40169,355174
40170,345524
40171,336010
40172,326496
40173,316905
40174,307275
40175,297765
40176,288093
40177,278674
40178,269125
40179,260308
40180,250692
40181,243164
40182,233592
40183,223963
40184,214442
40185,204841
40186,195297
40187,185782
40188,176541
40189,166974
40190,157424
40191,147823
40192,138235
40193,128872
40194,122708
40195,113930
40196,104357
40197,94806
40198,85287
40199,75736
40200,66105
40201,56591
40202,47008
40203,37366
40204,27769
40205,18398
40206,8823
40207,1067666
40208,1058298
40209,1049408
40210,1039787
40211,1031091
40212,1021523
40213,1011860
40214,1002274
40215,992623
40216,983068
40217,973484
40218,963914
40219,954293
40220,946947
40221,937326
40222,927720
40223,918141
40224,908541
40225,899151
40226,890933
40227,881023
40228,871090
40229,861295
40230,851735
40231,842129
40232,834412
40233,824730
40234,815170
40235,805559
40236,796056
40237,786800
40238,777344
40239,767663
40240,758173
40241,748899
40242,739358
40243,730524
40244,720997
40245,713230
40246,703748
40247,694144
40248,684570
40249,675124
40250,665573
40251,656037
40252,646476
40253,636996
40254,627421
40255,617766
40256,608171
40257,598680
40258,591079
40259,582175
40260,572580
40261,563098
40262,553518
40263,543938
40264,534337
40265,524753
40266,515043
40267,505463
40268,495852
40269,486254
40270,476747
40271,469079
40272,459401
40273,450087
40274,440476
40275,431523
40276,421923
40277,412343
40278,402720
40279,393140
40280,383575
40281,378315
40282,368471
40283,358617
40284,348670
40285,338723
40286,328833
40287,318939
40288,309033
40289,299134
40290,289549
40291,280578
40292,271059
40293,261557
40294,252023
40295,242406
40296,234051
40297,224451
40298,214850
40299,205156
40300,195615
40301,186018
40302,176306
40303,166699
40304,157141
40305,147424
40306,137605
40307,128459
40308,118809
40309,110428
40310,100806
40311,91294
40312,82091
40313,72483
40314,62806
40315,53189
40316,43674
40317,34019
40318,24363
40319,14865
40320,5371
40321,1243569
40322,1260182
40323,1253050
40324,1243729
40325,1234289
40326,1224732
40327,1215135
40328,1205547
40329,1197330
40330,1187430
40331,1177515
40332,1167567
40333,1157631
40334,1148103
40335,1141132
40336,1131598
40337,1122308
40338,1112630
40339,1103894
40340,1094419
40341,1084846
40342,1075179
40343,1065685
40344,1056016
40345,1046531
40346,1037031
40347,1027325
40348,1019721
40349,1010104
40350,1000588
40351,991241
40352,981794
40353,972413
40354,962925
40355,954202
40356,944700
40357,935151
40358,925602
40359,915916
40360,908346
40361,898885
40362,889227
40363,879687
40364,870316
40365,860645
40366,851086
40367,841577
40368,832017
40369,822586
40370,813056
40371,804138
40372,794681
40373,786977
40374,777518
40375,767935
40376,758440
40377,748966
40378,739394
40379,729858
40380,720233
40381,710677
40382,701169
40383,691599
40384,681932
40385,672545
40386,666064
40387,657276
40388,647657
40389,638031
40390,628504
40391,618912
40392,609334
40393,599719
40394,590169
40395,580658
40396,571039
40397,561458
40398,551890
40399,544020
40400,534426
40401,525090
40402,515417
40403,506573
40404,497033
40405,487617
40406,478130
40407,468685
40408,459232
40409,449683
40410,440178
40411,430627
40412,423313
40413,413725
40414,404111
40415,394498
40416,384908
40417,375589
40418,366056
40419,357201
40420,347593
40421,338074
40422,328481
40423,318966
40424,311814
40425,302240
40426,292662
40427,283156
40428,273594
40429,263977
40430,254684
40431,245078
40432,236622
40433,226753
40434,216802
40435,207511
40436,197932
40437,190148
40438,180566
40439,171050
40440,161415
40441,151857
40442,142328
40443,132783
40444,123190
40445,113648
40446,104026
40447,94403
40448,84794
40449,75401
40450,67626
40451,58998
40452,49390
40453,39864
40454,30578
40455,20994
40456,11592
40457,2048
40458,1051645
40459,1042238
40460,1032800
40461,1023182
40462,1013577
40463,1009309
40464,999712
40465,990731
40466,981254
40467,972514
40468,962939
40469,953383
40470,943779
40471,934345
40472,924731
40473,915043
40474,905461
40475,895870
40476,888153
40477,878561
40478,868981
40479,859435
40480,849826
40481,840477
40482,830825
40483,821936
40484,812392
40485,802924
40486,793437
40487,783975
40488,776410
40489,766876
40490,757468
40491,747767
40492,738318
40493,728848
40494,719184
40495,709501
40496,699948
40497,690558
40498,681024
40499,672144
40500,662559
40501,654810
40502,645282
40503,635656
40504,626064
40505,616491
40506,606940
40507,597396
40508,587818
40509,578149
40510,568566
40511,558980
40512,549270
40513,539956
40514,532135
40515,523406
40516,513750
40517,504225
40518,494532
40519,485050
40520,475443
40521,465878
40522,456327
40523,446781
40524,437180
40525,427529
40526,417990
40527,410184
40528,400714
40529,391318
40530,381722
40531,372905
40532,363229
40533,353646
40534,345623
40535,335724
40536,325776
40537,315822
40538,305878
40539,295924
40540,288267
40541,278666
40542,269092
40543,259446
40544,249868
40545,240606
40546,231071
40547,222200
40548,212762
40549,203156
40550,193619
40551,183927
40552,176162
40553,166571
40554,156920
40555,147274
40556,137749
40557,128131
40558,118557
40559,108972
40560,99298
40561,89933
40562,80816
40563,71914
40564,62366
40565,54804
40566,45189
40567,35523
40568,25981
40569,16608
40570,7020
40571,1063961
40572,1054451
40573,1045023
40574,1035553
40575,1025967
40576,1016401
40577,1007519
40578,1004381
40579,995757
40580,986253
40581,976692
40582,967069
40583,957631
40584,948080
40585,938489
40586,928920
40587,919361
40588,909663
40589,900095
40590,890446
40591,882889
40592,873320
40593,863828
40594,854237
40595,845569
40596,835906
40597,826330
40598,816808
40599,807100
40600,797529
40601,788118
40602,778480
40603,768981
40604,761387
40605,751748
40606,742127
40607,732570
40608,722872
40609,713484
40610,703958
40611,694923
40612,685260
40613,675768
40614,666437
40615,656957
40616,649146
40617,639603
40618,630034
40619,620415
40620,610779
40621,601182
40622,591593
40623,581963
40624,572309
40625,562984
40626,553559
40627,544664
40628,535107
40629,527216
40630,517635
40631,508002
40632,498380
40633,488764
40634,479167
40635,469529
40636,459971
40637,452352
40638,442419
40639,432482
40640,422567
40641,412628
40642,404252
40643,395335
40644,385777
40645,376221
40646,366577
40647,356972
40648,347355
40649,337727
40650,328042
40651,318589
40652,309046
40653,299406
40654,289834
40655,282034
40656,272418
40657,263035
40658,253586
40659,244734
40660,235149
40661,225536
40662,216004
40663,206437
40664,196882
40665,187254
40666,177693
40667,168119
40668,160372
40669,150830
40670,141354
40671,131755
40672,122185
40673,112773
40674,103160
40675,94684
40676,85098
40677,75396
40678,65823
40679,56236
40680,48658
40681,39176
40682,29503
40683,19944
40684,10468
40685,1149859
40686,1140401
40687,1130828
40688,1121408
40689,1112384
40690,1102834
40691,1094173
40692,1084574
40693,1079822
40694,1070603
40695,1061403
40696,1052462
40697,1044140
40698,1036239
40699,1028638
40700,1021337
40701,1013462
40702,1005769
40703,998533
40704,990578
40705,984732
40706,986099
40707,983391
40708,975923
40709,968916
40710,961268
40711,953576
40712,946434
40713,938855
40714,931485
40715,924092
40716,916342
40717,908815
40718,901445
40719,905215
40720,897866
40721,890076
40722,880830
40723,872543
40724,863134
40725,853600
40726,843971
40727,834480
40728,824912
40729,815337
40730,805802
40731,796258
40732,788170
40733,778624
40734,769089
40735,759549
40736,749965
40737,740569
40738,731017
40739,723412
40740,713497
40741,703560
40742,693656
40743,683703
40744,675108
40745,665596
40746,656015
40747,646457
40748,636869
40749,627293
40750,617636
40751,608034
40752,598354
40753,588956
40754,579396
40755,570355
40756,560743
40757,552447
40758,542861
40759,533524
40760,523948
40761,514319
40762,504697
40763,495112
40764,485500
40765,475907
40766,466336
40767,456659
40768,447001
40769,437586
40770,430544
40771,421745
40772,412270
40773,402597
40774,392945
40775,383423
40776,373712
40777,364066
40778,354520
40779,344874
40780,335226
40781,325699
40782,316056
40783,308438
40784,298977
40785,289529
40786,279916
40787,271161
40788,261994
40789,252641
40790,243145
40791,233471
40792,223893
40793,214354
40794,204702
40795,195059
40796,187639
40797,177976
40798,168363
40799,158797
40800,149160
40801,139835
40802,130270
40803,121409
40804,111756
40805,102168
40806,92542
40807,82921
40808,75186
40809,65569
40810,55986
40811,46418
40812,36868
40813,27152
40814,17785
40815,8179
40816,1207624
40817,1205238
40818,1198230
40819,1197084
40820,1190223
40821,1207378
40822,1200362
40823,1193661
40824,1185860
40825,1178549
40826,1171399
40827,1163796
40828,1156301
40829,1149088
40830,1141408
40831,1134011
40832,1126630
40833,1119030
40834,1112476
40835,1103855
40836,1094237
40837,1084723
40838,1075189
40839,1065617
40840,1056000
40841,1048473
40842,1038554
40843,1028617
40844,1018705
40845,1008766
40846,998888
40847,991608
40848,982021
40849,972706
40850,963097
40851,954249
40852,944725
40853,935218
40854,925543
40855,916058
40856,906567
40857,897093
40858,887612
40859,878276
40860,870582
40861,861112
40862,851601
40863,841923
40864,832473
40865,823181
40866,813631
40867,804987
40868,795470
40869,785938
40870,776431
40871,766952
40872,759222
40873,749685
40874,740053
40875,730538
40876,720913
40877,711339
40878,701711
40879,692211
40880,682578
40881,673237
40882,663685
40883,654869
40884,645228
40885,637555
40886,628069
40887,618498
40888,608936
40889,599395
40890,589817
40891,580430
40892,570950
40893,561307
40894,551813
40895,542272
40896,532670
40897,523353
40898,515778
40899,506849
40900,497170
40901,487664
40902,478106
40903,468600
40904,459042
40905,449512
40906,439901
40907,430336
40908,426742
40909,416818
40910,406898
40911,397044
40912,387147
40913,377267
40914,367370
40915,357424
40916,347533
40917,337639
40918,327697
40919,318431
40920,308796
40921,299375
40922,289845
40923,280309
40924,272533
40925,263050
40926,253430
40927,243865
40928,234320
40929,224932
40930,215396
40931,206541
40932,196905
40933,187221
40934,177686
40935,168038
40936,160428
40937,150932
40938,141286
40939,131740
40940,122220
40941,112647
40942,103033
40943,95337
40944,85440
40945,75497
40946,65553
40947,56219
40948,46744
40949,39158
40950,29899
40951,20394
40952,10916
40953,1059984
40954,1050491
40955,1041112
40956,1031459
40957,1022041
40958,1012503
40959,1002889
40960,993363
40961,984431
40962,981483
40963,972815
40964,963264
40965,953659
40966,944039
40967,934512
40968,924849
40969,915233
40970,905683
40971,896023
40972,886457
40973,876796
40974,867205
40975,859587
40976,850037
40977,840640
40978,831124
40979,822381
40980,812712
40981,803111
40982,793682
40983,784169
40984,774601
40985,764994
40986,755475
40987,745895
40988,738243
40989,728677
40990,719100
40991,709558
40992,699889
40993,690505
40994,680958
40995,672130
40996,662658
40997,653074
40998,643537
40999,633872
41000,626139
41001,616558
41002,607015
41003,597416
41004,587847
41005,578163
41006,568643
41007,559269
41008,549723
41009,540381
41010,530694
41011,521837
41012,512249
41013,504492
41014,494923
41015,485403
41016,475748
41017,466256
41018,456667
41019,446974
41020,437312
41021,427817
41022,418125
41023,408420
41024,398885
41025,389480
41026,381904
41027,373089
41028,363443
41029,353951
41030,344418
41031,334844
41032,325241
41033,315702
41034,306054
41035,296424
41036,286846
41037,277184
41038,267606
41039,259910
41040,250403
41041,241027
41042,231560
41043,222655
41044,213004
41045,203492
41046,195828
41047,185905
41048,176028
41049,166082
41050,156140
41051,146226
41052,138089
41053,128589
41054,119064
41055,109541
41056,99927
41057,90851
41058,81449
41059,72541
41060,62943
41061,53268
41062,43693
41063,34070
41064,26354
41065,16922
41066,7432
41067,1056955
41068,1047485
41069,1037954
41070,1028354
41071,1018795
41072,1009220
41073,1000186
41074,990548
41075,981810
41076,972149
41077,968497
41078,959058
41079,949467
41080,939825
41081,930201
41082,920494
41083,910924
41084,901375
41085,891714
41086,882062
41087,872485
41088,862857
41089,853511
41090,845876
41091,836965
41092,827257
41093,817712
41094,808068
41095,798479
41096,788967
41097,779694
41098,770144
41099,760625
41100,750958
41101,741358
41102,731818
41103,723972
41104,714388
41105,705037
41106,695477
41107,686492
41108,676898
41109,667304
41110,658010
41111,648357
41112,638785
41113,629219
41114,619679
41115,610083
41116,602400
41117,592843
41118,583219
41119,573716
41120,564126
41121,554697
41122,545159
41123,536477
41124,526943
41125,517384
41126,507741
41127,498058
41128,490332
41129,480772
41130,471108
41131,461431
41132,451958
41133,442354
41134,432687
41135,423166
41136,413620
41137,404242
41138,394613
41139,385666
41140,376087
41141,368372
41142,358815
41143,349189
41144,339662
41145,330057
41146,320507
41147,310954
41148,301477
41149,293429
41150,283529
41151,273577
41152,263667
41153,253809
41154,247495
41155,238737
41156,229163
41157,219588
41158,209993
41159,200467
41160,190913
41161,181307
41162,171760
41163,162164
41164,152530
41165,143002
41166,133387
41167,125579
41168,116048
41169,106604
41170,96964
41171,88472
41172,78871
41173,69356
41174,59802
41175,50203
41176,40610
41177,31010
41178,21444
41179,12022
41180,4500
41181,1256168
41182,1246736
41183,1237371
41184,1227733
41185,1218941
41186,1209446
41187,1200790
41188,1191221
41189,1181628
41190,1171975
41191,1162407
41192,1158035
41193,1148522
41194,1139003
41195,1129464
41196,1119773
41197,1110200
41198,1100650
41199,1091007
41200,1081430
41201,1072083
41202,1062505
41203,1053734
41204,1044101
41205,1036893
41206,1027406
41207,1017891
41208,1008247
41209,998730
41210,989246
41211,980019
41212,970467
41213,961059
41214,951384
41215,941930
41216,932403
41217,923069
41218,915464
41219,906711
41220,897203
41221,887608
41222,878173
41223,868675
41224,859305
41225,849862
41226,840311
41227,830700
41228,821198
41229,811708
41230,802247
41231,794884
41232,785299
41233,775963
41234,766508
41235,757726
41236,748234
41237,738792
41238,729568
41239,720112
41240,710667
41241,701095
41242,691447
41243,681991
41244,674348
41245,664852
41246,655292
41247,645727
41248,636191
41249,626909
41250,617314
41251,609251
41252,599346
41253,589400
41254,579735
41255,570159
41256,562469
41257,552900
41258,543409
41259,533781
41260,524245
41261,514766
41262,505133
41263,495580
41264,486026
41265,476661
41266,467121
41267,458751
41268,449215
41269,441587
41270,432088
41271,422589
41272,413114
41273,403581
41274,393995
41275,384519
41276,375019
41277,365389
41278,355801
41279,346258
41280,336680
41281,327275
41282,319683
41283,310891
41284,301851
41285,292326
41286,282598
41287,273121
41288,263561
41289,254039
41290,244418
41291,234869
41292,225330
41293,215760
41294,206300
41295,198837
41296,189270
41297,179985
41298,170351
41299,161680
41300,152145
41301,142494
41302,132967
41303,123396
41304,113855
41305,104273
41306,94640
41307,85026
41308,77409
41309,67951
41310,58406
41311,48959
41312,39496
41313,30169
41314,20819
41315,12350
41316,2885
41317,1058335
41318,1048908
41319,1039362
41320,1035194
41321,1025691
41322,1016108
41323,1006401
41324,996943
41325,987279
41326,977665
41327,968104
41328,958456
41329,949529
41330,939924
41331,931106
41332,921660
41333,914107
41334,904518
41335,894911
41336,885380
41337,875807
41338,866168
41339,856550
41340,847102
41341,837491
41342,827939
41343,818289
41344,808604
41345,799244
41346,792632
41347,783748
41348,774242
41349,764582
41350,755032
41351,745455
41352,737951
41353,730194
41354,720324
41355,710382
41356,700449
41357,690540
41358,680592
41359,672733
41360,663241
41361,653981
41362,644371
41363,635575
41364,626247
41365,616634
41366,607190
41367,597596
41368,588024
41369,578448
41370,568821
41371,559210
41372,551715
41373,542059
41374,532415
41375,522862
41376,513142
41377,503742
41378,494183
41379,485164
41380,475455
41381,465927
41382,456265
41383,446727
41384,438912
41385,429392
41386,419730
41387,410169
41388,400533
41389,391031
41390,381437
41391,371852
41392,362117
41393,352697
41394,343145
41395,334463
41396,324933
41397,317111
41398,307563
41399,297963
41400,288351
41401,278760
41402,269249
41403,259641
41404,250192
41405,240680
41406,231166
41407,221526
41408,211923
41409,202519
41410,194704
41411,185868
41412,176219
41413,166566
41414,157003
41415,147386
41416,137825
41417,128252
41418,118609
41419,109025
41420,99453
41421,90251
41422,80813
41423,73289
41424,63673
41425,54224
41426,44615
41427,35611
41428,26121
41429,16727
41430,7060
41431,1106564
41432,1101089
41433,1093930
41434,1086791
41435,1079776
41436,1079566
41437,1070098
41438,1060541
41439,1051104
41440,1041547
41441,1032666
41442,1023106
41443,1014473
41444,1004873
41445,995268
41446,985736
41447,976167
41448,968809
41449,959293
41450,949774
41451,940126
41452,930488
41453,920890
41454,911257
41455,901618
41456,893746
41457,883807
41458,873867
41459,864514
41460,854884
41461,847257
41462,837655
41463,828016
41464,818369
41465,808867
41466,799231
41467,789717
41468,780208
41469,770679
41470,761096
41471,751599
41472,742029
41473,732662
41474,724971
41475,716396
41476,706911
41477,697400
41478,687915
41479,678375
41480,668940
41481,659753
41482,650321
41483,640768
41484,631269
41485,621833
41486,612250
41487,604570
41488,594925
41489,585609
41490,576037
41491,567089
41492,557539
41493,547914
41494,538278
41495,528784
41496,519082
41497,509522
41498,499956
41499,490282
41500,482554
41501,473058
41502,463361
41503,453781
41504,444195
41505,434776
41506,425231
41507,416281
41508,406657
41509,397037
41510,387525
41511,378067
41512,370355
41513,360875
41514,351206
41515,341584
41516,332062
41517,322429
41518,312927
41519,303340
41520,293782
41521,284403
41522,274838
41523,266011
41524,256429
41525,248662
41526,239111
41527,229536
41528,219973
41529,210285
41530,200773
41531,191289
41532,181618
41533,171933
41534,162382
41535,153088
41536,143551
41537,134259
41538,128421
41539,118974
41540,109399
41541,99823
41542,90278
41543,80697
41544,70986
41545,61411
41546,51844
41547,42256
41548,32641
41549,23116
41550,13643
41551,5554
41552,1055053
41553,1046264
41554,1036832
41555,1028135
41556,1018537
41557,1009018
41558,1001478
41559,991536
41560,981601
41561,971698
41562,961765
41563,951835
41564,946823
41565,937320
41566,927672
41567,918138
41568,908609
41569,899272
41570,889700
41571,880787
41572,871262
41573,861671
41574,852136
41575,842440
41576,834951
41577,825382
41578,815889
41579,806283
41580,796566
41581,787228
41582,777781
41583,768324
41584,758860
41585,749429
41586,739865
41587,731013
41588,721448
41589,713674
41590,704141
41591,694686
41592,684960
41593,675482
41594,666029
41595,656819
41596,647280
41597,637714
41598,628143
41599,618563
41600,608932
41601,599552
41602,591846
41603,583066
41604,573429
41605,563803
41606,554420
41607,545052
41608,535425
41609,525914
41610,516392
41611,506759
41612,497252
41613,487573
41614,477953
41615,470187
41616,460577
41617,451122
41618,441553
41619,432727
41620,423049
41621,413547
41622,404021
41623,394309
41624,384747
41625,375075
41626,365530
41627,355988
41628,348144
41629,338683
41630,329178
41631,319489
41632,309938
41633,300533
41634,290879
41635,282007
41636,272407
41637,262827
41638,253376
41639,243833
41640,235961
41641,226488
41642,216890
41643,207224
41644,197585
41645,187983
41646,178411
41647,168766
41648,159204
41649,149784
41650,140216
41651,131416
41652,121847
41653,114116
41654,104517
41655,95667
41656,86111
41657,76498
41658,66887
41659,57377
41660,50151
41661,40258
41662,30331
41663,20380
41664,10436
41665,1056426
41666,1052319
41667,1043712
41668,1034124
41669,1024715
41670,1015176
41671,1005634
41672,996167
41673,986572
41674,977015
41675,967448
41676,957828
41677,948166
41678,938634
41679,931164
41680,921560
41681,912168
41682,902616
41683,893746
41684,884191
41685,874593
41686,865014
41687,855459
41688,845802
41689,836272
41690,826874
41691,817203
41692,810223
41693,800809
41694,791141
41695,781841
41696,772390
41697,762963
41698,753463
41699,744798
41700,735215
41701,725703
41702,716135
41703,706605
41704,699375
41705,689856
41706,680210
41707,670606
41708,661227
41709,651766
41710,642285
41711,632814
41712,623263
41713,613885
41714,604402
41715,595532
41716,586065
41717,578620
41718,569106
41719,559640
41720,550038
41721,540530
41722,531317
41723,521899
41724,512279
41725,502769
41726,493184
41727,483642
41728,473988
41729,464628
41730,458194
41731,449533
41732,440010
41733,430525
41734,421143
41735,411468
41736,401897
41737,392410
41738,382871
41739,373297
41740,363739
41741,354141
41742,344554
41743,337157
41744,327643
41745,318268
41746,308641
41747,300066
41748,290498
41749,280972
41750,271395
41751,261965
41752,252412
41753,242967
41754,233286
41755,223711
41756,216252
41757,206595
41758,197068
41759,187494
41760,177930
41761,168582
41762,161978
41763,152079
41764,142138
41765,132213
41766,122271
41767,112324
41768,105008
41769,95494
41770,86119
41771,76341
41772,66753
41773,57211
41774,47616
41775,37964
41776,28374
41777,19305
41778,9635
41779,1209665
41780,1204751
41781,1209604
41782,1200060
41783,1190492
41784,1180898
41785,1171405
41786,1161801
41787,1152255
41788,1142685
41789,1133163
41790,1123641
41791,1114049
41792,1104532
41793,1095084
41794,1087731
41795,1079173
41796,1069645
41797,1060022
41798,1050415
41799,1040771
41800,1031268
41801,1021712
41802,1012062
41803,1002459
41804,992928
41805,983400
41806,973805
41807,966176
41808,956613
41809,947354
41810,938046
41811,929270
41812,919721
41813,910261
41814,900700
41815,891195
41816,881667
41817,872033
41818,862610
41819,853148
41820,845592
41821,836109
41822,826590
41823,817112
41824,807746
41825,798440
41826,788891
41827,780052
41828,770571
41829,760957
41830,751408
41831,741775
41832,734240
41833,724618
41834,715327
41835,705821
41836,696284
41837,686736
41838,677086
41839,667609
41840,658030
41841,648674
41842,639178
41843,630364
41844,620800
41845,613255
41846,603731
41847,594169
41848,584683
41849,575137
41850,565561
41851,556011
41852,546480
41853,536771
41854,527247
41855,517731
41856,508208
41857,498845
41858,491207
41859,482377
41860,472766
41861,463207
41862,453740
41863,444179
41864,434670
41865,426838
41866,416964
41867,407064
41868,397131
41869,387193
41870,377593
41871,369915
41872,360379
41873,351038
41874,341465
41875,332658
41876,323079
41877,313427
41878,303935
41879,294383
41880,284830
41881,275273
41882,265743
41883,256602
41884,249362
41885,239829
41886,230150
41887,220608
41888,210952
41889,201544
41890,192038
41891,183442
41892,173832
41893,164301
41894,154750
41895,145160
41896,137454
41897,127946
41898,118287
41899,108751
41900,99260
41901,89551
41902,80026
41903,70428
41904,60814
41905,51523
41906,42046
41907,33136
41908,23782
41909,16311
41910,6860
41911,1202420
41912,1196477
41913,1189272
41914,1181996
41915,1173653
41916,1164683
41917,1155466
41918,1146211
41919,1136751
41920,1127351
41921,1118514
41922,1115428
41923,1106812
41924,1097299
41925,1087702
41926,1078068
41927,1068578
41928,1058907
41929,1049343
41930,1039816
41931,1030286
41932,1020691
41933,1011181
41934,1001644
41935,994332
41936,984844
41937,975465
41938,965991
41939,957384
41940,947770
41941,938143
41942,928642
41943,919210
41944,909678
41945,900178
41946,890596
41947,881126
41948,873631
41949,864080
41950,854524
41951,844995
41952,835461
41953,826184
41954,816801
41955,808200
41956,798623
41957,789106
41958,779887
41959,770432
41960,762842
41961,753351
41962,743762
41963,734322
41964,724824
41965,715357
41966,705867
41967,696236
41968,687802
41969,677898
41970,668025
41971,659165
41972,649665
41973,641977
41974,632443
41975,622882
41976,613343
41977,603668
41978,594178
41979,584623
41980,574959
41981,565460
41982,555883
41983,546362
41984,536791
41985,527458
41986,519904
41987,511178
41988,501630
41989,492142
41990,482620
41991,473034
41992,463433
41993,453906
41994,444369
41995,434669
41996,425100
41997,415500
41998,406078
41999,398500
42000,388976
42001,379550
42002,370049
42003,361309
42004,351761
42005,342195
42006,332514
42007,323032
42008,313482
42009,303942
42010,294324
42011,284726
42012,277302
42013,267906
42014,258387
42015,249455
42016,239974
42017,230618
42018,221061
42019,212318
42020,202726
42021,193055
42022,183575
42023,173980
42024,166620
42025,157092
42026,147576
42027,138050
42028,128502
42029,118871
42030,109251
42031,99676
42032,90088
42033,80761
42034,71198
42035,62383
42036,52800
42037,45169
42038,35761
42039,26436
42040,16906
42041,7466
42042,1058793
42043,1049439
42044,1040056
42045,1030519
42046,1020983
42047,1011433
42048,1001856
42049,992973
42050,988288
42051,979612
42052,970156
42053,960572
42054,950962
42055,941485
42056,931954
42057,922416
42058,912889
42059,903408
42060,893796
42061,884182
42062,874670
42063,866452
42064,856927
42065,847574
42066,837942
42067,829443
42068,819886
42069,810315
42070,802011
42071,792099
42072,782156
42073,772218
42074,762464
42075,752820
42076,744531
42077,734980
42078,725440
42079,715836
42080,706358
42081,696832
42082,687290
42083,678461
42084,668923
42085,659460
42086,649935
42087,640295
42088,632110
42089,622574
42090,612936
42091,603311
42092,593762
42093,584108
42094,574500
42095,564942
42096,555357
42097,545901
42098,536470
42099,527677
42100,518048
42101,510001
42102,500357
42103,490829
42104,481269
42105,471628
42106,461950
42107,452470
42108,442831
42109,433167
42110,423657
42111,413995
42112,404439
42113,395020
42114,388087
42115,379145
42116,369639
42117,360026
42118,350482
42119,340940
42120,331338
42121,321821
42122,312306
42123,302724
42124,293109
42125,283520
42126,273939
42127,265637
42128,256134
42129,246833
42130,237285
42131,228502
42132,218961
42133,209403
42134,199817
42135,190192
42136,180604
42137,171121
42138,161524
42139,151930
42140,143746
42141,134110
42142,124503
42143,114987
42144,105373
42145,95897
42146,86830
42147,77873
42148,68221
42149,58616
42150,48933
42151,39464
42152,31379
42153,21897
42154,12494
42155,2951
42156,1052725
42157,1043300
42158,1033861
42159,1024230
42160,1014626
42161,1005760
42162,996195
42163,987428
42164,977955
42165,973967
42166,964382
42167,954867
42168,950176
42169,940256
42170,930321
42171,920383
42172,910480
42173,902198
42174,892259
42175,882327
42176,872462
42177,862534
42178,852592
42179,842680
42180,832901
42181,823348
42182,813795
42183,804401
42184,794837
42185,785251
42186,775680
42187,765994
42188,756429
42189,746822
42190,737259
42191,729273
42192,719657
42193,710188
42194,700660
42195,691610
42196,682026
42197,672438
42198,662800
42199,653291
42200,643793
42201,634167
42202,624624
42203,615031
42204,607335
42205,597703
42206,588336
42207,578773
42208,569200
42209,559837
42210,550227
42211,541244
42212,531727
42213,522152
42214,512500
42215,502988
42216,495312
42217,485814
42218,476189
42219,466633
42220,456945
42221,447412
42222,437822
42223,428271
42224,418691
42225,409255
42226,399706
42227,390753
42228,381157
42229,373344
42230,363769
42231,354302
42232,344784
42233,335232
42234,325656
42235,316067
42236,306539
42237,296903
42238,287352
42239,277742
42240,268033
42241,258623
42242,250799
42243,242051
42244,232443
42245,222872
42246,213322
42247,203711
42248,194106
42249,184493
42250,174955
42251,165383
42252,155815
42253,146151
42254,136596
42255,128707
42256,119211
42257,109789
42258,100216
42259,91789
42260,82204
42261,72656
42262,63174
42263,53577
42264,43925
42265,34334
42266,24715
42267,15266
42268,7527
42269,1165809
42270,1156386
42271,1146975
42272,1137466
42273,1128595
42274,1118977
42275,1111521
42276,1101580
42277,1091640
42278,1081742
42279,1072047
42280,1067446
42281,1057942
42282,1048329
42283,1038674
42284,1029196
42285,1019591
42286,1010079
42287,1000489
42288,990857
42289,981619
42290,972063
42291,963259
42292,953676
42293,947157
42294,937614
42295,928050
42296,918578
42297,909031
42298,899516
42299,890040
42300,880485
42301,870961
42302,861524
42303,851988
42304,842511
42305,833196
42306,826974
42307,818138
42308,808561
42309,799037
42310,789379
42311,779904
42312,770515
42313,760991
42314,751589
42315,742050
42316,732447
42317,722938
42318,713457
42319,706061
42320,696474
42321,687135
42322,677683
42323,668991
42324,659419
42325,650023
42326,640481
42327,631002
42328,621412
42329,611887
42330,602306
42331,592681
42332,585053
42333,575414
42334,565868
42335,556302
42336,546674
42337,537306
42338,527858
42339,518947
42340,509297
42341,499779
42342,490101
42343,480583
42344,472888
42345,463321
42346,453848
42347,444360
42348,434826
42349,425219
42350,415724
42351,406066
42352,396529
42353,387140
42354,377536
42355,368879
42356,359388
42357,351629
42358,342166
42359,332628
42360,323068
42361,313460
42362,303912
42363,294274
42364,284763
42365,275179
42366,265599
42367,255996
42368,246497
42369,237154
42370,229469
42371,220651
42372,211523
42373,202005
42374,192393
42375,182856
42376,173585
42377,166428
42378,156557
42379,146665
42380,136710
42381,126759
42382,116821
42383,108420
42384,98805
42385,89479
42386,79965
42387,71198
42388,61766
42389,52217
42390,42585
42391,33021
42392,23707
42393,14178
42394,4689
42395,1123722
42396,1119830
42397,1110370
42398,1100890
42399,1091318
42400,1081755
42401,1073002
42402,1063426
42403,1054830
42404,1045314
42405,1035702
42406,1026136
42407,1016658
42408,1009051
42409,999449
42410,989969
42411,980380
42412,970815
42413,961318
42414,951691
42415,942153
42416,932608
42417,923224
42418,913676
42419,905386
42420,895884
42421,889347
42422,881604
42423,873864
42424,866668
42425,859732
42426,852136
42427,844996
42428,837940
42429,830461
42430,823068
42431,816175
42432,808796
42433,802760
42434,802345
42435,799797
42436,792386
42437,785950
42438,779184
42439,771725
42440,764917
42441,757414
42442,750100
42443,742914
42444,735544
42445,728267
42446,721083
42447,719931
42448,711406
42449,703155
42450,693967
42451,685444
42452,676000
42453,666491
42454,657006
42455,647481
42456,637926
42457,628342
42458,618800
42459,609208
42460,601530
42461,592047
42462,582519
42463,572887
42464,563379
42465,553914
42466,544406
42467,535752
42468,526226
42469,516740
42470,507258
42471,497670
42472,490129
42473,480647
42474,471034
42475,461380
42476,451865
42477,442290
42478,432881
42479,425705
42480,415766
42481,405827
42482,395910
42483,386049
42484,376554
42485,368801
42486,359179
42487,349716
42488,340174
42489,330572
42490,321031
42491,311546
42492,302004
42493,292335
42494,282750
42495,273036
42496,263546
42497,254231
42498,247656
42499,239215
42500,229640
42501,220065
42502,210508
42503,201035
42504,191460
42505,181901
42506,172327
42507,162721
42508,153056
42509,143423
42510,133843
42511,126221
42512,116621
42513,107175
42514,97577
42515,88726
42516,79183
42517,69504
42518,59954
42519,50345
42520,40743
42521,31306
42522,21910
42523,12283
42524,4622
42525,1203156
42526,1196726
42527,1190229
42528,1182871
42529,1175851
42530,1166807
42531,1158419
42532,1148856
42533,1139352
42534,1129779
42535,1120137
42536,1115835
42537,1106258
42538,1096688
42539,1087143
42540,1077547
42541,1068061
42542,1058593
42543,1049078
42544,1039485
42545,1030185
42546,1020499
42547,1011749
42548,1002238
42549,994606
42550,985059
42551,975553
42552,966005
42553,956459
42554,947043
42555,937819
42556,928250
42557,918816
42558,909095
42559,899685
42560,890151
42561,880771
42562,873134
42563,864285
42564,854785
42565,845175
42566,835668
42567,826107
42568,816704
42569,807279
42570,797697
42571,788221
42572,778541
42573,769086
42574,759626
42575,752373
42576,742782
42577,733393
42578,723929
42579,715325
42580,705912
42581,696436
42582,688865
42583,678931
42584,669053
42585,659114
42586,649176
42587,639260
42588,631157
42589,621703
42590,612148
42591,602589
42592,592997
42593,583631
42594,574052
42595,565196
42596,555625
42597,545929
42598,536352
42599,526756
42600,519132
42601,509648
42602,500017
42603,490415
42604,480820
42605,471378
42606,461796
42607,452206
42608,442594
42609,433238
42610,423705
42611,415026
42612,405514
42613,397965
42614,388480
42615,378963
42616,369419
42617,359917
42618,350322
42619,340775
42620,331336
42621,321746
42622,312225
42623,302695
42624,293182
42625,283796
42626,276154
42627,267261
42628,258266
42629,248792
42630,239207
42631,229587
42632,220122
42633,210623
42634,201127
42635,191661
42636,182041
42637,172499
42638,162945
42639,155491
42640,145881
42641,136613
42642,126998
42643,118213
42644,108660
42645,99046
42646,89610
42647,79998
42648,70389
42649,60749
42650,51281
42651,41735
42652,34016
42653,24690
42654,15179
42655,5620
42656,1052334
42657,1043517
42658,1034007
42659,1025483
42660,1015879
42661,1006241
42662,996699
42663,987127
42664,982843
42665,973360
42666,963749
42667,954093
42668,944543
42669,934956
42670,925408
42671,915846
42672,906204
42673,896868
42674,887292
42675,878461
42676,868776
42677,861426
42678,851913
42679,842221
42680,832662
42681,823083
42682,813480
42683,803892
42684,794195
42685,785917
42686,776017
42687,766076
42688,756203
42689,746724
42690,740217
42691,731413
42692,721920
42693,712230
42694,702818
42695,693171
42696,683532
42697,673975
42698,664429
42699,654978
42700,645426
42701,635873
42702,626292
42703,618938
42704,609396
42705,600018
42706,590406
42707,581513
42708,571958
42709,562300
42710,552721
42711,543232
42712,533628
42713,524044
42714,514473
42715,504912
42716,497429
42717,487803
42718,478212
42719,468654
42720,458975
42721,449538
42722,439941
42723,430873
42724,421283
42725,411695
42726,402137
42727,392534
42728,385009
42729,375377
42730,365803
42731,356233
42732,346547
42733,336938
42734,327360
42735,317760
42736,308430
42737,299072
42738,289273
42739,280318
42740,270854
42741,263437
42742,254093
42743,244657
42744,235031
42745,225383
42746,215891
42747,206222
42748,196699
42749,187090
42750,177432
42751,167880
42752,158332
42753,148818
42754,141414
42755,132514
42756,122917
42757,113329
42758,103710
42759,94440
42760,84917
42761,75365
42762,65678
42763,56106
42764,46509
42765,36955
42766,27395
42767,20033
42768,10574
42769,1060801
42770,1051464
42771,1042779
42772,1033148
42773,1023657
42774,1014093
42775,1004432
42776,994900
42777,985312
42778,975687
42779,966126
42780,961945
42781,952544
42782,943007
42783,933385
42784,923706
42785,914372
42786,904710
42787,896103
42788,886490
42789,876863
42790,867288
42791,857882
42792,850122
42793,840576
42794,831005
42795,821296
42796,811814
42797,805911
42798,796042
42799,786190
42800,776294
42801,766403
42802,756459
42803,746584
42804,736646
42805,728410
42806,718875
42807,709277
42808,699674
42809,690118
42810,680505
42811,670943
42812,661546
42813,651869
42814,642239
42815,632648
42816,622944
42817,613497
42818,605268
42819,596411
42820,586826
42821,577262
42822,567573
42823,557991
42824,548403
42825,538981
42826,529278
42827,519754
42828,510126
42829,500567
42830,491013
42831,483381
42832,473887
42833,464506
42834,454925
42835,446020
42836,436460
42837,426813
42838,417305
42839,407799
42840,398012
42841,388428
42842,378829
42843,369168
42844,361467
42845,351815
42846,342211
42847,332518
42848,322994
42849,313741
42850,304243
42851,295406
42852,285850
42853,276144
42854,266608
42855,257115
42856,249399
42857,239874
42858,230158
42859,220546
42860,211013
42861,201532
42862,191979
42863,182417
42864,172715
42865,163355
42866,153782
42867,144842
42868,135253
42869,127452
42870,117916
42871,108331
42872,99141
42873,89623
42874,80090
42875,70529
42876,61032
42877,51427
42878,41963
42879,32367
42880,22763
42881,13480
42882,6836
42883,1125266
42884,1115971
42885,1106473
42886,1096964
42887,1087527
42888,1077989
42889,1069909
42890,1060087
42891,1050138
42892,1040202
42893,1030286
42894,1020544
42895,1016040
42896,1006529
42897,997193
42898,987575
42899,979094
42900,969474
42901,959839
42902,950355
42903,940766
42904,931180
42905,921634
42906,912022
42907,902426
42908,895608
42909,886051
42910,876497
42911,866921
42912,857281
42913,847851
42914,838375
42915,829540
42916,819893
42917,810394
42918,800789
42919,791168
42920,783671
42921,774134
42922,764480
42923,754936
42924,745338
42925,735869
42926,726366
42927,716912
42928,707477
42929,698161
42930,688555
42931,679855
42932,670345
42933,662874
42934,653275
42935,643782
42936,634324
42937,624857
42938,615327
42939,605835
42940,596416
42941,586757
42942,577221
42943,567718
42944,558128
42945,548751
42946,541047
42947,532274
42948,522582
42949,513027
42950,503490
42951,493900
42952,484376
42953,474820
42954,465152
42955,455613
42956,446121
42957,436519
42958,426929
42959,419266
42960,409696
42961,400373
42962,390819
42963,382108
42964,372545
42965,363010
42966,353432
42967,343955
42968,334411
42969,324839
42970,315390
42971,305920
42972,298318
42973,288800
42974,279248
42975,269734
42976,260073
42977,250740
42978,241207
42979,232440
42980,222937
42981,213235
42982,203688
42983,194105
42984,186458
42985,176883
42986,167326
42987,158267
42988,148756
42989,139303
42990,129728
42991,120228
42992,111809
42993,101872
42994,91929
42995,82837
42996,73333
42997,65861
42998,56256
42999,46704
43000,37087
43001,27568
43002,18152
43003,8637
43004,1246174
43005,1240005
43006,1232760
43007,1225692
43008,1218289
43009,1214098
43010,1211287
43011,1202695
43012,1193220
43013,1183689
43014,1174085
43015,1164497
43016,1154938
43017,1145338
43018,1135720
43019,1126221
43020,1116701
43021,1107095
43022,1097621
43023,1090137
43024,1080572
43025,1071258
43026,1061764
43027,1052986
43028,1043538
43029,1033986
43030,1024513
43031,1015107
43032,1005637
43033,996293
43034,986856
43035,977323
43036,969617
43037,959999
43038,950351
43039,940899
43040,931333
43041,921954
43042,912470
43043,903668
43044,894103
43045,884674
43046,875195
43047,865887
43048,858366
43049,848878
43050,839301
43051,829937
43052,820463
43053,810962
43054,801442
43055,792003
43056,782416
43057,773117
43058,763658
43059,754857
43060,745416
43061,737822
43062,728418
43063,718832
43064,709316
43065,699827
43066,690240
43067,680672
43068,671056
43069,661399
43070,651879
43071,642213
43072,632670
43073,623300
43074,616840
43075,608014
43076,598475
43077,588815
43078,579203
43079,569718
43080,560325
43081,550804
43082,541198
43083,531622
43084,522092
43085,512502
43086,502933
43087,495287
43088,485789
43089,476438
43090,466888
43091,458233
43092,448639
43093,439191
43094,430722
43095,420806
43096,410866
43097,400962
43098,391180
43099,381610
43100,374160
43101,364567
43102,354956
43103,345446
43104,335881
43105,326566
43106,317008
43107,308568
43108,299035
43109,289605
43110,279908
43111,270349
43112,262909
43113,253298
43114,243703
43115,234198
43116,224688
43117,215086
43118,205557
43119,196082
43120,186449
43121,177071
43122,167489
43123,158646
43124,149200
43125,141446
43126,131920
43127,122387
43128,112831
43129,103243
43130,93708
43131,84170
43132,74582
43133,65104
43134,55521
43135,45979
43136,36497
43137,27308
43138,19846
43139,11199
43140,1845
43141,1082940
43142,1073616
43143,1064137
43144,1054490
43145,1045019
43146,1035433
43147,1025866
43148,1016246
43149,1006685
43150,997121
43151,992809
43152,983219
43153,974392
43154,964907
43155,956244
43156,946608
43157,937035
43158,927361
43159,917810
43160,908271
43161,898589
43162,889013
43163,879438
43164,871884
43165,862405
43166,852836
43167,843226
43168,833637
43169,824334
43170,814764
43171,806346
43172,796891
43173,787362
43174,777859
43175,768318
43176,760649
43177,751284
43178,741748
43179,732191
43180,722570
43181,713081
43182,703570
43183,693912
43184,684343
43185,675230
43186,665773
43187,656977
43188,647470
43189,639665
43190,630108
43191,620584
43192,611010
43193,601429
43194,591922
43195,582304
43196,574536
43197,564591
43198,554653
43199,544705
43200,534761
43201,525198
43202,517610
43203,508897
43204,499251
43205,489754
43206,480191
43207,470620
43208,461085
43209,451461
43210,441843
43211,432323
43212,422740
43213,413235
43214,403681
43215,395975
43216,386465
43217,377145
43218,367594
43219,358757
43220,349273
43221,339654
43222,330258
43223,320714
43224,311144
43225,301639
43226,292139
43227,282617
43228,275245
43229,265662
43230,256142
43231,246571
43232,237092
43233,227696
43234,218112
43235,209310
43236,199723
43237,190197
43238,180623
43239,171151
43240,163546
43241,154038
43242,144404
43243,134797
43244,125355
43245,116738
43246,107119
43247,97644
43248,88093
43249,78761
43250,69264
43251,60316
43252,50726
43253,43343
43254,33855
43255,24239
43256,14935
43257,5428
43258,1052131
43259,1042796
43260,1033311
43261,1023700
43262,1014233
43263,1004592
43264,995044
43265,986169
43266,984756
43267,976238
43268,966661
43269,957047
43270,947507
43271,937985
43272,928382
43273,918840
43274,909292
43275,899645
43276,890100
43277,880547
43278,871041
43279,863353
43280,853729
43281,844318
43282,834687
43283,825858
43284,816321
43285,806751
43286,797205
43287,787692
43288,778452
43289,768903
43290,759405
43291,749772
43292,742262
43293,732654
43294,723016
43295,713480
43296,703982
43297,694594
43298,687554
43299,677617
43300,667686
43301,657753
43302,647804
43303,638092
43304,630261
43305,620792
43306,611297
43307,601792
43308,592276
43309,582717
43310,573262
43311,563680
43312,554208
43313,544814
43314,535192
43315,526336
43316,516817
43317,508964
43318,499438
43319,489868
43320,480235
43321,470623
43322,461019
43323,451389
43324,441824
43325,432240
43326,422664
43327,413043
43328,403490
43329,394100
43330,386319
43331,377562
43332,367993
43333,358386
43334,348817
43335,339216
43336,329591
43337,320015
43338,310305
43339,300686
43340,291159
43341,281572
43342,271970
43343,264443
43344,254836
43345,245683
43346,236098
43347,227334
43348,217732
43349,208228
43350,198593
43351,189071
43352,179514
43353,169889
43354,160400
43355,150854
43356,143112
43357,133584
43358,124010
43359,114370
43360,104879
43361,95383
43362,86158
43363,77302
43364,67697
43365,57998
43366,48384
43367,38821
43368,31036
43369,21636
43370,12198
43371,2613
43372,1054316
43373,1044836
43374,1035177
43375,1025713
43376,1016171
43377,1006864
43378,997234
43379,988392
43380,978884
43381,971742
43382,962182
43383,952574
43384,943058
43385,933480
43386,923948
43387,914325
43388,904704
43389,895033
43390,885419
43391,875873
43392,866295
43393,856876
43394,849346
43395,840678
43396,831059
43397,821480
43398,811896
43399,802435
43400,792872
43401,785106
43402,775209
43403,765262
43404,755319
43405,745393
43406,735480
43407,727439
43408,717885
43409,708456
43410,698880
43411,689953
43412,680385
43413,670739
43414,661081
43415,651671
43416,641980
43417,632469
43418,622870
43419,613412
43420,605681
43421,596048
43422,586523
43423,576868
43424,567387
43425,558055
43426,551747
43427,541905
43428,532038
43429,522136
43430,512288
43431,502379
43432,493052
43433,483479
43434,473902
43435,464278
43436,454682
43437,444978
43438,435326
43439,425695
43440,416039
43441,406555
43442,397007
43443,388027
43444,378398
43445,370165
43446,360533
43447,350968
43448,341347
43449,331753
43450,322214
43451,312625
43452,303090
43453,293458
43454,283900
43455,274193
43456,264720
43457,255303
43458,248291
43459,239666
43460,230095
43461,220517
43462,210950
43463,201473
43464,191862
43465,182296
43466,172662
43467,163132
43468,153488
43469,143912
43470,134242
43471,126401
43472,116778
43473,107418
43474,97770
43475,89342
43476,79697
43477,70146
43478,60497
43479,50941
43480,41265
43481,31725
43482,22054
43483,12668
43484,4900
43485,1163206
43486,1156195
43487,1148785
43488,1140931
43489,1136070
43490,1128532
43491,1124197
43492,1115384
43493,1106167
43494,1096760
43495,1087221
43496,1082656
43497,1073250
43498,1063656
43499,1054088
43500,1044484
43501,1034912
43502,1025376
43503,1015789
43504,1007571
43505,997674
43506,987774
43507,978116
43508,968608
43509,961283
43510,951881
43511,942342
43512,932670
43513,923066
43514,913597
43515,904074
43516,894489
43517,884951
43518,875226
43519,865761
43520,856309
43521,846910
43522,839132
43523,830282
43524,820674
43525,811138
43526,801637
43527,792118
43528,782742
43529,773186
43530,763585
43531,754080
43532,744482
43533,734786
43534,725309
43535,717662
43536,708055
43537,698719
43538,689121
43539,680213
43540,670709
43541,661155
43542,651542
43543,641929
43544,632372
43545,622844
43546,613193
43547,603679
43548,595912
43549,586358
43550,576778
43551,567193
43552,557597
43553,548215
43554,538607
43555,529782
43556,520165
43557,510482
43558,500852
43559,491324
43560,483513
43561,473970
43562,464353
43563,454807
43564,445292
43565,435827
43566,426274
43567,416748
43568,407135
43569,397711
43570,388171
43571,379424
43572,369879
43573,362070
43574,352587
43575,343024
43576,333450
43577,323852
43578,314262
43579,304699
43580,295083
43581,285483
43582,275940
43583,266414
43584,256794
43585,247429
43586,239773
43587,230801
43588,221777
43589,212195
43590,202528
43591,192974
43592,183471
43593,173788
43594,164287
43595,154719
43596,145043
43597,135530
43598,125991
43599,118261
43600,108745
43601,99394
43602,89668
43603,80740
43604,71235
43605,61642
43606,53543
43607,43665
43608,33710
43609,23771
43610,13848
43611,4104
43612,1209067
43613,1202304
43614,1194512
43615,1186512
43616,1178976
43617,1173839
43618,1165862
43619,1162858
43620,1154305
43621,1143785
43622,1135989
43623,1126588
43624,1118886
43625,1109359
43626,1099853
43627,1090194
43628,1080613
43629,1070912
43630,1061319
43631,1051747
43632,1042053
43633,1032565
43634,1023036
43635,1013916
43636,1004321
43637,996080
43638,986420
43639,976773
43640,967246
43641,957681
43642,948053
43643,938550
43644,928896
43645,919256
43646,909684
43647,899982
43648,890387
43649,880980
43650,873639
43651,864704
43652,855104
43653,845495
43654,835907
43655,826394
43656,816734
43657,807201
43658,797626
43659,787988
43660,778331
43661,768778
43662,759045
43663,750633
43664,741121
43665,731660
43666,722255
43667,713360
43668,703735
43669,694147
43670,684611
43671,674970
43672,665284
43673,655727
43674,646055
43675,636483
43676,628098
43677,618495
43678,608871
43679,599202
43680,589524
43681,580085
43682,570512
43683,561450
43684,551904
43685,542157
43686,532449
43687,522819
43688,514408
43689,504899
43690,495339
43691,485718
43692,476040
43693,466496
43694,456910
43695,447326
43696,437691
43697,428271
43698,418636
43699,409877
43700,400366
43701,391924
43702,382335
43703,372837
43704,363191
43705,353601
43706,343949
43707,334264
43708,324655
43709,316644
43710,306694
43711,296753
43712,286806
43713,276860
43714,268206
43715,259850
43716,250172
43717,240531
43718,231004
43719,221340
43720,211739
43721,202211
43722,192554
43723,182866
43724,173307
43725,163602
43726,154000
43727,145842
43728,136161
43729,126692
43730,117043
43731,108043
43732,98409
43733,88811
43734,79183
43735,69529
43736,59935
43737,50298
43738,40639
43739,31053
43740,22845
43741,13269
43742,3769
43743,1056964
43744,1047138
43745,1037301
43746,1027352
43747,1017426
43748,1007550
43749,997788
43750,988147
43751,978641
43752,973879
43753,964418
43754,954872
43755,945208
43756,935605
43757,926001
43758,916392
43759,906762
43760,897215
43761,887834
43762,878236
43763,869319
43764,859617
43765,851967
43766,842509
43767,832838
43768,823264
43769,813800
43770,804255
43771,794595
43772,785180
43773,775819
43774,766328
43775,756923
43776,747316
43777,738004
43778,730665
43779,721671
43780,712085
43781,702446
43782,692746
43783,683180
43784,673612
43785,663940
43786,654509
43787,644888
43788,635196
43789,625574
43790,615963
43791,607693
43792,598116
43793,588656
43794,578962
43795,569937
43796,560442
43797,550673
43798,541090
43799,531572
43800,522041
43801,512588
43802,502910
43803,493283
43804,485623
43805,476092
43806,466443
43807,456817
43808,447207
43809,437724
43810,428182
43811,420474
43812,410517
43813,400579
43814,390672
43815,380837
43816,373344
43817,363800
43818,354186
43819,344605
43820,335008
43821,325334
43822,315701
43823,306179
43824,296537
43825,287103
43826,277549
43827,268601
43828,258942
43829,251360
43830,241876
43831,232273
43832,222774
43833,213145
43834,203599
43835,194108
43836,184481
43837,174788
43838,165294
43839,155649
43840,146137
43841,136763
43842,130126
43843,121181
43844,111700
43845,102073
43846,93120
43847,83600
43848,73986
43849,64455
43850,54938
43851,45349
43852,35716
43853,26157
43854,16511
43855,8331
43856,1058594
43857,1049829
43858,1040430
43859,1031844
43860,1022226
43861,1012619
43862,1003269
43863,993571
43864,984059
43865,974546
43866,964952
43867,955244
43868,951073
43869,941377
43870,931845
43871,922264
43872,912657
43873,903329
43874,893845
43875,884954
43876,875381
43877,865792
43878,856135
43879,846542
43880,839567
43881,830024
43882,820389
43883,810876
43884,801309
43885,791822
43886,782498
43887,772949
43888,763531
43889,754188
43890,744494
43891,735649
43892,726277
43893,718595
43894,708996
43895,699518
43896,689984
43897,680410
43898,670868
43899,661447
43900,652031
43901,642481
43902,632832
43903,623306
43904,613684
43905,604308
43906,596778
43907,588010
43908,578390
43909,568777
43910,559482
43911,549835
43912,540197
43913,533068
43914,523118
43915,513173
43916,503301
43917,493349
43918,483405
43919,474944
43920,465339
43921,455908
43922,446355
43923,437496
43924,427981
43925,418437
43926,408826
43927,399279
43928,389725
43929,380157
43930,370586
43931,361008
43932,353245
43933,343788
43934,334216
43935,324550
43936,314912
43937,305576
43938,295929
43939,287096
43940,277569
43941,267944
43942,258480
43943,248953
43944,241170
43945,231751
43946,222195
43947,212560
43948,203008
43949,193489
43950,183798
43951,174278
43952,164732
43953,155252
43954,145724
43955,136803
43956,127163
43957,119438
43958,109945
43959,100707
43960,91093
43961,81676
43962,72023
43963,62496
43964,52882
43965,43279
43966,33742
43967,24169
43968,14691
43969,5368
43970,1057144
43971,1055027
43972,1045196
43973,1035579
43974,1025971
43975,1016352
43976,1006850
43977,997275
43978,987637
43979,978008
43980,968404
43981,958730
43982,949157
43983,941290
43984,931690
43985,922406
43986,912821
43987,903819
43988,894250
43989,884663
43990,875102
43991,865507
43992,855798
43993,846317
43994,836726
43995,827020
43996,819652
43997,810146
43998,800509
43999,790851
44000,781276
44001,771860
44002,762281
44003,753495
44004,743816
44005,734198
44006,724675
44007,714982
44008,707191
44009,697578
44010,687933
44011,678286
44012,668747
44013,659106
44014,649720
44015,643123
44016,633238
44017,623312
44018,613374
44019,603437
44020,593495
44021,585287
44022,575693
44023,566072
44024,556547
44025,546868
44026,537207
44027,527644
44028,517986
44029,508348
44030,498795
44031,489192
44032,479552
44033,470331
44034,463482
44035,454679
44036,445104
44037,435317
44038,425704
44039,416216
44040,406558
44041,397018
44042,387339
44043,377707
44044,368087
44045,358501
44046,348767
44047,341113
44048,331701
44049,322268
44050,312656
44051,303792
44052,294108
44053,284609
44054,275015
44055,265329
44056,261793
44057,251977
44058,242037
44059,232088
44060,222216
44061,212262
44062,202315
44063,192451
44064,182488
44065,172548
44066,162603
44067,152997
44068,143368
44069,133774
44070,124076
44071,114440
44072,107991
44073,98394
44074,89126
44075,79707
44076,70058
44077,60407
44078,50915
44079,41296
44080,31705
44081,22273
44082,12658
44083,3969
44084,1171383
44085,1166047
44086,1156486
44087,1147002
44088,1137402
44089,1127774
44090,1118298
44091,1108672
44092,1099036
44093,1089496
44094,1079923
44095,1070306
44096,1060807
44097,1051825
44098,1043694
44099,1034964
44100,1025370
44101,1015767
44102,1006221
44103,996589
44104,987013
44105,977475
44106,967815
44107,958144
44108,948637
44109,938950
44110,929504
44111,921758
44112,912087
44113,902621
44114,893069
44115,884155
44116,874602
44117,865057
44118,857600
44119,847667
44120,837763
44121,827832
44122,817918
44123,808018
44124,799055
44125,789467
44126,779894
44127,770274
44128,760775
44129,751421
44130,741784
44131,732991
44132,723450
44133,713761
44134,704222
44135,694696
44136,686405
44137,676904
44138,667405
44139,657738
44140,648092
44141,638579
44142,628893
44143,619314
44144,609771
44145,600282
44146,590691
44147,581819
44148,572176
44149,565098
44150,555538
44151,545921
44152,536364
44153,526794
44154,517240
44155,507672
44156,498092
44157,488416
44158,478851
44159,469267
44160,459674
44161,450308
44162,442702
44163,433783
44164,424170
44165,414665
44166,404990
44167,395459
44168,385894
44169,376390
44170,366775
44171,357292
44172,347639
44173,338146
44174,328604
44175,320889
44176,311424
44177,302111
44178,292439
44179,283668
44180,274088
44181,264466
44182,254876
44183,245241
44184,235592
44185,225983
44186,216441
44187,206830
44188,199801
44189,190358
44190,180939
44191,171549
44192,162007
44193,152598
44194,143048
44195,134280
44196,124605
44197,115064
44198,105552
44199,95904
44200,88328
44201,78858
44202,69249
44203,59573
44204,50044
44205,40443
44206,30900
44207,21718
44208,12117
44209,2852
44210,1246256
44211,1248176
44212,1240936
44213,1240287
44214,1230741
44215,1221272
44216,1211883
44217,1202335
44218,1192723
44219,1183206
44220,1173590
44221,1166578
44222,1156758
44223,1146859
44224,1136947
44225,1127040
44226,1118902
44227,1110039
44228,1100478
44229,1090849
44230,1081254
44231,1071647
44232,1062144
44233,1052490
44234,1042968
44235,1033378
44236,1023765
44237,1014196
44238,1004631
44239,996480
44240,987005
44241,977577
44242,968096
44243,959257
44244,949566
44245,939997
44246,930455
44247,920762
44248,911259
44249,901822
44250,892155
44251,882480
44252,874341
44253,864924
44254,855267
44255,845764
44256,836080
44257,826593
44258,817094
44259,808086
44260,798478
44261,789147
44262,779452
44263,769886
44264,761675
44265,752131
44266,742696
44267,733212
44268,723497
44269,713978
44270,704365
44271,694666
44272,685075
44273,675669
44274,666022
44275,657023
44276,647614
44277,639212
44278,629661
44279,620048
44280,610365
44281,600794
44282,591223
44283,581524
44284,571914
44285,562412
44286,552747
44287,543061
44288,533519
44289,524127
44290,515983
44291,507125
44292,497556
44293,487984
44294,478376
44295,468687
44296,459229
44297,449673
44298,440029
44299,430388
44300,420865
44301,411410
44302,401827
44303,393727
44304,384063
44305,374596
44306,364758
44307,355764
44308,346276
44309,336753
44310,327102
44311,317320
44312,307799
44313,298150
44314,289071
44315,279458
44316,271620
44317,262026
44318,252510
44319,242882
44320,233440
44321,224057
44322,214479
44323,207369
44324,197465
44325,187524
44326,177609
44327,167691
44328,159059
44329,149522
44330,140194
44331,130546
44332,121054
44333,111526
44334,101988
44335,92323
44336,82768
44337,73403
44338,63956
44339,54964
44340,45563
44341,37477
44342,28088
44343,18469
44344,8964
44345,1059066
44346,1049613
44347,1040324
44348,1030874
44349,1021236
44350,1011682
44351,1002109
44352,992492
44353,983565
44354,979909
44355,971210
44356,961616
44357,952058
44358,942458
44359,932841
44360,923242
44361,913591
44362,903960
44363,894448
44364,884770
44365,875188
44366,865618
44367,858018
44368,848487
44369,839075
44370,829485
44371,820628
44372,811059
44373,801575
44374,791994
44375,782792
44376,773280
44377,763586
44378,754109
44379,744554
44380,736876
44381,727421
44382,717837
44383,708319
44384,698864
44385,689512
44386,679902
44387,671125
44388,661878
44389,652223
44390,642678
44391,633173
44392,625600
44393,616067
44394,606385
44395,596848
44396,587288
44397,577657
44398,568132
44399,558559
44400,549044
44401,539649
44402,530094
44403,521130
44404,511540
44405,503859
44406,494322
44407,484726
44408,475177
44409,465603
44410,455991
44411,446488
44412,436857
44413,427291
44414,417748
44415,408098
44416,398496
44417,389097
44418,382571
44419,373711
44420,364127
44421,354565
44422,344913
44423,335388
44424,325712
44425,318554
44426,308690
44427,298763
44428,288819
44429,278918
44430,268965
44431,260445
44432,250976
44433,241606
44434,232046
44435,223212
44436,213541
44437,203979
44438,194448
44439,184805
44440,175211
44441,165653
44442,156042
44443,146431
44444,138764
44445,129202
44446,119567
44447,109988
44448,100381
44449,91338
44450,81895
44451,73074
44452,63602
44453,54006
44454,44367
44455,34770
44456,27268
44457,17798
44458,8280
44459,1054894
44460,1045445
44461,1035872
44462,1026387
44463,1016867
44464,1007221
44465,998356
44466,988717
44467,979996
44468,970412
44469,965152
44470,955599
44471,946124
44472,936537
44473,927017
44474,917433
44475,907794
44476,898174
44477,888628
44478,878962
44479,869273
44480,859711
44481,850197
44482,841847
44483,832931
44484,823275
44485,813660
44486,804085
44487,794411
44488,784810
44489,775464
44490,765821
44491,756187
44492,746644
44493,737094
44494,727396
44495,719137
44496,709529
44497,700149
44498,690565
44499,681640
44500,671971
44501,662419
44502,652840
44503,643263
44504,633738
44505,624096
44506,614471
44507,604891
44508,596423
44509,586840
44510,577265
44511,567665
44512,557993
44513,548574
44514,539024
44515,530142
44516,520567
44517,510808
44518,501233
44519,491670
44520,483305
44521,473719
44522,464150
44523,454530
44524,444867
44525,435279
44526,425646
44527,416015
44528,408631
44529,398688
44530,388749
44531,378859
44532,368910
44533,360195
44534,350572
44535,341031
44536,331325
44537,321769
44538,312123
44539,302593
44540,292933
44541,283254
44542,273595
44543,264142
44544,254488
44545,245045
44546,237841
44547,229054
44548,219485
44549,210026
44550,200350
44551,190757
44552,181316
44553,171694
44554,162179
44555,152616
44556,143033
44557,133384
44558,123775
44559,115902
44560,106361
44561,96954
44562,87332
44563,78783
44564,69245
44565,59611
44566,50049
44567,40520
44568,30858
44569,21251
44570,11868
44571,2298
44572,1055445
44573,1046028
44574,1036569
44575,1027012
44576,1017484
44577,1008562
44578,998899
44579,990184
44580,980553
44581,970929
44582,961347
44583,951679
44584,943526
44585,934018
44586,924406
44587,914751
44588,905235
44589,895537
44590,885882
44591,876334
44592,866645
44593,857176
44594,847611
44595,838614
44596,828928
44597,820986
44598,811349
44599,801926
44600,792438
44601,782716
44602,773168
44603,763593
44604,753983
44605,744314
44606,734675
44607,725011
44608,715340
44609,705957
44610,698721
44611,689713
44612,680033
44613,670441
44614,660797
44615,651320
44616,641736
44617,632083
44618,622526
44619,612881
44620,603226
44621,593696
44622,584139
44623,575869
44624,566357
44625,556760
44626,547262
44627,538352
44628,528683
44629,519061
44630,511529
44631,501575
44632,491630
44633,481690
44634,471741
44635,461803
44636,452958
44637,443355
44638,433686
44639,424077
44640,414412
44641,404978
44642,395351
44643,386370
44644,376694
44645,367144
44646,357460
44647,347956
44648,339667
44649,329767
44650,320025
44651,310553
44652,300958
44653,291326
44654,281807
44655,272209
44656,262479
44657,253088
44658,243466
44659,234540
44660,225050
44661,216568
44662,206952
44663,197392
44664,187820
44665,178205
44666,172192
44667,162299
44668,152421
44669,142607
44670,132706
44671,122767
44672,112860
44673,102946
44674,93004
44675,83861
44676,74625
44677,65000
44678,55555
44679,46010
44680,36445
44681,26746
44682,17101
44683,7579
44684,1050806
44685,1041351
44686,1045109
44687,1035271
44688,1025337
44689,1015410
44690,1005513
44691,995572
44692,985650
44693,975755
44694,965853
44695,955913
44696,946027
44697,936078
44698,926135
44699,916247
44700,906301
44701,896361
44702,886470
44703,876550
44704,866613
44705,856707
44706,846766
44707,836819
44708,826919
44709,816971
44710,807035
44711,797126
44712,787259
44713,777573
44714,767930
44715,758294
44716,748738
44717,739101
44718,729463
44719,719794
44720,710253
44721,700738
44722,691072
44723,682181
44724,672479
44725,664023
44726,654354
44727,644856
44728,635234
44729,625702
44730,616078
44731,606402
44732,599381
44733,589469
44734,579537
44735,569655
44736,559696
44737,549766
44738,540689
44739,531775
44740,522158
44741,512665
44742,502871
44743,493199
44744,483626
44745,474040
44746,464429
44747,454826
44748,445141
44749,435497
44750,425905
44751,417475
44752,407839
44753,398472
44754,388849
44755,379805
44756,370195
44757,360446
44758,350762
44759,341185
44760,331477
44761,321970
44762,312359
44763,302673
44764,294304
44765,284677
44766,275003
44767,265414
44768,255780
44769,246331
44770,236704
44771,227865
44772,218254
44773,208632
44774,199006
44775,189351
44776,180894
44777,171417
44778,161749
44779,152134
44780,142544
44781,132911
44782,123271
44783,113707
44784,104009
44785,94564
44786,84963
44787,76021
44788,66380
44789,58213
44790,48561
44791,39095
44792,29479
44793,19846
44794,10275
44795,1053072
44796,1043539
44797,1033878
44798,1024289
44799,1014615
44800,1004940
44801,995580
44802,988240
44803,979295
44804,969662
44805,959990
44806,950376
44807,940811
44808,931137
44809,921492
44810,911964
44811,902298
44812,892689
44813,883042
44814,873371
44815,865046
44816,855538
44817,846013
44818,836343
44819,827599
44820,818046
44821,808484
44822,798876
44823,789169
44824,779538
44825,770027
44826,760281
44827,750653
44828,742409
44829,732808
44830,723186
44831,713600
44832,703898
44833,694441
44834,687315
44835,677416
44836,667481
44837,657581
44838,647631
44839,637696
44840,628957
44841,619338
44842,609667
44843,600156
44844,590463
44845,580848
44846,571303
44847,561614
44848,551957
44849,542626
44850,532877
44851,523933
44852,514384
44853,505984
44854,496355
44855,486863
44856,477135
44857,467552
44858,457998
44859,448281
44860,438684
44861,429100
44862,419376
44863,409679
44864,400026
44865,390583
44866,382134
44867,373160
44868,363540
44869,353883
44870,344320
44871,334612
44872,325057
44873,315552
44874,305873
44875,296156
44876,286530
44877,276879
44878,267223
44879,258947
44880,249285
44881,239799
44882,230298
44883,221436
44884,211762
44885,202148
44886,192581
44887,182932
44888,173282
44889,163665
44890,153998
44891,144436
44892,136016
44893,126418
44894,116934
44895,107241
44896,97703
44897,88298
44898,78636
44899,69998
44900,60429
44901,50798
44902,41218
44903,31661
44904,23389
44905,14010
44906,4501
44907,1047272
44908,1037645
44909,1028102
44910,1018475
44911,1008791
44912,999172
44913,989696
44914,980062
44915,971184
44916,961552
44917,953500
44918,943895
44919,934243
44920,924556
44921,915011
44922,905346
44923,895739
44924,886286
44925,876509
44926,866857
44927,857274
44928,847550
44929,838085
44930,829711
44931,820740
44932,811246
44933,801723
44934,792099
44935,782552
44936,772935
44937,765623
44938,755726
44939,745855
44940,735909
44941,725975
44942,716033
44943,706830
44944,697232
44945,687824
44946,678178
44947,669230
44948,659630
44949,649977
44950,640392
44951,630849
44952,621250
44953,611603
44954,601990
44955,592368
44956,583942
44957,574350
44958,564679
44959,555099
44960,545509
44961,535937
44962,526305
44963,517448
44964,507857
44965,498226
44966,488691
44967,479076
44968,470672
44969,461149
44970,451503
44971,441920
44972,432333
44973,422638
44974,413032
44975,403460
44976,393780
44977,384268
44978,374632
44979,365635
44980,356033
44981,347623
44982,337944
44983,328301
44984,318686
44985,308977
44986,299276
44987,289816
44988,280185
44989,270509
44990,260891
44991,251249
44992,241554
44993,232188
44994,224553
44995,215637
44996,206052
44997,196326
44998,186705
44999,177148
45000,167562
45001,157870
45002,148350
45003,138701
45004,129163
45005,119500
45006,109801
45007,101370
45008,91810
45009,82368
45010,72747
45011,64148
45012,54585
45013,44920
45014,35322
45015,25713
45016,16015
45017,6518
45018,1049078
45019,1039502
45020,1031221
45021,1021625
45022,1012037
45023,1002481
45024,992818
45025,983395
45026,973812
45027,964835
45028,955251
45029,945708
45030,936044
45031,926432
45032,918044
45033,908450
45034,898845
45035,889280
45036,879572
45037,869925
45038,860374
45039,850695
45040,843249
45041,833364
45042,823459
45043,813527
45044,803585
45045,795015
45046,785439
45047,775999
45048,766347
45049,756670
45050,747145
45051,737447
45052,727869
45053,718251
45054,708561
45055,698922
45056,689367
45057,679862
45058,671489
45059,662526
45060,652905
45061,643335
45062,633742
45063,624081
45064,614484
45065,604891
45066,595228
45067,586600
45068,577168
45069,567403
45070,557808
45071,549462
45072,539849
45073,530353
45074,520830
45075,511937
45076,502339
45077,492703
45078,483076
45079,473429
45080,463869
45081,454233
45082,444573
45083,435060
45084,426987
45085,417383
45086,407775
45087,398070
45088,388530
45089,379099
45090,369488
45091,360452
45092,350845
45093,341227
45094,331568
45095,321912
45096,313452
45097,303900
45098,294216
45099,284571
45100,274938
45101,265389
45102,255782
45103,246202
45104,236612
45105,227275
45106,217791
45107,208879
45108,199321
45109,191040
45110,181692
45111,172105
45112,162527
45113,152969
45114,143269
45115,133737
45116,124148
45117,114453
45118,104853
45119,95289
45120,85644
45121,76191
45122,68155
45123,59152
45124,49471
45125,39948
45126,30252
45127,20631
45128,11269
45129,1794
45130,1044480
45131,1034873
45132,1025252
45133,1015645
45134,1006063
45135,997830
45136,988270
45137,978880
45138,969286
45139,960546
45140,950992
45141,941395
45142,934172
45143,924287
45144,914343
45145,904430
45146,894537
45147,884594
45148,875239
45149,865668
45150,856049
45151,846414
45152,836853
45153,827367
45154,817804
45155,808858
45156,799113
45157,789455
45158,779801
45159,770197
45160,761849
45161,752352
45162,742758
45163,733158
45164,723570
45165,713936
45166,704388
45167,694732
45168,685056
45169,675558
45170,665996
45171,656987
45172,647408
45173,639181
45174,629545
45175,619960
45176,610409
45177,600763
45178,591104
45179,581535
45180,571946
45181,562233
45182,552653
45183,542951
45184,533576
45185,524284
45186,516481
45187,507555
45188,497957
45189,488333
45190,478811
45191,469235
45192,459623
45193,449977
45194,440433
45195,430783
45196,421087
45197,411557
45198,401875
45199,393451
45200,383862
45201,374417
45202,364763
45203,355741
45204,346128
45205,336517
45206,326949
45207,317240
45208,307656
45209,298103
45210,288441
45211,278889
45212,270444
45213,260737
45214,251116
45215,241478
45216,231905
45217,222616
45218,213061
45219,204033
45220,194358
45221,184833
45222,175121
45223,165470
45224,157024
45225,147419
45226,137735
45227,128192
45228,118541
45229,108942
45230,99335
45231,89634
45232,80037
45233,70561
45234,61141
45235,52254
45236,42653
45237,34351
45238,24735
45239,15281
45240,5658
45241,1047849
45242,1038339
45243,1028654
45244,1019094
45245,1011709
45246,1001783
45247,991834
45248,981928
45249,972006
45250,963104
45251,954151
45252,944519
45253,934821
45254,925264
45255,915608
45256,905988
45257,896358
45258,886696
45259,876989
45260,867400
45261,857723
45262,848145
45263,839797
45264,830175
45265,820635
45266,811094
45267,801996
45268,792357
45269,782737
45270,773062
45271,763577
45272,753998
45273,744385
45274,734727
45275,725145
45276,716789
45277,707153
45278,697626
45279,688004
45280,678341
45281,668885
45282,659185
45283,650179
45284,640588
45285,630942
45286,621271
45287,611697
45288,603355
45289,593787
45290,584221
45291,574580
45292,564894
45293,555358
45294,545747
45295,536102
45296,526659
45297,517155
45298,507544
45299,498629
45300,488945
45301,480534
45302,470957
45303,461395
45304,451741
45305,442150
45306,432520
45307,422923
45308,413325
45309,403611
45310,393954
45311,384372
45312,374704
45313,365261
45314,356922
45315,347831
45316,338235
45317,328672
45318,344874
45319,335052
45320,325203
45321,315257
45322,305324
45323,295463
45324,285510
45325,275616
45326,265703
45327,255767
45328,245864
45329,235970
45330,226018
45331,216108
45332,206203
45333,196299
45334,186401
45335,176494
45336,166588
45337,156680
45338,146772
45339,136818
45340,126911
45341,117024
45342,107072
45343,97159
45344,87289
45345,77333
45346,67392
45347,59877
45348,49939
45349,39999
45350,30089
45351,20224
45352,1048948
45353,1039456
45354,1029851
45355,1020242
45356,1010723
45357,1001069
45358,991463
45359,981890
45360,972213
45361,962742
45362,953171
45363,944293
45364,934642
45365,926501
45366,916859
45367,907292
45368,897736
45369,888136
45370,878547
45371,868993
45372,859322
45373,849672
45374,840083
45375,830466
45376,820950
45377,811498
45378,803886
45379,794913
45380,785355
45381,775666
45382,766110
45383,756576
45384,746893
45385,737266
45386,727731
45387,718121
45388,708541
45389,698955
45390,689273
45391,680912
45392,671341
45393,661907
45394,652307
45395,643413
45396,633836
45397,624202
45398,614653
45399,604954
45400,595295
45401,585781
45402,576110
45403,566489
45404,558104
45405,548457
45406,538781
45407,529268
45408,519756
45409,510327
45410,500768
45411,491765
45412,482116
45413,472540
45414,462888
45415,453212
45416,444786
45417,435164
45418,425549
45419,415878
45420,406264
45421,396732
45422,387191
45423,377528
45424,367871
45425,358413
45426,348821
45427,339935
45428,330323
45429,321911
45430,312291
45431,302621
45432,293000
45433,283391
45434,273730
45435,264017
45436,254333
45437,244759
45438,235217
45439,225648
45440,216122
45441,206631
45442,198237
45443,189438
45444,179799
45445,170148
45446,160604
45447,151045
45448,141431
45449,134086
45450,124182
45451,114233
45452,104353
45453,94397
45454,84473
45455,75162
45456,65894
45457,56402
45458,46866
45459,37867
45460,28252
45461,18677
45462,9059
45463,1442770
45464,1434096
45465,1424186
45466,1414310
45467,1404434
45468,1394496
45469,1384549
45470,1374665
45471,1364709
45472,1354766
45473,1344881
45474,1334939
45475,1324998
45476,1315098
45477,1305139
45478,1295206
45479,1285324
45480,1275375
45481,1265428
45482,1255570
45483,1245612
45484,1235672
45485,1225770
45486,1215818
45487,1201991
45488,1195990
45489,1186046
45490,1156027
45491,1155968
45492,1155921
45493,1113297
45494,1113293
45495,1113243
45496,1113202
45497,1106625
45498,1062627
45499,1062574
45500,1062484
45501,1062445
45502,1056904
45503,1045539
45504,1045484
45505,1045657
45506,1047833
45507,1049331
45508,1049415
45509,1049508
45510,1049523
45511,1049566
45512,1049628
45513,1049606
45514,1049593
45515,1049607
45516,1049664
45517,1049701
45518,1049725
45519,1050457
45520,1050463
45521,1050745
45522,1050781
45523,1051749
45524,1051909
45525,1051946
45526,1051975
45527,1052073
45528,1052130
45529,1052152
45530,1052225
45531,1052238
45532,1052928
45533,1053046
45534,1053100
45535,1053183
45536,1053260
45537,1053317
45538,1053351
45539,1054033
45540,1054120
45541,1054183
45542,1054264
45543,1054240
45544,1055286
45545,1055367
45546,1055407
45547,1055486
45548,1055566
45549,1055619
45550,1055655
45551,1058293
45552,1058326
45553,1058336
45554,1058375
45555,1058361
45556,1058392
45557,1058373
45558,1058354
45559,1058353
45560,1058391
45561,1058371
45562,1058358
45563,1058425
45564,1058400
45565,1058388
45566,1058403
45567,1058385
45568,1058372
45569,1058396
45570,1059200
45571,1060309
45572,1055507
45573,1045680
45574,1035724
45575,1025851
45576,1015976
45577,1006020
45578,996134
45579,986270
45580,976364
45581,966456
45582,956547
45583,947882
45584,938341
45585,928960
45586,919370
45587,910455
45588,900757
45589,891115
45590,881539
45591,871964
45592,862264
45593,852736
45594,843072
45595,833513
45596,825106
45597,815487
45598,805862
45599,796453
45600,786708
45601,777270
45602,767689
45603,758639
45604,748913
45605,739313
45606,729636
45607,720026
45608,711575
45609,701967
45610,692304
45611,682756
45612,673112
45613,663526
45614,653927
45615,644336
45616,634704
45617,625274
45618,615573
45619,606629
45620,597092
45621,588714
45622,579197
45623,569602
45624,559970
45625,550292
45626,540748
45627,531230
45628,521644
45629,512011
45630,502342
45631,492712
45632,483175
45633,473711
45634,465329
45635,456386
45636,446762
45637,437190
45638,427638
45639,418008
45640,408338
45641,398744
45642,389076
45643,379464
45644,369854
45645,360153
45646,350525
45647,342104
45648,332416
45649,322935
45650,313376
45651,304386
45652,294759
45653,285196
45654,277272
45655,267330
45656,257468
45657,247562
45658,237624
45659,227681
45660,218950
45661,209301
45662,199764
45663,190085
45664,180515
45665,171139
45666,161453
45667,152736
45668,143751
45669,134093
45670,124438
45671,114915
45672,106583
45673,97007
45674,87439
45675,77819
45676,68126
45677,58558
45678,48935
45679,39369
45680,29770
45681,20357
45682,10730
45683,2069
45684,1044478
45685,1041183
45686,1031727
45687,1022114
45688,1012471
45689,1002961
45690,993343
45691,983780
45692,974193
45693,964581
45694,954975
45695,945410
45696,935747
45697,926324
45698,917990
45699,909040
45700,899360
45701,889809
45702,880260
45703,870692
45704,861096
45705,851481
45706,841821
45707,832274
45708,822562
45709,812978
45710,803485
45711,795236
45712,785555
45713,776071
45714,766425
45715,757566
45716,748017
45717,738338
45718,728745
45719,719172
45720,709489
45721,699868
45722,690276
45723,680598
45724,672305
45725,662741
45726,653088
45727,643485
45728,633938
45729,624447
45730,614840
45731,605948
45732,596257
45733,586657
45734,577093
45735,567438
45736,559133
45737,549544
45738,539862
45739,530221
45740,520618
45741,510964
45742,501410
45743,491811
45744,482092
45745,472735
45746,463171
45747,454222
45748,444664
45749,436340
45750,426724
45751,417123
45752,407541
45753,397813
45754,388180
45755,378585
45756,368964
45757,361539
45758,351707
45759,341775
45760,331850
45761,321960
45762,313610
45763,304629
45764,295092
45765,285416
45766,275750
45767,266179
45768,256491
45769,246908
45770,237328
45771,227750
45772,218074
45773,208606
45774,198977
45775,190756
45776,181222
45777,171826
45778,162361
45779,153417
45780,143731
45781,134147
45782,124564
45783,114869
45784,105229
45785,95660
45786,86021
45787,76425
45788,68583
45789,58853
45790,49289
45791,39664
45792,30109
45793,20783
45794,11173
45795,2221
45796,1045131
45797,1035522
45798,1025884
45799,1016229
45800,1008043
45801,998428
45802,988838
45803,979271
45804,969578
45805,959996
45806,950332
45807,940767
45808,931080
45809,921766
45810,912059
45811,903113
45812,893601
45813,885183
45814,875525
45815,865926
45816,856224
45817,846661
45818,837088
45819,827518
45820,817827
45821,808213
45822,798564
45823,788936
45824,779363
45825,769926
45826,761489
45827,752519
45828,742830
45829,733216
45830,723629
45831,713994
45832,704309
45833,694696
45834,685033
45835,675390
45836,665804
45837,656073
45838,646440
45839,638070
45840,628557
45841,619207
45842,609612
45843,600589
45844,591042
45845,581322
45846,571688
45847,562044
45848,552451
45849,542837
45850,533291
45851,523682
45852,515226
45853,505571
45854,496048
45855,486405
45856,476833
45857,467315
45858,457641
45859,449747
45860,439849
45861,429910
45862,419979
45863,410131
45864,401647
45865,392030
45866,382444
45867,372765
45868,363159
45869,353512
45870,343886
45871,334301
45872,324652
45873,315171
45874,305520
45875,296502
45876,286859
45877,278636
45878,269114
45879,259487
45880,249821
45881,240152
45882,230513
45883,220997
45884,211356
45885,201692
45886,192075
45887,182567
45888,172968
45889,163594
45890,155253
45891,146226
45892,136583
45893,127020
45894,117334
45895,107723
45896,98093
45897,88396
45898,78786
45899,69144
45900,59683
45901,50148
45902,40558
45903,32429
45904,22901
45905,13573
45906,3980
45907,1046871
45908,1037304
45909,1027603
45910,1018002
45911,1008445
45912,998830
45913,989244
45914,979601
45915,969908
45916,961704
45917,952155
45918,942572
45919,932979
45920,923364
45921,913923
45922,904237
45923,895256
45924,885543
45925,875968
45926,866351
45927,856671
45928,848300
45929,838740
45930,829077
45931,819428
45932,809808
45933,800166
45934,790503
45935,780923
45936,771206
45937,761726
45938,752137
45939,743132
45940,733508
45941,725152
45942,738146
45943,728283
45944,718439
45945,708505
45946,698571
45947,688686
45948,678755
45949,668808
45950,658945
45951,648991
45952,639050
45953,629144
45954,620835
45955,610948
45956,601050
45957,591110
45958,581165
45959,571274
45960,561339
45961,553410
45962,543571
45963,533619
45964,523682
45965,513788
45966,503835
45967,493890
45968,483995
45969,474048
45970,464106
45971,454206
45972,444250
45973,434311
45974,424406
45975,414463
45976,404528
45977,394628
45978,384673
45979,374731
45980,364840
45981,354894
45982,344950
45983,335050
45984,325105
45985,315161
45986,305273
45987,295380
45988,285435
45989,275539
45990,265563
45991,255649
45992,245759
45993,235850
45994,225904
45995,216022
45996,206073
45997,196139
45998,186235
45999,176292
46000,166383
46001,156482
46002,146531
46003,136627
46004,126727
46005,117195
46006,107588
46007,98002
46008,88320
46009,78668
46010,69194
46011,59717
46012,50094
46013,40463
46014,30848
46015,21266
46016,11806
46017,2284
46018,1045697
46019,1036782
46020,1027134
46021,1017521
46022,1007951
46023,998280
46024,988633
46025,979058
46026,969355
46027,959671
46028,950063
46029,940439
46030,930833
46031,922650
46032,912967
46033,903502
46034,893946
46035,884896
46036,875267
46037,865739
46038,856139
46039,846397
46040,836812
46041,827098
46042,817449
46043,807931
46044,799451
46045,789851
46046,780272
46047,770587
46048,760937
46049,751485
46050,741800
46051,732816
46052,723257
46053,713584
46054,703887
46055,694341
46056,685823
46057,676194
46058,666655
46059,656945
46060,647318
46061,637846
46062,628199
46063,618617
46064,611142
46065,601194
46066,591263
46067,581353
46068,571399
46069,562799
46070,553294
46071,543598
46072,533964
46073,524369
46074,514655
46075,505021
46076,495421
46077,486672
46078,476933
46079,467386
46080,457674
46081,448186
46082,440038
46083,431073
46084,421484
46085,411907
46086,402172
46087,392525
46088,382902
46089,373378
46090,363681
46091,354126
46092,344446
46093,334897
46094,325419
46095,317062
46096,307477
46097,298018
46098,288299
46099,279333
46100,269769
46101,260078
46102,250416
46103,240881
46104,231293
46105,221669
46106,212127
46107,202490
46108,194319
46109,184742
46110,175100
46111,165473
46112,155928
46113,146466
46114,136803
46115,127895
46116,118295
46117,108632
46118,99064
46119,89425
46120,81217
46121,71810
46122,62129
46123,52543
46124,43041
46125,33259
46126,23698
46127,14066
46128,4482
46129,1047026
46130,1037550
46131,1028578
46132,1018946
46133,1010976
46134,1001387
46135,991701
46136,982127
46137,972485
46138,962850
46139,953261
46140,943626
46141,933983
46142,924366
46143,914670
46144,905052
46145,895615
46146,887825
46147,878903
46148,869299
46149,859626
46150,850041
46151,840416
46152,830756
46153,821072
46154,811522
46155,801835
46156,792141
46157,782688
46158,773097
46159,764694
46160,755142
46161,745637
46162,735962
46163,726978
46164,717307
46165,707639
46166,700067
46167,690123
46168,680181
46169,670274
46170,660326
46171,650386
46172,641482
46173,631984
46174,622258
46175,612773
46176,603082
46177,593687
46178,584150
46179,575130
46180,565559
46181,555985
46182,546346
46183,536696
46184,528346
46185,518752
46186,509160
46187,499579
46188,489929
46189,480366
46190,470775
46191,461098
46192,451527
46193,442073
46194,432457
46195,423470
46196,413872
46197,405457
46198,395898
46199,386405
46200,376751
46201,367105
46202,357534
46203,347875
46204,338274
46205,328621
46206,318986
46207,309360
46208,299716
46209,290300
46210,281795
46211,272929
46212,263304
46213,253686
46214,244074
46215,234620
46216,225042
46217,215454
46218,205822
46219,196139
46220,186620
46221,176961
46222,167457
46223,159035
46224,149356
46225,139947
46226,130355
46227,121542
46228,111835
46229,102268
46230,92616
46231,82969
46232,73561
46233,63831
46234,54275
46235,44665
46236,36281
46237,26675
46238,17009
46239,7485
46240,1013652
46241,1004361
46242,994714
46243,985721
46244,976116
46245,966498
46246,956912
46247,947408
46248,939052
46249,929468
46250,919923
46251,910308
46252,900648
46253,891084
46254,881478
46255,871819
46256,862220
46257,852771
46258,843133
46259,834167
46260,824591
46261,816157
46262,806554
46263,796946
46264,787334
46265,777676
46266,768043
46267,758431
46268,750605
46269,740679
46270,730734
46271,720787
46272,710836
46273,700885
46274,692450
46275,683508
46276,673856
46277,664172
46278,654531
46279,644872
46280,635285
46281,625653
46282,616067
46283,606535
46284,596828
46285,587214
46286,577628
46287,569233
46288,559580
46289,550154
46290,540463
46291,531698
46292,522067
46293,512416
46294,502868
46295,493285
46296,483659
46297,474011
46298,464443
46299,454746
46300,446369
46301,436807
46302,427200
46303,417572
46304,407970
46305,398539
46306,388907
46307,380005
46308,370313
46309,360636
46310,351052
46311,341427
46312,333084
46313,323525
46314,313870
46315,304243
46316,294700
46317,285023
46318,275384
46319,265793
46320,256100
46321,246570
46322,237030
46323,228109
46324,218448
46325,210236
46326,200704
46327,191082
46328,181494
46329,171798
46330,162204
46331,152651
46332,142989
46333,133337
46334,123746
46335,114102
46336,104407
46337,95015
46338,87282
46339,78322
46340,68697
46341,59122
46342,49573
46343,39940
46344,30277
46345,20612
46346,11228
46347,1742
46348,1044507
46349,1034960
46350,1025287
46351,1017120
46352,1007502
46353,998078
46354,988406
46355,979514
46356,969909
46357,960382
46358,950784
46359,941166
46360,931577
46361,922043
46362,912415
46363,902765
46364,894599
46365,884947
46366,875256
46367,865725
46368,856056
46369,846579
46370,839019
46371,829073
46372,819137
46373,809220
46374,799276
46375,789334
46376,780765
46377,771220
46378,761590
46379,751910
46380,742242
46381,732699
46382,723082
46383,713421
46384,703863
46385,694576
46386,684887
46387,675900
46388,666323
46389,657836
46390,648290
46391,638813
46392,629154
46393,619591
46394,610049
46395,600428
46396,590862
46397,581208
46398,571558
46399,561886
46400,552372
46401,542885
46402,534504
46403,525601
46404,516054
46405,506452
46406,496872
46407,487218
46408,477578
46409,467989
46410,458318
46411,448695
46412,439113
46413,429408
46414,419744
46415,411391
46416,401736
46417,392215
46418,382681
46419,373715
46420,364059
46421,354391
46422,344703
46423,335083
46424,325497
46425,315783
46426,306309
46427,296745
46428,288330
46429,278683
46430,269081
46431,259427
46432,249831
46433,240422
46434,230795
46435,222273
46436,212748
46437,203145
46438,193575
46439,184033
46440,175579
46441,166020
46442,156396
46443,146764
46444,137234
46445,127644
46446,117967
46447,108356
46448,98702
46449,89242
46450,79706
46451,70837
46452,61263
46453,52893
46454,43353
46455,33862
46456,24317
46457,14855
46458,5301
46459,1048179
46460,1038569
46461,1028961
46462,1019360
46463,1009755
46464,1000045
46465,990640
46466,982300
46467,973328
46468,963737
46469,954164
46470,944470
46471,934806
46472,925253
46473,917691
46474,907800
46475,897902
46476,887952
46477,878009
46478,868110
46479,859064
46480,849405
46481,839941
46482,830311
46483,821312
46484,811818
46485,802202
46486,792620
46487,783055
46488,773392
46489,763743
46490,754174
46491,744548
46492,736121
46493,726516
46494,716905
46495,707210
46496,697625
46497,688068
46498,678405
46499,669499
46500,659807
46501,650242
46502,640624
46503,631011
46504,622697
46505,613097
46506,603411
46507,593786
46508,584242
46509,574650
46510,565024
46511,555461
46512,545753
46513,536389
46514,526863
46515,517905
46516,508321
46517,499939
46518,490325
46519,480677
46520,471163
46521,461551
46522,451976
46523,442315
46524,432688
46525,423021
46526,413433
46527,403810
46528,394192
46529,384781
46530,377026
46531,368027
46532,358383
46533,348697
46534,339011
46535,329489
46536,319758
46537,310125
46538,300644
46539,291029
46540,281337
46541,271764
46542,262194
46543,253709
46544,244217
46545,234664
46546,225086
46547,216246
46548,206577
46549,196962
46550,187399
46551,177732
46552,168100
46553,158565
46554,148947
46555,139376
46556,130951
46557,121369
46558,111806
46559,102224
46560,92599
46561,83086
46562,73562
46563,64694
46564,54999
46565,45413
46566,35762
46567,26166
46568,17900
46569,8315
46570,1051175
46571,1041677
46572,1032073
46573,1022485
46574,1012915
46575,1007227
46576,1000582
46577,990693
46578,980753
46579,970830
46580,960969
46581,951014
46582,941112
46583,931258
46584,921321
46585,911372
46586,901492
46587,891537
46588,881603
46589,871664
46590,861709
46591,851984
46592,842380
46593,832856
46594,824608
46595,815926
46596,806216
46597,796652
46598,787110
46599,777411
46600,767784
46601,758263
46602,748590
46603,738995
46604,729349
46605,719793
46606,710272
46607,701898
46608,692252
46609,682859
46610,673308
46611,664250
46612,654685
46613,645196
46614,635505
46615,625881
46616,616351
46617,606769
46618,597097
46619,587571
46620,579084
46621,569497
46622,559942
46623,550274
46624,540740
46625,531443
46626,521855
46627,512993
46628,503343
46629,493673
46630,484050
46631,474587
46632,466127
46633,456610
46634,447049
46635,437468
46636,427878
46637,418300
46638,408669
46639,399080
46640,389496
46641,379989
46642,370369
46643,361428
46644,351800
46645,343393
46646,333825
46647,324211
46648,314556
46649,305051
46650,295337
46651,285734
46652,276200
46653,266678
46654,257038
46655,247475
46656,237793
46657,228458
46658,220131
46659,211198
46660,201643
46661,192073
46662,182507
46663,172940
46664,163392
46665,153708
46666,144101
46667,134518
46668,124806
46669,115177
46670,105606
46671,97155
46672,87583
46673,78165
46674,68831
46675,59913
46676,50327
46677,40728
46678,33036
46679,23150
46680,13208
46681,1053787
46682,1044243
46683,1034659
46684,1026633
46685,1017049
46686,1007452
46687,997857
46688,988350
46689,978863
46690,969257
46691,960383
46692,950708
46693,941071
46694,931538
46695,921949
46696,913744
46697,904179
46698,894552
46699,884903
46700,875348
46701,865667
46702,856037
46703,846456
46704,836795
46705,827318
46706,817789
46707,808868
46708,799246
46709,790930
46710,781322
46711,771679
46712,762055
46713,752463
46714,742803
46715,733195
46716,723575
46717,713958
46718,704338
46719,694727
46720,685089
46721,675591
46722,668112
46723,659196
46724,649640
46725,640062
46726,630435
46727,620937
46728,611316
46729,601732
46730,592126
46731,582530
46732,572856
46733,563290
46734,553647
46735,545196
46736,535568
46737,526182
46738,516619
46739,507688
46740,497981
46741,488409
46742,478864
46743,469191
46744,459616
46745,450004
46746,440453
46747,430787
46748,422399
46749,412786
46750,403261
46751,393596
46752,383888
46753,374315
46754,364814
46755,355739
46756,346092
46757,336454
46758,326785
46759,317208
46760,310092
46761,300593
46762,290947
46763,281409
46764,271789
46765,262143
46766,252517
46767,242854
46768,233241
46769,223886
46770,214305
46771,205329
46772,195796
46773,187497
46774,177872
46775,168285
46776,158623
46777,149003
46778,139433
46779,129766
46780,120123
46781,112411
46782,102467
46783,92522
46784,82629
46785,72668
46786,63948
46787,55050
46788,45376
46789,35702
46790,26118
46791,16438
46792,6854
46793,1049685
46794,1039951
46795,1030345
46796,1020830
46797,1011141
46798,1001479
46799,993388
46800,983707
46801,974238
46802,964707
46803,955781
46804,946147
46805,936633
46806,926961
46807,917300
46808,907749
46809,898063
46810,888422
46811,878856
46812,870509
46813,860902
46814,851351
46815,841683
46816,832060
46817,822631
46818,812921
46819,803870
46820,794323
46821,784715
46822,775079
46823,765517
46824,757182
46825,747541
46826,737965
46827,728290
46828,718692
46829,709029
46830,699413
46831,689824
46832,680218
46833,670748
46834,661184
46835,652249
46836,642733
46837,634396
46838,624862
46839,615213
46840,605638
46841,596044
46842,586460
46843,576775
46844,567244
46845,557593
46846,547940
46847,538419
46848,528756
46849,519304
46850,511156
46851,502155
46852,492512
46853,482917
46854,473259
46855,463554
46856,454018
46857,444391
46858,434717
46859,425115
46860,415460
46861,405903
46862,396297
46863,387901
46864,378244
46865,368817
46866,359121
46867,350255
46868,340665
46869,330950
46870,321339
46871,311828
46872,302077
46873,292477
46874,282882
46875,273263
46876,264894
46877,255399
46878,245810
46879,236197
46880,226655
46881,217230
46882,207783
46883,200401
46884,190444
46885,180529
46886,170582
46887,160628
46888,152396
46889,142903
46890,133214
46891,123612
46892,114040
46893,104452
46894,94889
46895,85262
46896,75562
46897,66393
46898,56819
46899,48277
46900,38870
46901,30695
46902,21297
46903,11711
46904,2238
46905,1044503
46906,1034849
46907,1025314
46908,1015698
46909,1006053
46910,996649
46911,986936
46912,977333
46913,967917
46914,960520
46915,951591
46916,941955
46917,932269
46918,922594
46919,913037
46920,903333
46921,893689
46922,884119
46923,874444
46924,864824
46925,855255
46926,845678
46927,837188
46928,827627
46929,818153
46930,808480
46931,799501
46932,789875
46933,780234
46934,770694
46935,761097
46936,751411
46937,741901
46938,732135
46939,722552
46940,714267
46941,704488
46942,694838
46943,685279
46944,675646
46945,666238
46946,656645
46947,647602
46948,638049
46949,628449
46950,618783
46951,609171
46952,600799
46953,591185
46954,581563
46955,572002
46956,562330
46957,552679
46958,543068
46959,533492
46960,523890
46961,514401
46962,504738
46963,495784
46964,486225
46965,477859
46966,468249
46967,458709
46968,449076
46969,439494
46970,429899
46971,420323
46972,410604
46973,401064
46974,391408
46975,381766
46976,372150
46977,362727
46978,354337
46979,345427
46980,335853
46981,326161
46982,316506
46983,306870
46984,297271
46985,289671
46986,279724
46987,269773
46988,259871
46989,249914
46990,239968
46991,231006
46992,221369
46993,211954
46994,202409
46995,193449
46996,183757
46997,174209
46998,164624
46999,154958
47000,145369
47001,135719
47002,126086
47003,116576
47004,108163
47005,98609
47006,88929
47007,79275
47008,69619
47009,60473
47010,50754
47011,41833
47012,32218
47013,22520
47014,13032
47015,3410
47016,1046570
47017,1037040
47018,1027436
47019,1017794
47020,1008279
47021,998707
47022,989036
47023,979419
47024,969829
47025,960310
47026,950629
47027,941769
47028,932199
47029,923912
47030,914309
47031,904755
47032,895107
47033,885602
47034,876051
47035,866412
47036,856849
47037,847165
47038,837530
47039,827986
47040,818310
47041,808864
47042,800587
47043,791590
47044,782008
47045,772385
47046,762852
47047,753265
47048,743725
47049,734121
47050,724433
47051,714847
47052,705211
47053,695564
47054,686032
47055,677526
47056,667912
47057,658516
47058,648789
47059,639926
47060,630359
47061,620655
47062,611014
47063,601447
47064,591882
47065,582230
47066,572651
47067,562981
47068,554524
47069,544953
47070,535322
47071,525823
47072,516253
47073,506763
47074,497110
47075,488225
47076,478654
47077,468942
47078,459474
47079,449888
47080,441561
47081,431926
47082,422207
47083,412517
47084,402926
47085,393331
47086,383746
47087,376311
47088,366356
47089,356412
47090,346537
47091,336589
47092,326600
47093,318158
47094,308571
47095,298963
47096,289337
47097,279708
47098,270173
47099,260595
47100,250978
47101,241371
47102,231801
47103,222220
47104,212570
47105,203172
47106,197030
47107,187835
47108,178273
47109,168679
47110,159075
47111,149447
47112,139845
47113,130279
47114,120657
47115,111054
47116,101478
47117,91820
47118,82261
47119,73763
47120,64412
47121,54933
47122,45347
47123,36333
47124,26757
47125,17108
47126,7651
47127,1050241
47128,1040635
47129,1031048
47130,1021447
47131,1011846
47132,1003890
47133,994210
47134,984605
47135,975018
47136,965344
47137,955839
47138,946248
47139,937236
47140,927592
47141,918013
47142,908316
47143,898667
47144,890808
47145,881218
47146,871619
47147,862054
47148,852450
47149,842787
47150,833246
47151,823658
47152,813970
47153,804481
47154,794840
47155,786055
47156,776435
47157,768054
47158,758331
47159,748867
47160,739186
47161,729600
47162,719958
47163,710251
47164,700692
47165,691078
47166,681519
47167,671839
47168,662139
47169,652752
47170,644234
47171,635551
47172,625864
47173,616248
47174,606705
47175,597073
47176,587478
47177,577825
47178,568168
47179,558601
47180,548986
47181,539374
47182,529797
47183,521484
47184,511857
47185,502408
47186,492827
47187,483847
47188,474142
47189,464592
47190,456995
47191,447056
47192,437127
47193,427149
47194,417193
47195,407341
47196,398237
47197,388628
47198,379075
47199,369445
47200,359788
47201,350392
47202,340687
47203,331717
47204,322070
47205,312439
47206,302745
47207,293081
47208,286921
47209,277055
47210,267152
47211,257309
47212,247358
47213,237458
47214,227580
47215,217660
47216,207834
47217,198280
47218,188795
47219,179815
47220,170196
47221,161806
47222,152273
47223,142677
47224,133093
47225,123499
47226,113901
47227,104339
47228,94760
47229,85061
47230,75479
47231,66013
47232,56370
47233,46914
47234,38711
47235,29719
47236,20074
47237,10605
47238,1055978
47239,1046452
47240,1036866
47241,1027269
47242,1017679
47243,1008196
47244,998491
47245,988896
47246,979544
47247,971368
47248,961771
47249,952357
47250,942752
47251,933818
47252,924374
47253,914566
47254,904965
47255,895370
47256,885687
47257,876039
47258,866467
47259,856755
47260,848619
47261,839005
47262,829348
47263,819725
47264,810157
47265,800721
47266,791071
47267,782234
47268,772660
47269,763063
47270,753436
47271,743798
47272,735419
47273,725845
47274,716124
47275,706557
47276,697047
47277,687366
47278,677760
47279,668168
47280,658438
47281,649034
47282,639556
47283,630648
47284,620969
47285,612715
47286,603101
47287,593463
47288,583926
47289,574223
47290,564563
47291,555023
47292,545355
47293,537566
47294,527672
47295,517721
47296,507780
47297,497880
47298,489779
47299,480889
47300,471346
47301,461707
47302,452093
47303,442513
47304,432866
47305,423262
47306,413639
47307,403981
47308,394298
47309,384774
47310,375095
47311,366669
47312,357041
47313,347640
47314,337905
47315,328958
47316,319283
47317,309665
47318,300205
47319,290529
47320,280927
47321,271358
47322,261645
47323,252087
47324,243787
47325,234179
47326,224656
47327,215034
47328,205430
47329,196010
47330,186468
47331,177518
47332,167947
47333,158385
47334,148734
47335,139171
47336,130755
47337,121145
47338,111502
47339,101974
47340,92290
47341,82665
47342,73259
47343,63520
47344,53932
47345,44529
47346,34880
47347,25994
47348,16438
47349,8102
47350,1050341
47351,1040808
47352,1031135
47353,1021483
47354,1011940
47355,1002288
47356,992715
47357,983140
47358,973527
47359,963883
47360,954339
47361,944909
47362,936884
47363,927994
47364,918446
47365,908828
47366,899237
47367,889609
47368,879983
47369,870433
47370,860815
47371,851153
47372,841605
47373,831972
47374,822328
47375,813975
47376,804338
47377,794846
47378,785265
47379,776207
47380,766689
47381,757143
47382,747496
47383,737922
47384,728315
47385,718587
47386,709002
47387,699417
47388,690961
47389,681319
47390,671761
47391,662150
47392,652550
47393,643061
47394,633480
47395,625972
47396,616064
47397,606124
47398,596185
47399,586208
47400,577587
47401,568023
47402,558456
47403,548768
47404,539179
47405,529674
47406,520029
47407,510430
47408,500864
47409,491371
47410,481754
47411,472806
47412,463158
47413,454730
47414,445196
47415,435474
47416,425829
47417,416219
47418,406555
47419,396973
47420,387286
47421,377606
47422,368006
47423,358434
47424,348772
47425,339425
47426,330861
47427,321885
47428,312228
47429,302525
47430,292920
47431,283238
47432,273610
47433,264005
47434,254370
47435,244779
47436,235044
47437,225509
47438,215934
47439,207544
47440,197877
47441,188514
47442,178916
47443,170025
47444,160402
47445,150808
47446,141292
47447,131735
47448,122068
47449,112408
47450,102847
47451,93129
47452,84709
47453,75092
47454,65624
47455,56021
47456,46445
47457,36941
47458,27288
47459,18383
47460,8749
47461,1050775
47462,1041280
47463,1031600
47464,1023371
47465,1013795
47466,1004232
47467,994626
47468,985065
47469,975395
47470,965894
47471,956352
47472,946685
47473,937103
47474,927635
47475,918649
47476,909027
47477,900872
47478,891205
47479,881660
47480,872145
47481,862599
47482,853049
47483,843491
47484,833821
47485,824106
47486,814616
47487,805007
47488,795480
47489,786050
47490,778460
47491,769514
47492,760085
47493,750305
47494,740655
47495,731078
47496,721453
47497,714164
47498,704362
47499,694417
47500,684473
47501,674512
47502,664604
47503,655230
47504,645580
47505,636276
47506,626767
47507,617784
47508,608086
47509,598461
47510,588929
47511,579217
47512,569494
47513,560013
47514,550576
47515,540938
47516,532555
47517,522971
47518,513341
47519,503776
47520,494242
47521,484682
47522,475085
47523,466141
47524,456476
47525,446954
47526,437220
47527,427614
47528,419227
47529,409628
47530,399953
47531,390308
47532,380733
47533,371179
47534,361517
47535,351839
47536,342169
47537,332705
47538,323009
47539,314042
47540,304433
47541,296164
47542,286576
47543,277053
47544,267381
47545,257809
47546,248196
47547,238556
47548,228934
47549,219391
47550,209791
47551,200157
47552,190602
47553,181157
47554,172793
47555,163852
47556,154315
47557,144691
47558,135254
47559,125508
47560,115857
47561,106294
47562,96588
47563,86923
47564,77377
47565,67826
47566,58284
47567,49984
47568,40356
47569,30882
47570,21345
47571,12456
47572,2897
47573,1045539
47574,1035870
47575,1026292
47576,1016770
47577,1007205
47578,997601
47579,988018
47580,979662
47581,970078
47582,960513
47583,950973
47584,941326
47585,932006
47586,922282
47587,913341
47588,903784
47589,894065
47590,884424
47591,874850
47592,866474
47593,856809
47594,847225
47595,837561
47596,827965
47597,818409
47598,808695
47599,799174
47600,791627
47601,781758
47602,771820
47603,761917
47604,751979
47605,743216
47606,733611
47607,724035
47608,714278
47609,704732
47610,695174
47611,685510
47612,675933
47613,666211
47614,656576
47615,646998
47616,637307
47617,628023
47618,619722
47619,610754
47620,601091
47621,591569
47622,581852
47623,572308
47624,562722
47625,553078
47626,543441
47627,534037
47628,524387
47629,514839
47630,505254
47631,496827
47632,487253
47633,477767
47634,468181
47635,459240
47636,449666
47637,440031
47638,430475
47639,420902
47640,411157
47641,401632
47642,392040
47643,382283
47644,373940
47645,364359
47646,354759
47647,345105
47648,335554
47649,326026
47650,316312
47651,307371
47652,297721
47653,288108
47654,278523
47655,268897
47656,260462
47657,250984
47658,241246
47659,231659
47660,222095
47661,212513
47662,202912
47663,193373
47664,183685
47665,174193
47666,164631
47667,155543
47668,145898
47669,137592
47670,127926
47671,118328
47672,108762
47673,99033
47674,89359
47675,79802
47676,70228
47677,60876
47678,51344
47679,41732
47680,32102
47681,22677
47682,15113
47683,6325
47684,1049228
47685,1039471
47686,1029890
47687,1020395
47688,1010780
47689,1001219
47690,991587
47691,981916
47692,972267
47693,962680
47694,952996
47695,945882
47696,936356
47697,926921
47698,917382
47699,908547
47700,898983
47701,889360
47702,883261
47703,873313
47704,863367
47705,853433
47706,843486
47707,833544
47708,823633
47709,813722
47710,803977
47711,794481
47712,784872
47713,775446
47714,765880
47715,756856
47716,747242
47717,737637
47718,727925
47719,718335
47720,709990
47721,700395
47722,690711
47723,681150
47724,671526
47725,661942
47726,652252
47727,642618
47728,632990
47729,623643
47730,614066
47731,605184
47732,595583
47733,587161
47734,577688
47735,568126
47736,558462
47737,548772
47738,539245
47739,529657
47740,520062
47741,510471
47742,500764
47743,491134
47744,481570
47745,472083
47746,463751
47747,454762
47748,445125
47749,435468
47750,425826
47751,416259
47752,406598
47753,397063
47754,387378
47755,377709
47756,368065
47757,358400
47758,348761
47759,340353
47760,330714
47761,321305
47762,311690
47763,302924
47764,293260
47765,283719
47766,274052
47767,264456
47768,254884
47769,245183
47770,235570
47771,226060
47772,217659
47773,208036
47774,198497
47775,188928
47776,179315
47777,169841
47778,160207
47779,151192
47780,141571
47781,131925
47782,122287
47783,112757
47784,104269
47785,94717
47786,85124
47787,75525
47788,66425
47789,56857
47790,47154
47791,37547
47792,27913
47793,18488
47794,8877
47795,1051988
47796,1042277
47797,1034093
47798,1024593
47799,1014999
47800,1005332
47801,995823
47802,986229
47803,976532
47804,969508
47805,959607
47806,949666
47807,939773
47808,929827
47809,919893
47810,910770
47811,901830
47812,892170
47813,882734
47814,873028
47815,863450
47816,853939
47817,844308
47818,834637
47819,825158
47820,815519
47821,805842
47822,796283
47823,787873
47824,778272
47825,768825
47826,759156
47827,750246
47828,740757
47829,731065
47830,721458
47831,711907
47832,702266
47833,692668
47834,683036
47835,673453
47836,665071
47837,655485
47838,645884
47839,636402
47840,630087
47841,620245
47842,610356
47843,600494
47844,590553
47845,580662
47846,570789
47847,560846
47848,551906
47849,542308
47850,532701
47851,523113
47852,513510
47853,503946
47854,494413
47855,484855
47856,475157
47857,465703
47858,456136
47859,447123
47860,437466
47861,429164
47862,419492
47863,409880
47864,400294
47865,390642
47866,381085
47867,371508
47868,361835
47869,352223
47870,342623
47871,333033
47872,323344
47873,313858
47874,306229
47875,297393
47876,287555
47877,277932
47878,268482
47879,258903
47880,249318
47881,239757
47882,230152
47883,220479
47884,210877
47885,201373
47886,191823
47887,183371
47888,173903
47889,164326
47890,154730
47891,145855
47892,136237
47893,126686
47894,117097
47895,107404
47896,97857
47897,88280
47898,78616
47899,69199
47900,60915
47901,51323
47902,41841
47903,32357
47904,22782
47905,13446
47906,5428
47907,1046521
47908,1036904
47909,1027367
47910,1017718
47911,1008039
47912,999849
47913,990293
47914,980654
47915,971067
47916,961443
47917,951830
47918,942255
47919,932708
47920,923063
47921,913639
47922,904066
47923,894958
47924,885373
47925,876995
47926,867355
47927,857786
47928,848208
47929,838532
47930,829000
47931,819295
47932,809774
47933,800201
47934,790573
47935,780938
47936,771324
47937,761858
47938,753592
47939,744639
47940,734997
47941,725439
47942,715815
47943,706111
47944,696547
47945,686959
47946,677264
47947,667574
47948,658026
47949,648393
47950,638753
47951,630515
47952,620887
47953,611429
47954,601861
47955,592819
47956,583182
47957,573607
47958,563912
47959,554260
47960,544708
47961,535109
47962,525629
47963,516085
47964,507603
47965,498019
47966,488438
47967,478816
47968,469292
47969,459853
47970,450279
47971,441270
47972,431690
47973,421960
47974,412340
47975,402735
47976,394474
47977,384907
47978,375287
47979,365658
47980,355998
47981,346438
47982,336840
47983,327183
47984,317596
47985,308096
47986,298434
47987,289500
47988,279876
47989,271470
47990,261928
47991,252354
47992,242722
47993,233188
47994,223655
47995,214069
47996,204452
47997,194789
47998,185161
47999,175523
48000,165910
48001,156513
48002,148290
48003,139260
48004,129587
48005,120046
48006,110379
48007,100793
48008,91304
48009,83815
48010,73934
48011,64027
48012,54116
48013,44171
48014,34270
48015,25425
48016,15826
48017,6514
48018,1048847
48019,1039903
48020,1030284
48021,1020595
48022,1011003
48023,1001465
48024,991824
48025,982188
48026,972597
48027,962997
48028,954709
48029,945126
48030,935416
48031,925763
48032,916216
48033,906674
48034,897056
48035,888113
48036,878504
48037,868859
48038,859268
48039,849652
48040,841365
48041,831767
48042,822086
48043,812499
48044,802924
48045,793264
48046,783570
48047,774118
48048,764357
48049,754907
48050,745271
48051,736324
48052,726744
48053,718433
48054,708782
48055,699133
48056,689515
48057,679909
48058,670340
48059,660675
48060,651050
48061,641527
48062,631919
48063,622299
48064,612682
48065,603223
48066,596452
48067,587318
48068,577775
48069,568063
48070,558433
48071,548942
48072,539398
48073,529812
48074,520244
48075,510552
48076,500914
48077,491311
48078,481655
48079,473280
48080,463702
48081,454226
48082,444622
48083,435705
48084,426030
48085,416365
48086,406787
48087,397134
48088,387460
48089,377866
48090,368228
48091,358673
48092,350257
48093,340630
48094,330959
48095,321402
48096,311694
48097,302212
48098,292637
48099,283681
48100,274012
48101,264467
48102,254777
48103,245280
48104,237074
48105,227496
48106,217875
48107,208341
48108,198730
48109,189199
48110,179644
48111,170048
48112,162710
48113,152807
48114,142861
48115,132907
48116,123018
48117,114239
48118,104671
48119,95118
48120,85562
48121,76147
48122,66557
48123,56953
48124,47302
48125,37718
48126,28103
48127,18520
48128,8995
48129,1051460
48130,1043226
48131,1034342
48132,1024693
48133,1015085
48134,1005494
48135,995813
48136,986182
48137,976591
48138,966975
48139,957330
48140,947741
48141,938126
48142,928576
48143,920436
48144,910777
48145,901412
48146,891836
48147,882867
48148,873199
48149,863679
48150,854021
48151,844364
48152,834734
48153,825134
48154,815481
48155,805905
48156,797580
48157,787944
48158,778371
48159,768809
48160,759138
48161,749706
48162,740057
48163,731115
48164,721490
48165,711885
48166,702205
48167,692616
48168,684253
48169,674586
48170,665050
48171,655417
48172,646100
48173,636457
48174,626816
48175,617155
48176,607624
48177,598202
48178,588510
48179,579630
48180,569913
48181,561623
48182,552007
48183,542369
48184,532766
48185,523207
48186,513607
48187,504063
48188,494455
48189,484744
48190,475096
48191,465636
48192,455967
48193,446442
48194,438174
48195,429091
48196,419425
48197,409844
48198,400133
48199,390458
48200,380918
48201,371285
48202,361649
48203,352036
48204,342391
48205,332827
48206,323180
48207,314807
48208,305196
48209,295733
48210,286209
48211,277278
48212,267659
48213,258046
48214,250718
48215,240848
48216,230907
48217,221026
48218,211091
48219,201145
48220,191732
48221,182259
48222,172644
48223,163088
48224,153506
48225,144055
48226,134496
48227,125575
48228,115885
48229,106205
48230,96571
48231,86950
48232,78913
48233,69381
48234,59723
48235,50138
48236,40563
48237,30880
48238,21293
48239,11923
48240,2279
48241,1045633
48242,1036109
48243,1027237
48244,1017624
48245,1009528
48246,999974
48247,990313
48248,980740
48249,971105
48250,961538
48251,951953
48252,942310
48253,932659
48254,923097
48255,913474
48256,903867
48257,894471
48258,886824
48259,877878
48260,868237
48261,858585
48262,848930
48263,839345
48264,829740
48265,820108
48266,810555
48267,800982
48268,791322
48269,781753
48270,772159
48271,763762
48272,754195
48273,744805
48274,735241
48275,726297
48276,716696
48277,707054
48278,697483
48279,687842
48280,678177
48281,668559
48282,658885
48283,649205
48284,640966
48285,631283
48286,621762
48287,612175
48288,602526
48289,593093
48290,583547
48291,574667
48292,565063
48293,555484
48294,545783
48295,536133
48296,527764
48297,518191
48298,508503
48299,499091
48300,489329
48301,479768
48302,470171
48303,460570
48304,450983
48305,441548
48306,431868
48307,422865
48308,413292
48309,404816
48310,395219
48311,385649
48312,375938
48313,366320
48314,356695
48315,347111
48316,337474
48317,330078
48318,320141
48319,310198
48320,300252
48321,290298
48322,280813
48323,271841
48324,262158
48325,252469
48326,242850
48327,233314
48328,223806
48329,214246
48330,204615
48331,194955
48332,185456
48333,175878
48334,166254
48335,157904
48336,148216
48337,138766
48338,129233
48339,120307
48340,110679
48341,101171
48342,91540
48343,81962
48344,72806
48345,63088
48346,53489
48347,43933
48348,35673
48349,25980
48350,16434
48351,6798
48352,1049141
48353,1039786
48354,1030138
48355,1021208
48356,1011666
48357,1001949
48358,992341
48359,982813
48360,974513
48361,964934
48362,955304
48363,945698
48364,936112
48365,926539
48366,916919
48367,907265
48368,897658
48369,888160
48370,878519
48371,869553
48372,859852
48373,851512
48374,841980
48375,832289
48376,822760
48377,813199
48378,803501
48379,793923
48380,784356
48381,774667
48382,764953
48383,755439
48384,745686
48385,736253
48386,727903
48387,718826
48388,709181
48389,699644
48390,689956
48391,680292
48392,670756
48393,661103
48394,651449
48395,641855
48396,632219
48397,622633
48398,613044
48399,604609
48400,594992
48401,585583
48402,575946
48403,566988
48404,557431
48405,547786
48406,538198
48407,528654
48408,518968
48409,509294
48410,499694
48411,490151
48412,481713
48413,472102
48414,462447
48415,452898
48416,443248
48417,433815
48418,424169
48419,416429
48420,406478
48421,396550
48422,386637
48423,376736
48424,367892
48425,358326
48426,348689
48427,339090
48428,329441
48429,319776
48430,310150
48431,300619
48432,290963
48433,281484
48434,271883
48435,262891
48436,253239
48437,244938
48438,235425
48439,225848
48440,216282
48441,206683
48442,197041
48443,187530
48444,177903
48445,168309
48446,158691
48447,149025
48448,139426
48449,130015
48450,122370
48451,113449
48452,103868
48453,94212
48454,84664
48455,75236
48456,65525
48457,55886
48458,46391
48459,36712
48460,27038
48461,17495
48462,7813
48463,1050926
48464,1041317
48465,1031869
48466,1022271
48467,1013342
48468,1003736
48469,994076
48470,984512
48471,974934
48472,965340
48473,959347
48474,949435
48475,939550
48476,929668
48477,919745
48478,909869
48479,899983
48480,890076
48481,880149
48482,870305
48483,861151
48484,851603
48485,842009
48486,832291
48487,822644
48488,814388
48489,804838
48490,795143
48491,785587
48492,775913
48493,766235
48494,756657
48495,746956
48496,737301
48497,727855
48498,718137
48499,709157
48500,699582
48501,691178
48502,681531
48503,671989
48504,662276
48505,652647
48506,643199
48507,633537
48508,623913
48509,614348
48510,604697
48511,595044
48512,585524
48513,576036
48514,567703
48515,558725
48516,549171
48517,539498
48518,530001
48519,520352
48520,510709
48521,502762
48522,492861
48523,482918
48524,472998
48525,463042
48526,453104
48527,444439
48528,434763
48529,425349
48530,415736
48531,406802
48532,397197
48533,387604
48534,377879
48535,368229
48536,358654
48537,349036
48538,339521
48539,329984
48540,321508
48541,311883
48542,302319
48543,292587
48544,282990
48545,273595
48546,263907
48547,254887
48548,245307
48549,235683
48550,226216
48551,216367
48552,207786
48553,198146
48554,188640
48555,178965
48556,169377
48557,159769
48558,150129
48559,140446
48560,130926
48561,121545
48562,111847
48563,102926
48564,93279
48565,84860
48566,75309
48567,65821
48568,56213
48569,46680
48570,37011
48571,27423
48572,17841
48573,8223
48574,1050576
48575,1040986
48576,1031361
48577,1021921
48578,1013941
48579,1004878
48580,995232
48581,985575
48582,975916
48583,966334
48584,956725
48585,947074
48586,937406
48587,927858
48588,918117
48589,908483
48590,898830
48591,890523
48592,880925
48593,871473
48594,861767
48595,852732
48596,843107
48597,833352
48598,823744
48599,814181
48600,804425
48601,794763
48602,785319
48603,775685
48604,767201
48605,757656
48606,747989
48607,738314
48608,728746
48609,719200
48610,709551
48611,700579
48612,690908
48613,681283
48614,671691
48615,662060
48616,653601
48617,644094
48618,634452
48619,624805
48620,615154
48621,605458
48622,595874
48623,588178
48624,578226
48625,568283
48626,558336
48627,548525
48628,538967
48629,530611
48630,520988
48631,511378
48632,501839
48633,492145
48634,482596
48635,472941
48636,463279
48637,453605
48638,444050
48639,434354
48640,424786
48641,415355
48642,407731
48643,398738
48644,389159
48645,379439
48646,369785
48647,360159
48648,350438
48649,340867
48650,331318
48651,321713
48652,312018
48653,302433
48654,292788
48655,284337
48656,274753
48657,265313
48658,255667
48659,246722
48660,237192
48661,227629
48662,217939
48663,208237
48664,198630
48665,189084
48666,179411
48667,169788
48668,161438
48669,151865
48670,142191
48671,132649
48672,122957
48673,113553
48674,103998
48675,94946
48676,85212
48677,75746
48678,66074
48679,56391
48680,48054
48681,38471
48682,28850
48683,19192
48684,9572
48685,1052303
48686,1042794
48687,1033168
48688,1023547
48689,1014241
48690,1004607
48691,995788
48692,986139
48693,978517
48694,968903
48695,959332
48696,949676
48697,940073
48698,930520
48699,920858
48700,911176
48701,901675
48702,891906
48703,882356
48704,872815
48705,863316
48706,855189
48707,846325
48708,836647
48709,826985
48710,817788
48711,807937
48712,798399
48713,788860
48714,779164
48715,769635
48716,760072
48717,750378
48718,740781
48719,732621
48720,722889
48721,713433
48722,703925
48723,694760
48724,685092
48725,675611
48726,669154
48727,659210
48728,649298
48729,639356
48730,629418
48731,619425
48732,609637
48733,600100
48734,590569
48735,580902
48736,571291
48737,562033
48738,552438
48739,543584
48740,534004
48741,524411
48742,514773
48743,505160
48744,496963
48745,487335
48746,477791
48747,468198
48748,458505
48749,448921
48750,439306
48751,429716
48752,420061
48753,410700
48754,400984
48755,392060
48756,382362
48757,374029
48758,364447
48759,354812
48760,345244
48761,335618
48762,325905
48763,316277
48764,306697
48765,296977
48766,287377
48767,277789
48768,268193
48769,258737
48770,250368
48771,241524
48772,231916
48773,222282
48774,212645
48775,203139
48776,193593
48777,183963
48778,174397
48779,164808
48780,155131
48781,145490
48782,135948
48783,127491
48784,117863
48785,108471
48786,98890
48787,89944
48788,80587
48789,70899
48790,61368
48791,51821
48792,42237
48793,32569
48794,22972
48795,13462
48796,5144
48797,1047743
48798,1038142
48799,1028597
48800,1019002
48801,1009584
48802,999949
48803,990926
48804,981258
48805,971622
48806,962072
48807,952371
48808,944638
48809,935069
48810,925411
48811,915756
48812,906236
48813,896548
48814,886945
48815,877268
48816,867588
48817,858215
48818,848609
48819,839638
48820,829992
48821,821706
48822,812080
48823,802441
48824,792831
48825,783332
48826,773706
48827,764197
48828,754528
48829,746829
48830,736945
48831,727034
48832,717133
48833,707218
48834,699148
48835,690165
48836,680540
48837,670929
48838,661298
48839,651712
48840,642176
48841,632622
48842,623074
48843,613467
48844,603790
48845,594209
48846,584532
48847,576209
48848,566679
48849,557211
48850,547601
48851,538805
48852,529150
48853,519531
48854,510037
48855,500372
48856,490871
48857,481175
48858,471655
48859,461970
48860,453718
48861,444077
48862,434469
48863,424890
48864,415280
48865,405882
48866,396273
48867,387225
48868,377684
48869,368082
48870,358416
48871,348793
48872,340402
48873,330752
48874,321120
48875,311713
48876,302043
48877,292481
48878,282935
48879,273266
48880,263653
48881,254283
48882,244646
48883,235785
48884,226124
48885,217809
48886,208166
48887,198680
48888,189049
48889,179509
48890,169855
48891,160178
48892,150579
48893,141088
48894,131473
48895,121864
48896,112244
48897,102778
48898,94509
48899,85611
48900,76236
48901,66579
48902,56977
48903,47370
48904,37675
48905,28148
48906,18554
48907,8956
48908,1051169
48909,1041497
48910,1031947
48911,1029518
48912,1019944
48913,1010533
48914,1000950
48915,991924
48916,982323
48917,972720
48918,963005
48919,953404
48920,943833
48921,934268
48922,924565
48923,915003
48924,906917
48925,897286
48926,887748
48927,878050
48928,868414
48929,858998
48930,849309
48931,841535
48932,831638
48933,821691
48934,811753
48935,801859
48936,793380
48937,783828
48938,774155
48939,764562
48940,754861
48941,745281
48942,735678
48943,726028
48944,716363
48945,706948
48946,697336
48947,688297
48948,678560
48949,670199
48950,660632
48951,651174
48952,641441
48953,631847
48954,622146
48955,612542
48956,602973
48957,593271
48958,583647
48959,574064
48960,564339
48961,554917
48962,546623
48963,537611
48964,527935
48965,518422
48966,508764
48967,499172
48968,489622
48969,479985
48970,470372
48971,460534
48972,451039
48973,441355
48974,431689
48975,423295
48976,413668
48977,404288
48978,394661
48979,385643
48980,376080
48981,366448
48982,356798
48983,347194
48984,337526
48985,327909
48986,318387
48987,308865
48988,300433
48989,290750
48990,281198
48991,271587
48992,262011
48993,252524
48994,242835
48995,233995
48996,224405
48997,214857
48998,205255
48999,195657
49000,187231
49001,177697
49002,168054
49003,158406
49004,148841
49005,139183
49006,129540
49007,119934
49008,110256
49009,100760
49010,91247
49011,82462
49012,72812
49013,64461
49014,54883
49015,45335
49016,35742
49017,26114
49018,16527
49019,7027
49020,1049403
49021,1039798
49022,1030300
49023,1020684
49024,1011050
49025,1001665
49026,994307
49027,985330
49028,976948
49029,967305
49030,957682
49031,948120
49032,938468
49033,931137
49034,921288
49035,911344
49036,901403
49037,891498
49038,881549
49039,872448
49040,862813
49041,853383
49042,843792
49043,834776
49044,825256
49045,815625
49046,806098
49047,796465
49048,786898
49049,777268
49050,767631
49051,758075
49052,749755
49053,740122
49054,730509
49055,720927
49056,711308
49057,701928
49058,692371
49059,683330
49060,673722
49061,664039
49062,654382
49063,644859
49064,636486
49065,626915
49066,617269
49067,607723
49068,598142
49069,588552
49070,578961
49071,569359
49072,559706
49073,550223
49074,540619
49075,531750
49076,522181
49077,513972
49078,504371
49079,494863
49080,485240
49081,475613
49082,466010
49083,456359
49084,446651
49085,437093
49086,427422
49087,417785
49088,408245
49089,398791
49090,390406
49091,381517
49092,371771
49093,362163
49094,352511
49095,342931
49096,333289
49097,323661
49098,313972
49099,304332
49100,294730
49101,285017
49102,275389
49103,267133
49104,257501
49105,251555
49106,241825
49107,231981
49108,222067
49109,212174
49110,202271
49111,192350
49112,182459
49113,172557
49114,162699
49115,152791
49116,144075
49117,134483
49118,124875
49119,115199
49120,105590
49121,96131
49122,86443
49123,77595
49124,68034
49125,58441
49126,48541
49127,38681
49128,30020
49129,20501
49130,10977
49131,1053422
49132,1043723
49133,1034142
49134,1024530
49135,1014862
49136,1007580
49137,997650
49138,987716
49139,977806
49140,967867
49141,959421
49142,949843
49143,940191
49144,930570
49145,920961
49146,911288
49147,901646
49148,892072
49149,882344
49150,872771
49151,863169
49152,853548
49153,844074
49154,835738
49155,826771
49156,817256
49157,807701
49158,798019
49159,788363
49160,778790
49161,769140
49162,759480
49163,749895
49164,740215
49165,730569
49166,721013
49167,712668
49168,703043
49169,693568
49170,683941
49171,674957
49172,665341
49173,655697
49174,646232
49175,636644
49176,627023
49177,617519
49178,607880
49179,598159
49180,589952
49181,580347
49182,570879
49183,561378
49184,551812
49185,542291
49186,532706
49187,523788
49188,514076
49189,504393
49190,494807
49191,485117
49192,476794
49193,467248
49194,457565
49195,447971
49196,438365
49197,428742
49198,419187
49199,409599
49200,399923
49201,390441
49202,380877
49203,371768
49204,362155
49205,353821
49206,344115
49207,334512
49208,324889
49209,315173
49210,305513
49211,295928
49212,286397
49213,276815
49214,267150
49215,257429
49216,247852
49217,238353
49218,230781
49219,221896
49220,212340
49221,202749
49222,193183
49223,183622
49224,174012
49225,164361
49226,154749
49227,145124
49228,135447
49229,125887
49230,116238
49231,107923
49232,98347
49233,88814
49234,79298
49235,70470
49236,60903
49237,51382
49238,43993
49239,34046
49240,24097
49241,14186
49242,4241
49243,1045457
49244,1037200
49245,1027515
49246,1017990
49247,1008372
49248,998674
49249,989205
49250,979680
49251,970669
49252,960998
49253,951459
49254,941801
49255,932162
49256,923861
49257,914280
49258,904643
49259,895084
49260,885381
49261,875798
49262,866221
49263,856561
49264,846887
49265,837484
49266,827744
49267,818793
49268,809195
49269,800790
49270,791172
49271,781593
49272,771946
49273,762306
49274,752745
49275,743089
49276,733461
49277,723921
49278,714256
49279,704559
49280,694931
49281,685433
49282,677077
49283,668182
49284,658482
49285,648889
49286,639430
49287,629777
49288,620099
49289,610554
49290,600874
49291,591222
49292,581675
49293,571979
49294,562450
49295,554028
49296,544352
49297,534886
49298,525252
49299,516292
49300,506828
49301,497226
49302,487626
49303,477978
49304,468473
49305,458783
49306,449130
49307,439538
49308,431090
49309,421425
49310,411873
49311,402261
49312,392636
49313,383212
49314,373591
49315,364577
49316,354887
49317,345227
49318,335598
49319,325993
49320,317622
49321,308031
49322,298428
49323,288850
49324,279202
49325,269615
49326,259939
49327,250222
49328,240744
49329,231346
49330,221910
49331,212962
49332,203352
49333,195018
49334,185567
49335,175843
49336,166335
49337,156751
49338,147085
49339,137525
49340,130413
49341,120474
49342,110521
49343,100566
49344,90623
49345,80688
49346,71418
49347,62541
49348,52937
49349,43346
49350,33680
49351,24103
49352,14558
49353,4972
49354,1047036
49355,1037488
49356,1027836
49357,1018194
49358,1008604
49359,1000278
49360,990661
49361,981231
49362,971602
49363,962551
49364,953016
49365,943364
49366,933748
49367,924207
49368,914514
49369,904933
49370,895352
49371,885728
49372,877447
49373,867839
49374,858270
49375,848672
49376,839044
49377,829575
49378,819994
49379,811253
49380,801569
49381,791988
49382,782397
49383,772751
49384,764364
49385,754774
49386,745201
49387,735679
49388,726098
49389,716438
49390,706814
49391,697233
49392,687665
49393,678236
49394,668671
49395,659696
49396,650185
49397,641975
49398,632318
49399,622656
49400,613020
49401,603404
49402,593799
49403,584208
49404,574661
49405,564967
49406,555428
49407,545817
49408,536138
49409,526733
49410,519121
49411,510170
49412,500598
49413,490892
49414,481354
49415,471769
49416,462189
49417,452498
49418,442994
49419,433292
49420,423618
49421,413969
49422,404298
49423,395912
49424,386313
49425,376934
49426,367245
49427,358251
49428,348621
49429,338989
49430,329356
49431,319777
49432,310058
49433,300634
49434,291021
49435,281353
49436,272956
49437,263267
49438,253666
49439,244108
49440,234525
49441,225116
49442,217807
49443,207871
49444,197930
49445,187973
49446,178034
49447,168090
49448,159742
49449,150132
49450,140536
49451,130931
49452,121338
49453,111661
49454,102106
49455,92503
49456,82902
49457,73394
49458,63862
49459,54931
49460,45338
49461,37080
49462,27392
49463,17863
49464,8177
49465,1050478
49466,1040903
49467,1031324
49468,1021682
49469,1012091
49470,1002475
49471,992841
49472,983256
49473,973705
49474,965672
49475,956740
49476,947132
49477,937500
49478,927926
49479,918265
49480,908593
49481,898999
49482,889333
49483,879656
49484,870091
49485,860433
49486,850758
49487,842353
49488,832674
49489,823255
49490,813666
49491,804829
49492,795267
49493,785755
49494,776073
49495,766477
49496,756911
49497,747263
49498,737588
49499,728038
49500,719614
49501,710013
49502,700431
49503,690757
49504,681141
49505,671716
49506,661983
49507,653131
49508,643635
49509,633969
49510,624433
49511,614841
49512,606400
49513,596838
49514,587269
49515,577590
49516,568000
49517,558452
49518,548892
49519,539223
49520,529594
49521,520234
49522,510629
49523,501714
49524,492136
49525,483765
49526,474210
49527,464583
49528,455022
49529,445392
49530,435725
49531,426186
49532,416478
49533,406913
49534,397264
49535,387653
49536,377963
49537,368508
49538,360224
49539,351253
49540,341676
49541,332033
49542,322343
49543,312636
49544,303083
49545,295531
49546,285681
49547,275777
49548,265841
49549,255891
49550,245980
49551,237071
49552,227510
49553,218135
49554,208533
49555,199639
49556,190035
49557,180430
49558,170745
49559,161276
49560,151664
49561,142044
49562,132391
49563,122737
49564,114397
49565,104810
49566,95221
49567,85509
49568,75981
49569,66727
49570,57060
49571,48124
49572,38506
49573,28913
49574,19383
49575,9710
49576,1052783
49577,1043229
49578,1033595
49579,1023995
49580,1014338
49581,1004776
49582,995157
49583,985588
49584,975937
49585,966424
49586,956820
49587,947787
49588,938096
49589,930029
49590,920381
49591,910764
49592,901109
49593,891544
49594,881921
49595,872329
49596,862655
49597,852958
49598,843398
49599,833803
49600,824141
49601,814744
49602,807152
49603,798173
49604,788776
49605,779109
49606,769526
49607,759965
49608,750367
49609,740766
49610,731193
49611,721550
49612,711932
49613,702334
49614,692614
49615,684209
49616,674588
49617,665156
49618,655621
49619,646766
49620,637122
49621,627444
49622,617893
49623,608225
49624,598619
49625,588995
49626,579441
49627,569771
49628,561435
49629,551777
49630,542103
49631,532543
49632,522957
49633,513542
49634,503972
49635,495019
49636,485327
49637,475760
49638,466104
49639,456406
49640,447989
49641,438328
49642,428750
49643,419065
49644,409451
49645,399790
49646,390232
49647,380631
49648,372931
49649,362984
49650,353058
49651,343112
49652,333230
49653,324812
49654,315212
49655,305580
49656,295945
49657,286465
49658,276927
49659,267325
49660,257758
49661,248161
49662,238527
49663,228953
49664,219334
49665,209936
49666,201585
49667,192748
49668,183232
49669,173578
49670,163961
49671,154337
49672,144821
49673,135223
49674,125574
49675,116012
49676,106430
49677,96717
49678,87086
49679,78740
49680,69159
49681,59720
49682,50115
49683,41262
49684,31701
49685,22104
49686,12651
49687,3126
49688,1057819
49689,1048197
49690,1038626
49691,1029064
49692,1021278
49693,1011678
49694,1002053
49695,992404
49696,982787
49697,973508
49698,963911
49699,954922
49700,945338
49701,935656
49702,926053
49703,916432
49704,908299
49705,898736
49706,889163
49707,879499
49708,869925
49709,860320
49710,850624
49711,841016
49712,831439
49713,821938
49714,812278
49715,803379
49716,793688
49717,785349
49718,775920
49719,766325
49720,756641
49721,747091
49722,737431
49723,727820
49724,718230
49725,708557
49726,698892
49727,689367
49728,679647
49729,670165
49730,661827
49731,652891
49732,643330
49733,633743
49734,624058
49735,614418
49736,604887
49737,595333
49738,589410
49739,579583
49740,569698
49741,559763
49742,549868
49743,539970
49744,530112
49745,520278
49746,510333
49747,500974
49748,491472
49749,481869
49750,474413
49751,464520
49752,454572
49753,444628
49754,434727
49755,424783
49756,415503
49757,405973
49758,396282
49759,386704
49760,377057
49761,367521
49762,357858
49763,348915
49764,339270
49765,329581
49766,319914
49767,310326
49768,302010
49769,292470
49770,282812
49771,273162
49772,263617
49773,253939
49774,244280
49775,234833
49776,225210
49777,215813
49778,206275
49779,197213
49780,187570
49781,179215
49782,169617
49783,159975
49784,150448
49785,140874
49786,131261
49787,121667
49788,111994
49789,102328
49790,92719
49791,83012
49792,73479
49793,64090
49794,56480
49795,47483
49796,37956
49797,28281
49798,18693
49799,9161
49800,1051741
49801,1042331
49802,1032814
49803,1023192
49804,1013535
49805,1004054
49806,994422
49807,986763
49808,977206
49809,967733
49810,958197
49811,949237
49812,939592
49813,929992
49814,920297
49815,910738
49816,901107
49817,891557
49818,881890
49819,872178
49820,863912
49821,854302
49822,844750
49823,835056
49824,825416
49825,815964
49826,806389
49827,797402
49828,787702
49829,778162
49830,768628
49831,759071
49832,750775
49833,741211
49834,731603
49835,722047
49836,712347
49837,702686
49838,693169
49839,683439
49840,673773
49841,664310
49842,654640
49843,645880
49844,636323
49845,627886
49846,618287
49847,608680
49848,599086
49849,589475
49850,579891
49851,570240
49852,560564
49853,553702
49854,543774
49855,533824
49856,523919
49857,513986
49858,504425
49859,495554
49860,485954
49861,476284
49862,466675
49863,456987
49864,447344
49865,437756
49866,428041
49867,418403
49868,408744
49869,399055
49870,389445
49871,381126
49872,371409
49873,361908
49874,352353
49875,343314
49876,333632
49877,324058
49878,314426
49879,304871
49880,295250
49881,285567
49882,275872
49883,266312
49884,258008
49885,248356
49886,238833
49887,229257
49888,219619
49889,210230
49890,200701
49891,191810
49892,182155
49893,172460
49894,162915
49895,153352
49896,145111
49897,135458
49898,125900
49899,116296
49900,106700
49901,97100
49902,87449
49903,77849
49904,68565
49905,59110
49906,49504
49907,40544
49908,30977
49909,22600
49910,13111
49911,3548
49912,1046963
49913,1037525
49914,1027857
49915,1018260
49916,1008662
49917,999023
49918,989386
49919,979870
49920,970198
49921,960746
49922,953131
49923,944166
49924,934506
49925,924991
49926,915334
49927,905654
49928,896147
49929,886567
49930,876960
49931,867362
49932,857740
49933,848082
49934,838550
49935,830127
49936,820544
49937,811166
49938,801470
49939,792604
49940,783040
49941,773344
49942,763730
49943,754283
49944,744610
49945,735090
49946,725467
49947,715860
49948,707550
49949,697982
49950,688360
49951,678785
49952,669194
49953,659793
49954,650229
49955,642814
49956,632878
49957,622932
49958,613033
49959,603092
49960,594422
49961,584880
49962,575221
49963,565581
49964,556001
49965,546508
49966,536978
49967,527437
49968,517837
49969,508321
49970,498844
49971,489789
49972,480146
49973,471848
49974,462216
49975,452551
49976,443000
49977,433293
49978,423644
49979,414083
49980,404473
49981,394898
49982,385280
49983,375698
49984,366149
49985,356683
49986,349163
49987,340182
49988,330565
49989,320930
49990,311266
49991,301608
49992,291996
49993,282341
49994,272766
49995,263133
49996,253518
49997,243898
49998,234241
49999,225986
50000,216778
