seq,latency_ns
4360,20261
4361,11202
4362,3990737
4363,3981414
4364,3971990
4365,3962680
4366,3956705
4367,3946853
4368,3936960
4369,3927048
4370,3917200
4372,3897261
4374,3879388
4375,3869870
4376,3861314
4377,3851935
4378,3842436
4379,3832909
4380,3823332
4381,3813790
4382,3804234
4383,3794618
4384,3785041
4385,3775617
4386,3766155
4387,3758850
4388,3749373
4389,3739933
4390,3730360
4391,3720919
4392,3712107
4393,3702532
4394,3692912
4395,3683413
4396,3673914
4397,3664319
4398,3654719
4399,3647046
4400,3637472
4401,3628086
4402,3618516
4403,3608997
4404,3599426
4405,3589774
4406,3580239
4407,3570771
4408,3562090
4409,3552494
4410,3542835
4411,3533306
4412,3525614
4413,3516043
4414,3506659
4415,3497102
4416,3487435
4417,3478152
4418,3468670
4419,3459023
4420,3449323
4421,3439844
4422,3430163
4423,3420596
4424,3411909
4425,3404230
4426,3394629
4427,3385046
4428,3375417
4429,3365915
4430,3356264
4431,3346627
4432,3337094
4433,3327591
4434,3317956
4435,3308287
4436,3298764
4437,3289227
4438,3282266
4439,3272673
4440,3263748
4441,3254258
4442,3244941
4443,3235400
4444,3225894
4445,3216332
4446,3206704
4447,3197136
4448,3187488
4449,3178052
4450,3168574
4451,3161138
4452,3151600
4453,3141964
4454,3132366
4456,3113513
4457,3103954
4458,3094370
4459,3084768
4460,3075138
4461,3065608
4462,3056017
4463,3046456
4464,3038780
4465,3029430
4467,3009728
4468,3000109
4469,2990701
4470,2981511
4471,2972021
4472,2965508
4473,2955592
4474,2945659
4475,2935745
4476,2925810
4477,2915859
4478,2907478
4479,2897963
4480,2888337
4481,2878890
4482,2869187
4483,2859665
4484,2850024
4485,2840387
4486,2830743
4487,2821178
4488,2812245
4489,2802695
4490,2792974
4491,2785185
4492,2775609
4493,2766175
4494,2756487
4495,2746846
4496,2737382
4497,2728003
4498,2718455
4499,2708897
4500,2699285
4501,2689701
4502,2680131
4503,2670481
4504,2663433
4506,2643894
4507,2634383
4508,2624723
4509,2615119
4510,2605526
4511,2595945
4512,2586445
4513,2577114
4514,2567437
4515,2557766
4516,2548318
4517,2538679
4518,2530972
4519,2521459
4520,2512653
4521,2503010
4522,2493314
4523,2483777
4524,2474179
4525,2464611
4526,2455054
4527,2445391
4528,2435762
4529,2426389
4530,2418618
4531,2409200
4532,2399516
4533,2390105
4534,2380582
4535,2371042
4536,2362180
4537,2352734
4538,2343091
4539,2333526
4540,2323959
4541,2314466
4542,2304802
4543,2296930
4544,2287381
4545,2277889
4546,2268311
4547,2258678
4548,2249059
4549,2239405
4550,2229803
4551,2220143
4552,2211164
4553,2201510
4554,2191882
4555,2182302
4556,2174647
4557,2164950
4558,2155270
4559,2145904
4560,2136513
4561,2127192
4562,2117635
4563,2107958
4564,2098306
4565,2088666
4566,2078959
4567,2069396
4568,2060432
4569,2052619
4570,2043126
4571,2033422
4572,2023762
4573,2014165
4574,2004551
4575,1995053
4576,1986618
4577,1976689
4578,1966755
4579,1956806
4580,1947030
4581,1937427
4582,1929626
4583,1920053
4584,1911640
4585,1902005
4586,1892591
4587,1884231
4588,1874402
4589,1864545
4590,1854699
4591,1844788
4592,1835011
4593,1825624
4594,1817951
4595,1808461
4596,1798827
4597,1789202
4598,1779556
4599,1769864
4600,1760997
4601,1751388
4602,1741783
4603,1732136
4604,1722526
4605,1713037
4606,1703500
4607,1695686
4608,1686226
4609,1676861
4610,1667262
4611,1657687
4612,1648151
4613,1638492
4614,1628886
4615,1619254
4616,1610390
4617,1600827
4618,1591103
4619,1581567
4620,1573811
4621,1564157
4622,1554581
4623,1544866
4624,1535224
4625,1525884
4626,1516357
4627,1506930
4628,1497332
4629,1487749
4630,1478198
4631,1468830
4632,1460027
4633,1452856
4634,1443286
4635,1433559
4636,1423961
4638,1404284
4639,1394678
4640,1384985
4641,1375664
4642,1366059
4643,1356380
4644,1346705
4645,1337082
4646,1327362
4647,1319649
4648,1310769
4649,1301078
4650,1291436
4651,1281849
4652,1272180
4653,1262668
4654,1253234
4655,1243712
4656,1234065
4657,1224578
4658,1214937
4659,1207129
4660,1197555
4661,1187990
4662,1178518
4663,1169023
4664,787407
4665,787353
4666,787404
4667,787495
4668,787511
4669,787572
4670,787609
4671,787660
4672,788938
4673,789070
4674,789127
4675,789170
4676,789227
4677,789261
4678,789298
4679,790889
4680,790878
4681,790875
4682,790905
4683,790888
4684,790867
4685,791694
4686,791666
4687,791735
4688,791737
4689,791828
4690,791929
4691,791974
4692,791998
4693,792022
4694,792047
4695,792069
4696,792775
4697,792863
4698,794761
4699,794810
4700,794904
4701,794970
4702,791066
4703,781205
4704,771346
4705,761436
4706,751771
4708,732190
4709,722635
4710,713010
4711,703610
4712,696479
4713,687063
4714,677379
4715,667854
4716,658208
4717,648635
4718,639195
4719,629554
4720,619913
4721,610558
4722,600993
4723,591386
4724,583678
4725,573987
4726,564439
4727,554867
4728,546027
4729,536441
4730,526813
4731,517126
4732,507519
4733,498000
4734,488440
4735,478828
4736,469261
4737,461612
4738,452013
4739,442333
4740,432769
4741,423163
4742,413635
4743,404027
4744,395196
4745,385575
4746,375971
4747,366345
4748,356769
4749,347168
4750,339427
4751,329808
4752,320232
4753,310876
4754,301376
4755,291795
4756,217401
4757,217743
4758,217804
4759,217827
4760,218885
4761,218936
4762,218959
4763,216151
4764,206496
4765,196999
4766,187395
4767,177763
4768,168220
4769,158866
4770,149348
4771,139802
4772,130300
4773,916896
4774,916887
4775,916931
4776,919930
4777,920121
4778,920136
4779,920192
4780,920220
4781,920299
4782,920318
4783,921688
4784,921710
4785,921693
4786,921678
4787,921665
4788,921939
4789,921988
4790,922016
4791,921998
4792,923013
4793,923121
4794,923168
4795,923245
4796,923308
4797,923288
4798,923277
4799,921942
4800,912078
4801,904440
4802,894774
4803,885183
4804,875527
4805,865982
4807,846350
4808,837415
4809,827804
4810,818092
4811,808691
4812,799001
4813,789366
4814,779855
4815,772050
4816,762420
4817,753024
4818,743270
4819,733704
4820,724136
4821,714507
4822,704820
4823,695310
4824,686352
4825,676789
4826,667302
4827,657617
4828,650607
4829,640980
4830,631475
4831,621881
4832,612273
4833,602811
4835,583282
4836,573563
4837,563974
4838,554370
4839,544785
4840,535828
4841,526311
4842,518616
4843,508962
4844,499448
4845,489784
4846,480225
4847,470657
4848,461082
4849,451599
4850,442005
4851,432383
4852,422995
4853,413454
4854,402458
4855,395979
4856,387125
4857,377461
4858,367851
4859,358299
4860,348662
4861,339165
4862,329553
4863,320018
4864,310322
4865,300958
4867,276720
4868,273691
4869,264169
4870,254549
4871,245012
4872,236107
4873,226567
4874,216975
4875,207431
4876,197911
4877,188403
4878,178738
4879,169055
4880,159482
4881,144043
4882,142481
4883,132872
4884,123297
4885,113803
4886,104209
4887,94769
4888,87246
4889,77374
4890,67435
4891,57531
4892,47599
4893,37944
4894,30178
4895,20656
4896,11159
4897,1053963
4898,1044493
4899,1034917
4900,1025367
4901,1015825
4902,1006131
4903,996510
4904,987656
4905,978161
4906,968459
4908,950841
4909,941302
4910,931830
4911,922120
4912,912521
4913,903061
4914,893559
4915,883890
4916,874341
4917,864719
4918,855194
4919,845703
4920,838552
4921,829085
4922,819469
4923,810013
4924,800517
4925,791006
4926,781290
4927,771879
4928,762356
4929,752953
4930,743341
4931,733887
4932,724331
4933,716628
4934,707069
4935,697609
4936,688728
4937,679224
4938,669643
4939,660204
4940,650713
4941,641274
4942,631559
4943,622045
4944,612504
4945,603155
4946,595437
4947,585806
4948,576188
4949,566587
4950,557021
4951,547449
4952,538629
4953,529044
4954,519513
4955,509941
4956,500400
4957,490824
4958,481276
4959,473600
4960,464050
4961,454672
4962,445049
4963,435540
4964,425975
4965,416385
4966,406689
4967,397132
4968,388164
4969,378483
4970,368832
4971,359141
4972,351323
4973,341676
4974,331984
4975,322415
4976,312801
4977,303371
4978,293759
4979,284191
4980,274845
4981,265293
4982,255759
4983,246077
4984,239158
4985,229636
4986,220014
4987,210409
4988,200923
4989,191404
4990,181764
4991,173697
4992,163800
4993,153867
4994,143917
4995,133976
4996,124217
4997,116615
4998,107021
4999,97425
5000,88471
5001,79190
5002,69581
5003,59970
5004,50364
5005,40732
5006,31238
5007,21677
5008,12197
5009,2741
5010,1046810
5011,1037323
5012,1027741
5013,1018185
5014,1008585
5015,998952
5016,990070
5017,980507
5018,970924
5019,961362
5020,951711
5021,942156
5022,932444
5023,925602
5024,916039
5025,906657
5026,897107
5028,877511
5029,867986
5030,897393
5031,887517
5032,877647
5033,867802
5034,857858
5035,847919
5036,838038
5037,828093
5038,818153
5039,808270
5040,798330
5041,788379
5042,778487
5043,768544
5044,758602
5045,748736
5046,738784
5047,728843
5048,718899
5049,708960
5050,699021
5051,689193
5052,679257
5053,669312
5054,659424
5055,649479
5056,639537
5057,629635
5058,619691
5059,609754
5060,599853
5061,589913
5062,579971
5063,570070
5064,560124
5065,550188
5066,540293
5067,530347
5068,520410
5069,510518
5070,500570
5071,490636
5072,480726
5073,470790
5074,460848
5075,450938
5076,440998
5077,431060
5078,421122
5079,411177
5080,401233
5081,391324
5082,381381
5083,371441
5084,361541
5085,351601
5086,341670
5087,331761
5088,321823
5089,311937
5090,301998
5091,292056
5092,282114
5093,272176
5094,262232
5095,254030
5096,244139
5097,234190
5098,224251
5099,214332
5100,204392
5101,194449
5102,184564
5103,174622
5104,164680
5105,154776
5106,144834
5107,134894
5108,125024
5109,115090
5110,105145
5111,95233
5112,85380
5113,77592
5114,68214
5115,58664
5116,48999
5117,39420
5118,29921
5119,20294
5120,10714
5121,1053798
5122,1044259
5123,1034698
5124,1025050
5125,1015501
5126,1008264
5127,998623
5128,989884
5130,970324
5131,960873
5132,951290
5133,941681
5134,932125
5135,922503
5136,912932
5137,903694
5138,894100
5139,884442
5140,876903
5141,867417
5142,857864
5143,848343
5144,839511
5145,829999
5146,820448
5147,811027
5148,801454
5149,792000
5150,782469
5151,772995
5152,763505
5153,756158
5154,746539
5155,736897
5156,727401
5157,717929
5158,708261
5159,698899
5160,690086
5161,680456
5162,670886
5163,661322
5164,651898
5165,642474
5166,634764
5167,625326
5168,615848
5169,606512
5170,597088
5171,587472
5172,578093
5173,568525
5174,558965
5175,549293
5176,540565
5177,531031
5178,523316
5179,513808
5180,504270
5181,494654
5182,485151
5183,475577
5184,466053
5185,456717
5186,447046
5187,437463
5188,427883
5189,418352
5190,408794
5191,401073
5192,392301
5193,382739
5194,373157
5195,363658
5196,354122
5197,344573
5198,336446
5199,326512
5201,306629
5202,296719
5203,286993
5204,277461
5205,269839
5206,260309
5207,250679
5208,241907
5209,232424
5210,222948
5211,213357
5212,203864
5213,194296
5214,184759
5215,175160
5216,165600
5217,156245
5218,149288
5219,139803
5220,130227
5221,120660
5222,111041
5223,101500
5224,92659
5225,83082
5226,73615
5227,64014
5228,54481
5229,44912
5230,35316
5231,27736
5232,18112
5233,8894
5234,1051782
5235,1042127
5236,1032589
5237,1023278
5238,1013738
5239,1004063
5240,995225
5241,985584
5242,976119
5244,958497
5245,948966
5246,939418
5247,929844
5248,920317
5249,910886
5250,901389
5251,891816
5252,882160
5253,872651
5254,862997
5255,853445
5256,844499
5257,836903
5258,827397
5259,817813
5260,808189
5261,798699
5262,789054
5263,779541
5264,770091
5265,760636
5266,750934
5267,741398
5268,731944
5269,722460
5270,714778
5271,705294
5272,696409
5273,686953
5274,677336
5275,667834
5276,658162
5277,648661
5278,639339
5279,629740
5280,620100
5281,610729
5282,601337
5283,593457
5284,583814
5285,574303
5286,564823
5287,555292
5288,546474
5289,536851
5290,527225
5291,517662
5292,507986
5293,498407
5294,488877
5295,479292
5296,471485
5297,462191
5298,452466
5299,442879
5301,423218
5302,413565
5303,405276
5304,395356
5305,385660
5306,376081
5307,366498
5308,356907
5309,349321
5310,339829
5311,330142
5312,320654
5313,311244
5314,301711
5315,292037
5316,282480
5317,272871
5318,263321
5319,253624
5320,244784
5321,235271
5322,227526
5323,217892
5324,208385
5325,198736
5326,189235
5328,169635
5329,160240
5330,150698
5331,141174
5332,131548
5333,121955
5334,112443
5335,102947
5336,95940
5337,86314
5338,76786
5339,67330
5340,57782
5341,48136
5342,38599
5343,28992
5344,19414
5345,10071
5346,1052943
5347,1043380
5348,1033867
5349,1026414
5350,1016914
5351,1007636
5352,998871
5353,989358
5354,979820
5355,970168
5356,960690
5357,951198
5358,941685
5359,932157
5360,922576
5361,913112
5362,905510
5363,895912
5364,886342
5365,876718
5366,867102
5367,857607
5368,848867
5369,839254
5370,829698
5371,820083
5372,810607
5373,801005
5374,793358
5375,783772
5376,774222
5377,764933
5378,755423
5379,745908
5380,736257
5381,726764
5382,717303
5383,707692
5384,698831
5385,689322
5386,679766
5387,672054
5388,662589
5389,653055
5391,633607
5392,624185
5393,614848
5394,605265
5395,595704
5396,586234
5397,576685
5398,567276
5399,557659
5400,548741
5401,541185
5402,531619
5403,522017
5404,512428
5405,502783
5406,493133
5407,483505
5408,475441
5409,465523
5410,455616
5411,445695
5412,435745
5413,425954
5414,418956
5415,409296
5416,400416
5417,390863
5418,381303
5419,371649
5420,362121
5421,352514
5422,342868
5423,333223
5424,323677
5425,314333
5426,304748
5427,296878
5428,287414
5429,277846
5430,268256
5431,258751
5432,249859
5433,240295
5434,230707
5435,221172
5436,211567
5437,202077
5438,192522
5439,184889
5440,175393
5441,166024
5442,156531
5443,146894
5444,137388
5445,127811
5446,118257
5447,108620
5448,99670
5449,90116
5450,80577
5451,71060
5452,63405
5453,53875
5454,44256
5455,34659
5456,25113
5457,15756
5458,6286
5459,1021175
5460,1011608
5461,1001975
5462,992421
5463,982785
5464,974151
5465,967427
5466,957899
5467,948291
5468,938713
5469,929143
5470,919611
5471,910039
5472,900408
5473,891037
5474,881448
5476,861828
5477,852306
5478,842676
5479,835077
5480,826243
5481,816657
5482,807168
5483,797742
5484,788143
5485,778697
5486,769101
5487,759606
5488,750060
5489,740772
5490,731075
5492,711577
5493,703987
5494,694360
5495,684904
5496,676033
5497,666532
5498,656964
5499,647447
5500,637984
5501,628325
5502,618757
5503,609178
5504,599799
5505,592263
5506,582807
5507,573302
5508,563608
5509,553959
5510,544435
5511,534821
5512,526021
5513,517420
5514,507480
5515,497536
5516,487639
5517,478061
5518,470289
5519,460800
5520,451111
5521,441667
5522,432136
5523,422516
5524,412869
5525,403239
5526,393548
5527,384062
5528,375068
5529,365584
5530,355987
5531,348253
5532,338641
5534,319141
5535,309526
5536,299921
5537,290497
5538,280831
5539,271307
5540,261740
5541,252152
5542,242596
5543,233009
5544,224068
5545,216252
5546,206674
5547,197117
5548,187613
5549,178057
5550,168514
5551,158928
5552,149368
5553,140020
5554,130366
5555,120855
5556,111300
5557,101829
5558,94154
5559,84549
5560,75884
5561,66323
5562,56717
5563,47129
5564,37550
5565,27838
5566,18332
5567,8805
5568,1051289
5569,1041966
5570,1034833
5571,1025275
5572,1015634
5573,1006120
5574,996568
5575,986956
5576,978047
5577,968422
5578,958883
5579,949399
5580,939756
5582,920209
5583,910529
5584,903094
5585,893666
5587,874081
5588,864532
5589,854940
5590,845341
5591,835842
5592,826961
5593,817520
5594,808133
5595,798588
5596,788877
5597,779466
5598,771911
5599,762214
5600,752705
5601,743332
5602,733757
5603,724177
5604,714512
5605,704964
5606,695362
5607,685700
5608,676882
5609,667306
5610,657650
5611,650539
5612,640996
5613,631497
5614,621942
5615,612406
5616,602775
5617,593369
5618,584940
5619,574987
5620,565057
5621,555108
5622,545393
5623,535848
5624,528974
5625,519364
5626,509714
5627,500111
5628,490533
5629,481007
5630,471329
5631,461697
5632,452079
5633,442674
5634,432994
5635,423394
5636,415641
5637,406253
5638,396562
5639,387038
5640,378047
5641,368438
5642,358879
5643,349303
5644,339626
5645,330136
5646,320430
5647,310926
5648,301353
5649,293832
5650,284242
5651,274640
5652,265067
5653,255458
5654,245903
5655,236349
5656,227568
5657,217940
5658,208374
5659,198801
5660,189227
5661,179691
5662,171849
5663,162415
5664,787784
5665,787877
5666,787928
5667,787930
5668,787957
5669,788010
5670,787994
5671,788024
5672,789158
5673,789093
5674,789085
5675,791412
5676,791403
5677,791410
5678,791480
5679,791458
5680,791551
5681,791656
5682,791664
5683,791734
5684,791768
5685,791794
5686,791828
5687,791855
5688,794734
5689,794815
5690,794855
5691,794876
5692,794909
5693,794950
5694,794996
5695,795041
5696,795063
5697,795069
5698,795115
5699,795099
5700,796518
5701,796650
5702,796732
5703,796763
5704,797523
5705,797577
5706,797602
5707,788228
5708,778556
5709,768988
5710,759402
5711,749832
5712,740156
5713,732640
5714,723080
5715,713532
5716,703927
5717,694369
5718,684778
5719,675184
5720,667624
5721,657672
5722,647748
5723,637796
5724,628060
5725,618443
5726,616373
5727,606478
5728,596554
5729,586683
5730,576732
5731,566823
5732,556938
5733,546988
5734,537040
5735,527146
5736,517188
5737,507285
5738,497374
5739,488085
5740,478535
5741,468976
5742,459388
5743,449792
5744,440153
5745,430733
5746,421061
5747,411462
5748,401921
5749,392349
5750,382811
5751,373226
5752,366375
5753,356802
5754,347256
5755,337622
5756,328061
5757,318408
5758,309027
5759,1043113
5760,1043011
5761,1043094
5762,1043113
5763,1043128
5764,1045151
5765,1045242
5766,1045303
5767,1045323
5768,1046323
5769,1046351
5770,1046372
5771,1046470
5772,1046492
5773,1046510
5774,1046559
5775,1046534
5776,1046521
5777,1048184
5778,1048281
5779,1048356
5780,1048427
5781,1048444
5782,1048467
5783,1048497
5784,1049030
5785,1049076
5786,1049160
5787,1049195
5788,1049238
5789,1049300
5790,1050815
5791,1042118
5792,1032203
5793,1022724
5795,1003167
5796,993584
5797,983946
5798,974434
5799,964817
5800,955873
5801,946275
5802,936702
5803,927184
5804,920428
5805,910833
5806,901332
5807,891748
5808,882103
5809,872669
5810,863127
5811,853505
5812,844231
5813,834665
5814,825056
5815,815546
5816,806691
5817,799068
5818,789434
5819,779890
5820,770327
5821,760791
5822,751210
5823,741626
5824,733163
5825,723260
5826,713316
5827,703372
5828,693600
5829,685828
5830,676265
5831,666773
5832,657910
5833,648373
5834,638816
5835,629330
5836,619748
5837,610233
5838,600656
5839,590993
5840,581527
5841,572186
5842,564445
5843,554877
5844,545202
5845,535684
5846,526067
5847,516472
5848,507626
5849,498040
5850,488524
5851,478869
5852,469363
5853,459700
5854,445215
5855,442532
5856,432923
5857,423635
5858,414175
5859,404401
5860,394805
5861,385254
5862,375664
5863,366033
5864,357130
5865,347608
5866,338051
5867,328450
5868,320583
5869,311079
5870,301430
5871,291814
5872,282160
5873,272740
5874,263199
5875,253546
5876,243943
5877,234346
5878,224713
5879,215179
5881,196248
5882,188603
5883,178945
5884,167777
5886,149780
5887,140142
5888,130539
5889,121071
5890,111492
5891,102115
5892,92479
5893,82935
5894,73356
5895,65862
5896,57011
5897,47479
5898,37920
5899,28336
5900,18733
5901,9229
5902,2731896
5903,2722549
5904,2712931
5905,2737986
5906,2728772
5907,2719165
5908,2712379
5909,2702761
5910,2693098
5911,2683455
5912,2674744
5913,2665138
5914,2655476
5915,2645855
5916,2636135
5917,2626508
5918,2617017
5919,2607372
5920,2597675
5921,2589657
5922,2579997
5923,2570313
5924,2560850
5925,2551179
5926,2541510
5927,2531936
5928,2524393
5929,2514511
5930,2504616
5931,2494689
5932,2484738
5933,2474832
5934,2467171
5935,2457523
5936,2448024
5937,2438618
5938,2429059
5939,2419441
5940,2409893
5941,2400315
5942,2390755
5943,2381125
5944,2372708
5945,2362871
5946,2352981
5947,2344810
5948,2335083
5949,2325220
5950,2315322
5951,2305424
5952,2295567
5953,2285698
5954,2276092
5955,2266547
5956,2257008
5957,2247477
5958,2237804
5959,2230239
5960,2221333
5961,2211707
5962,2202084
5963,2192623
5964,2183061
5965,2173559
5966,2164072
5967,2154401
5968,2145040
5969,2135238
5970,2125363
5971,2115516
5972,2107338
5973,2097506
5974,2087638
5975,2077769
5976,2068800
5977,2058926
5978,2049061
5979,2039174
5980,2029239
5981,2019341
5982,2009462
5983,1999573
5984,1989659
5985,1981575
5986,1971734
5987,1961843
5988,1951965
5989,1942067
5990,1932161
5991,1922266
5992,1913042
5993,1903193
5994,1893330
5995,1883464
5996,1873590
5997,1863695
5998,1855119
5999,1845286
6000,1835429
6001,1825575
6002,1815905
6003,1806216
6004,1796622
6005,1787048
6006,1777397
6007,1767874
6008,1759106
6009,1749267
6010,1739423
6011,1731203
6012,1721310
6013,1711445
6014,1701597
6015,1691753
6016,1681845
6017,1671984
6018,1662131
6019,1652216
6020,1642356
6021,1632495
6022,1622597
6023,1613800
6024,1604991
6025,1595133
6026,1585299
6027,1575403
6028,1565544
6029,1555661
6030,1545799
6031,1537262
6032,1527368
6033,1517437
6034,1507484
6035,1497564
6036,1487700
6037,1477814
6038,1467949
6039,1458079
6040,1449206
6041,1439353
6042,1429416
6043,1419500
6044,1409644
6045,1399699
6046,1389784
6047,1379885
6048,1369945
6049,1361754
6050,1351906
6051,1342017
6052,1332108
6053,1322229
6054,1312334
6055,1302432
6056,1293292
6057,1283390
6058,1273487
6059,1263619
6060,1253771
6061,1243868
6062,1235489
6063,1225684
6064,1215768
6065,1205877
6066,1195998
6067,1186083
6068,1176156
6069,1166266
6070,1156361
6071,1146448
6072,1137145
6073,1127568
6074,1118013
6075,1110340
6076,1100753
6077,1091227
6078,1081626
6079,1071979
6080,1062325
6081,1052871
6082,1043232
6083,1033675
6084,1024001
6085,1014355
6086,1004697
6087,997685
6088,988859
6089,979271
6090,970183
6091,960536
6092,950990
6093,941309
6094,931774
6095,922168
6096,912644
6097,903127
6098,893564
6099,883967
6100,876238
6101,866718
6102,857301
6103,847630
6104,838784
6105,829158
6106,819552
6107,809879
6108,800198
6109,790551
6110,780966
6111,771338
6112,761621
6113,754046
6114,744341
6115,734693
6116,725127
6117,715477
6118,705772
6119,696202
6120,687224
6121,677556
6122,667981
6123,658254
6124,648694
6125,639099
6126,631423
6127,621897
6128,612539
6129,603012
6130,593392
6131,583856
6132,574213
6133,565718
6134,555826
6135,545879
6136,536707
6137,527073
6138,517498
6139,509800
6140,500195
6141,490558
6142,480889
6143,471225
6144,461580
6145,452196
6146,442591
6147,432987
6148,423369
6149,413806
6150,404186
6151,396636
6152,387693
6153,378100
6154,368497
6155,358939
6156,349195
6157,339672
6158,330095
6159,350175
6160,340775
6161,331492
6162,321854
6163,312193
6164,305268
6165,295660
6166,286036
6168,267051
6169,257451
6170,247798
6171,238166
6172,228584
6173,218987
6174,209308
6175,199669
6176,190074
6177,180754
6178,172821
6179,163276
6180,195658
6181,186163
6182,176709
6183,167192
6184,158373
6185,148804
6186,139442
6187,129832
6188,120207
6189,110609
6190,101049
6191,93862
6192,84291
6193,74845
6194,65315
6195,55720
6196,46152
6197,36601
6198,26985
6199,17428
6200,8790
6201,1052068
6202,1042566
6203,1033121
6204,1025640
6205,1016033
6206,1006473
6208,986798
6209,977505
6210,967816
6211,958384
6212,948801
6213,939156
6214,929506
6215,919902
6216,910976
6217,903134
6218,893633
6219,883887
6220,874289
6221,864671
6222,855075
6223,845454
6225,826220
6226,816738
6227,807056
6228,797451
6229,787757
6230,778141
6231,771343
6232,762509
6233,752965
6234,743383
6235,733758
6236,724271
6237,714599
6238,704957
6239,696492
6240,686558
6241,676622
6242,666909
6243,657343
6244,649616
6245,639964
6246,630355
6247,620879
6248,612060
6249,602516
6250,592808
6251,583300
6252,573610
6253,564025
6254,554410
6255,544781
6256,535147
6257,527670
6258,517958
6259,508343
6260,498761
6261,489144
6262,479285
6263,469434
6264,460343
6265,450519
6266,440689
6267,430819
6269,411128
6270,401487
6271,393785
6272,384251
6273,374837
6274,365361
6275,355767
6276,346171
6277,336554
6278,327004
6279,317393
6280,308489
6281,298833
6282,289311
6283,281553
6284,272056
6285,262388
6286,252810
6287,243205
6288,233612
6289,224289
6290,214695
6291,205023
6292,195413
6293,185909
6294,176513
6295,167080
6296,160180
6297,150534
6298,140952
6299,131456
6300,121849
6301,112225
6302,102602
6303,93025
6304,83457
6305,74097
6306,64602
6307,55051
6308,45465
6309,37616
6310,28117
6311,18502
6312,9572
6313,1052400
6314,1042914
6315,1033411
6316,1023781
6317,1014376
6318,1004671
6319,995154
6320,985560
6321,976101
6322,968492
6323,959021
6324,949393
6325,939825
6326,930254
6327,920714
6328,911809
6329,902261
6330,892634
6331,883005
6332,873672
6333,864039
6334,854415
6335,846647
6336,837045
6337,827611
6338,818108
6339,808654
6340,799121
6341,791256
6342,781362
6343,771426
6344,761836
6345,752308
6346,742870
6347,735026
6348,725455
6349,715884
6350,706383
6351,696731
6352,687244
6353,677901
6354,668244
6355,658583
6356,649065
6357,639506
6358,630063
6359,620490
6360,613419
6361,604019
6362,594333
6363,584666
6364,575014
6365,565481
6366,555823
6367,546226
6368,536666
6369,527313
6370,517787
6371,508148
6372,498597
6373,490823
6374,481302
6375,471695
6376,462785
6377,453207
6378,443631
6380,424066
6381,414465
6382,404804
6383,395313
6384,385926
6385,376524
6386,366971
6387,359390
6388,349907
6389,340368
6390,330677
6391,321003
6392,312156
6393,302461
6394,292809
6395,283234
6396,273505
6397,263989
6398,254441
6399,244789
6400,243340
6401,233434
6402,223556
6403,213620
6404,203712
6405,193796
6406,183849
6407,173937
6408,164031
6409,154076
6410,144158
6411,134217
6412,124418
6413,114961
6414,105296
6415,95805
6416,86230
6417,76848
6418,67444
6419,57854
6420,48180
6421,38620
6423,18980
6424,10219
6425,1052724
6426,1045975
6427,1036371
6428,1026839
6429,1017383
6430,1007771
6431,998300
6432,988627
6433,979233
6434,969736
6435,960188
6436,950655
6437,941040
6438,931477
6439,923721
6440,914886
6441,905302
6442,895648
6443,886156
6444,876617
6445,867161
6446,858880
6447,848959
6448,839023
6449,829074
6450,819491
6451,809922
6452,802228
6453,792914
6454,783294
6455,773801
6456,764976
6457,755519
6458,746001
6459,736575
6460,727068
6461,717635
6462,708010
6463,698406
6464,688832
6465,681250
6466,671639
6467,662154
6468,652481
6469,643059
6470,633482
6471,623847
6472,615034
6473,605367
6474,595709
6475,586019
6476,576477
6477,568589
6478,559094
6479,549586
6480,540015
6481,530662
6482,521048
6483,511533
6484,501949
6485,492320
6486,482701
6487,473164
6488,464331
6489,454712
6490,446818
6491,437249
6492,427622
6493,417993
6494,408385
6495,398776
6496,389171
6497,379793
6498,370141
6499,360491
6500,350945
6501,341272
6502,331764
6503,324102
6504,315173
6505,305526
6506,295929
6507,286339
6508,276715
6509,267144
6510,257569
6511,247879
6512,238358
6513,228996
6514,219414
6515,209897
6516,202036
6517,192585
6518,183098
6519,173561
6521,154699
6522,145071
6523,135439
6524,125847
6525,116203
6526,106622
6527,97043
6528,87527
6529,78171
6530,70775
6531,61089
6533,41596
6534,31952
6535,22357
6536,13517
6537,3900
6538,1046905
6539,1037466
6540,1027853
6541,1018409
6542,1008998
6543,1001508
6544,992083
6545,982672
6546,973107
6547,963693
6548,954109
6549,944580
6550,934962
6551,926501
6552,916644
6553,906986
6554,897563
6555,887876
6556,880326
6557,870801
6558,861266
6559,851754
6560,842247
6561,833112
6562,822620
6563,814054
6564,804417
6565,794957
6566,785500
6567,775979
6568,767172
6569,759622
6570,750066
6571,740470
6572,730934
6573,721332
6574,711841
6575,702308
6576,692841
6577,683577
6578,674050
6579,664439
6580,654918
6581,645375
6582,637878
6583,628465
6584,619956
6585,610373
6586,600783
6587,591325
6588,581838
6589,572252
6590,562754
6591,553140
6592,543571
6593,534220
6594,524584
6595,516887
6596,507305
6597,497786
6598,488212
6599,478695
6600,469871
6601,460353
6602,450861
6603,441215
6604,431623
6605,422162
6606,412420
6607,404895
6608,395343
6609,385894
6610,376337
6611,366787
6612,357225
6613,347622
6614,338077
6615,328426
6616,319562
6617,309949
6618,300322
6619,290690
6620,283777
6621,274146
6622,264682
6623,255105
6624,245462
6625,236193
6626,226614
6627,217008
6628,207415
6629,197974
6630,188435
6631,178871
6632,170152
6633,162518
6634,153053
6635,143447
6636,133953
6637,124394
6638,114863
6639,105237
6640,95761
6641,86498
6642,77106
6643,67541
6644,57994
6645,48294
6646,40817
6647,31377
6648,22543
6649,13130
6650,3697
6651,1046607
6652,1037082
6653,1028820
6654,1018890
6655,1008951
6656,999054
6657,989425
6658,979898
6659,972754
6660,963164
6661,953516
6662,944100
6663,934387
6664,467837
6665,467836
6666,467855
6667,467841
6668,467825
6669,467841
6670,467780
6671,469499
6672,469525
6673,469808
6674,469842
6675,469895
6676,469957
6677,469953
6678,469980
6679,470006
6680,470809
6681,470858
6682,470885
6683,470907
6684,472591
6685,472693
6686,472747
6687,472786
6688,472849
6689,472893
6690,472910
6691,472937
6692,472956
6693,472977
6694,473009
6695,473030
6696,473810
6697,475703
6698,475814
6699,475806
6700,475829
6701,475856
6702,475837
6703,475801
6704,475818
6705,475860
6706,475866
6707,475902
6708,475893
6709,475883
6710,477403
6711,469057
6712,460209
6713,450651
6714,441129
6715,431572
6716,421993
6717,412431
6718,403050
6719,393466
6720,383912
6721,374520
6722,364957
6723,357109
6724,347521
6725,337875
6726,328185
6727,318660
6728,309807
6729,300128
6730,290575
6731,280940
6732,271288
6733,261642
6734,252007
6735,244056
6736,234499
6737,225073
6738,215401
6739,205793
6740,196221
6741,186685
6742,177106
6743,167581
6744,158640
6745,149126
6746,139533
6747,129995
6748,122061
6749,112558
6750,102991
6751,93452
6752,83847
6753,74429
6754,64824
6755,56687
6756,46760
6757,38325
6758,28399
6759,18484
6760,9394
6761,1054668
6762,1045203
6763,1035751
6764,1026231
6765,1016637
6766,1007297
6767,997712
6768,988198
6769,979071
6770,969626
6771,960298
6773,940788
6774,931290
6775,924124
6776,915412
6777,905788
6778,896188
6779,886656
6780,877137
6781,867509
6782,858008
6783,848509
6784,838927
6785,829680
6786,820127
6787,810602
6788,803006
6789,793513
6790,784145
6791,774681
6792,765975
6793,756409
6794,746883
6795,673040
6796,673013
6797,673063
6798,673118
6799,673141
6800,675238
6801,675446
6803,660943
6804,651334
6805,354852
6806,354805
6807,354814
6808,355917
6809,356036
6810,356101
6811,356015
6812,356079
6813,356134
6814,358533
6815,358625
6816,358654
6817,358850
6818,358963
6819,359033
6820,359112
6821,359194
6822,359184
6823,359222
6824,359954
6825,360024
6826,360090
6827,361804
6828,361877
6829,361940
6830,362021
6831,362089
6832,362157
6833,362225
6834,361441
6835,351565
6836,341924
6837,332546
6838,322924
6839,313467
6840,306736
6841,297208
6842,287692
6843,278160
6844,268630
6845,259088
6846,249534
6847,240027
6848,230548
6849,221234
6850,211742
6851,202246
6852,192709
6853,185078
6854,175636
6855,165976
6856,153503
6857,147559
6858,138008
6859,128480
6860,120069
6861,110112
6862,100167
6863,90209
6864,80498
6865,73048
6866,63722
6867,54142
6868,44614
6869,35018
6870,25380
6871,15832
6872,7192
6873,1049935
6874,1040312
6875,1030798
6876,1021360
6877,1011866
6878,1004314
6879,994805
6880,985189
6881,975832
6882,966220
6883,956673
6884,947247
6885,937576
6886,928137
6887,918709
6888,909845
6889,900285
6890,890737
6891,873275
6892,873267
6893,863717
6894,854134
6895,844495
6896,834960
6897,825578
6898,816059
6899,806553
6900,796892
6901,787400
6902,778096
6903,768502
6904,761462
6905,751866
6906,742408
6907,732727
6908,723310
6909,713790
6910,704122
6911,694637
6912,685123
6913,675744
6914,666200
6915,656654
6916,647158
6917,639414
6918,629948
6919,620426
6920,611649
6921,602090
6922,592399
6923,582966
6924,573494
6925,563844
6926,554294
6927,544723
6928,535154
6929,527505
6930,518006
6931,508371
6932,498758
6933,489113
6934,479514
6935,469881
6936,461019
6937,451353
6938,441812
6939,432223
6940,422523
6941,413010
6942,405200
6943,395721
6944,386077
6945,376636
6946,366978
6947,357360
6948,347761
6949,338239
6950,328720
6951,319128
6952,310217
6953,300671
6954,291127
6955,283397
6956,273860
6957,264187
6958,254677
6959,245038
6960,235531
6961,226236
6962,217864
6963,207960
6964,198014
6965,188086
6966,178134
6967,168493
6968,161531
6969,151921
6970,142400
6971,132838
6972,123315
6973,113797
6974,104238
6975,94819
6976,85099
6977,75917
6978,66317
6979,56648
6980,47125
6981,39341
6982,29801
6983,20188
6984,11397
6985,2021
6986,1044996
6987,1035472
6988,1026013
6989,1016467
6990,1006938
6991,997287
6992,987788
6993,980295
6994,970723
6995,961232
6996,951637
6997,942130
6998,932575
6999,923047
7000,914208
7001,904766
7002,895269
7003,885664
7004,876197
7005,866642
7006,859642
7007,850144
7008,840581
7009,831176
7010,821640
7011,812116
7012,802445
7013,792959
7014,783296
7015,773851
7016,765051
7017,755553
7018,746037
7019,738319
7020,728644
7021,718952
7022,709485
7023,699952
7024,690436
7025,681116
7026,671574
7027,661947
7028,652481
7029,643009
7030,633566
7031,623985
7032,616944
7033,607292
7034,597807
7035,588231
7036,578671
7037,569291
7038,559654
7039,550139
7040,540531
7041,531073
7042,521546
7043,511929
7044,502329
7045,494529
7046,484911
7047,475350
7048,466420
7049,456860
7050,447267
7051,437704
7052,428015
7053,418390
7054,408674
7055,399093
7056,389464
7058,371932
7060,352329
7061,342734
7062,333122
7063,323518
7064,314618
7065,304975
7066,295308
7067,286599
7068,276686
7069,266758
7070,256839
7071,247114
7072,239258
7073,229884
7074,220195
7075,210689
7076,201149
7077,191514
7078,181836
7079,172360
7080,163313
7081,153689
7082,144059
7083,134485
7084,124783
7085,117111
7086,107422
7087,97836
7088,88252
7089,78858
7090,69326
7092,49720
7093,40087
7094,35156
7095,25290
7096,15482
7097,5596
7098,1045145
7099,1037688
7100,1028082
7101,1018432
7102,1008789
7103,999341
7104,989788
7105,980307
7106,970861
7107,961316
7108,951786
7109,942303
7110,932756
7111,923251
7112,916685
7113,907096
7114,897424
7115,888040
7116,878445
7117,868819
7118,859288
7119,849667
7120,840091
7121,830855
7123,811368
7124,801816
7125,794057
7126,784408
7127,774844
7128,766038
7129,756557
7130,747052
7131,737388
7132,727842
7133,718322
7134,708612
7135,699200
7136,689659
7137,680197
7138,672450
7139,662854
7140,653204
7141,643619
7142,634147
7144,615467
7145,605928
7146,596383
7147,586870
7148,577325
7149,567745
7150,558075
7151,548484
7152,540795
7153,531449
7154,521867
7155,512192
7156,502541
7157,492925
7158,483234
7159,473725
7160,464750
7161,455124
7162,445593
7163,435982
7164,426421
7165,418793
7166,409196
7167,399615
7168,390032
7169,380724
7170,371067
7171,361527
7172,352882
7173,343002
7174,333047
7175,323149
7176,314270
7177,304691
7178,296873
7179,287278
7180,277578
7181,268064
7182,258374
7183,248642
7184,239106
7185,229675
7186,220017
7187,210586
7188,200992
7189,191463
7190,183616
7191,174125
7192,165421
7193,155856
7194,146168
7195,136559
7196,127035
7197,117492
7198,107942
7199,98411
7200,88790
7201,79416
7202,70002
7203,62983
7204,53467
7205,43900
7206,34225
7207,24650
7208,15922
7209,6293
7210,1048425
7211,1038864
7212,1029362
7213,1019706
7214,1010143
7215,1000499
7216,993103
7217,983752
7218,974078
7219,964584
7220,955027
7221,945457
7222,936034
7223,926434
7224,917415
7225,907733
7226,898213
7227,888499
7228,878815
7229,871032
7230,861493
7231,851906
7232,842282
7233,832917
7234,823277
7235,813767
7236,804122
7237,794532
7238,784878
7239,775303
7240,766525
7241,756956
7242,749135
7243,739629
7244,729992
7245,720420
7246,710773
7247,701243
7248,691619
7249,682208
7250,672646
7251,662979
7252,653419
7253,643855
7254,636127
7255,626485
7256,617640
7257,608099
7258,598524
7259,588962
7260,579461
7261,569817
7262,560292
7263,550729
7264,541095
7265,531710
7266,522114
7267,514247
7268,504637
7269,495080
7270,485429
7271,475928
7272,467025
7273,457360
7274,448955
7275,439009
7276,429063
7277,419124
7278,409250
7279,399682
7280,391870
7281,382408
7282,372919
7283,363343
7284,353703
7285,344047
7286,334569
7287,324888
7288,315986
7289,306382
7290,296728
7291,287120
7292,277498
7293,269708
7294,260211
7295,250593
7296,241010
7297,231644
7298,222136
7299,212569
7300,202934
7301,193360
7302,183677
7303,174193
7304,165351
7305,155738
7306,147837
7307,138341
7308,128783
7309,119234
7310,109664
7311,100111
7312,90559
7313,81187
7314,71691
7315,62101
7316,52602
7317,42970
7318,35293
7319,25741
7320,16848
7321,7263
7322,1049527
7323,1039929
7324,1030387
7325,1020970
7326,1011416
7327,1001753
7328,992263
7329,982818
7330,973261
7331,966003
7332,956369
7333,946863
7334,937211
7335,927629
7336,918664
7337,909105
7338,899530
7339,890085
7340,880536
7341,870922
7342,861370
7343,851741
7344,844087
7345,834707
7346,825151
7347,815556
7348,806113
7349,796641
7350,787016
7351,777518
7352,768695
7353,759143
7354,749608
7355,740198
7356,730638
7357,722837
7358,713293
7359,703636
7360,694018
7361,684600
7362,675001
7363,665330
7364,655778
7365,646245
7366,636826
7367,627279
7368,618473
7369,608963
7370,601113
7371,591581
7372,581922
7373,572419
7374,562775
7375,553181
7376,545152
7377,535295
7378,525339
7379,515437
7380,505498
7381,495805
7382,488064
7383,478508
7384,469656
7385,460105
7386,450552
7387,440959
7388,431402
7389,421644
7390,412088
7391,402541
7392,392852
7393,383459
7394,373946
7395,366987
7396,357350
7397,347741
7398,338148
7399,328545
7400,319658
7401,310122
7402,300432
7403,290834
7404,281242
7405,271611
7406,262099
7407,252521
7408,244965
7409,235692
7410,226058
7411,216432
7412,206889
7413,197361
7414,187746
7415,178263
7416,169291
7417,159791
7418,150228
7419,140655
7420,131095
7421,123411
7422,113742
7423,104156
7424,94523
7425,85199
7426,75936
7427,66374
7428,56770
7429,47124
7431,27540
7432,18704
7433,9230
7434,1051578
7435,1044198
7436,1034766
7437,1025135
7438,1015517
7439,1005968
7440,996353
7441,986929
7442,977356
7443,967714
7444,958064
7445,948493
7446,938817
7447,931262
7448,922384
7449,912753
7450,903115
7451,893539
7452,884014
7453,874354
7454,864866
7455,855322
7456,845736
7457,836405
7458,826738
7459,817249
7460,809527
7461,800120
7462,790553
7463,781101
7464,772266
7465,762736
7466,753228
7467,743704
7468,734180
7469,724626
7470,714971
7471,705500
7472,695870
7473,688290
7474,678805
7475,669136
7476,659656
7477,649979
7478,640522
7479,630894
7480,623498
7481,613645
7482,603711
7483,593760
7484,583875
7485,573971
7486,566169
7487,556709
7488,547125
7489,537754
7490,528211
7491,518603
7492,509036
7493,499468
7494,489842
7495,480216
7496,471305
7497,461604
7498,452085
7499,444460
7500,434889
7501,425184
7502,415647
7503,405960
7504,396290
7505,386936
7506,377325
7507,367780
7508,358206
7509,348538
7510,338911
7511,331226
7512,322374
7513,312774
7514,303222
7515,293528
7516,283894
7517,274382
7518,264682
7519,255171
7520,245641
7521,236201
7522,226714
7523,217122
7524,209306
7525,199677
7526,190099
7527,180410
7528,171516
7529,161903
7530,152224
7531,142661
7532,133081
7533,123533
7534,113973
7535,104425
7536,94881
7537,87355
7538,77915
7539,68319
7540,58738
7541,49143
7542,39498
7543,29819
7544,20937
7545,11492
7546,1960
7547,1044604
7548,1035020
7549,1025615
7550,1018054
7551,1008465
7552,998873
7553,989558
7554,979892
7555,970411
7556,960854
7557,951288
7558,941708
7559,932182
7560,923400
7561,913920
7562,904363
7563,896682
7564,887121
7565,877578
7566,867973
7567,858496
7568,848997
7569,839657
7570,830162
7571,820736
7572,811192
7573,801656
7574,792198
7575,784422
7576,775572
7577,766129
7578,756468
7579,746976
7580,737535
7581,727902
7582,718278
7583,709641
7584,699712
7585,689785
7586,680166
7587,670478
7588,663462
7589,653944
7590,644366
7591,634744
7592,625873
7593,616329
7594,606762
7595,597276
7596,587677
7597,578135
7598,568545
7599,558972
7600,549250
7601,541776
7602,532082
7603,522583
7604,512998
7605,503444
7606,493797
7607,484220
7608,475420
7609,465827
7610,456217
7611,446732
7612,437166
7613,427600
7614,419765
7615,410271
7616,400621
7618,381226
7619,371659
7620,362081
7621,352485
7622,342929
7623,333260
7624,324365
7625,314794
7626,305092
7627,295462
7628,287657
7629,278097
7630,268455
7631,258832
7632,249246
7633,239796
7634,230372
7635,220812
7636,211267
7637,201713
7638,192146
7639,182648
7640,175592
7641,165979
7642,156428
7643,146878
7644,137303
7645,127720
7646,118202
7647,108608
7648,99097
7649,89726
7650,80081
7651,70670
7652,61042
7653,53309
7654,43798
7655,34213
7656,25217
7657,15738
7658,6201
7659,1019862
7660,1010333
7661,1000787
7662,991219
7663,981528
7664,602562
7665,602710
7666,604874
7667,604911
7668,604989
7669,605059
7670,605091
7671,605103
7672,606267
7673,606321
7674,606340
7675,606332
7676,606370
7677,606353
7678,606346
7679,608020
7680,608044
7681,608299
7683,608317
7684,608353
7685,608384
7686,608368
7687,610241
7688,610270
7689,610264
7690,610261
7691,610292
7692,610275
7693,611225
7694,611276
7695,611287
7696,611320
7697,611464
7698,611585
7699,611589
7700,611663
7701,611682
7702,604173
7703,594313
7704,585366
7705,577617
7706,568037
7707,558394
7708,548839
7709,539287
7710,529638
7711,519985
7712,510364
7713,500931
7714,491286
7715,481649
7716,471969
7717,462457
7718,454705
7719,445164
7721,426392
7722,416833
7723,407239
7724,397736
7725,388112
7726,378424
7727,368907
7728,359287
7729,349917
7730,340319
7731,330775
7732,322897
7733,313309
7734,303630
7735,294019
7736,285164
7737,275631
7738,266001
7739,203972
7740,203961
7741,203969
7742,204045
7743,204094
7744,204134
7746,189160
7747,179567
7748,170013
7749,160365
7750,150754
7751,141234
7752,132396
7753,122779
7754,113166
7755,103539
7756,93885
7757,84316
7758,74692
7759,66873
7760,57583
7761,48203
7762,38590
7763,28979
7764,19349
7765,9794
7766,1051902
7767,1042318
7768,1033651
7769,1024150
7770,1014452
7771,795906
7772,796394
7773,796462
7774,796445
7775,796512
7776,796491
7777,796486
7778,796539
7779,796605
7780,796687
7781,796768
7782,796789
7783,796858
7784,800491
7785,800559
7786,800628
7787,804958
7788,805009
7789,805053
7790,805121
7791,805133
7792,806514
7793,799274
7794,789350
7795,779432
7796,769587
7797,759657
7798,749723
7799,739822
7800,729877
7801,719931
7802,710011
7803,700077
7804,690132
7805,680177
7806,670526
7807,660890
7808,651307
7809,642028
7810,634452
7811,624897
7812,615223
7813,605642
7814,596056
7815,586390
7816,577400
7817,567821
7818,558164
7819,548593
7820,538971
7821,529336
7822,519717
7823,511998
7824,502454
7825,493030
7826,483486
7827,473783
7828,464201
7829,454776
7830,445299
7831,435757
7832,426871
7833,417240
7834,407718
7835,399889
7836,390344
7837,380742
7838,371117
7839,361524
7840,351835
7841,342485
7842,332836
7843,323239
7844,313676
7845,303971
7846,294341
7847,284770
7848,277796
7849,268188
7850,258650
7851,248983
7852,239313
7853,229778
7854,220146
7855,210552
7856,200993
7857,191372
7858,181831
7859,172308
7860,162738
7861,155058
7862,145503
7863,135895
7864,127024
7865,117407
7866,107799
7867,98153
7868,88583
7869,78877
7870,69392
7871,59769
7872,50121
7873,40763
7874,32788
7875,22908
7876,13394
7877,3958
7878,1046593
7879,1037010
7880,1028298
7881,1018683
7882,1004658
7883,999527
7884,989922
7885,980311
7886,970766
7887,963133
7888,953664
7889,944318
7890,934779
7891,925124
7892,915615
7893,905966
7894,897383
7895,887432
7896,877920
7897,868372
7898,858791
7899,851024
7900,841431
7901,831925
7902,822239
7903,812844
7904,803226
7905,793833
7906,784379
7907,774762
7908,765239
7909,755610
7910,746071
7911,736587
7912,729586
7913,720128
7914,710578
7915,701074
7916,691633
7917,681972
7918,672413
7919,662953
7920,653270
7921,643925
7922,634408
7923,624933
7924,615394
7925,607608
7926,598008
7927,588318
7928,579372
7929,569804
7930,560131
7931,550577
7932,540904
7933,531348
7934,521798
7935,512195
7936,502640
7937,493242
7938,485611
7939,475992
7940,466479
7941,456831
7943,437270
7944,428346
7945,418766
7946,409172
7948,389643
7949,380023
7950,370609
7951,361012
7952,351470
7953,343943
7954,334320
7955,324883
7956,315187
7957,305646
7958,295999
7959,286362
7960,277458
7961,267944
7962,258319
7963,248746
7964,239169
7965,231437
7966,221905
7967,212295
7968,202735
7969,193272
7970,183687
7971,174184
7972,164638
7973,155088
7974,145548
7975,135981
7976,127108
7977,117430
7978,110316
7979,100784
7980,91239
7981,81631
7982,72277
7983,62745
7984,53131
7985,43758
7986,34114
7987,24515
7988,14953
7989,5409
7990,1047806
7991,1040304
7992,1031527
7993,1021889
7994,1012284
7995,1002741
7996,993154
7997,983604
7998,975330
7999,965418
8000,955509
8001,945591
8002,935873
8004,916204
8005,908438
8006,898835
8007,889285
8008,880524
8009,870954
8010,861388
8011,851771
8012,842166
8013,832551
8014,822862
8015,813365
8016,803664
8017,794224
8018,786583
8019,777112
8020,767437
8021,757932
8022,748324
8023,738867
8024,730006
8025,720427
8026,710896
8027,701375
8028,691836
8029,682256
8030,674477
8031,664929
8032,655271
8033,645886
8034,636424
8035,626807
8036,617257
8037,607676
8038,598117
8039,588560
8040,579660
8041,570062
8042,560539
8043,552763
8044,543183
8045,533623
8046,523934
8047,514310
8048,504728
8049,495266
8051,475686
8052,466076
8053,456508
8054,446955
8055,437373
8056,428422
8057,420775
8058,411098
8059,401485
8060,391931
8061,382289
8062,372654
8063,363122
8064,353499
8065,344068
8066,334530
8067,324959
8068,315357
8069,305867
8070,297908
8071,288346
8072,279433
8073,269763
8074,260200
8075,250578
8076,241035
8077,231480
8078,222077
8079,212463
8080,202944
8081,193567
8082,184059
8083,176207
8084,166677
8085,157151
8086,147551
8087,138023
8088,129140
8089,119621
8090,109986
8091,100428
8092,90835
8093,81333
8094,71893
8095,64245
8096,54693
8097,45215
8098,35585
8099,25997
8100,16297
8101,6794
8102,1050297
8103,1040426
8104,1030854
8105,1021312
8106,1011790
8107,1002151
8108,994648
8109,985164
8110,975617
8111,966066
8112,956430
8113,947013
8114,937517
8115,927874
8116,918372
8117,908965
8118,899332
8119,889805
8120,880977
8121,873246
8122,863612
8123,854146
8124,844493
8125,835043
8126,825488
8127,815944
8128,806456
8129,797133
8130,787517
8131,778103
8132,768483
8133,758970
8134,751107
8135,741678
8136,732818
8137,723268
8138,713881
8139,704333
8140,694715
8141,685199
8142,675651
8143,666150
8144,656604
8145,647361
8146,637942
8147,630151
8148,620581
8149,610945
8150,601427
8151,591893
8152,582934
8153,573363
8154,563775
8155,554151
8156,544495
8157,534933
8158,525323
8159,517600
8160,508007
8161,498630
8162,489023
8163,479467
8164,469847
8165,460240
8166,450539
8167,441034
8168,432105
8169,422524
8170,413140
8171,403585
8172,396674
8173,387225
8174,377545
8175,367991
8176,358357
8177,348940
8178,339255
8179,329745
8180,320126
8181,310435
8182,300769
8183,291202
8184,282216
8185,274478
8186,264917
8187,255355
8188,245793
8189,236246
8190,226529
8191,216868
8192,207339
8193,197867
8194,188259
8195,178806
8196,169255
8197,159606
8198,152052
8199,142499
8200,133664
8201,124102
8202,114420
8203,104790
8204,95192
8205,86445
8206,76500
8207,66808
8208,57184
8209,47746
8210,38202
8211,30392
8212,20791
8213,11310
8214,1831
8215,1044100
8216,1035361
8217,1025767
8218,1016267
8219,1006670
8220,997115
8221,987469
8222,977917
8223,970227
8224,960684
8225,951334
8226,941717
8227,932024
8228,922442
8229,912886
8230,903160
8231,893657
8232,884783
8233,875304
8234,865854
8235,856129
8237,838357
8239,818798
8240,809184
8241,799681
8242,790115
8243,780708
8244,771006
8245,761359
8247,741891
8248,732886
8249,723429
8250,713845
8251,704236
8252,696545
8253,686956
8254,677446
8255,667838
8256,658147
8257,648804
8258,639282
8259,629816
8260,620343
8261,610909
8262,601403
8263,591948
8264,583183
8265,575401
8266,565860
8267,556294
8268,546735
8269,537026
8270,527525
8271,517912
8272,508302
8273,498882
8274,489316
8275,479718
8276,470248
8277,460572
8278,452764
8279,443175
8280,434226
8281,424656
8282,415072
8283,405433
8284,395852
8285,386261
8286,376626
8287,366967
8288,357375
8289,347963
8290,340502
8291,330918
8292,321362
8293,311852
8294,302266
8295,292627
8296,283790
8297,274221
8298,264509
8299,255006
8300,245390
8301,235850
8302,226224
8303,218566
8304,209031
8305,199615
8306,190100
8307,180419
8308,170881
8309,161342
8310,151795
8311,143017
8312,133425
8313,123879
8314,114299
8315,104754
8316,96937
8317,87359
8318,77705
8319,68192
8320,58545
8321,49250
8322,39672
8323,30119
8324,20475
8325,10884
8326,1053334
8327,1043924
8328,1035015
8329,1027573
8330,1018115
8331,1008522
8332,999064
8333,989604
8334,979936
8335,970389
8336,960866
8337,951505
8338,941816
8339,932302
8340,922697
8341,913159
8342,905612
8343,896016
8344,887216
8345,877646
8346,868046
8347,858452
8348,848919
8349,839247
8350,829676
8351,820114
8352,810470
8353,801125
8354,793327
8355,783841
8356,774204
8357,764564
8358,754880
8359,745464
8360,736643
8361,727096
8362,717575
8363,708065
8364,698544
8365,688943
8366,679380
8367,672480
8368,662937
8369,653597
8370,644112
8371,634516
8372,624990
8373,615357
8374,605815
8375,596202
8376,587345
8377,577837
8378,568236
8379,558631
8380,550930
8381,541404
8382,531796
8383,522176
8384,512613
8385,503166
8386,493597
8387,484049
8388,474324
8389,464750
8390,455177
8391,445542
8392,436621
8393,428947
8394,419305
8395,409697
8396,400261
8397,390677
8398,381037
8399,371449
8400,361854
8401,352396
8402,342885
8403,333199
8404,323514
8405,313987
8406,306222
8407,296621
8408,287744
8410,268052
8411,258501
8412,248920
8413,239358
8414,230802
8415,220866
8416,210936
8417,201213
8418,191712
8419,183807
8420,174316
8421,164666
8422,155045
8423,145427
8424,136577
8425,127103
8426,117514
8427,107908
8428,98378
8429,88788
8430,79293
8431,69640
8432,62036
8433,52626
8434,42971
8435,33440
8436,23791
8437,14301
8438,4662
8439,1047099
8440,1038233
8441,1028746
8442,1019202
8444,999765
8445,990216
8446,982883
8447,973360
8448,963658
8449,954301
8450,944728
8451,935150
8452,925536
8453,916001
8454,906346
8455,896839
8456,888034
8457,878327
8458,868875
8459,861160
8460,851581
8461,841926
8462,832308
8463,822760
8464,813217
8465,803714
8466,794254
8467,784729
8468,775267
8469,765765
8470,756316
8471,746661
8472,739632
8473,729978
8474,720567
8475,710983
8476,701475
8477,691928
8478,682413
8479,672767
8480,663283
8481,653919
8482,647279
8483,637475
8484,627630
8485,617680
8486,608107
8487,598412
8488,589617
8489,580131
8490,570536
8491,561129
8492,551541
8493,541880
8494,532292
8495,522741
8496,513205
8497,505673
8498,496047
8499,486524
8500,476917
8501,467324
8502,457772
8503,448178
8504,439314
8505,429738
8506,420107
8507,410490
8508,400840
8509,391138
8510,383357
8511,373707
8512,364177
8513,354798
8514,345086
8515,335435
8516,325812
8517,317600
8518,307677
8519,297762
8520,288043
8521,278518
8522,268888
8523,261116
8524,251545
8525,242076
8527,222567
8528,212962
8529,203586
8530,194005
8531,184438
8532,174822
8533,165181
8534,155715
8535,146015
8536,137159
8537,129322
8538,119694
8539,110102
8540,100546
8541,90969
8542,81449
8543,72160
8544,62459
8545,53124
8546,43541
8547,33938
8548,24352
8549,16627
8550,7068
8551,1049633
8552,1040844
8553,1031274
8554,1021781
8555,1012172
8556,1002711
8557,993085
8558,983586
8559,974003
8560,964398
8561,955155
8563,938484
8564,928938
8565,919433
8566,909829
8567,900315
8568,891457
8569,881868
8570,872250
8571,862749
8572,853025
8573,843527
8574,833910
8575,824369
8576,816631
8577,807206
8578,797562
8579,788030
8580,778564
8581,769010
8582,759573
8583,750066
8584,741235
8585,731657
8586,722131
8587,712606
8588,703154
8589,695338
8590,685731
8591,676171
8592,666539
8593,657239
8594,647669
8595,638092
8596,628467
8597,618937
8598,609276
8599,599721
8600,590966
8601,581440
8602,573573
8603,564021
8604,554492
8605,544829
8606,535181
8607,525565
8608,515958
8609,506616
8610,497044
8611,487345
8612,477724
8613,468024
8614,460358
8615,450800
8616,441822
8617,432122
8618,422630
8619,413015
8620,403423
8621,395098
8622,385170
8623,375219
8624,365264
8625,355583
8626,345925
8627,339518
8628,330068
8629,320417
8630,310874
8631,301185
8632,292263
8633,282639
8634,273003
8635,263305
8636,253764
8637,244119
8638,234486
8639,225026
8640,217331
8641,207976
8642,198471
8643,188861
8644,179268
8645,169732
8646,160218
8647,150695
8648,141923
8649,132324
8650,122738
8652,103173
8653,93585
8654,85786
8655,76284
8656,66644
8657,57300
8658,47751
8659,38124
8660,28583
8661,18830
8662,9278
8663,2414950
8664,2406061
8665,2029487
8666,2029529
8667,2031467
8668,2031528
8669,2031603
8670,2031632
8671,2031662
8672,2031698
8673,2031720
8674,2031755
8675,2031821
8676,2031848
8677,2031889
8678,2031939
8679,2033351
8680,2034609
8681,2034725
8682,2034748
8683,2034787
8684,2034763
8685,2034786
8686,2034780
8687,2034813
8688,2034849
8689,2034855
8690,2034933
8691,2035004
8692,2036515
8693,2036595
8694,2036614
8695,2036610
8696,2037739
8697,2037707
8698,2037700
8699,2037788
8700,2037755
8701,2037791
8702,2037757
8703,2027963
8704,2018057
8705,2010582
8706,2000925
8707,1991284
8708,1981696
8709,1972076
8710,1962465
8711,1952887
8712,1943958
8713,1934294
8714,1924758
8715,1915043
8716,1905444
8717,1895856
8718,1888159
8719,1878566
8720,1869006
8721,1859636
8722,1849972
8723,1840446
8724,1830698
8725,1822197
8726,1812297
8727,1802361
8728,1792782
8729,1783230
8730,1773638
8731,1765861
8732,1756441
8733,1746820
8734,1737149
8735,1727495
8736,1717940
8737,1708587
8738,1698980
8739,1689415
8740,1679798
8741,1670139
8742,1660532
8743,1652714
8744,1643893
8745,1634338
8746,1624735
8747,1615217
8748,1605520
8749,1596008
8750,1586434
8751,1576780
8752,1567179
8753,1557789
8754,1548191
8755,1538594
8756,1531471
8757,1521883
8758,1512227
8759,1502600
8760,1493727
8761,1484081
8762,1474551
8763,1464905
8764,1455342
8765,1445720
8766,1436032
8767,1362715
8768,1362720
8769,1364735
8770,1364810
8771,1364860
8772,1364915
8773,1364944
8774,1359421
8775,1349759
8776,1340857
8777,1331179
8778,1321589
8779,1311992
8780,1302364
8781,1292735
8782,1284974
8783,1275288
8784,1265661
8785,1256220
8786,1246653
8787,1237047
8788,1227420
8789,1217821
8790,1208161
8791,1198573
8792,1189723
8793,1180173
8794,1170594
8795,1162834
8796,1153195
8797,1143639
8798,1134000
8799,1124456
8800,1114900
8801,1105593
8802,1095925
8803,1086473
8804,1076924
8805,1067364
8806,1057776
8807,1050130
8808,1041256
8809,1031626
8810,1022025
8811,1012332
8812,1002760
8813,993201
8814,983557
8815,973828
8816,964254
8817,954853
8818,945190
8819,935539
8820,927747
8821,918081
8822,908498
8823,898790
8824,890116
8825,880504
8826,870963
8827,861340
8828,852827
8829,842905
8830,832950
8831,823005
8832,813142
8833,805580
8834,796022
8835,786410
8836,777479
8837,767885
8838,758280
8839,748619
8840,739786
8841,730084
8842,720493
8843,710818
8844,701204
8845,691580
8846,683735
8847,674138
8848,664474
8849,655118
8850,645436
8851,635865
8852,626371
8853,398105
8854,398128
8855,398216
8856,399205
8857,399289
8858,399409
8859,401089
8860,401172
8861,401242
8862,401290
8863,401317
8864,401384
8865,401434
8866,401485
8867,401514
8868,401535
8869,401560
8870,401612
8871,402851
8872,403970
8873,404052
8874,404099
8875,404127
8876,384116
8877,384411
8878,375349
8879,365751
8880,356137
8881,346753
8882,337190
8883,327529
8884,319783
8885,310190
8886,300524
8887,290969
8888,282078
8889,272562
8890,262916
8891,253391
8892,243648
8893,234092
8894,224504
8895,214938
8896,205396
8897,197867
8898,188192
8899,178617
8900,169078
8901,159528
8902,149947
8903,140366
8904,131581
8905,121964
8906,112397
8907,102834
8908,93180
8909,83680
8910,75831
8911,66433
8912,56920
8913,47371
8914,37848
8915,28273
8916,18754
8917,9252
8918,1052044
8919,1042514
8920,1033637
8921,1024159
8922,1014494
8923,1007073
8924,997529
8925,987986
8926,978391
8927,968827
8928,959240
8929,949872
8930,941327
8931,931386
8932,921440
8933,911571
8934,902086
8935,894347
8936,885506
8937,875884
8938,866223
8939,856617
8940,847051
8941,837537
8942,828043
8943,818457
8944,808782
8945,799561
8946,790031
8947,780530
8948,773567
8949,764029
8950,754481
8951,744937
8952,736039
8953,726382
8954,716838
8955,707238
8956,697689
8957,688122
8958,678546
8959,668950
8960,659374
8961,651924
8962,642336
8963,632857
8964,623269
8965,613607
8966,604032
8967,594390
8968,585586
8969,576001
8970,566426
8971,556867
8972,547300
8973,537740
8974,529918
8975,520326
8976,510717
8977,501337
8978,491814
8979,482180
8980,472601
8981,463023
8983,443370
8984,434603
8985,425106
8986,415467
8987,405858
8988,398150
8989,388510
8990,379049
8991,369398
8992,359840
8993,350434
8994,340760
8995,331212
8996,321567
8997,311944
8998,302260
9000,283319
9001,275595
9002,266035
9003,256386
9004,246802
9005,237220
9006,227752
9007,218108
9008,208556
9009,199131
9010,189480
9011,179926
9012,170370
9013,160823
9014,153035
9015,143465
9016,134581
9017,125025
9018,115468
9019,105888
9020,96298
9021,86607
9022,77198
9023,67676
9024,57960
9025,48512
9026,38990
9027,31257
9028,21769
9029,12310
9030,2779
9031,1045484
9032,1036738
9033,1027181
9034,1018902
9035,1009069
9036,999129
9037,989188
9038,979281
9039,969566
9040,962081
9041,952654
9042,943064
9043,933554
9044,923982
9045,914473
9046,904859
9047,895293
9048,886419
9049,876884
9050,867334
9051,857795
9052,848303
9053,840539
9054,830921
9055,821382
9056,811880
9057,802540
9058,792990
9059,783595
9060,774014
9061,764571
9062,755056
9063,745554
9064,736699
9065,728913
9067,709314
9068,699866
9069,690150
9070,680595
9071,671174
9072,661546
9073,652134
9074,642647
9075,633244
9076,623718
9078,604057
9079,594517
9080,587682
9081,578114
9082,568450
9083,559019
9084,549371
9085,539748
9086,530117
9087,520538
9088,510878
9089,501559
9090,491958
9091,482302
9092,472735
9093,464993
9094,455398
9095,445844
9096,436985
9097,427476
9098,417875
9099,408324
9100,398713
9101,389066
9102,379379
9103,369696
9104,360184
9105,350813
9106,342915
9107,333386
9108,323891
9109,314299
9110,304723
9111,295142
9112,286273
9113,276732
9114,267155
9115,257571
9116,247965
9117,238428
9118,228824
9119,221181
9120,211669
9121,202265
9122,192691
9123,183151
9124,173503
9125,163955
9126,154270
9127,144793
9128,135914
9129,126198
9130,116490
9131,108712
9132,99174
9133,89554
9134,80018
9135,70639
9136,61052
9137,51633
9138,42011
9139,33355
9140,23443
9141,13518
9142,3758
9143,1046483
9144,1040603
9145,1031129
9146,1021655
9147,1011990
9148,1002495
9149,992912
9150,983326
9151,973750
9152,964284
9153,954903
9154,945334
9155,935815
9156,926278
9157,918624
9158,909097
9159,899549
9160,890656
9161,881190
9162,874459
9163,864614
9164,854726
9165,844809
9166,834936
9167,825053
9168,815153
9169,805258
9170,796909
9171,787413
9172,777867
9173,768340
9174,758794
9175,749256
9176,740433
9177,730948
9178,721483
9179,711929
9180,702421
9181,692904
9182,683292
9183,675499
9184,665886
9185,656554
9186,647024
9187,637355
9188,627812
9189,618215
9190,608689
9191,599091
9192,590094
9193,580545
9194,570923
9195,563255
9196,553804
9197,544232
9198,534650
9199,525025
9200,515492
9201,506130
9202,496484
9203,486935
9204,477338
9205,467698
9206,458110
9207,448532
9209,431509
9210,422000
9211,412313
9212,402790
9213,393109
9214,383473
9215,373865
9216,364257
9217,354925
9218,345346
9219,335743
9220,326106
9221,316569
9222,308937
9223,299425
9224,290491
9225,280958
9226,271282
9227,261713
9228,251980
9229,242500
9230,232937
9231,223351
9232,213713
9233,204358
9234,194740
9235,186836
9236,177401
9237,167708
9238,158256
9239,148671
9240,139821
9241,130255
9242,121858
9243,111922
9244,101969
9245,92297
9246,82693
9247,73296
9248,65580
9249,56102
9250,46467
9251,36625
9252,26877
9253,17198
9254,7658
9255,1050303
9256,1041530
9257,1032068
9258,1022531
9259,1012862
9260,1005227
9261,995680
9262,986050
9263,976434
9264,985373
9265,975503
9266,965647
9267,955716
9268,945809
9269,935946
9270,926016
9271,916073
9272,906178
9273,896241
9274,886343
9275,876447
9276,866507
9277,856555
9278,846671
9279,836743
9280,826792
9281,816903
9282,807298
9283,797695
9284,788154
9285,778618
9286,770926
9287,761371
9288,752705
9289,743062
9290,733408
9291,723850
9292,714326
9293,704804
9294,695226
9295,685659
9296,676225
9297,666941
9298,657470
9299,649878
9300,640243
9301,630690
9302,621031
9303,611542
9304,602797
9305,593291
9306,583751
9307,574160
9308,564701
9309,555202
9310,545630
9311,536203
9312,528588
9313,519280
9314,509842
9315,500327
9316,491014
9317,481455
9318,471828
9319,462391
9320,453580
9321,444049
9322,434525
9323,425080
9324,417280
9325,407733
9326,398241
9327,388615
9328,379083
9329,369600
9330,359939
9331,350480
9332,340910
9333,331352
9334,321724
9335,312188
9336,303266
9337,296193
9338,286572
9339,277041
9340,267399
9341,258002
9342,248320
9343,238767
9344,230770
9345,220921
9346,210898
9347,201008
9348,191093
9349,181418
9350,174157
9351,164694
9352,155869
9353,146267
9355,126741
9356,117108
9357,107518
9358,98086
9359,88613
9360,79005
9362,59716
9363,49869
9364,40009
9365,32016
9366,22543
9367,13013
9368,4301
9369,1046570
9370,1037019
9371,1027557
9372,1017923
9373,1008324
9374,998845
9375,989331
9376,979732
9377,970410
9378,962861
9379,953219
9380,943751
9381,934142
9383,914614
9384,905731
9385,896204
9386,886581
9387,877082
9388,867602
9389,857974
9390,848382
9391,840597
9392,831016
9393,821562
9394,812090
9395,802742
9396,793121
9397,783510
9399,763963
9400,755036
9401,745520
9402,736004
9403,726550
9404,716991
9405,709164
9406,699699
9407,690144
9408,680648
9409,671272
9410,661776
9411,652276
9412,642798
9413,633214
9414,623708
9415,614242
9416,605438
9417,595851
9418,588084
9419,578495
9420,568999
9421,559459
9422,549887
9423,540259
9424,530694
9425,521332
9426,511680
9427,502073
9428,492420
9429,482825
9430,473304
9431,465594
9432,456644
9433,446963
9434,437336
9435,427823
9436,418280
9437,408662
9438,399088
9439,389521
9440,379950
9441,370536
9442,360943
9443,351364
9445,333828
9446,324225
9447,314599
9448,305623
9449,296051
9450,286425
9451,276867
9452,268432
9453,258493
9454,248537
9455,238625
9456,228744
9457,221166
9458,211658
9459,202129
9460,192608
9461,183063
9462,173402
9463,163955
9464,155112
9465,145482
9467,125868
9468,116234
9469,106569
9470,96990
9471,89094
9472,79515
9473,70505
9474,60821
9475,51225
9476,41774
9477,32159
9478,22607
9479,12939
9480,4173
9481,1046424
9482,1036969
9483,1027404
9484,1019921
9485,1010379
9486,1000940
9487,991389
9488,981812
9489,972475
9490,962947
9491,953506
9492,943976
9493,934344
9494,924946
9495,915399
9496,906642
9497,899148
9498,889673
9499,879941
9500,870331
9501,860774
9502,851193
9503,841727
9504,832003
9505,822605
9506,813019
9507,803429
9508,793854
9509,784402
9510,776659
9511,767206
9512,758427
9513,748752
9514,739202
9515,729662
9516,720112
9517,710556
9518,701023
9519,691528
9520,682005
9521,672676
9522,664745
9523,655151
9524,645654
9525,636127
9526,626676
9527,617030
9528,608153
9529,598665
9530,589078
9531,579516
9532,569920
9533,560376
9534,550698
9535,543842
9536,534236
9537,524751
9538,515236
9539,505589
9540,495893
9541,486287
9542,476642
9543,466984
9544,458188
9545,448649
9546,438961
9547,429401
9548,421793
9549,412148
9550,402540
9551,392930
9552,383438
9553,373975
9554,364473
9555,356075
9556,346160
9557,336256
9558,326322
9559,316381
9560,307186
9561,299507
9562,289847
9563,280294
9564,270573
9565,261010
9566,251438
9567,241865
9568,232409
9569,223095
9570,213580
9571,204052
9572,194417
9573,184897
9574,176968
9575,167483
9576,158624
9577,149066
9578,139502
9579,129888
9580,120250
9581,110617
9583,91021
9584,81478
9585,72183
9586,62516
9587,54839
9588,45324
9589,35631
9590,26084
9591,16406
9592,7592
9593,1049905
9594,1040334
9595,1030832
9596,1021295
9597,1011627
9598,1002053
9599,992473
9600,984997
9601,975600
9603,955948
9604,946276
9605,936772
9606,927227
9607,917540
9608,908745
9609,899149
9610,889528
9611,880064
9612,870531
9613,861002
9614,853278
9615,843613
9616,833910
9617,824574
9618,815084
9619,805433
9620,795955
9621,786400
9622,776822
9623,767300
9624,758337
9625,748833
9626,739225
9627,731468
9628,721848
9629,712272
9630,702680
9631,693024
9632,683408
9633,674040
9634,664474
9635,654792
9636,645221
9637,635661
9638,626091
9639,616523
9640,609561
9641,600042
9642,590477
9643,580877
9644,571326
9645,561789
9646,552186
9647,542604
9648,532912
9649,523566
9650,514032
9651,504437
9652,496786
9653,487234
9654,477666
9655,467970
9656,459087
9657,449483
9658,439929
9659,431649
9660,421714
9661,411768
9662,401843
9663,391907
9664,382303
9665,19752
9666,19769
9667,19782
9668,19867
9669,19848
9670,19838
9671,19864
9672,20868
9673,20933
9674,20998
9675,21087
9676,21127
9677,21145
9678,22614
9679,22692
9680,22727
9681,22869
9682,22979
9683,23051
9684,23155
9685,23177
9686,23197
9687,23218
9688,1075801
9689,1075949
9690,1075976
9691,1077906
9692,1077994
9693,1078049
9694,1078041
9695,1078082
9696,1078069
9697,1078063
9698,1078126
9699,1078110
9700,1078156
9701,1076132
9702,1066196
9703,1056254
9704,1048867
9705,1039244
9706,1029579
9707,1020106
9708,1010507
9709,1000941
9710,991466
9711,981854
9712,972252
9713,962902
9714,953225
9715,943702
9717,925921
9718,916440
9719,906822
9720,897921
9721,888238
9722,878666
9723,869099
9724,859491
9725,849937
9726,840337
9727,830741
9728,821164
9729,811942
9730,805110
9731,795539
9732,786026
9733,776396
9734,766809
9735,757285
9736,748326
9738,728810
9739,719176
9740,709656
9741,699990
9742,690353
9743,680789
9744,672951
9745,663620
9746,653965
9747,644428
9748,634814
9749,625314
9750,615759
9751,606164
9752,597211
9753,587708
9754,578155
9755,568551
9756,558944
9757,551188
9758,541541
9759,532002
9760,522377
9761,513000
9762,503394
9763,493735
9764,485215
9765,475270
9766,465324
9767,455279
9768,446271
9769,436627
9770,428888
9771,419236
9772,409644
9773,399991
9774,390471
9775,380825
9776,371271
9777,361841
9778,352287
9779,342719
9780,279261
9781,279279
9782,281190
9783,281244
9784,282128
9785,282219
9786,276904
9787,267594
9788,51304
9789,51198
9790,51259
9791,51308
9792,51368
9793,51401
9794,51434
9795,53107
9796,53191
9797,53203
9798,53238
9799,53222
9800,54108
9801,54140
9802,54161
9803,54220
9804,54274
9805,54254
9806,54314
9807,54284
9808,55765
9809,54638
9810,44787
9811,35091
9812,25570
9813,16066
9814,6575
9815,1048918
9816,1040174
9817,1030631
9818,1021153
9819,1011533
9820,1001998
9821,994321
9822,984731
9823,975097
9824,965523
9825,956196
9826,946606
9827,937088
9828,927522
9829,917952
9830,908441
9831,898769
9832,890001
9833,880504
9834,872615
9835,863043
9836,853491
9837,843856
9838,834395
9839,824897
9840,815268
9841,805871
9842,796428
9843,786944
9844,777307
9845,767906
9846,759981
9847,750425
9848,736346
9849,731841
9850,722303
9851,712846
9852,703105
9853,693637
9854,684174
9855,674617
9856,664965
9857,655618
9858,646138
9859,639754
9860,629910
9861,620022
9862,610076
9863,600227
9864,591219
9865,581717
9866,573344
9867,563406
9868,553461
9869,543519
9870,533652
9871,524008
9872,514009
9873,506816
9874,497225
9875,487657
9876,478185
9877,468547
9878,458965
9879,449298
9880,440497
9881,430958
9882,421370
9883,411767
9884,402227
9885,394432
9886,384832
9887,375284
9888,365639
9889,356231
9890,346607
9891,337002
9892,327358
9893,317715
9894,308103
9895,298438
9896,289491
9897,279845
9898,272055
9899,262491
9900,252908
9901,243284
9902,233723
9903,224055
9904,214465
9905,205089
9906,195436
9907,185816
9908,176316
9909,166750
9910,158951
9911,149408
9913,130483
9914,121014
9915,111443
9916,101793
9917,92255
9918,82592
9919,73223
9920,63580
9921,54073
9922,44489
9923,34878
9924,27617
9925,18088
9926,8539
9927,1051155
9928,1042363
9929,1032924
9930,1023529
9931,1013913
9932,1004414
9933,994843
9934,985347
9935,975963
9936,966388
9937,959202
9938,949729
9939,940125
9940,930487
9941,920932
9942,911260
9943,901660
9944,892902
9945,883214
9946,873732
9947,864125
9948,854661
9949,845174
9950,837526
9951,827914
9953,808635
9954,799002
9955,789430
9956,779997
9957,770498
9958,760977
9959,751443
9960,742485
9961,733027
9962,723468
9963,713904
9964,706178
9965,696654
9966,687157
9967,677579
9968,668161
9969,658786
9970,649348
9971,640689
9972,630766
9973,620849
9974,611468
9975,601986
9976,595229
9977,585654
9978,576045
9979,566532
9980,557005
9981,547455
9982,538026
9983,528421
9984,518819
9985,509447
9986,499908
9987,490348
9988,480777
9989,473148
9990,463527
9991,454026
9992,445209
9993,435646
9994,426121
9995,416624
9996,407027
9997,397480
9998,387888
9999,378258
10000,368609
10002,349263
10003,341697
10004,332053
10005,322500
10006,312964
10007,303409
10008,294528
10009,284903
10010,275326
10011,265853
10012,256168
10013,246605
10014,236985
10015,227525
10016,219906
10018,200538
10019,191135
10020,181561
10021,171976
10022,162420
10023,152934
10024,144041
10025,134525
10026,125006
10027,115465
10028,105970
10029,96421
10030,88769
10031,79417
10032,69957
10033,60550
10034,51085
10035,41561
10036,32136
10037,22579
10038,13145
10039,3589
10040,1046704
10041,1037128
10042,1029570
10043,1019977
10044,1010436
10045,1000845
10046,991208
10047,981542
10048,972009
10049,962634
10050,952961
10051,943401
10052,933838
10053,924339
10054,914934
10055,907117
10056,898244
10057,888667
10058,879281
10059,869646
10060,860080
10061,850652
10062,841183
10063,831493
10064,822047
10065,812708
10066,803145
10067,793608
10068,785901
10069,776365
10070,766826
10071,757350
10072,748464
10073,739046
10074,729336
10075,721107
10076,711233
10077,701317
10078,691381
10079,681470
10080,671914
10081,664319
10082,654750
10083,645229
10084,635702
10085,626225
10086,616606
10087,607012
10088,598162
10089,588542
10090,578872
10091,569243
10092,559618
10093,550037
10094,542357
10095,532820
10096,523244
10097,513898
10098,504301
10099,494790
10100,485202
10101,475663
10102,465969
10103,456372
10104,447383
10105,437795
10106,430101
10107,420470
10108,410838
10109,401383
10110,391818
10111,382297
10112,372693
10113,363252
10115,343801
10116,334144
10117,324498
10118,314909
10119,305342
10120,298856
10121,289233
10122,279699
10123,270127
10124,260544
10125,250891
10126,241283
10127,231677
10128,222178
10129,212874
10130,203254
10131,193642
10132,184110
10133,176370
10134,166761
10135,157160
10136,148378
10137,138825
10138,129282
10139,119711
10140,110060
10141,100544
10142,90894
10143,81368
10144,72026
10145,62695
10146,54906
10147,45395
10148,35832
10149,26161
10150,16637
10151,7080
10152,1050294
10153,1040862
10154,1031429
10155,1021961
10156,1012364
10157,1002892
10158,993350
10159,985568
10160,976013
10161,966723
10162,957217
10163,947703
10164,938208
10165,928704
10166,919247
10167,909765
10168,900945
10169,891548
10170,882056
10171,874362
10172,864873
10173,855226
10174,845601
10175,835972
10176,826230
10177,816940
10178,808723
10179,798837
10180,788891
10181,779073
10182,769601
10183,760126
10184,753073
10185,743435
10186,733887
10187,724338
10188,714822
10189,705349
10190,695866
10191,686358
10192,676786
10193,667489
10194,657922
10195,648297
10196,638767
10197,630902
10198,621435
10199,611774
10200,602879
10201,593248
10202,583728
10203,574177
10204,564573
10205,555099
10206,545359
10207,535848
10208,526318
10209,517862
10210,510418
10211,500818
10212,491246
10213,481619
10214,472007
10215,462335
10216,453424
10217,443823
10218,434104
10219,424565
10220,414996
10221,405351
10222,395787
10223,387980
10224,378326
10225,368996
10226,359323
10227,349833
10228,340220
10229,330651
10230,321081
10231,311370
10232,302548
10233,292930
10234,283412
10235,275741
10236,266035
10237,256500
10238,246921
10239,237387
10240,227870
10241,218497
10242,208949
10243,199373
10244,189854
10245,180302
10246,170584
10247,161096
10248,154310
10249,144753
10250,135141
10251,125618
10252,115991
10253,106379
10254,96683
10255,87130
10256,77672
10257,68304
10258,58723
10259,49146
10260,39612
10261,31858
10262,22414
10263,12787
10264,4096
10265,1046337
10266,1036812
10267,1027324
10268,1017801
10269,1008209
10270,998525
10271,989006
10272,979322
10273,970105
10274,962751
10275,953160
10276,943643
10277,933968
10278,924453
10279,914918
10280,906054
10281,897465
10282,887524
10283,877631
10284,867689
10285,858057
10286,848514
10287,840711
10288,831108
10289,821781
10290,812189
10291,802635
10292,793236
10293,783721
10294,774232
10295,764667
10296,755770
10297,746076
10298,736561
10299,728728
10300,719284
10301,709546
10302,700131
10303,690548
10304,680955
10305,671522
10306,661857
10307,652298
10308,642642
10309,633224
10310,623612
10311,613968
10312,607734
10313,598141
10314,588676
10315,579162
10316,569601
10317,560011
10318,550377
10319,540747
10320,531056
10321,521584
10322,511980
10323,502489
10324,492880
10325,485231
10326,475540
10327,466014
10328,457081
10329,447523
10330,437956
10331,428406
10332,418789
10333,409160
10334,399604
10335,389970
10336,380281
10337,370861
10338,363154
10339,353491
10340,344048
10341,334381
10342,324833
10343,315247
10344,306319
10345,296626
10346,286993
10347,277426
10348,267827
10349,258237
10350,248557
10351,240731
10352,231199
10353,221842
10354,212385
10355,202850
10356,193278
10357,183737
10358,174202
10359,164601
10360,155894
10361,146299
10362,136727
10363,128948
10364,119515
10365,109836
10366,100256
10367,90713
10368,81170
10369,72055
10370,62475
10371,52870
10372,43282
10373,33701
10374,23993
10375,14476
10376,7374
10377,1049511
10378,1040007
10379,1030568
10380,1020907
10381,1011425
10382,1001937
10383,992443
10384,983928
10385,974022
10386,964082
10387,954373
10388,944856
10389,937418
10390,927876
10391,918252
10392,909300
10393,899649
10394,890130
10395,880494
10396,871001
10397,861391
10398,851869
10399,842276
10400,832695
10401,823370
10402,815564
10403,806143
10404,796462
10405,786832
10406,777424
10407,767914
10408,759073
10409,749562
10410,739876
10411,730304
10412,720834
10413,711264
10414,701739
10415,694006
10416,684386
10417,675124
10418,665478
10419,655978
10420,646363
10421,636924
10422,627369
10423,617755
10424,608917
10425,599270
10426,589729
10427,581955
10428,572479
10429,562804
10430,553253
10431,543665
10432,534070
10433,524632
10434,515097
10435,505458
10436,495930
10437,486288
10438,476672
10439,467076
10440,460015
10441,450377
10442,440847
10443,431281
10445,411700
10446,402093
10447,392575
10448,383007
10449,373615
10450,364012
10451,354429
10452,344823
10453,335228
10454,327595
10455,317967
10456,309038
10457,299336
10458,289664
10459,280062
10460,270478
10461,260943
10462,251293
10463,241594
10464,232066
10465,222734
10466,213187
10467,205442
10468,195942
10469,186348
10470,176784
10471,167291
10472,158355
10473,148902
10474,139298
10475,129697
10476,120128
10477,110548
10478,100965
10479,91459
10480,83734
10481,74432
10482,64803
10483,55290
10484,45676
10485,36019
10486,26533
10487,18102
10488,8185
10489,1050199
10490,1040703
10491,1031190
10492,1023753
10493,1014215
10494,1004583
10495,994904
10496,985359
10497,975943
10498,966310
10499,956630
10500,947117
10501,937597
10502,928020
10503,918325
10504,909463
10505,902525
10506,892934
10507,883288
10508,876364
10509,866551
10510,856680
10511,846794
10512,836929
10513,827030
10514,817122
10515,807221
10516,797362
10517,787467
10518,779673
10519,770029
10520,761087
10521,751622
10522,742077
10523,732667
10524,723138
10525,713495
10526,703935
10527,694375
10529,675017
10530,665341
10531,655688
10532,647834
10533,638275
10534,628790
10535,619203
10536,610272
10537,600661
10538,591092
10539,581464
10540,571867
10541,562146
10542,552635
10543,543057
10544,533461
10545,525867
10546,516275
10547,506661
10548,497056
10549,487321
10550,477753
10551,468136
10552,459299
10553,449577
10554,440022
10555,430480
10556,420890
10557,413127
10558,403582
10559,393991
10560,384405
10561,374975
10562,365357
10563,355822
10564,346214
10565,336617
10566,327060
10567,317453
10568,308612
10569,298915
10570,291797
10571,282257
10572,272639
10573,262991
10574,253324
10575,243726
10576,234069
10577,224654
10578,215091
10579,205445
10580,195936
10581,186356
10582,176801
10583,169163
10584,160263
10585,150669
10586,141213
10587,131592
10588,122120
10589,112509
10590,104392
10591,94558
10592,84668
10593,74747
10594,64965
10595,55497
10596,47717
10597,38105
10598,28507
10599,18831
10600,9989
10601,1053050
10602,1043358
10603,1033830
10604,1024397
10605,1014709
10606,1005091
10607,995549
10608,985924
10609,978730
10610,969174
10611,959635
10612,950063
10613,940523
10614,930847
10615,921164
10616,912251
10617,902671
10618,893009
10619,883568
10620,873981
10621,866298
10622,856632
10623,847035
10624,837337
10625,828028
10626,818682
10627,809208
10628,799690
10629,790006
10630,780353
10631,770873
10632,762072
10633,752534
10634,745036
10635,735438
10636,725913
10637,716470
10638,707021
10639,697331
10640,687758
10641,678317
10642,669003
10643,659560
10644,649923
10645,640464
10646,630918
10647,623347
10648,614559
10649,605130
10650,595323
10651,585625
10652,576042
10653,566332
10654,556854
10655,547176
10656,537652
10657,528171
10659,508664
10660,499097
10661,491551
10662,482041
10663,472481
10664,463632
10665,95643
10666,96013
10667,96271
10668,96198
10669,96276
10670,96551
10671,96553
10672,96580
10673,96592
10674,98328
10675,98365
10676,98453
10677,98538
10678,98575
10679,98640
10680,99476
10681,99626
10682,99718
10683,99988
10684,100021
10685,100048
10687,101436
10688,101516
10689,101565
10690,101604
10691,101675
10692,101731
10693,101693
10694,103377
10695,103327
10696,103258
10697,103249
10698,103206
10699,103193
10700,104818
10701,104941
10702,96567
10703,86941
10704,77365
10705,68016
10706,58525
10707,49077
10708,39552
10709,29983
10710,20310
10711,10667
10712,1054324
10713,1047039
10714,1037612
10715,1028050
10716,1018481
10717,1008835
10718,999494
10719,989927
10720,980390
10721,971015
10722,961487
10723,951921
10724,942403
10725,932881
10726,925215
10727,915619
10728,906911
10729,897257
10730,887652
10731,877961
10732,868468
10733,858974
10734,849406
10735,839856
10736,830352
10737,820927
10738,811432
10739,803739
10740,794145
10741,784608
10742,774966
10743,765551
10744,756822
10745,747328
10746,737788
10747,728103
10748,718572
10749,708849
10750,699322
10751,691840
10752,682187
10753,672699
10754,663074
10755,653515
10756,643926
10757,634313
10758,624652
10759,615151
10760,606276
10761,596652
10762,587023
10763,577421
10764,569679
10765,560106
10766,550486
10767,541032
10768,531419
10769,522193
10770,512743
10771,503040
10772,493703
10773,484025
10774,474382
10775,464839
10776,455910
10777,448075
10778,438556
10779,429153
10780,331412
10781,331419
10782,331449
10783,331470
10784,331594
10785,331641
10786,331756
10787,331859
10788,331889
10789,331230
10790,322960
10792,304026
10793,294517
10794,284941
10795,275537
10796,265985
10797,256477
10798,247943
10799,238036
10800,228102
10801,218125
10802,208513
10803,198796
10804,190955
10805,181481
10806,171904
10807,162252
10808,153464
10809,144052
10810,134530
10811,125000
10812,115451
10813,105860
10814,96319
10815,86683
10816,78926
10817,69870
10818,60236
10819,50650
10820,41009
10821,31553
10822,21966
10823,12426
10824,3601
10825,1045893
10826,1036425
10827,1026879
10828,1017431
10829,1010271
10830,1000792
10831,991168
10832,981530
10833,972264
10834,962649
10835,953109
10836,943544
10837,933899
10838,924437
10839,914745
10840,905954
10841,896470
10842,888889
10843,879470
10844,869900
10845,860285
10846,850786
10847,841088
10848,831511
10849,822243
10850,812839
10851,803482
10852,794045
10853,784553
10854,775029
10855,767335
10856,758657
10857,749102
10858,739429
10859,730010
10860,720432
10861,710925
10862,701432
10863,691926
10864,682486
10865,673181
10866,663610
10867,654121
10868,646551
10869,637154
10870,627604
10871,618109
10872,609414
10873,599989
10874,590613
10875,581049
10876,571533
10877,562100
10878,552479
10879,542974
10880,535179
10881,525993
10882,516517
10883,506881
10884,497228
10885,487738
10886,478227
10887,468637
10888,459873
10889,450375
10890,440686
10891,431177
10892,421597
10893,414744
10894,405185
10895,395628
10896,386088
10897,376873
10898,367348
10899,357701
10900,348174
10901,339533
10902,329616
10903,319663
10904,310455
10905,300973
10907,283371
10908,273880
10909,264342
10910,254760
10911,245161
10912,235653
10913,226373
10914,216815
10915,207346
10916,197780
10917,188172
10918,178582
10919,169033
10920,162134
10921,152732
10922,143190
10923,133534
10924,123980
10925,114424
10926,104902
10927,95235
10928,85661
10929,76481
10930,66793
10931,57290
10932,47698
10933,40200
10934,30660
10935,21197
10936,12568
10937,3105
10938,2229762
10939,2220280
10940,2210686
10941,2201181
10942,2191455
10943,2181878
10944,2172258
10945,2165033
10946,2155587
10947,2145893
10948,2136261
10949,2126737
10950,2117103
10951,2107570
10952,2098686
10953,2089020
10954,2079380
10955,2069670
10956,2060061
10957,2050461
10958,2042703
10959,2033091
10960,2023576
10961,2014203
10962,2004605
10963,1995004
10964,1985364
10965,1975725
10966,1966176
10967,1956625
10968,1947661
10969,1938070
10970,1928480
10971,1920646
10972,1911167
10973,1901531
10974,1891977
10975,1882393
10976,1872907
10977,1863541
10978,1853878
10979,1844311
10980,1834656
10981,1825110
10982,1815576
10983,1806105
10984,1799002
10985,1789350
10986,1779778
10987,1770205
10988,1760567
10989,1750945
10990,1741339
10991,1731699
10992,1722186
10993,1712747
10994,1703165
10995,1693574
10996,1683957
10997,1676323
10998,1666689
10999,1656961
11000,1648062
11001,1638483
11002,1628907
11003,1621224
11004,1611327
11005,1601393
11006,1590536
11007,1581563
11008,1571616
11009,1561000
11010,1554028
11011,1077758
11012,1077775
11013,1077839
11014,1077865
11015,1077902
11016,1078614
11017,1078681
11018,1078744
11019,1078799
11020,1078823
11021,1078886
11022,1080122
11023,1080165
11024,1080226
11025,1080334
11026,1080362
11027,1080397
11028,1080413
11029,1080432
11030,1080476
11031,1080533
11032,1081227
11033,1081327
11034,1081390
11035,1083040
11036,1083122
11037,1083185
11038,1083259
11039,1083338
11040,1083325
11041,1083381
11042,1083405
11043,1083424
11044,1083494
11045,1083569
11046,1083543
11047,1083567
11048,1086230
11049,1086305
11050,1086331
11051,1086401
11052,1086411
11053,1086414
11054,1086511
11055,1086565
11056,1086599
11057,1086619
11058,1086604
11059,1077209
11060,1067286
11061,1059162
11062,1049603
11063,1039981
11064,1030971
11065,1021295
11066,1011695
11067,1002110
11068,992455
11069,982886
11070,973228
11071,963717
11072,954143
11073,946672
11074,937056
11075,927466
11076,917815
11077,908146
11078,898531
11079,888892
11080,880225
11081,870566
11082,860875
11083,851220
11084,841663
11085,831989
11086,825011
11087,801543
11088,801558
11089,796023
11090,786462
11091,776813
11092,767200
11093,753538
11094,747954
11095,738234
11096,729415
11097,719757
11098,709150
11099,702465
11100,686873
11101,683273
11102,673688
11103,664108
11104,654507
11105,645082
11106,636789
11107,626879
11108,616973
11109,607033
11110,597090
11111,587225
11112,580133
11113,570416
11114,560950
11115,551423
11116,541904
11117,532354
11118,522788
11119,513213
11120,503570
11121,494239
11122,484700
11123,475145
11124,465572
11125,457766
11126,448191
11127,438552
11128,429657
11129,420112
11130,410445
11131,400906
11132,391285
11133,381566
11134,372038
11135,362495
11136,352940
11137,346595
11138,336759
11139,326916
11140,317031
11141,307138
11142,297279
11143,287363
11144,278293
11145,268718
11146,259072
11147,249440
11148,239833
11149,230280
11150,222426
11151,212857
11152,203181
11153,193882
11154,184327
11155,174769
11157,155117
11158,145523
11159,135941
11160,127148
11161,117506
11162,107927
11163,98319
11164,90592
11165,81111
11166,71508
11167,62025
11168,52500
11169,43185
11170,33625
11171,24078
11172,1066080
11173,1056300
11174,1046461
11175,1036661
11176,1027797
11177,1020512
11178,1010953
11179,1001350
11180,991801
11181,982116
11182,972511
11183,962932
11184,953411
11185,943946
11186,934454
11187,924915
11188,915342
11189,905728
11190,897824
11191,888354
11192,879510
11193,870000
11194,860323
11195,850888
11196,841244
11197,831704
11198,822123
11199,812383
11200,802784
11201,793522
11202,785603
11203,776140
11204,766469
11205,756830
11206,747184
11207,737660
11208,728796
11209,719312
11210,710710
11211,700771
11212,690820
11213,680909
11214,671062
11215,663148
11216,653682
11217,644413
11218,634858
11219,625305
11220,615692
11221,606134
11222,596589
11223,587049
11224,578152
11225,568640
11226,559011
11227,549407
11228,541732
11229,532204
11230,522541
11231,513003
11232,503366
11233,493839
11234,484310
11235,474786
11236,465037
11237,455545
11238,445868
11239,436185
11240,427350
11241,419751
11242,410133
11243,400641
11244,390941
11245,381439
11246,371752
11247,362150
11248,352515
11249,343171
11250,333480
11251,323937
11252,314376
11253,304791
11254,296885
11255,287300
11256,278406
11257,268981
11258,259357
11259,249804
11260,240145
11261,230593
11262,220960
11263,211423
11264,201920
11265,192517
11266,184877
11267,175341
11268,165698
11269,156224
11270,146626
11271,137089
11272,128249
11273,118740
11274,109056
11275,99460
11276,89885
11277,80308
11278,70650
11279,63668
11280,54096
11281,44690
11283,25139
11284,15570
11285,6014
11286,1048092
11287,1038616
11288,1029897
11289,1020276
11290,1010854
11291,1001347
11292,991866
11293,984148
11294,974752
11295,965150
11296,955590
11297,946289
11298,936655
11299,927169
11300,917769
11301,908186
11302,898670
11303,889202
11304,880362
11305,870784
11306,863061
11307,853472
11308,843909
11309,834308
11310,824794
11311,815151
11312,805601
11313,797180
11314,787239
11315,777337
11316,767495
11317,758020
11318,748510
11319,740771
11320,732022
11321,722336
11322,712752
11323,703041
11324,693477
11325,683887
11326,674213
11327,664634
11328,655098
11329,645921
11330,636343
11331,628732
11332,619163
11333,609676
11334,600212
11335,590583
11336,581761
11337,572229
11338,562728
11339,553144
11340,543584
11341,534032
11342,524443
11343,514881
11344,507079
11345,497677
11346,487991
11347,478398
11348,468720
11349,459163
11350,449612
11351,440157
11352,431198
11353,421567
11354,411998
11355,402379
11356,392807
11357,385040
11358,375417
11359,365780
11360,356239
11361,346807
11362,337181
11363,327681
11364,318011
11365,308368
11366,298735
11367,289198
11368,280312
11369,270774
11370,262935
11371,253441
11372,243927
11373,234400
11374,224808
11375,215327
11376,205724
11377,196278
11378,186687
11379,177135
11380,167530
11381,157995
11382,148394
11383,140658
11384,131900
11385,122335
11386,112765
11387,103140
11388,93461
11389,84070
11390,74488
11391,64875
11392,55333
11393,45955
11394,36290
11395,28418
11396,18972
11397,9391
11398,1051510
11399,1042030
11400,1033122
11401,1023676
11402,1014101
11403,1004594
11404,995163
11405,985673
11406,976260
11407,966758
11408,958940
11410,939526
11411,930078
11412,920576
11413,910958
11414,901337
11415,891718
11416,882865
11417,874434
11418,864497
11419,854553
11420,844939
11421,835324
11422,827512
11423,818059
11424,808486
11425,799044
11426,789541
11427,780011
11428,770532
11429,760997
11430,751431
11431,741904
11432,733107
11433,723408
11434,713816
11435,706251
11436,696628
11437,686957
11438,677453
11439,667738
11440,658261
11441,648831
11442,639426
11443,629974
11444,620351
11445,610932
11446,601397
11447,591849
11448,584793
11449,575217
11450,565573
11451,556065
11452,546440
11453,536855
11454,527242
11455,517752
11456,508167
11457,498744
11458,489187
11459,479605
11460,471953
11461,462367
11462,452783
11463,443205
11464,434369
11465,424750
11466,415132
11467,405537
11468,395899
11469,386357
11470,376763
11471,367105
11472,357574
11473,350783
11474,341273
11475,331628
11476,321996
11477,312315
11478,302734
11479,293123
11480,284261
11481,274533
11482,264948
11483,255378
11484,245844
11485,236290
11486,228665
11487,219230
11488,209603
11489,200230
11490,190676
11491,181210
11492,171671
11493,162145
11494,152465
11495,142944
11496,134093
11497,124600
11498,115000
11499,107172
11500,97647
11501,88107
11502,78750
11503,69163
11504,59595
11505,50207
11506,40642
11507,31045
11508,21471
11509,11985
11510,2451
11511,1044665
11512,1037788
11513,1028380
11514,1018858
11515,1009260
11516,999748
11517,990150
11518,980643
11519,971940
11520,961999
11521,952091
11522,942606
11523,933011
11524,925335
11525,915884
11526,906380
11527,896747
11528,887870
11529,878178
11530,868570
11531,859110
11532,849488
11533,839794
11534,830305
11535,820700
11536,811299
11537,803682
11538,794265
11539,784814
11540,775313
11541,765762
11542,756214
11543,746652
11544,737776
11546,718207
11547,708751
11548,699063
11549,689579
11550,680000
11551,672183
11552,662619
11553,653193
11554,643643
11555,634246
11556,624768
11557,615238
11558,605697
11559,596031
11560,587254
11561,577697
11562,568089
11563,558434
11564,550691
11565,541033
11566,531396
11567,521845
11568,512166
11569,502793
11570,493223
11571,483655
11572,474094
11573,464495
11574,454836
11575,445263
11576,436394
11577,428608
11578,419060
11579,409491
11580,399832
11581,390213
11582,380567
11583,370973
11584,361438
11585,352024
11586,342495
11587,332799
11588,323212
11589,315266
11590,305758
11591,296187
11592,287272
11593,277675
11594,268157
11595,258537
11596,248960
11597,239335
11598,229812
11599,220320
11600,210782
11601,201488
11602,193660
11603,184160
11604,174634
11605,164997
11606,155450
11607,145866
11608,137006
11609,127477
11610,117862
11611,108208
11612,98646
11613,88994
11614,79417
11615,71832
11616,62270
11617,52876
11618,43316
11619,33652
11620,24059
11621,14552
11622,6098
11623,1047724
11624,1038926
11625,1029412
11626,1019889
11627,1010233
11628,1002643
11629,993047
11630,983547
11631,973932
11632,964369
11633,955036
11634,945427
11635,935863
11636,926292
11637,916756
11638,907136
11639,897580
11640,888735
11641,881064
11642,871522
11643,861958
11644,852502
11645,842919
11646,833441
11647,823825
11648,814214
11649,804838
11651,785276
11652,775699
11653,766009
11654,758216
11655,748608
11656,739754
11658,720152
11659,710626
11660,701083
11661,691386
11662,681837
11663,672205
11664,662628
11665,644287
11666,643718
11667,634150
11668,627260
11669,617791
11670,608226
11671,598618
11672,589709
11673,580160
11674,570552
11675,560976
11676,551309
11677,541783
11678,532227
11679,522684
11680,513036
11681,505751
11682,496081
11683,486410
11684,476921
11685,467268
11686,457703
11687,448153
11688,439237
11689,429636
11690,420074
11691,410477
11692,400836
11693,391314
11694,383506
11695,373882
11696,364327
11697,354929
11698,345371
11699,335765
11700,326123
11701,316456
11702,306792
11703,297110
11704,288155
11705,278527
11706,268832
11707,260962
11708,251319
11709,241666
11710,232000
11711,222429
11712,212906
11713,203512
11714,194011
11715,184443
11716,174865
11717,165324
11718,155697
11719,112256
11720,113227
11721,113236
11722,113307
11723,109547
11724,99890
11725,90308
11726,82117
11727,72232
11728,62275
11729,52375
11730,42473
11731,32924
11732,25274
11733,15785
11734,6285
11735,1049135
11736,1040259
11737,1030686
11738,1021133
11739,1011479
11740,1002005
11741,992558
11742,982958
11743,973323
11744,963781
11745,956279
11746,946765
11747,937150
11748,927606
11749,918063
11750,908463
11751,898841
11752,890030
11753,880508
11754,870977
11755,861492
11757,841827
11758,832244
11759,824419
11760,814835
11761,805436
11762,795881
11763,786370
11764,776900
11765,767423
11766,757926
11767,748430
11768,739605
11769,730032
11770,720554
11771,711043
11772,703169
11773,693709
11774,684073
11775,674545
11776,664941
11777,658064
11778,648214
11779,638359
11780,628486
11781,618634
11782,608729
11783,598885
11784,590608
11785,581116
11786,571596
11787,562044
11788,552456
11789,542876
11790,533298
11791,523601
11792,514058
11793,504724
11794,495029
11795,485460
11796,475887
11797,468127
11798,458705
11799,449075
11800,440252
11801,430633
11802,421047
11803,411417
11804,401853
11805,392155
11806,382536
11807,372935
11808,363307
11809,353909
11810,346225
11811,336605
11812,326980
11813,317338
11814,307739
11815,298112
11816,289193
11817,279632
11818,269961
11819,260420
11820,250723
11821,241129
11822,231693
11823,223766
11824,214235
11825,204846
11826,195237
11827,185704
11828,176136
11829,166558
11830,152255
11831,148105
11832,138338
11833,128846
11834,117816
11835,109558
11836,95845
11837,92309
11838,83005
11839,1009901
11840,1010059
11841,1010088
11842,1010122
11843,1010161
11844,1010231
11845,1010249
11846,1010302
11847,1010322
11848,1013282
11849,1013363
11850,1013381
11851,1010032
11852,1000133
11853,990400
11854,980822
11855,953062
11856,953059
11857,951784
11858,942170
11859,932499
11860,922877
11861,915896
11862,906254
11863,896636
11864,887859
11865,878195
11866,868550
11867,856327
11868,849317
11869,831260
11870,830240
11871,820659
11872,811268
11873,801897
11874,794190
11875,784631
11876,775105
11877,765450
11878,755886
11879,746316
11880,737377
11881,727809
11882,718246
11883,708585
11884,699003
11885,689333
11886,679693
11887,671912
11888,662283
11889,652803
11890,643155
11891,633603
11892,623999
11893,614355
11894,604851
11895,595288
11896,586467
11897,576833
11898,567259
11899,557608
11900,549842
11901,540226
11902,530602
11903,520926
11904,511369
11905,501981
11906,492372
11907,482703
11908,473060
11909,463511
11910,453805
11911,444180
11912,437238
11913,427548
11914,417991
11915,408400
11916,398812
11917,389247
11918,379713
11919,370116
11920,360530
11921,351138
11922,341478
11923,331870
11924,322224
11925,320073
11926,310634
11927,301089
11928,292216
11929,282341
11930,272559
11931,262992
11932,253317
11933,244943
11934,235023
11935,225066
11936,215112
11937,205312
11938,197616
11939,188107
11940,178472
11941,168900
11942,159319
11943,149770
11944,140860
11945,131398
11946,121826
11947,112168
11948,102507
11949,92966
11950,83465
11951,76024
11952,66452
11953,57029
11954,47433
11955,37811
11956,28204
11957,18656
11958,9001
11959,1020366
11960,1011592
11961,1001967
11962,992411
11963,982861
11964,975467
11965,965869
11966,956360
11967,946733
11968,937158
11969,927781
11970,918237
11971,908712
11972,899054
11973,889467
11974,879787
11975,870465
11976,863408
11977,853826
11978,844201
11979,834543
11980,824962
11981,815363
11982,805850
11983,796207
11984,786789
11985,777411
11986,767961
11987,758444
11988,748786
11989,740994
11990,731463
11991,721779
11992,712914
11993,703434
11994,693958
11995,684343
11996,674812
11998,655172
11999,645653
12000,635924
12001,626596
12002,617066
12003,609560
12004,600044
12005,590401
12006,580875
12007,571315
12008,562586
12009,552916
12010,543433
12011,533843
12012,524359
12013,514728
12014,505192
12015,495588
12016,487800
12017,478431
12018,468875
12019,459322
12020,449759
12021,440074
12022,430471
12023,420955
12024,412074
12025,402465
12026,392791
12027,383130
12028,373548
12029,365739
12030,356210
12031,346632
12032,337088
12033,327706
12034,318037
12035,309904
12036,300005
12037,290065
12038,280145
12039,270202
12040,260913
12041,252972
12042,243418
12043,233765
12044,224157
12045,214591
12046,205051
12047,195523
12048,186105
12049,176714
12050,167156
12051,157539
12052,148015
12053,138544
12054,131518
12055,122068
12056,113216
12057,103739
12058,94130
12059,84592
12060,75309
12061,65726
12062,56132
12063,46534
12064,36810
12065,27395
12066,17829
12067,10127
12068,1052329
12069,1042722
12070,1033240
12071,1023692
12072,1014769
12073,1005166
12074,995676
12075,986122
12076,976464
12077,966964
12078,957394
12079,947750
12080,940330
12081,930944
12082,921396
12083,911850
12084,902275
12085,892755
12086,883224
12087,873560
12088,864753
12089,855445
12090,845788
12091,836298
12092,826798
12093,818987
12094,809342
12095,799890
12096,790161
12097,780891
12098,771334
12099,761805
12100,752194
12101,742622
12102,733149
12103,723652
12104,714714
12105,706808
12106,697290
12107,687713
12108,678039
12109,668417
12110,658773
12111,649316
12112,639684
12113,630326
12114,620819
12115,611250
12116,601602
12117,592019
12118,584321
12119,574895
12120,565935
12121,556373
12122,546858
12123,537325
12124,527695
12125,518048
12126,508364
12127,498837
12128,489267
12129,479767
12130,470088
12131,462393
12132,452771
12133,443156
12134,433607
12135,424067
12136,415167
12137,405602
12138,397355
12139,387453
12140,377549
12141,367607
12142,357673
12143,348045
12144,340263
12145,330878
12146,321240
12147,311667
12148,302088
12149,292467
12150,282916
12151,273213
12152,264176
12153,254592
12154,245048
12155,235537
12156,225926
12157,218180
12158,208473
12159,199013
12160,189470
12161,180066
12162,170385
12163,160823
12164,151355
12165,141816
12166,132286
12167,122663
12168,113867
12169,106036
12170,96536
12171,87017
12172,77342
12173,67719
12174,58090
12175,48557
12176,38977
12177,29584
12178,19993
12179,10499
12180,1052646
12181,1043147
12182,1035541
12183,1025964
12184,1017204
12185,1007801
12186,998036
12187,988592
12188,979011
12189,969457
12190,960009
12191,950447
12192,940899
12193,931580
12194,921972
12195,914289
12196,904821
12197,895270
12198,885726
12199,876159
12200,867459
12201,857727
12202,848201
12203,838554
12204,828965
12205,819564
12206,810099
12207,800473
12208,792753
12209,783466
12210,773796
12211,764212
12212,754778
12213,745235
12214,735791
12215,726299
12216,717447
12217,707898
12218,698369
12219,688894
12220,679378
12221,671496
12222,661842
12223,652438
12224,642896
12225,633411
12226,623950
12227,614394
12228,604757
12229,595145
12230,585647
12231,575964
12232,567123
12233,559368
12234,549844
12235,540317
12236,530725
12237,521154
12238,511564
12239,502038
12240,492474
12241,483861
12242,473961
12243,464022
12244,454093
12245,444410
12246,437564
12247,428017
12248,419229
12249,409584
12250,399954
12251,390465
12252,380759
12253,371305
12254,361667
12255,352120
12256,342373
12257,333038
12258,323390
12259,315698
12260,306128
12261,296550
12262,287019
12263,277370
12264,268446
12265,258735
12266,249257
12267,239501
12268,230022
12269,220504
12270,210975
12271,201445
12272,193798
12273,184388
12274,174783
12275,165289
12277,145670
12278,136126
12279,126535
12280,117644
12281,108007
12282,98465
12283,88789
12284,79387
12285,69805
12286,62067
12287,52612
12288,42924
12289,33491
12290,23985
12291,14475
12292,4989
12293,1047316
12294,1037790
12295,1028285
12296,1019579
12297,1010102
12298,1002905
12299,993428
12300,983771
12301,974281
12302,964734
12303,955249
12304,945722
12305,936438
12306,926836
12307,917359
12308,907926
12309,898243
12310,888991
12311,881755
12312,872970
12313,863415
12314,853995
12315,844572
12316,835066
12317,825536
12318,815933
12319,806328
12320,796813
12321,787361
12322,777827
12323,768409
12324,760877
12325,751267
12326,741752
12327,732111
12328,723209
12329,713686
12330,704175
12331,694701
12332,687726
12333,678239
12335,658806
12336,649162
12337,639842
12338,632286
12339,622704
12340,613112
12341,603382
12342,593900
12343,584487
12344,575669
12345,567069
12346,557136
12347,547238
12348,537364
12349,527759
12350,518296
12351,510496
12352,500905
12353,491525
12354,482058
12355,472427
12356,462983
12357,453498
12358,443961
12359,434426
12360,425559
12361,415946
12362,406428
12363,398675
12364,389113
12365,379565
12366,369991
12367,360401
12368,350814
12369,341418
12370,331890
12371,322210
12372,312648
12373,303070
12374,293525
12375,283811
12376,276814
12377,267281
12378,257649
12379,248099
12380,238598
12381,228928
12382,219337
12383,209826
12384,200207
12385,190778
12386,181242
12387,171664
12388,162012
12389,154304
12390,144752
12391,135105
12392,126248
12393,116574
12394,107016
12395,97384
12396,87813
12397,78358
12398,68803
12399,59104
12400,49591
12401,40200
12402,32528
12403,22936
12404,13490
12405,3955
12406,1046548
12408,1027697
12409,1018175
12410,1008675
12411,999082
12412,992461
12413,982609
12414,972741
12415,962838
12416,953203
12417,943892
12418,934317
12419,924761
12420,915238
12421,905674
12422,896060
12423,886503
12424,877593
12425,868080
12426,858546
12427,848971
12428,841163
12429,831588
12430,822031
12431,812462
12432,802942
12433,793616
12434,784141
12435,774548
12436,764897
12437,755348
12438,745647
12439,736092
12440,727132
12441,720228
12442,710691
12443,701091
12444,691471
12445,681898
12446,672303
12447,662680
12448,653095
12449,644494
12450,634571
12451,624617
12452,614886
12453,605356
12454,597667
12455,588136
12456,579279
12457,569725
12458,560167
12459,550638
12460,541094
12461,531529
12462,521880
12463,512222
12464,502589
12465,493184
12466,483591
12467,475882
12468,466240
12469,456653
12470,447106
12471,437446
12472,428556
12473,419026
12474,409364
12475,399866
12476,390272
12477,380704
12478,371063
12479,361482
12480,353604
12481,344293
12482,334833
12483,325252
12484,315637
12485,306100
12486,296398
12487,286802
12488,277832
12489,268240
12490,258533
12491,249026
12492,241270
12493,231808
12494,222205
12495,212601
12496,203133
12497,193608
12498,184013
12499,174416
12500,164845
12501,155276
12502,145603
12503,136108
12504,127205
12505,119425
12506,109859
12507,100281
12508,90715
12509,81130
12510,71806
12511,62292
12512,52705
12513,43229
12514,33644
12515,24007
12516,14413
12517,4927
12518,1048877
12519,1039277
12520,1030453
12521,1021045
12522,1011553
12523,1002014
12524,992370
12525,982824
12526,973234
12527,963795
12528,954126
12529,944772
12530,935389
12531,927728
12532,918261
12533,908695
12534,899141
12535,889483
12536,880619
12537,870904
12538,861420
12539,852077
12540,842432
12541,832909
12542,823350
12543,813803
12544,806041
12545,796700
12546,787089
12547,777582
12548,767956
12549,758458
12550,748784
12551,740351
12552,730434
12553,720752
12554,711209
12555,701584
12556,693917
12557,684342
12558,674818
12559,665353
12560,655883
12561,646627
12562,637162
12563,627766
12564,618191
12565,608676
12566,599194
12567,589614
12568,580705
12569,572899
12570,563480
12571,553953
12572,544401
12573,534793
12574,525154
12575,515605
12576,505922
12577,496414
12578,486859
12579,477341
12580,467757
12581,458201
12582,450343
12583,440812
12584,431883
12585,422268
12586,412759
12587,403138
12588,393537
12589,383922
12590,374326
12591,364722
12592,355240
12593,345714
12594,336077
12595,328289
12596,318851
12597,309067
12598,299474
12599,289840
12600,280780
12601,271249
12602,261673
12603,252144
12604,242599
12605,233048
12606,223450
12607,213943
12608,206148
12609,196762
12610,187117
12611,177633
12612,168114
12613,158546
12614,148967
12615,139287
12616,130376
12617,120805
12618,111188
12619,101516
12620,93667
12621,84175
12622,74584
12623,64944
12624,55354
12625,46038
12626,36450
12627,26907
12628,17292
12629,7740
12630,1050251
12631,1040638
12632,1031806
12633,1025194
12634,1015713
12635,1006053
12636,996422
12637,986775
12638,977222
12639,967707
12640,958221
12641,948828
12642,939248
12643,929577
12644,920057
12645,910455
12646,902937
12647,893435
12648,884460
12649,874842
12650,865289
12651,855645
12652,846138
12653,837938
12654,828020
12655,818071
12656,808180
12657,798235
12658,788614
12659,780838
12660,771279
12661,761605
12662,752081
12663,742546
12664,733659
12665,724126
12666,714409
12667,704988
12668,695394
12669,685854
12670,676250
12671,666670
12672,658920
12673,649632
12674,640116
12675,630653
12676,621055
12677,611517
12678,601893
12679,592336
12680,583469
12681,573904
12682,564369
12683,554776
12684,547074
12685,537598
12686,528040
12687,518440
12688,508779
12689,499457
12690,489898
12691,480183
12692,470499
12693,460953
12694,451347
12695,441632
12696,432805
12697,425220
12698,415618
12699,406081
12700,396421
12701,386891
12702,377296
12703,367750
12704,358193
12705,348663
12706,339130
12707,329494
12708,319966
12709,310353
12710,302601
12711,292948
12712,284005
12713,274398
12714,264865
12715,255278
12716,245738
12717,236149
12718,226557
12719,217082
12720,207444
12721,198148
12722,188566
12723,180811
12724,171348
12725,161821
12726,152228
12727,142629
12728,133791
12729,124143
12730,114592
12731,104955
12732,95351
12733,85901
12734,76223
12735,66525
12736,70745
12737,61374
12738,51851
12739,42300
12740,32754
12741,23288
12742,13667
12743,4063
12744,1415188
12745,1410430
12746,1405215
12747,1399065
12748,1429485
12749,1424870
12750,1418720
12751,1412712
12752,1406616
12753,1402971
12754,1396658
12755,1392100
12756,1384174
12757,1377597
12758,1371487
12759,1365107
12760,1367719
12761,1372661
12762,1366562
12763,1360062
12764,1353984
12765,1347642
12766,1341453
12767,1335230
12768,1328818
12770,1315958
12771,1309664
12772,1303286
12773,1296998
12774,1290430
12775,1286374
12776,1295057
12777,1288493
12778,1282145
12779,1275953
12780,1269539
12781,1263031
12782,1256877
12783,1250330
12784,1243991
12785,1239736
12786,1232981
12787,1226392
12788,1229403
12789,1224876
12790,1218540
12791,1212374
12792,1213300
12793,1207165
12794,1201271
12795,1195068
12796,1188892
12797,1182738
12798,1176187
12799,1169817
12800,1163723
12801,1168503
12802,1162419
12803,1156437
12804,1149721
12805,1143217
12806,1136923
12807,1130262
12808,1131175
12809,1124903
12810,1118403
12811,1111939
12812,1105609
12813,1108044
12814,1102062
12815,1096077
12816,1089552
12817,1085250
12818,1079210
12819,1072471
12820,1066061
12821,1060012
12822,1054394
12823,1048035
12824,1049008
12825,1042438
12826,1039024
12827,1039182
12828,1032881
12829,1024345
12830,1020621
12831,832425
12832,832857
12833,835629
12834,835822
12835,835964
12836,836833
12837,837109
12838,837918
12839,851929
12840,864129
12841,864626
12842,865146
12843,865796
12844,866173
12845,866881
12846,867309
12847,867923
12848,868774
12849,871102
12850,869676
12851,863342
12852,865892
12853,860236
12854,853935
12855,847550
12856,848746
12857,842362
12858,828317
12859,829406
12860,823045
12861,816463
12862,810309
12863,808207
12864,801848
12865,808690
12866,802697
12867,796214
12868,787019
12869,783466
12870,771374
12871,770264
12872,771012
12873,762560
12874,757845
12875,751574
12876,745115
12877,746902
12878,741128
12879,734584
12880,728147
12881,724176
12882,718181
12883,711936
12884,706038
12885,699550
12886,693084
12887,686816
12888,687889
12889,681542
12890,683603
12891,677609
12892,671670
12893,666130
12894,659647
12895,653116
12896,648513
12897,675872
12898,669532
12899,663605
12900,657206
12901,650801
12902,644799
12903,648380
12904,650133
12905,644140
12906,637850
12907,631805
12908,625828
12909,619970
12910,613641
12911,607434
12912,600758
12914,586710
12915,579897
12916,573548
12917,576479
12918,570221
12919,563790
12920,564979
12921,801844
12922,794793
12923,785381
12924,775932
12925,766283
12926,756823
12927,747563
12928,738007
12929,729257
12930,725942
12931,716410
12932,706949
12933,697349
12934,687823
12935,678205
12936,669610
12937,660578
12938,651005
12939,641444
12940,631859
12941,622415
12942,614853
12943,605722
12944,596188
12945,586837
12946,577183
12947,567685
12948,558105
12949,548680
12950,539228
12951,529627
12952,520839
12953,511433
12954,501906
12955,494657
12956,485171
12957,475558
12958,466047
12959,456510
12960,446927
12961,437607
12962,429820
12963,419897
12964,409947
12965,400008
12966,390164
12968,371516
12969,363983
12970,354426
12971,344869
12972,335287
12973,325752
12974,316333
12975,306760
12976,297308
12977,288013
12978,278598
12979,269263
12980,259772
12981,250188
12982,242564
12983,233148
12984,224407
12985,214944
12986,205453
12987,195793
12988,186321
12989,176709
12990,167114
12991,157422
12993,138044
12994,128462
12995,118890
12996,111269
12997,101805
12998,92267
13000,73451
13001,63841
13002,54161
13003,44868
13004,35319
13005,25698
13006,16167
13007,6650
13008,1055525
13009,1051929
13010,1042477
13011,1032946
13012,1023497
13013,1013990
13014,1004322
13015,994699
13016,986044
13017,976369
13018,966731
13019,957202
13020,947566
13021,937935
13022,930622
13023,921054
13024,911412
13025,902072
13026,892438
13027,882862
13028,873346
13029,863715
13030,854251
13031,844755
13032,835962
13033,826438
13034,816861
13035,809185
13036,800142
13037,790616
13038,781127
13039,771565
13040,762059
13041,752755
13042,743294
13043,737177
13044,727337
13045,717487
13046,707609
13047,697712
13048,688531
13049,679015
13050,669512
13051,659985
13052,650467
13053,640882
13054,631248
13055,621675
13056,612132
13057,602713
13058,593078
13059,583526
13060,573846
13061,566185
13062,556704
13063,547140
13064,538381
13065,528819
13066,519150
13067,512002
13068,502102
13069,492148
13070,482234
13071,472291
13072,462338
13073,453984
13074,444430
13075,434826
13076,425263
13077,415632
13078,405999
13079,396478
13080,387456
13082,367818
13083,358164
13084,348487
13085,338867
13086,329199
13087,321440
13088,312022
13089,302627
13090,293117
13091,283494
13092,273901
13093,264231
13094,254682
13095,245067
13096,236365
13097,226832
13098,217230
13099,207600
13100,201634
13101,192103
13102,182554
13103,172940
13104,163381
13105,153982
13106,144487
13107,134830
13108,125242
13109,115683
13110,106046
13111,96407
13112,88213
13113,80626
13114,70992
13115,61583
13116,51997
13117,42371
13118,32761
13119,23154
13120,13834
13121,4424
13122,1054180
13123,1044663
13124,1035165
13125,1025493
13126,1021142
13127,1011716
13128,1003528
13129,993915
13130,984412
13131,974789
13132,965292
13133,955642
13134,946112
13135,936430
13136,926889
13137,917583
13138,909984
13139,900461
13140,890790
13141,881138
13142,871634
13143,861993
13144,853193
13145,843642
13146,834262
13147,824704
13148,815223
13149,805607
13150,796000
13151,788331
13152,778771
13153,769354
13154,759842
13155,750374
13156,740704
13157,731218
13158,721724
13159,712117
13160,703347
13161,693817
13162,684240
13163,674736
13164,666895
13165,657593
13166,648046
13167,638392
13168,628909
13169,619662
13170,610152
13171,602818
13172,592960
13173,583018
13174,573086
13175,563179
13176,553560
13177,545796
13178,536266
13179,526668
13180,517144
13181,507609
13182,498079
13183,488392
13184,478893
13185,469546
13186,459937
13187,450346
13188,440803
13189,431190
13190,423521
13191,413938
13192,405040
13193,395495
13194,385893
13195,376315
13196,366764
13197,357086
13198,347591
13199,338013
13200,328346
13201,319003
13202,311354
13203,301747
13204,292183
13205,282520
13206,272857
13207,263332
13208,254604
13209,245036
13210,235428
13211,225894
13212,216313
13213,206773
13215,187099
13216,179229
13217,169950
13218,160343
13219,150765
13220,141223
13221,131558
13222,122012
13223,112660
13224,103720
13225,94181
13226,85019
13227,75475
13228,65918
13229,58379
13230,48731
13231,39102
13232,29558
13233,20209
13234,10656
13235,1127811
13236,1118456
13237,1109172
13239,1089726
13240,1084145
13241,1077045
13242,1069388
13243,1084593
13244,1078043
13245,1070552
13246,1063318
13247,1056338
13248,1048860
13249,1042853
13250,1035899
13251,1028215
13252,1020994
13253,1013716
13254,1006466
13255,999019
13256,1004586
13257,997288
13258,990106
13259,983271
13260,974863
13261,966088
13262,957035
13263,947700
13264,938343
13265,929149
13266,919865
13267,910334
13268,903075
13269,893532
13270,884141
13271,874610
13272,865780
13273,856147
13274,846545
13275,836937
13276,829063
13277,819173
13278,809236
13279,799283
13280,789390
13281,782051
13282,772494
13283,763003
13284,753394
13285,743968
13286,734494
13287,725001
13288,716349
13289,706788
13290,697293
13291,687856
13292,678375
13293,668869
13294,662645
13295,653117
13296,643518
13297,634247
13298,624736
13299,615177
13300,605618
13301,596153
13302,586554
13303,579913
13304,571328
13305,561700
13306,552083
13307,544634
13308,535203
13309,525527
13310,515981
13311,506331
13313,487094
13314,477482
13315,467878
13316,458390
13317,448993
13318,439382
13319,430017
13320,421236
13321,413467
13322,404063
13323,394723
13324,385115
13325,375679
13326,366098
13327,356566
13328,347057
13329,337675
13330,328052
13331,318664
13332,309016
13333,301555
13334,292233
13335,282572
13336,273845
13337,264388
13338,254860
13339,245250
13340,236443
13341,227114
13342,217508
13343,207943
13344,198276
13345,188967
13346,181729
13347,172194
13348,162767
13349,153211
13350,143656
13351,134102
13352,125313
13353,115727
13354,106219
13355,96705
13356,87019
13357,77398
13358,67780
13359,60167
13360,50546
13361,41258
13362,31648
13363,22415
13364,12851
13365,3224
13366,1057955
13367,1048542
13368,1040412
13369,1030749
13370,1021308
13371,1011697
13372,1007439
13373,997969
13374,988368
13375,978768
13376,969259
13377,959836
13378,950163
13379,942488
13380,932551
13381,922610
13382,912666
13383,902697
13384,893363
13385,885687
13386,876091
13387,866438
13388,856853
13389,847191
13390,837593
13391,828323
13392,818656
13393,809397
13394,799922
13395,790384
13397,770873
13398,763099
13399,753562
13400,744737
13401,735162
13402,725620
13404,705978
13405,696568
13406,687048
13407,677433
13408,667924
13409,658616
13410,649121
13411,639648
13412,632017
13413,622403
13414,612908
13415,603194
13416,594435
13417,584869
13418,575568
13420,556036
13421,546542
13422,536976
13423,527291
13424,517713
13425,508345
13426,500545
13427,491041
13428,481409
13429,471967
13430,462369
13431,452744
13432,443987
13433,434460
13434,424810
13435,415112
13436,405543
13437,395836
13438,386283
13439,378697
13440,369162
13441,359765
13442,350195
13443,340529
13444,331127
13445,321591
13446,312003
13447,302453
13448,293619
13449,284052
13450,274389
13451,264762
13452,256928
13453,247314
13454,237796
13455,228342
13456,218793
13457,209391
13458,199855
13459,190131
13460,180612
13461,171077
13462,161458
13463,151854
13464,144772
13465,135276
13466,125684
13467,116031
13468,106442
13469,96880
13470,87174
13471,78061
13472,68562
13473,59226
13474,49656
13475,40068
13476,30501
13477,22777
13478,13508
13479,3987
13480,1052373
13481,1043026
13482,1033494
13483,1023950
13484,1016456
13485,1006582
13486,996642
13488,976708
13489,966769
13490,957158
13491,954205
13492,944596
13493,935145
13494,925462
13495,915882
13496,907193
13497,897615
13498,888033
13500,868407
13501,858775
13502,849299
13503,839634
13504,830062
13505,822830
13506,813200
13507,803616
13508,794173
13509,784668
13510,775281
13511,765841
13512,757059
13513,747505
13514,738036
13515,728547
13516,719010
13517,709486
13518,701765
13519,692247
13520,682714
13521,673416
13522,663892
13523,654413
13524,644735
13525,635290
13527,615871
13528,607177
13529,597748
13530,588275
13531,580577
13532,571042
13533,561557
13534,552193
13535,542613
13536,533185
13537,523854
13538,514332
13539,505014
13540,495468
13541,486071
13542,476527
13543,466978
13544,460260
13545,450663
13546,441084
13547,431490
13548,421892
13549,412204
13550,402668
13551,393000
13552,383367
13554,363922
13555,354359
13556,344805
13557,335191
13558,327541
13559,317990
13560,309206
13561,299706
13562,290137
13563,280606
13564,271000
13565,261343
13566,251799
13567,242189
13568,232648
13569,223232
13570,213802
13571,206476
13572,196866
13573,187235
13574,177753
13575,168171
13576,159352
13577,149851
13578,140238
13579,130630
13580,121150
13581,111661
13582,102122
13583,92605
13584,85448
13585,76108
13586,66629
13587,56921
13588,47371
13589,37863
13590,28343
13591,20236
13592,10346
13593,1059631
13594,1050144
13595,1040674
13596,1036190
13597,1026662
13598,1017061
13599,1007480
13600,997911
13601,989032
13602,979431
13603,969727
13604,960224
13605,950616
13606,940988
13607,931443
13608,922670
13609,915103
13610,905481
13611,895859
13612,886236
13613,876690
13614,867262
13615,857585
13616,848103
13617,838708
13618,829293
13619,821717
13620,812265
13621,802789
13622,795058
13623,785405
13624,776594
13625,767055
13626,757557
13627,748046
13628,738523
13629,729034
13630,719508
13631,710018
13632,700531
13633,691192
13634,681688
13635,674004
13636,664459
13637,655145
13638,645681
13639,636228
13640,627655
13641,618135
13642,608660
13643,599097
13644,589587
13645,580109
13646,570543
13647,560914
13648,553236
13649,543989
13650,534513
13651,524953
13652,515489
13653,505995
13654,496408
13655,486875
13656,478016
13657,468572
13658,458956
13659,449371
13660,441499
13661,432001
13662,422393
13663,412818
13664,403331
13665,394093
13666,384589
13667,375045
13669,355383
13670,345790
13671,336111
13672,327078
13673,317572
13674,309687
13675,300169
13676,290572
13677,280982
13678,271577
13679,262145
13680,252575
13681,243380
13682,233717
13683,224158
13684,214599
13685,205060
13686,198441
13687,189566
13688,180400
13689,170750
13690,161146
13691,151714
13692,142136
13693,132610
13694,125061
13695,115155
13696,105218
13697,95312
13698,85386
13699,75475
13700,67958
13701,58417
13703,38863
13704,30035
13705,20509
13706,1133307
13707,1123800
13708,1114212
13709,1104760
13710,1095337
13711,1085660
13712,1076223
13713,1066867
13714,1059683
13715,1050127
13716,1040471
13717,1030971
13718,1021407
13719,1011898
13720,1003104
13721,993458
13722,983797
13723,974266
13724,964755
13725,955148
13726,947339
13727,937797
13728,928168
13729,918693
13730,909115
13731,899514
13732,889910
13733,880376
13734,870714
13735,861243
13736,852440
13737,842942
13738,833259
13739,825477
13740,815981
13741,806399
13742,796868
13743,787207
13744,777754
13746,758405
13747,748821
13748,739153
13749,729506
13750,719904
13751,710414
13752,701607
13753,693940
13754,684305
13755,674686
13756,665069
13757,655526
13759,635891
13760,626339
13761,617130
13762,607495
13763,597973
13764,588354
13765,578804
13766,569232
13767,561619
13768,552771
13769,543210
13770,533530
13771,523873
13772,514244
13773,504695
13774,495136
13775,485558
13776,475998
13777,466567
13778,420163
13779,420164
13780,422025
13781,422011
13782,419837
13783,410290
13784,401483
13785,391861
13786,382212
13787,372654
13788,362944
13789,353332
13790,343780
13791,334092
13792,326452
13793,317133
13794,307576
13795,297902
13796,288344
13797,278677
13798,269034
13799,261662
13800,251765
13801,241819
13802,231898
13803,222115
13804,212506
13805,204877
13806,195270
13807,185763
13808,176147
13809,166703
13810,157097
13811,147525
13812,137944
13813,128270
13814,118709
13815,109339
13816,100476
13817,90920
13818,83488
13819,73808
13820,64251
13821,54651
13822,45071
13823,35485
13824,25953
13825,16666
13826,7180
13827,1051598
13828,1042155
13829,1032727
13830,1023161
13831,1016736
13832,1008258
13833,992700
13834,989108
13835,979524
13836,969931
13837,958629
13838,950626
13839,934449
13840,931467
13841,921968
13842,912445
13843,902889
13844,895440
13845,777453
13846,777297
13847,777389
13848,778513
13849,778579
13850,778623
13852,778550
13853,778579
13854,778609
13855,778660
13856,778251
13857,770686
13858,761122
13859,751542
13860,741947
13861,716378
13862,716414
13863,712984
13864,704133
13865,694465
13866,684885
13867,675261
13868,665689
13869,656118
13870,648554
13871,638940
13872,629410
13873,619934
13874,610441
13875,594835
13876,591219
13877,581653
13878,572064
13879,562396
13880,553582
13881,544122
13882,534478
13883,527557
13884,517922
13885,508263
13886,498786
13887,489127
13888,479623
13889,470263
13890,460662
13892,441070
13893,431464
13894,421887
13895,412225
13896,403437
13897,395804
13898,386238
13899,376625
13900,367027
13901,357437
13902,347895
13903,338353
13904,330348
13905,320400
13906,310454
13907,300537
13908,290599
13909,280805
13910,273348
13911,263754
13912,254832
13913,245150
13914,235562
13915,225975
13916,216407
13917,206691
13918,197178
13919,187662
13920,178135
13921,168778
13922,161024
13923,151463
13924,141818
13925,132335
13926,122772
13927,113108
13928,104381
13929,94820
13930,85173
13931,75934
13932,66378
13933,56699
13934,47187
13935,39479
13936,29937
13937,20543
13938,11161
13939,1685
13940,1053437
13941,1043983
13942,1034492
13943,1024935
13944,1016097
13945,1006453
13946,996862
13947,987237
13948,979686
13949,970112
13950,960486
13951,950857
13952,941251
13953,931948
13954,922311
13955,912781
13956,903170
13957,893668
13958,884123
13959,874404
13960,865530
13961,857958
13962,848377
13963,838743
13964,829224
13965,819681
13966,810196
13967,800715
13968,791043
13969,781599
13970,772089
13971,762647
13972,753206
13973,743674
13974,735996
13975,726401
13976,717702
13977,708117
13978,698563
13979,689160
13980,679603
13981,670108
13982,660536
13983,650994
13984,641583
13985,632302
13986,624608
13987,615076
13988,605572
13989,596038
13990,586607
13991,577126
13992,568362
13993,558757
13994,549287
13995,539734
13996,530112
13997,520559
13998,511033
13999,503282
14000,493829
14001,484480
14002,474913
14003,465429
14004,455778
14005,446265
14006,438472
14007,428596
14008,418646
14009,408746
14010,399228
14011,389698
14013,372059
14014,362499
14015,352979
14016,343542
14017,334149
14018,324596
14019,315025
14020,305480
14021,295866
14022,286335
14023,276717
14024,267938
14025,258309
14026,250576
14027,241136
14028,231590
14029,222034
14030,212533
14031,202909
14032,193318
14033,184011
14034,174469
14035,164837
14036,155328
14037,145716
14038,136118
14039,128416
14040,119590
14041,110013
14042,100463
14043,90908
14044,81870
14045,72296
14046,62663
14047,53017
14048,43523
14049,34195
14050,24634
14051,17104
14052,7664
14053,1062336
14054,1054819
14055,1046728
14056,1042661
14057,1034935
14058,1029375
14059,1028889
14060,1021339
14061,1013165
14062,1005252
14063,997677
14064,996056
14065,989576
14066,981953
14067,973892
14068,965897
14069,958402
14070,950454
14071,942394
14072,938335
14073,930169
14074,922322
14075,914479
14076,906370
14077,903877
14078,894531
14079,885120
14080,875541
14081,866223
14082,856669
14083,847110
14084,837531
14085,827848
14086,818426
14087,808750
14088,799937
14089,790369
14090,782740
14091,773135
14092,763501
14093,754019
14094,744314
14095,734788
14096,725371
14097,716046
14098,706503
14099,696958
14100,687402
14101,677909
14102,668323
14103,660681
14104,651902
14105,642384
14106,632746
14107,623224
14108,613758
14109,604164
14110,595973
14111,586065
14112,576121
14113,566181
14114,556279
14115,548491
14116,538878
14117,529346
14118,519790
14119,510247
14120,501372
14121,491811
14122,482205
14123,472531
14124,462998
14125,453278
14126,443750
14127,434139
14128,426370
14129,416968
14130,407367
14131,397777
14132,388236
14133,378619
14134,368937
14135,359343
14136,350421
14137,340795
14138,331253
14139,321676
14140,312095
14141,304376
14142,294854
14144,275210
14145,265824
14146,256202
14147,246659
14148,237080
14149,227493
14150,217928
14151,208339
14152,199477
14153,189903
14154,180280
14155,172640
14156,163223
14157,153826
14158,144253
14159,134712
14160,125117
14161,115766
14162,106136
14163,96594
14164,86956
14165,77370
14166,67657
14167,58130
14168,51231
14169,41711
14170,32162
14171,22596
14172,13039
14173,3478
14174,1060643
14175,1053197
14176,1046036
14177,1040115
14178,1032428
14179,1025008
14180,1025696
14181,1018055
14182,1010924
14183,1003752
14184,1000941
14185,993659
14186,986882
14187,979245
14188,971896
14189,964767
14190,957052
14192,939945
14193,933227
14194,928276
14195,918980
14196,909678
14197,900359
14198,890941
14199,881237
14200,872427
14201,862896
14202,853240
14203,843615
14204,834062
14205,824611
14206,815148
14207,807628
14208,798022
14209,788740
14210,779141
14211,769531
14212,759932
14213,750476
14214,742729
14215,732823
14216,722917
14217,712977
14218,703503
14219,693944
14220,686208
14221,676616
14222,667149
14223,657646
14224,648132
14225,638856
14226,629284
14227,619760
14228,610372
14229,600715
14230,591230
14231,581733
14232,572943
14233,565766
14234,556173
14235,546713
14236,537211
14237,527713
14238,518189
14239,508752
14240,499179
14241,489889
14242,480187
14243,470635
14244,461018
14245,453248
14246,443644
14247,433988
14248,425143
14249,415515
14250,405918
14251,396294
14252,386801
14253,377174
14254,367627
14255,358017
14256,348369
14257,338968
14258,331126
14259,321524
14260,311855
14261,302282
14262,292798
14263,283306
14264,274530
14265,265005
14266,255343
14267,245739
14268,236096
14269,226519
14270,216974
14271,210222
14272,200585
14273,191281
14274,181694
14275,172210
14276,162622
14277,153026
14278,143450
14279,133991
14280,125144
14281,115655
14282,106039
14283,96556
14284,88799
14285,79307
14286,69772
14287,60101
14288,50596
14289,41298
14291,21707
14292,12280
14293,2643
14294,1059520
14295,1050066
14296,1041783
14297,1032260
14298,1027409
14299,1017814
14300,1008280
14301,998646
14302,988952
14303,979378
14304,969824
14305,960387
14306,950765
14307,941070
14308,931587
14309,921936
14310,913889
14311,904260
14312,895399
14313,885850
14314,876292
14315,866572
14316,856986
14317,847271
14318,839537
14319,829602
14320,819654
14321,809747
14322,799797
14323,791293
14324,781732
14325,775736
14326,765880
14327,756028
14328,746133
14329,736242
14330,726348
14331,716454
14332,706516
14333,696573
14334,686740
14335,676823
14336,667797
14337,658425
14338,648811
14339,639266
14340,629851
14341,620247
14342,610687
14343,601075
14344,592086
14345,582535
14346,573045
14347,563446
14348,553857
14349,545417
14350,535846
14351,526312
14352,516597
14353,507103
14354,497570
14355,487848
14357,468297
14358,458664
14359,449048
14360,440157
14361,430266
14362,420467
14363,412060
14364,402412
14365,392777
14366,383224
14367,373501
14368,363881
14369,354466
14370,344780
14371,335102
14372,325501
14373,316017
14374,306413
14375,298058
14376,289101
14377,279387
14378,269857
14379,260250
14380,250569
14381,241025
14382,231348
14383,221747
14384,212187
14385,202753
14386,193183
14387,183603
14388,175209
14389,165602
14390,155975
14391,146395
14392,137455
14393,127922
14394,118291
14395,108647
14396,99020
14397,89364
14398,79817
14399,70671
14400,61072
14401,52981
14402,43393
14403,33810
14404,24262
14405,14785
14406,5172
14407,1124380
14408,1116469
14409,1106921
14410,1097352
14411,1087875
14412,1078299
14413,1068774
14414,1064927
14415,1055313
14416,1045747
14417,1036467
14418,1026891
14419,1017252
14420,1007700
14421,999482
14422,989537
14423,979635
14424,970132
14425,960531
14426,950964
14427,943453
14428,933954
14429,924453
14430,914949
14431,905332
14432,895898
14434,876610
14435,867280
14436,857849
14437,848238
14438,838799
14439,829302
14440,822548
14441,813044
14442,803504
14443,794054
14444,784732
14445,775411
14446,766309
14447,757687
14448,749241
14449,743255
14450,736783
14451,729413
14452,722085
14453,721866
14454,714456
14455,707246
14456,705534
14457,698041
14458,690822
14459,683923
14460,676441
14461,669053
14462,662066
14463,654773
14464,647812
14465,642048
14466,644662
14467,635293
14468,626038
14469,616607
14470,606909
14471,597460
14472,588646
14473,579106
14474,569557
14475,560090
14476,550404
14477,540878
14478,531198
14479,523764
14480,514219
14481,504885
14482,495395
14483,501297
14484,491665
14485,482029
14486,472452
14487,462826
14488,453910
14489,444292
14490,434653
14491,425057
14492,417031
14493,407546
14494,398113
14495,388649
14496,379096
14497,369728
14498,360164
14499,350468
14500,340911
14501,331409
14502,321794
14503,312268
14504,304752
14505,295172
14506,285587
14507,276124
14508,266486
14509,256897
14510,247332
14511,238637
14512,229030
14513,219693
14514,210046
14515,200482
14516,190961
14517,182971
14518,173418
14519,163856
14520,154888
14521,145412
14522,135821
14523,126185
14524,116549
14525,108084
14526,98134
14527,88200
14528,78253
14529,68615
14530,60266
14531,50701
14532,41202
14533,31296
14534,21870
14535,12305
14536,3406
14537,1179241
14538,1173009
14539,1166129
14540,1159291
14541,1152076
14542,1144704
14543,1163838
14544,1156652
14545,1153146
14546,1146222
14548,1134563
14549,1125121
14550,1115490
14551,1105925
14552,1097308
14553,1087728
14554,1078215
14555,1068699
14556,1059057
14557,1051726
14558,1042163
14559,1032598
14560,1023101
14561,1013894
14562,1004334
14563,994699
14564,985043
14565,975456
14566,965815
14567,956348
14568,947601
14569,939899
14570,930431
14571,920769
14572,911275
14573,901776
14574,892259
14575,882824
14576,873290
14577,863890
14578,854364
14579,844911
14580,835414
14581,825915
14582,818571
14583,809106
14584,800411
14585,791162
14586,781674
14587,772132
14588,762622
14589,753114
14590,743651
14591,734128
14592,724880
14593,715632
14594,706180
14595,698620
14596,689001
14597,679427
14598,669963
14599,660330
14600,651577
14601,641988
14602,632356
14603,622810
14604,613119
14605,603506
14606,594003
14607,584374
14608,577136
14609,567764
14610,558197
14611,548796
14612,539243
14613,529585
14614,520079
14615,510425
14616,501481
14617,491969
14618,482384
14619,472791
14620,463139
14621,455498
14622,445928
14623,436302
14624,426753
14625,417456
14626,407997
14627,400192
14628,390317
14629,380365
14630,370458
14631,360508
14632,351169
14633,343642
14634,334075
14635,324733
14636,315177
14637,305543
14638,295985
14639,286407
14640,276802
14641,267337
14642,258304
14643,248752
14644,239132
14645,229631
14646,222004
14647,212507
14648,203744
14649,194116
14650,184487
14651,174964
14652,165417
14653,155740
14655,136184
14656,126582
14657,117176
14658,107501
14659,98008
14660,91927
14661,82520
14662,73062
14663,63469
14664,54587
14665,44906
14666,35392
14667,26042
14668,16561
14669,7098
14670,1017287
14671,1007850
14672,998466
14673,995800
14674,986317
14675,976891
14676,967348
14677,957753
14678,948200
14679,938642
14680,929975
14681,920644
14682,910870
14683,901372
14684,891766
14685,882173
14686,875201
14687,865772
14688,856224
14689,846886
14690,837366
14691,827893
14692,818383
14693,809051
14694,799436
14695,789883
14696,781244
14697,771794
14698,764331
14699,754867
14700,745251
14701,735752
14702,726147
14703,716739
14704,707246
14705,698055
14706,688454
14707,679000
14708,669548
14709,660000
14710,650504
14711,643430
14712,634794
14713,625540
14714,615982
14715,606407
14716,596765
14717,587301
14718,577679
14719,568176
14720,558646
14721,549272
14722,539725
14723,530091
14724,522524
14725,512970
14726,503522
14727,493992
14728,485136
14729,475698
14730,466172
14731,458384
14732,448526
14733,438577
14734,428589
14735,418713
14736,408771
14737,401281
14738,391759
14739,382254
14740,372652
14741,363186
14742,353584
14743,343880
14744,335110
14745,325605
14746,316070
14747,306489
14748,296981
14749,287341
14750,280438
14751,270736
14752,261287
14753,251751
14754,242342
14755,232846
14756,223235
14757,213766
14758,204344
14759,194869
14760,186116
14761,176623
14762,168999
14763,159574
14764,149885
14765,140433
14766,130844
14767,121320
14768,111762
14769,102444
14770,92864
14771,83805
14772,74291
14773,64655
14774,55194
14775,48117
14776,39342
14777,29828
14778,20300
14779,10863
14780,1057446
14781,1042847
14782,1038552
14783,1029036
14784,1019448
14785,1010385
14786,1000922
14787,991276
14788,986597
14789,977076
14790,967550
14791,957900
14792,949134
14793,939604
14794,930023
14795,920419
14796,910872
14797,901180
14798,891699
14799,882051
14800,872499
14801,865097
14802,855465
14803,845838
14804,836347
14805,826610
14806,817234
14807,807616
14808,798755
14809,789119
14810,779868
14811,770199
14812,760749
14813,751309
14814,743569
14815,734037
14816,724503
14817,715112
14818,705472
14819,696025
14820,686378
14821,676904
14822,667307
14823,657780
14824,649006
14825,639359
14826,631619
14827,622013
14828,612494
14829,602905
14830,593378
14831,583890
14832,574252
14833,564925
14834,556599
14835,546659
14836,536705
14837,526796
14838,515828
14839,509266
14840,500490
14841,490814
14842,344825
14843,344846
14844,344852
14845,344850
14846,344910
14847,344974
14848,344942
14849,345008
14850,344974
14851,345009
14852,347486
14853,347522
14854,347535
14855,347546
14856,346653
14857,337043
14858,327434
14859,317883
14860,308235
14861,290951
14862,289137
14863,279575
14864,270058
14865,260466
14866,252840
14867,240410
14868,233592
14869,221369
14870,214583
14871,205054
14872,196218
14873,186558
14874,176853
14875,167296
14876,150135
14877,148116
14878,140430
14879,130877
14880,121455
14881,112081
14882,102506
14883,92840
14884,83283
14885,74052
14886,64541
14887,54902
14888,45947
14889,36488
14890,28859
14891,19380
14892,9809
14893,1058768
14894,1049328
14895,1039797
14896,1030350
14897,1021385
14898,1011834
14899,1002222
14900,992695
14901,983126
14902,973578
14903,968679
14904,960059
14905,950479
14906,940893
14907,931210
14908,921703
14909,912084
14910,902485
14911,892803
14912,883319
14914,864022
14915,854518
14916,844927
14917,837360
14918,827842
14919,818340
14920,809744
14921,800250
14922,790604
14923,781010
14924,771517
14925,761834
14926,752360
14927,742867
14928,733329
14929,724031
14930,716450
14931,706919
14932,697284
14933,687716
14934,678112
14935,668605
14936,659843
14937,652478
14938,642564
14939,632664
14940,622722
14941,612785
14942,602861
14943,595046
14944,585590
14945,576411
14946,566777
14947,557380
14948,547884
14949,538311
14950,528733
14951,519183
14952,510419
14954,490942
14955,481157
14956,473674
14957,464216
14958,454509
14959,444931
14960,435449
14961,426043
14962,422489
14963,412614
14964,402703
14965,392829
14966,382925
14967,372976
14968,363077
14969,353163
14970,343261
14971,333335
14972,323415
14973,313514
14974,303632
14975,294035
14976,284424
14977,275063
14978,265567
14979,255980
14980,246405
14981,236821
14982,229297
14983,219703
14984,210885
14985,201284
14986,191765
14987,182222
14989,162513
14990,153057
14991,143486
14992,133917
14993,124612
14994,114951
14995,105476
14996,97892
14997,88370
14998,79394
14999,69894
15000,61126
15001,51581
15002,41942
15003,32268
15004,22636
15005,13319
15006,3852
15007,1053394
15008,1044026
15009,1040128
15010,1030806
15011,1021313
15012,1011784
15013,1002226
15014,992728
15015,983081
15016,974393
15017,964818
15018,955246
15019,945629
15020,936056
15022,918387
15023,908869
15024,899241
15025,889937
15026,880369
15027,870716
15028,861072
15029,851505
15030,841849
15031,832230
15032,823373
15033,813816
15034,804281
15035,797210
15036,787888
15037,778246
15038,768753
15039,759159
15040,749601
15041,740312
15042,730767
15043,722794
15044,712874
15045,702929
15046,693004
15047,683251
15048,677604
15049,667949
15050,658483
15051,649181
15052,639491
15053,629912
15054,620404
15055,610935
15056,601464
15057,592044
15058,582641
15059,573139
15060,563685
15061,556011
15062,546512
15063,537004
15064,528331
15065,518869
15066,509218
15067,499712
15068,490187
15069,480656
15070,471037
15071,461510
15072,451908
15073,442438
15074,434838
15075,425153
15076,415554
15077,405940
15078,396306
15079,386695
15080,377909
15081,368253
15082,358630
15083,349032
15085,329373
15086,319737
15087,311973
15088,302449
15089,293076
15090,283482
15091,273905
15092,264278
15093,254648
15094,245041
15095,235492
15096,226665
15097,217071
15099,197443
15100,187844
15101,180190
15102,170492
15103,160953
15104,151434
15105,141994
15106,132513
15107,122940
15108,113242
15109,103699
15110,94161
15111,84512
15112,76002
15113,66471
15114,58882
15115,49288
15116,39587
15117,29991
15118,20321
15119,10953
15120,1067711
15121,1058909
15122,1049441
15123,1039873
15124,1030264
15125,1020696
15126,1011091
15127,1006400
15128,997842
15129,988295
15130,978718
15131,969235
15132,959738
15133,950179
15134,940664
15135,930940
15136,921307
15137,911979
15138,902424
15139,892925
15140,885461
15141,875975
15142,866360
15143,856836
15144,848004
15145,838408
15146,830502
15147,820632
15148,810655
15149,800772
15150,791054
15151,781609
15152,773923
15153,764482
15154,755021
15155,745403
15156,735930
15157,726364
15158,716745
15159,707255
15160,698363
15161,688818
15162,679142
15163,669941
15164,660405
15165,652612
15166,642998
15167,633380
15168,623857
15169,614566
15170,604934
15171,595368
15172,585888
15173,576341
15174,566705
15175,557404
15176,548735
15177,539100
15178,531449
15179,521897
15180,512375
15181,502747
15182,493226
15183,483701
15184,474024
15185,464658
15186,454955
15187,445359
15188,435787
15189,426189
15190,416721
15191,409048
15192,400087
15193,390529
15194,380878
15195,371267
15196,361777
15197,352290
15198,342675
15199,333010
15200,323387
15201,313934
15202,304399
15203,294788
15204,286919
15205,277304
15206,267789
15207,258253
15208,249422
15209,239872
15210,230300
15211,220680
15212,211102
15213,201556
15214,191893
15215,182402
15216,174657
15217,165245
15218,155700
15220,136078
15221,126553
15222,116906
15223,107361
15224,99122
15225,89570
15226,80000
15227,70439
15228,60855
15229,51371
15230,43853
15231,34359
15232,24709
15233,15482
15234,5890
15235,1195909
15236,1190162
15237,1182961
15238,1175939
15239,1169202
15240,1170418
15241,1162889
15242,1155968
15243,1160839
15244,1151451
15245,1141952
15246,1132382
15247,1122772
15248,1113253
15249,1103883
15250,1095970
15251,1086179
15252,1076248
15253,1066313
15254,1056403
15255,1046465
15256,1039758
15257,1030222
15258,1020635
15259,1011148
15260,1001730
15261,992230
15262,982771
15263,973285
15264,963781
15265,954440
15266,944950
15267,935434
15268,925860
15269,921311
15270,911656
15271,902118
15272,893397
15273,883701
15274,874219
15275,864766
15276,855166
15277,845737
15278,836400
15279,826908
15280,817414
15281,809933
15282,800516
15283,790997
15284,781392
15285,771961
15286,762309
15287,752845
15288,744304
15289,734817
15290,725362
15291,715900
15292,706334
15293,696847
15294,689293
15295,679673
15296,670212
15297,660843
15298,651318
15299,641758
15300,632183
15301,622680
15302,613101
15303,603573
15304,594697
15305,585248
15306,575726
15307,568052
15308,558530
15309,548899
15310,539415
15311,529839
15312,520260
15313,510996
15314,501512
15315,491977
15316,482360
15317,472784
15318,463233
15319,453629
15320,446990
15321,437495
15322,427984
15323,418327
15324,408758
15325,399253
15326,389722
15327,380173
15328,370536
15329,361234
15330,351749
15331,342153
15332,332570
15333,324915
15334,315445
15335,305866
15336,296994
15337,287542
15338,278275
15339,268676
15340,259070
15341,249541
15342,239893
15343,230361
15344,220808
15345,213542
15346,204069
15347,194527
15348,184937
15349,175392
15350,165841
15351,156339
15352,147547
15353,139809
15354,129877
15355,119956
15356,110037
15357,100090
15358,91873
15359,82250
15360,72842
15361,63501
15362,54004
15363,44422
15364,34888
15365,25624
15366,16035
15367,6479
15368,1062163
15369,1052701
15370,1043168
15371,1039003
15372,1029506
15373,1019884
15374,1010428
15375,1000908
15376,991243
15377,981898
15378,972278
15379,962669
15380,953241
15381,943671
15382,934103
15383,924496
15384,917731
15385,908069
15386,898469
15387,888938
15388,879317
15389,869811
15390,860075
15391,850604
15392,841015
15393,831682
15394,822388
15395,812901
15396,803412
15397,795864
15398,786289
15399,776754
15400,768032
15401,758462
15402,748941
15403,739439
15404,730049
15405,720547
15406,711076
15407,701504
15408,691919
15409,684395
15410,674896
15411,665359
15412,656272
15413,646604
15414,637122
15415,627502
15416,618721
15417,609042
15418,599477
15419,589899
15420,580329
15421,570758
15422,562999
15423,553388
15424,543903
15425,534608
15426,525083
15427,515449
15428,505834
15429,496291
15430,486725
15431,477109
15432,468278
15433,458774
15434,449172
15435,442502
15436,433090
15437,423470
15438,413899
15439,404201
15440,394582
15441,385267
15442,375728
15443,366043
15444,356478
15445,346848
15446,337364
15447,327722
15448,320851
15449,311193
15450,301669
15451,291998
15452,282492
15453,272826
15454,263384
15455,255536
15456,245613
15457,235674
15458,225713
15459,215809
15460,206166
15461,198450
15462,188850
15463,179255
15464,170431
15465,160884
15466,151431
15467,141864
15468,132295
15469,122716
15470,113111
15471,103501
15472,94295
15473,86806
15474,77300
15475,67761
15476,58217
15477,48613
15478,39136
15479,29625
15480,20715
15481,11376
15482,1890
15483,1051272
15484,1041878
15485,1032398
15486,1028072
15487,1018477
15488,1008976
15489,1000072
15490,990693
15491,981195
15492,971621
15493,961982
15494,952381
15495,942739
15496,933939
15497,924402
15498,914780
15499,907217
15500,897713
15501,888117
15502,878565
15503,869069
15504,859424
15505,850040
15506,840454
15507,830767
15508,821148
15509,811707
15510,802081
15511,792653
15512,785990
15513,776298
15514,766700
15515,757225
15516,747563
15517,738107
15518,728578
15519,719038
15520,709567
15521,700218
15522,690732
15523,681162
15524,671728
15525,664034
15526,654583
15527,645309
15528,636506
15529,627020
15530,617543
15531,608033
15532,598447
15533,588923
15534,579447
15535,569952
15536,560324
15537,553073
15538,543533
15539,533971
15540,524376
15541,514860
15542,505328
15543,495778
15544,486962
15545,477339
15546,467788
15547,458102
15548,448604
15549,438983
15550,431226
15551,421649
15552,412144
15553,402756
15554,393191
15555,383605
15556,374072
15557,365666
15558,355794
15559,345906
15560,336134
15561,326531
15562,316971
15563,309203
15564,299615
15565,289954
15566,280461
15567,270739
15568,261169
15569,251851
15570,242355
15571,232898
15572,223371
15573,213826
15574,204210
15575,194675
15576,187633
15577,178074
15578,168471
15579,158848
15580,149191
15581,139633
15582,130018
15583,120397
15584,110770
15585,101416
15586,91836
15587,82824
15588,73223
15589,65731
15590,56321
15591,46537
15592,37715
15593,28156
15594,18507
15595,8970
15596,1055733
15597,1046219
15598,1057923
15599,1048082
15600,1038147
15601,1028223
15602,1018319
15603,1008387
15604,998455
15605,988576
15606,978637
15607,968706
15608,958804
15609,948862
15610,938941
15611,929032
15612,919050
15613,909160
15614,899278
15615,889341
15616,879422
15617,869455
15618,859611
15619,849677
15620,839700
15621,829818
15622,819820
15623,809964
15624,800012
15625,790034
15626,780162
15627,771822
15628,762302
15629,752676
15630,743120
15631,733563
15632,723876
15633,714535
15634,705085
15635,695544
15636,685962
15637,676450
15638,666878
15639,657351
15640,650508
15641,640936
15642,631366
15643,621785
15644,612231
15645,602584
15646,593120
15647,583546
15648,574162
15649,564831
15650,555340
15651,545832
15652,536251
15653,528539
15654,519128
15655,509440
15656,500601
15657,491162
15658,481708
15659,473557
15660,463618
15661,453671
15662,443684
15663,433839
15664,423913
15665,416313
15666,406666
15667,397105
15668,387623
15669,377958
15670,368303
15671,358693
15672,349768
15673,340222
15674,330628
15675,320986
15676,311427
15677,301895
15678,294098
15679,284491
15680,274875
15681,265448
15682,255949
15683,246421
15684,236922
15685,227389
15686,217769
15687,208203
15688,199326
15689,189791
15690,180207
15691,172589
15692,163019
15693,153430
15694,143856
15695,134202
15696,124556
15697,115212
15698,105672
15699,96014
15700,87081
15701,77530
15702,67925
15703,58252
15704,51394
15705,41820
15706,32374
15707,22844
15708,13368
15709,3922
15710,1050468
15711,1040950
15712,1031516
15713,1022674
15714,1013102
15715,1003560
15716,994041
15717,989445
15718,979880
15719,970345
15720,961588
15721,951955
15722,942381
15723,932775
15724,923177
15725,913630
15726,904151
15727,856033
15728,856082
15729,858251
15730,858297
15731,857252
15732,847417
15733,837905
15734,828366
15735,818740
15736,809907
15737,800337
15738,790847
15739,781288
15740,771815
15741,762354
15742,754892
15743,745365
15744,735840
15745,726559
15746,716994
15747,707529
15748,697886
15749,688342
15750,678737
15751,668153
15752,660508
15753,650907
15754,641338
15755,633663
15756,624040
15757,614526
15758,605176
15760,585621
15761,576200
15762,566619
15763,558456
15764,548581
15765,538648
15766,528711
15767,518797
15768,509924
15769,502133
15770,492663
15771,483063
15772,473498
15773,463991
15774,454305
15775,444712
15776,435040
15777,425631
15778,416112
15779,406496
15780,396908
15781,387263
15782,379606
15783,370044
15784,361189
15785,351511
15786,341934
15787,332358
15788,322865
15789,313303
15790,303787
15791,294176
15792,284625
15793,275212
15794,267384
15795,257852
15797,238369
15798,228694
15799,219117
15800,210114
15801,200511
15802,190932
15803,181392
15804,171735
15805,162140
15806,152619
15807,142990
15808,135276
15809,125968
15810,116294
15811,106803
15812,97197
15813,87625
15814,78567
15815,69003
15816,60152
15817,50516
15818,40919
15819,31392
15820,21733
15821,15339
15822,1074604
15823,1069641
15824,1060173
15825,1051094
15826,1038846
15827,1031981
15828,1022338
15829,1012967
15830,1003398
15831,874168
15832,875638
15833,875733
15834,880264
15835,880278
15836,880305
15837,880334
15838,880361
15839,880398
15840,880416
15841,880508
15842,880717
15843,880742
15844,871787
15845,862190
15846,852534
15847,845050
15848,821814
15849,822135
15850,817136
15851,807470
15852,797947
15853,788310
15854,775830
15855,769207
15856,752858
15857,750163
15858,740880
15859,731899
15860,723795
15861,706539
15862,704618
15863,695056
15864,686202
15865,676654
15866,668501
15867,658611
15868,648682
15869,638732
15870,628787
15871,618865
15872,611021
15873,601571
15874,591956
15875,582405
15876,572914
15877,563455
15878,553872
15879,544302
15880,535337
15881,525759
15882,516336
15883,506798
15884,497219
15885,489504
15886,479926
15887,470286
15888,460712
15889,451345
15890,441713
15891,432159
15892,422602
15893,413057
15894,403425
15895,393835
15896,384845
15897,375238
15898,367499
15899,357982
15900,348328
15901,338792
15902,329234
15903,319625
15904,310067
15905,300612
15906,291004
15907,281316
15908,271752
15909,262195
15910,252587
15911,244958
15912,236149
15913,226528
15914,216953
15915,207273
15916,197728
15917,188229
15918,178491
15919,168893
15920,159527
15921,150103
15922,140446
15923,132681
15924,123197
15925,113539
15926,104017
15927,94315
15928,85470
15929,76269
15930,66629
15931,57038
15932,47481
15933,37812
15934,28343
15935,18724
15936,11080
15937,1955
15938,1155618
15939,1146171
15940,1136802
15941,1127265
15942,1117692
15943,1108165
15944,1100143
15945,1090582
15946,1081010
15947,1071594
15948,1061958
15949,1058018
15950,1048528
15951,1039080
15952,1029520
15953,1020132
15954,1010529
15955,1000896
15956,991487
15957,981853
15958,972345
15959,962825
15960,954077
15961,944461
15962,938894
15963,931244
15964,924020
15965,917194
15966,909713
15967,902219
15968,895066
15969,888742
15970,881302
15971,873937
15972,866366
15973,858959
15974,851680
15975,850981
15976,864872
15977,857768
15978,850047
15979,842393
15980,834174
15981,825288
15982,816008
15983,806664
15984,797131
15985,787870
15986,778309
15987,771063
15988,761490
15989,752017
15990,742526
15991,733027
15992,724281
15993,714909
15994,705462
15995,695922
15996,686445
15997,676991
15998,667418
15999,657869
16000,650329
16001,640918
16002,631393
16003,621801
16004,612228
16005,602565
16006,593060
16007,583488
16008,574790
16009,565208
16010,555789
16011,546294
16012,536672
16013,530495
16014,520959
16015,511419
16016,501848
16017,492481
16018,482933
16019,473278
16020,463772
16021,454248
16022,444827
16023,435298
16024,426794
16025,417289
16026,409693
16027,400197
16028,390674
16029,381241
16030,371838
16031,362331
16032,352834
16033,343516
16034,334073
16035,324595
16036,315178
16037,305790
16038,296108
16039,288451
16040,279708
16041,270739
16042,261351
16043,251906
16044,242408
16045,232934
16046,223438
16047,213939
16048,204469
16049,195115
16050,185614
16051,178238
16052,168712
16054,149143
16055,139613
16056,130835
16057,121486
16058,111910
16059,102339
16060,92740
16061,83156
16062,73495
16063,63822
16064,54269
16065,46698
16066,37060
16067,27719
16068,18186
16069,8738
16070,1131856
16071,1122549
16072,1114407
16073,1105744
16074,1095811
16075,1085869
16076,1076275
16077,1066661
16078,1062434
16079,1052985
16080,1043458
16081,1034082
16082,1024596
16083,1014964
16084,1005388
16085,995771
16086,986183
16087,976762
16088,967975
16089,958352
16090,948914
16091,941634
16092,932020
16093,922473
16094,912960
16095,903417
16096,893860
16097,884574
16098,875136
16099,865643
16100,856069
16101,846524
16102,837016
16103,827412
16104,820672
16105,811018
16106,801458
16107,791745
16108,782201
16109,772691
16110,763180
16111,753770
16112,744250
16114,725030
16115,715604
16116,706020
16117,698619
16118,689137
16119,679423
16120,670675
16121,661185
16122,651671
16123,642214
16124,632726
16125,623154
16126,613542
16127,604078
16128,594372
16129,585069
16130,577325
16131,567738
16132,558151
16133,548577
16134,538996
16135,529465
16136,520478
16137,510817
16138,501158
16139,491576
16140,481847
16141,472335
16142,462867
16143,455103
16144,445627
16145,436163
16146,426604
16147,417036
16148,407439
16149,397799
16150,388296
16151,378629
16152,369683
16153,360142
16154,350506
16155,340811
16156,333086
16157,323625
16158,314074
16159,304499
16160,294983
16161,285534
16162,275864
16163,266297
16164,256635
16165,247036
16166,237402
16167,227827
16168,218898
16169,211264
16170,201769
16171,192165
16172,182618
16173,172968
16174,163804
16176,144331
16177,135638
16178,125722
16179,115774
16180,105998
16181,96413
16182,88789
16183,79237
16184,70471
16185,60793
16186,51237
16187,41653
16188,32159
16189,22569
16190,13138
16191,3585
16192,1053172
16193,1044370
16194,1034917
16195,1030312
16196,1020823
16197,1011284
16198,1001930
16199,992196
16201,973585
16202,964055
16203,954423
16204,944781
16205,935277
16206,925580
16207,916027
16208,906343
16209,900525
16210,890925
16211,881330
16212,871682
16213,862109
16214,852513
16215,842919
16216,834031
16217,824690
16218,815217
16219,805696
16220,796223
16221,786657
16222,778986
16223,769410
16224,759771
16225,750401
16227,730837
16228,721385
16229,711877
16230,702383
16231,692926
16232,684139
16233,674611
16234,665107
16235,665597
16236,655712
16237,645849
16238,635919
16239,626040
16240,616111
16241,606201
16242,596269
16243,586340
16244,576436
16245,566499
16246,556568
16247,546660
16248,536751
16249,526867
16250,517175
16251,507628
16252,498125
16253,488425
16254,478827
16255,469333
16256,459692
16257,450294
16258,440628
16259,431058
16260,421448
16261,414029
16263,394472
16264,385607
16265,376010
16266,366432
16267,356831
16268,347244
16269,337560
16270,328006
16271,318531
16272,308942
16273,299534
16274,289945
16275,282244
16276,272694
16277,263115
16278,253594
16279,244036
16280,235186
16281,225748
16282,217426
16283,207546
16284,197592
16285,187664
16286,177756
16287,168146
16288,160321
16289,151002
16291,131516
16292,121947
16293,112396
16294,102819
16295,93367
16296,84392
16297,75225
16298,65644
16299,55982
16300,46383
16301,36838
16302,29130
16303,19529
16304,9997
16305,1067420
16306,1057940
16307,1048480
16308,1038948
16309,1029391
16310,1019838
16311,1010249
16312,1001475
16313,991951
16314,987327
16315,977809
16316,968305
16317,958707
16318,949141
16319,939652
16320,930014
16321,920660
16322,911119
16323,901455
16324,891900
16325,882361
16326,872664
16327,865000
16328,856171
16329,846677
16330,837098
16331,827510
16332,817816
16333,808408
16334,798827
16335,789518
16336,779994
16337,770789
16338,761324
16339,751724
16340,743934
16341,734286
16342,724889
16343,715431
16344,706612
16345,697161
16346,687518
16347,678063
16348,668653
16349,659048
16350,649549
16351,640080
16352,630541
16353,623004
16354,613372
16355,603968
16356,594412
16357,584866
16358,575274
16359,565597
16360,556938
16361,547295
16362,537636
16363,528145
16364,518531
16365,508997
16366,501060
16367,491472
16368,481905
16369,472584
16370,462992
16371,453314
16372,443666
16373,434140
16374,424592
16375,415026
16376,406117
16377,396391
16378,388616
16379,379099
16380,369407
16381,359859
16382,350437
16383,340868
16384,331385
16385,323217
16386,313314
16387,303374
16388,293479
16390,273534
16391,263962
16392,257135
16393,247569
16394,237927
16395,228340
16396,218832
16397,209249
16398,199695
16399,190073
16400,180429
16401,171080
16403,151509
16404,141878
16405,132319
16406,125587
16407,115984
16408,107250
16409,97670
16410,88678
16411,79092
16412,69625
16413,60123
16414,1053420
16415,1053634
16416,1053715
16417,1054082
16418,1054173
16419,1057882
16420,1052636
16421,1043179
16422,1033562
16423,1023971
16424,1015267
16425,1005606
16426,996057
16427,986524
16428,976920
16429,967346
16430,957708
16431,948178
16432,939836
16433,930437
16434,920921
16435,911308
16436,901758
16437,892156
16438,882582
16439,873031
16440,864060
16441,854444
16442,844893
16443,835242
16444,827114
16445,817553
16446,807958
16447,798416
16448,788857
16449,779445
16450,769908
16451,760334
16452,750732
16453,741180
16454,731514
16455,721921
16456,713062
16457,704688
16458,695151
16459,685538
16460,675995
16461,666331
16462,656755
16463,647282
16464,357377
16465,357473
16466,357561
16467,357600
16468,357605
16469,357660
16470,358678
16471,358727
16472,360020
16473,360023
16474,360048
16475,360119
16476,360126
16477,360163
16478,360179
16479,360209
16480,360265
16481,360249
16482,360303
16483,361089
16484,361180
16485,361236
16486,361283
16487,361305
16488,362127
16489,362200
16490,363622
16491,363629
16492,363617
16493,356526
16494,345875
16495,336643
16496,327410
16497,317991
16498,308602
16499,271023
16500,271005
16501,271008
16502,269484
16503,259865
16504,225616
16505,225648
16506,225667
16507,221533
16508,213176
16509,203641
16510,193995
16511,184406
16512,174854
16513,165361
16514,155817
16515,146152
16516,136561
16517,126979
16518,117311
16519,107680
16520,98790
16521,90382
16522,80867
16523,71307
16524,62065
16525,52473
16526,42970
16527,33292
16528,23686
16529,14267
16530,4695
16531,1049045
16532,1039648
16533,1029922
16534,1022386
16535,1012827
16536,1004119
16537,994614
16538,985039
16539,975455
16540,965827
16541,956147
16542,946502
16543,936846
16544,927312
16545,917876
16546,908241
16547,900245
16548,890672
16549,881002
16550,871407
16551,861740
16552,852771
16553,843162
16554,833528
16555,823932
16556,814437
16557,804749
16558,795285
16559,785722
16560,777272
16561,767854
16562,758286
16563,748591
16564,739018
16565,729448
16566,719734
16567,710138
16568,538752
16569,538728
16570,538780
16571,538856
16572,539904
16573,539983
16574,540055
16575,540129
16576,540141
16577,540268
16578,540288
16579,540320
16580,540400
16581,540405
16582,540438
16583,540433
16584,540622
16585,421117
16586,421141
16587,421180
16588,421040
16589,421069
16590,421104
16591,421081
16592,423061
16593,423049
16594,423038
16595,423060
16596,423045
16597,419371
16598,409779
16599,400189
16600,391224
16601,381787
16602,372246
16603,362558
16604,352915
16605,343319
16606,333725
16607,324070
16608,314515
16609,305240
16610,295649
16611,287613
16613,37676
16614,37753
16615,37776
16616,38652
16617,38717
16618,38725
16619,38814
16620,38874
16621,38915
16622,38974
16623,38991
16624,39015
16625,39712
16627,39726
16628,39810
16630,39820
16631,39895
16632,40633
16633,40720
16634,40787
16635,40863
16636,40894
16637,9800
16638,9806
16639,10833
16640,1051484
16641,1048921
16642,1039503
16643,1012644
16644,1012606
16645,1010393
16646,1000805
16647,991133
16648,982363
16649,972900
16650,963221
16651,953637
16652,946800
16653,937218
16654,927626
16655,918183
16656,887571
16657,888142
16658,888249
16659,879533
16660,869980
16661,860456
16662,850777
16663,841274
16664,832293
16665,824625
16666,815446
16667,805953
16668,796302
16669,786636
16670,777118
16671,767462
16672,757938
16673,748536
16674,738859
16675,729224
16676,719786
16677,710117
16678,689370
16679,689423
16680,683993
16681,674591
16682,664774
16683,655192
16684,645530
16685,636001
16686,626498
16687,617032
16688,607467
16689,597987
16690,588481
16691,581142
16692,571585
16693,562213
16694,552376
16695,542855
16696,534010
16697,496926
16698,496898
16699,496891
16700,496487
16701,486549
16702,476626
16703,467944
16704,458402
16705,449135
16706,439532
16707,429881
16708,420325
16709,410841
16710,401214
16711,391688
16712,382819
16713,373265
16714,363836
16715,354226
16716,235933
16717,235950
16718,236027
16719,236047
16720,236078
16721,236249
16722,236281
16723,236349
16724,236436
16725,236454
16726,236529
16727,236608
16728,229178
16729,221803
16730,212251
16731,128609
16732,128627
16733,128693
16734,128714
16735,128724
16736,128795
16737,128806
16738,128838
16739,123729
16740,114019
16741,104505
16742,97044
16743,87498
16744,78557
16745,69379
16746,59675
16747,50174
16748,40622
16749,31154
16750,21485
16751,12026
16752,2439
16753,1061894
16754,1052200
16755,1042276
16756,1032390
16757,1022526
16758,1012593
16759,1002666
16760,992761
16761,982823
16762,972892
16763,962984
16764,953039
16765,943107
16766,933203
16767,923253
16768,913323
16769,903461
16770,893516
16771,883587
16772,873664
16773,863728
16774,853816
16775,843594
16776,802295
16777,802238
16778,802276
16779,802141
16780,789570
16781,785326
16782,775672
16783,580401
16784,580759
16785,580900
16786,580911
16787,581010
16788,581030
16789,581050
16790,581121
16791,581146
16792,581982
16793,584934
16794,584972
16795,585010
16796,585071
16797,585129
16798,585171
16799,585208
16800,586642
16801,586696
16802,515581
16803,515497
16804,515486
16805,515452
16806,515914
16807,515959
16808,517031
16809,516031
16810,506346
16811,496779
16812,472423
16813,472604
16814,469276
16815,441828
16816,441865
16817,440352
16818,430786
16819,389659
16820,389709
16821,389762
16822,389719
16823,359627
16824,360711
16825,360789
16826,355349
16827,345702
16828,321525
16829,321625
16830,316788
16831,302364
16832,299388
16833,290050
16834,280595
16835,271010
16836,261498
16837,235576
16838,235627
16839,232398
16840,223560
16841,214085
16842,204430
16843,149951
16844,151812
16845,151900
16846,151969
16847,152023
16848,147516
16849,138069
16850,128516
16851,98703
16852,99079
16853,99168
16854,89787
16855,69764
16856,70817
16857,63923
16858,35586
16859,35651
16860,34909
16861,25270
16862,15677
16863,6122
16864,1130293
16865,1120684
16866,1110801
16867,1087370
16868,1087405
16869,1081086
16870,1071164
16871,1061269
16872,1043237
16873,1041374
16874,1032876
16875,1032846
16876,1031119
16877,1021234
16878,1011285
16879,975207
16880,975246
16881,975228
16882,971603
16883,842715
16884,842662
16885,842630
16886,842656
16887,842668
16888,842677
16889,842700
16890,842676
16891,842654
16892,842670
16893,842604
16894,842591
16895,842549
16896,832602
16897,822664
16898,812735
16899,802796
16900,792848
16901,782929
16902,773012
16903,765165
16904,755259
16905,745330
16906,735447
16907,725540
16908,715592
16909,705744
16910,695832
16911,685881
16912,675978
16913,666060
16914,656117
16915,646212
16916,636326
16917,626370
16918,616471
16919,606559
16920,596614
16921,586712
16922,576835
16923,566881
16924,556943
16925,547806
16926,537859
16927,527967
16928,518067
16929,508170
16930,498259
16931,488346
16932,478433
16933,468500
16934,458578
16935,448666
16936,438726
16937,428813
16938,418964
16939,409325
16940,402055
16941,393729
16942,384110
16943,374686
16944,364976
16945,356328
16946,346840
16947,191087
16948,191120
16949,191235
16950,191275
16951,191287
16952,192226
16953,192246
16954,192293
16955,192335
16956,192356
16957,192385
16958,192490
16959,193757
16960,193854
16961,194092
16962,194157
16963,172545
16964,172607
16965,166855
16966,787878
16967,788116
16968,789350
16969,789335
16970,789398
16971,789387
16972,791936
16973,792002
16974,792036
16975,792068
16976,792141
16977,792127
16978,792119
16979,792187
16980,792174
16981,792159
16982,792207
16983,792190
16984,793397
16985,796576
16986,796696
16987,796692
16988,796820
16989,796803
16990,796834
16991,796866
16992,796905
16993,796940
16994,796990
16995,797018
16996,797052
16997,797123
16998,798480
16999,798611
17000,799729
17001,799806
17002,799858
17003,799912
17005,799927
17006,801307
17007,801289
17008,801299
17009,798159
17010,788222
17011,778273
17012,769041
17013,759476
17014,749972
17015,724222
17016,725176
17017,721651
17018,704610
17019,702570
17020,692975
17021,636818
17022,636854
17023,636919
17024,638648
17025,638875
17026,636376
17027,626801
17028,603607
17029,603653
17030,597569
17031,587887
17032,568622
17033,569006
17034,559977
17035,490448
17036,490505
17037,492736
17038,424996
17039,425083
17040,425168
17041,425238
17042,425342
17043,425402
17044,425439
17045,425471
17046,425538
17047,425570
17048,425163
17050,391181
17051,393175
17052,388083
17053,378481
17054,368918
17055,344463
17056,344513
17057,340012
17058,330323
17059,320842
17060,311228
17061,301612
17062,291943
17063,282399
17064,275507
17065,265993
17066,256335
17067,246841
17068,237267
17069,227760
17070,218396
17071,208776
17072,199275
17073,189923
17074,180298
17075,170726
17076,161105
17077,153531
17078,143891
17079,134375
17080,125547
17081,116014
17082,106411
17083,96796
17084,87255
17085,77812
17087,58316
17088,48697
17089,39255
17090,31546
17091,22069
17092,12533
17093,3036
17094,1053672
17095,1044119
17096,1035388
17097,1025920
17098,1016310
17099,1006846
17101,987339
17102,977795
17103,968238
17104,960648
17105,951292
17106,941727
17107,932155
17108,922673
17109,912999
17110,903447
17111,895035
17112,885088
17113,875388
17114,865835
17115,856341
17116,846662
17117,839004
17118,829343
17119,819730
17120,810132
17121,800687
17122,791343
17123,781808
17124,772244
17125,762734
17126,753229
17127,743790
17128,734977
17129,725390
17130,717610
17131,708015
17132,698598
17133,688997
17134,679451
17135,669914
17136,660268
17137,650822
17138,641582
17139,631887
17140,622433
17141,612861
17142,603227
17143,595461
17144,586659
17145,577095
17146,567501
17147,557894
17148,548295
17149,538779
17150,529267
17151,519757
17152,510176
17153,500796
17154,491186
17155,483455
17156,473979
17157,464301
17158,454682
17159,445156
17160,436188
17161,426568
17162,416901
17163,407254
17164,397638
17165,388081
17166,378475
17167,368875
17168,361313
17169,351929
17170,342263
17171,332709
17172,323044
17173,313462
17174,303861
17175,294181
17176,285313
17177,275667
17178,265963
17179,256332
17180,246947
17181,239918
17182,230391
17183,220773
17184,211199
17185,201984
17186,192449
17187,182916
17188,173274
17189,163621
17190,154101
17191,144521
17192,135681
17193,125963
17194,118957
17195,109414
17196,99913
17197,90257
17198,81036
17199,71415
17200,61827
17201,52503
17202,42894
17203,33307
17204,23749
17205,14290
17206,4707
17207,1064406
17208,1060467
17209,1052656
17210,1045152
17211,1036905
17212,1029110
17213,1022430
17214,1013326
17215,1005446
17216,997671
17217,990452
17218,982454
17219,981200
17220,973143
17221,965255
17222,957459
17223,949337
17224,945140
17225,937664
17226,929633
17227,921651
17228,913994
17229,905937
17230,897790
17231,890227
17232,887182
17233,880323
17234,872827
17235,865311
17236,857406
17237,849765
17238,841403
17239,832708
17240,824846
17241,815327
17242,805804
17243,796318
17244,786872
17245,779138
17246,769528
17247,759921
17248,750351
17249,740924
17250,731330
17252,711843
17253,702362
17254,692921
17255,683350
17256,674517
17257,665083
17258,655621
17259,647818
17260,638283
17261,628684
17262,619073
17263,609555
17264,600092
17265,590746
17266,581275
17267,571735
17268,562291
17269,552741
17270,543231
17271,533679
17272,526765
17273,517144
17274,507503
17275,497840
17276,488227
17277,478634
17278,468960
17279,459398
17280,449806
17281,440264
17282,430679
17283,421081
17284,413227
17285,403677
17286,394049
17287,384435
17288,375591
17289,365915
17290,356248
17291,346632
17292,336957
17293,327386
17294,317902
17295,308271
17296,298624
17297,291284
17298,281684
17299,272086
17300,262543
17301,253043
17302,243437
17303,233915
17304,225046
17305,215486
17306,205975
17307,196352
17308,186768
17309,177230
17310,169488
17311,160255
17312,150736
17313,141476
17314,131813
17315,122298
17316,112652
17317,104358
17318,94501
17319,84581
17320,74941
17321,65276
17322,55710
17323,47985
17324,38511
17325,28812
17326,19393
17327,9880
17328,1060020
17329,1050818
17330,1041444
17331,1031952
17332,1022303
17333,1012811
17334,1003242
17335,993762
17336,986825
17337,977197
17338,967615
17339,957974
17340,948381
17341,938784
17342,929271
17343,919779
17344,910167
17345,900814
17346,891335
17347,881630
17348,873940
17349,864361
17350,854801
17351,845195
17352,836488
17353,826899
17354,817392
17355,807842
17356,798234
17357,788684
17358,779068
17359,769619
17360,760091
17361,752425
17362,742817
17363,733325
17364,723766
17365,714365
17366,704761
17367,695106
17368,686290
17369,676751
17370,667153
17371,657662
17372,648024
17373,638409
17374,631262
17375,621737
17376,612052
17377,602796
17378,593243
17379,583610
17380,574005
17382,554411
17383,544887
17384,535996
17385,526452
17386,516923
17387,507324
17388,499560
17389,489951
17390,480416
17391,470742
17393,451378
17394,441737
17395,432146
17396,422592
17397,412880
17398,403243
17399,393659
17400,384753
17401,375197
17402,367468
17403,357928
17404,348342
17405,338665
17406,329000
17407,319558
17408,309950
17409,300490
17410,290967
17411,281337
17412,271634
17413,262139
17414,254368
17415,244879
17416,236189
17417,226560
17418,216922
17419,207392
17420,197784
17421,188166
17422,179539
17423,169634
17424,159682
17425,149733
17426,140162
17427,132556
17428,122926
17429,113353
17430,103791
17431,94173
17432,85393
17433,75962
17434,66390
17435,56870
17436,47211
17437,37632
17438,28059
17439,18500
17440,10786
17441,1077706
17442,1070073
17443,1062738
17444,1055729
17445,1048053
17446,1041026
17447,1033481
17448,1030277
17449,1022675
17450,1015561
17451,1007837
17452,1000452
17453,1001754
17454,994293
17455,986899
17456,979801
17457,973000
17458,964247
17459,955359
17460,946035
17461,936663
17462,927297
17463,917671
17464,908937
17465,899383
17466,891752
17467,882250
17468,872739
17469,863276
17470,853831
17471,844311
17472,834761
17473,825451
17474,815887
17475,806338
17476,796884
17477,787296
17478,779522
17479,769932
17480,761220
17481,751591
17482,742085
17483,732560
17484,723029
17485,713633
17486,704088
17487,694503
17488,685047
17489,675741
17490,666161
17491,658384
17492,648892
17493,639338
17494,629830
17495,620355
17496,611430
17497,602006
17498,592552
17499,583093
17500,573618
17501,564170
17502,554625
17503,545100
17504,537513
17505,528155
17506,518604
17507,509087
17508,499606
17509,490179
17510,480638
17511,471240
17512,468769
17513,458946
17514,449046
17515,439122
17516,429228
17517,419292
17518,409350
17519,399458
17520,389516
17521,379567
17522,369664
17523,359731
17524,351073
17525,341170
17526,331231
17527,321295
17528,311759
17529,302182
17530,294552
17531,284936
17532,275338
17533,265805
17534,256341
17535,246683
17536,237216
17537,227856
17538,218156
17539,208627
17540,199114
17541,189560
17542,181903
17543,172500
17544,163874
17545,154432
17546,144875
17547,135285
17548,125788
17549,116285
17550,106680
17551,98526
17552,89307
17553,79992
17554,70404
17555,62953
17556,53416
17557,43884
17558,34406
17559,24761
17560,16038
17561,6526
17562,1062086
17563,1054739
17564,1047755
17565,1039944
17566,1032609
17567,1025520
17568,1030428
17569,1024608
17570,1017733
17571,1010125
17572,1002698
17573,995671
17574,988259
17575,981010
17576,978285
17577,970650
17578,963364
17579,956122
17580,948355
17581,943391
17582,934185
17583,924837
17584,915280
17585,905970
17586,896370
17587,886767
17588,877346
17589,867739
17590,858250
17591,848741
17592,839810
17594,820277
17595,812516
17596,802932
17597,793398
17598,783766
17599,774175
17600,764588
17601,755224
17602,745588
17603,736068
17604,726461
17605,716787
17606,707319
17607,699659
17608,690850
17609,681207
17610,671609
17611,661962
17612,652371
17613,642781
17614,633281
17615,623719
17616,614243
17617,604847
17618,595295
17619,585797
17620,577999
17621,568525
17622,558965
17623,549416
17624,540523
17625,531092
17626,521430
17627,513754
17628,503841
17629,493909
17630,483966
17631,474032
17632,464082
17633,456264
17634,446554
17635,437026
17636,427530
17637,417933
17638,408323
17639,398784
17640,389836
17641,380338
17642,370779
17643,361179
17644,351602
17645,342049
17646,334309
17647,324731
17648,315108
17649,305679
17650,296178
17651,286629
17652,277084
17653,267469
17654,257894
17655,248277
17656,239387
17657,229836
17658,220259
17659,212506
17660,203040
17661,193420
17662,183849
17663,174268
17664,164748
17665,155424
17666,145781
17667,136397
17668,126742
17669,117153
17670,107668
17671,100001
17672,91212
17673,81641
17674,72083
17675,62434
17676,52878
17677,43205
17678,33608
17679,23972
17680,14503
17681,5068
17682,1055949
17683,1046470
17684,1040019
17685,1030572
17686,1021013
17687,1011515
17688,1002820
17689,993163
17690,983671
17691,974118
17692,964496
17693,954985
17694,945374
17695,935850
17696,926152
17697,918771
17698,909138
17699,899504
17700,889837
17701,880200
17702,870621
17703,860957
17704,852115
17705,842583
17706,833120
17707,823562
17708,814134
17709,804577
17710,796911
17711,787429
17712,777842
17713,768555
17714,759070
17715,749494
17716,739842
17717,730314
17718,720707
17719,711199
17720,702421
17721,692866
17722,683142
17723,675552
17724,665857
17725,586367
17727,586817
17728,586803
17729,587062
17730,587115
17731,588656
17732,588686
17733,579489
17734,569552
17735,559649
17736,551861
17737,542390
17738,532891
17739,523378
17740,513817
17741,504189
17742,494660
17743,485097
17744,475541
17745,466120
17746,456623
17747,447041
17748,437502
17749,429807
17750,420226
17751,410693
17752,401819
17753,392297
17754,382704
17755,373217
17756,363608
17757,353981
17758,344364
17759,334862
17760,325192
17761,310068
17762,308690
17763,295951
17764,289521
17765,279973
17766,69976
17767,69971
17768,71089
17769,71148
17770,71181
17771,71210
17772,71270
17773,71300
17774,71363
17775,72892
17776,72933
17777,73236
17778,73313
17779,73322
17780,73399
17781,73451
17782,73503
17783,73563
17784,74462
17785,74444
17786,74473
17787,66642
17788,58714
17789,49128
17790,39420
17791,29909
17792,20328
17793,10990
17794,1630
17795,1045871
17796,1036453
17797,1027125
17798,1017641
17799,1007978
17800,1002734
17801,993318
17802,983807
17803,974158
17804,964648
17805,955005
17806,945411
17807,907520
17808,907505
17809,907751
17810,906624
17811,897076
17812,887443
17813,879911
17814,870423
17815,860900
17816,852033
17817,842523
17818,832865
17819,823388
17820,813730
17821,804174
17822,794635
17823,785153
17824,775554
17825,766255
17826,758668
17827,749297
17828,739676
17829,730101
17830,720415
17831,705473
17832,702055
17833,692682
17834,683848
17835,673908
17836,619754
17837,619807
17838,619823
17839,621558
17840,621623
17841,616944
17842,607328
17843,597704
17844,588106
17845,578702
17846,569145
17847,559577
17848,550716
17849,541114
17850,531613
17851,521990
17852,514346
17853,504702
17854,495178
17855,485731
17856,476192
17857,466827
17858,457300
17859,447674
17860,438034
17861,428504
17862,418897
17863,409340
17864,402601
17865,393029
17866,383389
17867,373761
17868,364215
17869,354756
17870,345164
17871,335572
17872,325974
17873,316524
17874,306878
17875,297317
17876,287799
17877,280029
17878,270414
17879,260859
17880,252102
17881,242580
17882,232976
17883,223371
17884,213749
17885,204108
17886,194505
17887,184788
17888,175299
17889,165945
17890,158085
17891,148466
17892,138957
17893,129272
17894,119849
17895,110277
17896,101443
17897,91920
17898,82329
17899,72956
17900,63422
17901,53839
17902,44266
17903,36732
17904,27121
17905,17748
17906,8219
17907,1065130
17908,1055695
17909,1046239
17910,1036680
17911,1027095
17912,1018911
17913,1009271
17914,999650
17915,990163
17916,985428
17917,975878
17918,966353
17919,956860
17920,947286
17921,937928
17922,928450
17923,918762
17924,909226
17925,899546
17926,889868
17927,880361
17928,873581
17929,864035
17930,854447
17931,844940
17932,835423
17933,825883
17934,816386
17935,806975
17936,798369
17937,788419
17938,778740
17939,769265
17940,759742
17941,752275
17942,742742
17943,733197
17944,724348
17945,714945
17946,705384
17947,695842
17948,686274
17949,676798
17950,667341
17951,657888
17952,648313
17953,639015
17954,632737
17955,623138
17956,613493
17957,603997
17958,594323
17959,584729
17960,576103
17961,566498
17962,557027
17963,547399
17964,537843
17965,528362
17966,518714
17967,510905
17968,501424
17969,492074
17970,482426
17971,472818
17972,463283
17973,453668
17974,444076
17975,434357
17976,425507
17977,415898
17978,406375
17979,396754
17980,388989
17981,379413
17982,369842
17983,360283
17984,350729
17985,341251
17986,331637
17987,322016
17988,312382
17989,302969
17990,293395
17991,283755
17992,276958
17993,267502
17994,257859
17995,248279
17996,238677
17997,228997
17998,219469
17999,209865
18000,200253
18001,190848
18002,181408
18003,171861
18004,162238
18005,154469
18006,144858
18007,135286
18008,126455
18009,116914
18010,107962
18011,98404
18012,88802
18013,79335
18014,69725
18015,60110
18016,50638
18017,41250
18018,33617
18019,24155
18020,14686
18021,5120
18022,1062135
18023,1052714
18024,1044550
18025,1034941
18026,1025449
18027,1015916
18028,1006296
18029,996796
18030,987159
18031,982571
18032,973109
18033,963777
18034,954202
18035,944590
18036,934991
18037,925463
18038,916764
18039,906812
18040,897480
18041,887924
18042,878243
18043,868589
18044,861071
18045,851410
18046,841986
18047,832482
18048,822793
18049,813412
18050,803995
18051,794343
18052,784778
18053,775371
18054,765690
18055,756098
18056,749116
18057,739599
18058,730001
18059,720501
18060,710987
18061,701420
18062,691894
18063,682339
18064,672993
18065,663905
18066,654201
18067,644687
18068,635099
18069,627247
18070,617658
18071,608121
18072,599238
18073,589944
18074,580316
18075,570730
18076,561234
18077,551697
18078,542064
18079,532492
18080,522966
18081,513457
18082,505758
18083,496145
18084,486595
18085,477032
18086,467521
18087,457890
18088,449012
18089,439353
18090,429670
18091,420047
18092,410469
18093,400866
18094,391256
18095,383684
18096,374041
18097,364628
18098,355107
18099,345650
18100,336076
18101,326489
18102,316824
18103,307254
18104,298403
18105,288751
18106,279231
18107,269713
18108,262233
18109,252629
18110,243154
18111,233575
18112,223945
18113,214581
18114,204899
18115,195256
18116,185662
18117,176085
18118,166495
18119,156920
18120,149861
18121,140255
18122,130677
18123,121061
18124,111564
18125,102573
18126,93044
18127,83496
18128,73883
18129,64605
18130,55089
18131,45534
18132,35861
18133,28219
18134,18711
18135,9110
18136,1181533
18137,1175808
18138,1168802
18139,1161448
18140,1155665
18141,1147033
18142,1139596
18143,1132509
18144,1124727
18145,1120694
18146,1166153
18147,1160658
18148,1150829
18149,1141000
18150,1131055
18151,1121118
18152,1111226
18153,1101317
18154,1091451
18155,1081536
18156,1071587
18157,1061652
18158,1051742
18159,1044000
18160,1034426
18161,1025120
18162,1015529
18163,1005899
18164,996439
18165,986995
18166,977536
18167,967920
18168,959184
18169,949510
18170,940004
18171,930442
18172,922730
18173,913130
18174,903482
18175,893981
18176,884404
18177,875087
18178,865607
18179,856076
18180,846696
18181,837209
18182,827629
18183,818116
18184,811094
18185,801639
18186,792121
18187,782657
18188,773198
18189,763728
18190,754152
18191,744616
18192,735053
18193,725454
18194,715895
18195,706353
18196,696743
18197,688988
18198,679364
18199,669901
18201,651022
18202,641491
18203,631847
18204,622258
18205,612578
18206,603048
18207,593434
18208,583835
18209,574486
18210,564923
18211,557134
18212,547533
18213,537894
18214,528316
18216,509651
18217,500136
18218,490633
18219,481058
18220,471532
18221,461949
18222,452387
18223,442732
18224,433209
18225,425685
18226,416197
18227,406631
18228,396989
18229,387416
18230,377835
18231,368143
18232,359132
18233,349579
18234,339925
18235,330275
18236,320708
18237,311243
18238,303482
18239,293923
18240,284226
18241,274957
18242,265981
18243,256489
18244,246877
18245,238241
18246,228320
18247,218399
18248,209133
18249,199560
18250,191998
18251,182504
18252,172821
18253,163264
18254,153700
18255,144012
18256,134438
18257,125043
18258,115379
18259,105863
18260,96332
18261,86734
18262,77120
18263,69474
18264,60583
18265,51024
18266,41552
18267,31926
18268,22515
18269,12928
18270,3400
18271,1122251
18272,1116265
18273,1112418
18274,1105095
18275,1097948
18276,1095759
18277,1086249
18278,1076698
18279,1067080
18280,1058538
18281,1048962
18282,1039425
18283,1029905
18284,1020349
18285,1010785
18286,1001189
18287,991681
18288,982120
18289,974952
18290,965503
18291,955838
18292,946348
18293,936783
18294,927135
18295,917600
18296,909044
18297,899585
18298,890103
18299,880537
18300,870861
18301,861384
18302,853851
18303,844216
18304,834626
18305,825259
18306,815693
18307,806265
18308,796810
18309,787144
18310,777719
18311,768231
18312,759309
18313,749975
18314,742371
18315,732848
18316,723387
18317,713803
18318,704328
18319,694858
18320,685702
18321,676345
18322,666928
18323,657355
18324,647811
18325,638240
18326,628769
18327,621120
18328,612314
18329,602850
18330,593344
18331,583862
18332,574323
18333,564771
18334,555120
18335,545608
18336,535972
18337,526577
18338,517020
18339,507341
18340,500796
18341,491230
18342,481564
18343,471897
18344,463014
18345,453435
18346,443911
18347,435654
18348,425732
18349,415836
18350,405924
18351,396090
18352,386504
18353,378880
18354,369254
18355,359642
18356,350073
18357,340434
18358,330982
18359,321394
18360,312625
18361,303069
18362,293443
18363,283952
18364,274383
18365,264822
18367,247073
18368,237527
18369,228093
18370,218537
18371,208950
18372,199394
18373,189774
18374,180262
18375,170631
18376,162281
18377,152618
18378,142950
18380,125397
18381,115843
18382,106210
18383,96690
18384,87052
18385,77595
18386,68047
18387,58459
18388,48872
18389,39282
18390,29703
18391,20086
18392,11331
18393,1070089
18394,1060631
18395,1051167
18396,1041655
18397,1032136
18398,1022674
18399,1013039
18401,994110
18402,984516
18403,974871
18404,965440
18405,955813
18406,946232
18407,938817
18408,930127
18409,920532
18410,910902
18411,901314
18412,891790
18413,882225
18414,872774
18415,863157
18416,853725
18417,844312
18418,834749
18419,825212
18420,817391
18421,807903
18422,798380
18423,788813
18424,780301
18425,770820
18426,761296
18427,751840
18428,742315
18429,732869
18430,723367
18431,713825
18432,704324
18433,696832
18434,687284
18435,677629
18436,668100
18438,648530
18439,639187
18440,630471
18441,620910
18442,611451
18443,601856
18444,592198
18445,582671
18446,574905
18447,565279
18448,555719
18449,546421
18450,536788
18451,527250
18452,517668
18453,508096
18454,499412
18455,489478
18456,480209
18457,470574
18458,461005
18459,453202
18460,443542
18461,433983
18462,424419
18463,414954
18464,405380
18465,395969
18466,386346
18467,376726
18468,367161
18469,357534
18470,347920
18471,338318
18472,331334
18473,321796
18474,312129
18475,302719
18476,293133
18477,283505
18478,273927
18479,264401
18480,254735
18481,245448
18482,236008
18483,226435
18484,216855
18485,209282
18486,199729
18487,190183
18489,171440
18490,161790
18491,152233
18492,142636
18493,133044
18494,123426
18495,113722
18496,104085
18497,94707
18498,85035
18499,77926
18500,68421
18501,58931
18502,49365
18503,39835
18504,30917
18505,21385
18506,11960
18507,2323
18508,1059111
18509,1049618
18510,1040057
18511,1036090
18512,1026711
18513,1017792
18514,1008315
18515,998813
18516,989263
18517,979638
18518,970119
18519,960505
18520,951950
18521,942383
18522,932709
18523,923065
18524,915451
18525,905815
18526,896224
18527,886707
18528,877121
18529,867809
18530,858248
18531,848628
18532,839146
18533,829722
18534,820357
18535,810912
18536,802103
18537,795722
18538,786145
18539,776555
18540,766961
18541,757334
18542,747821
18543,738337
18544,728826
18545,719478
18546,709856
18547,700435
18548,690901
18549,681384
18550,673479
18551,664044
18552,655295
18553,645763
18554,636245
18555,626778
18556,617218
18557,608582
18558,598648
18559,588988
18560,579624
18561,570284
18562,560756
18563,553153
18564,543572
18565,533945
18566,524516
18567,514983
18568,506211
18569,496629
18570,487044
18571,477466
18572,467915
18573,458301
18574,448716
18575,440845
18576,431199
18577,421871
18578,412330
18579,402654
18580,393094
18581,383583
18582,373965
18583,364328
18584,355608
18585,346015
18586,336358
18587,326724
18588,318925
18589,309389
18590,299858
18591,290252
18592,280590
18593,271210
18594,261558
18595,252079
18596,242540
18597,232890
18598,223394
18599,213817
18600,204920
18601,197069
18602,187489
18603,177849
18604,168229
18605,158683
18606,149005
18607,139367
18608,129757
18609,120381
18610,110874
18611,101357
18612,92191
18613,82618
18614,75115
18615,65469
18616,56542
18617,47015
18618,37415
18619,27813
18620,18157
18621,8772
18622,1056637
18623,1047299
18624,1037818
18625,1028983
18626,1019576
18627,1015043
18628,1005514
18629,996004
18630,986449
18631,976781
18632,968290
18633,958712
18634,949088
18635,939599
18636,929908
18637,920509
18638,910881
18639,903373
18640,893890
18641,884520
18642,874935
18643,865269
18644,855761
18645,846165
18646,836624
18647,827085
18648,818163
18649,808701
18650,799141
18651,789585
18652,781899
18653,772425
18654,762779
18655,753128
18656,743643
18657,734292
18658,724650
18659,716422
18660,706469
18661,696542
18662,686642
18663,676653
18664,667869
18665,660298
18666,650657
18667,641093
18668,631543
18669,621949
18670,612313
18671,602827
18672,593361
18673,584094
18674,574579
18675,564972
18677,545454
18678,535934
18679,528461
18680,519766
18681,510170
18682,500660
18683,491104
18684,481546
18685,471955
18686,462476
18687,452884
18688,443234
18689,433958
18690,424386
18691,414773
18692,407257
18693,397680
18694,388052
18695,378609
18696,369803
18697,360188
18698,350653
18699,341030
18700,331409
18701,321825
18702,312136
18703,302668
18704,294988
18706,275668
18707,266175
18708,256607
18709,247074
18710,237741
18712,219007
18713,209559
18714,200001
18715,190360
18716,180919
18717,171372
18718,161796
18719,154259
18720,144806
18721,135350
18722,125863
18723,116307
18724,107195
18725,38552
18726,38611
18727,38631
18728,39665
18729,39782
18730,39810
18731,39445
18732,32980
18733,23482
18734,13983
18736,1194529
18737,1185805
18738,1176289
18739,1166824
18740,1157439
18741,1147839
18742,1138238
18743,1128817
18744,1120160
18745,1110584
18746,1106650
18747,1097068
18748,1087505
18749,1077997
18750,1068415
18751,1058780
18752,1049324
18753,1040061
18754,1030563
18755,1017919
18756,1011430
18758,991877
18759,982242
18760,873450
18761,873493
18762,873534
18763,873572
18764,873608
18765,873664
18766,873743
18767,874936
18768,874918
18769,874851
18770,874830
18771,868168
18772,859541
18773,850086
18774,840435
18775,830913
18776,822171
18777,794854
18778,794867
18779,793114
18780,783478
18781,774014
18782,764345
18783,754777
18784,745163
18785,732885
18786,728345
18787,716716
18788,712340
18789,702497
18790,692621
18791,682758
18792,672807
18793,662972
18794,653160
18795,643641
18797,624125
18798,614582
18799,607089
18800,597571
18801,588248
18802,578732
18803,569274
18804,559708
18805,550216
18806,540711
18807,531030
18808,522187
18809,512645
18810,503132
18811,493458
18812,485889
18813,476343
18814,466725
18815,459558
18816,449877
18817,440452
18818,430925
18819,421349
18820,411923
18821,402382
18822,392730
18823,383171
18824,374376
18825,366791
18826,357225
18827,347666
18828,338101
18829,328535
18830,318968
18831,309319
18832,299775
18833,290357
18834,280774
18835,271285
18836,261857
18837,253836
18838,244216
18839,234721
18840,225856
18841,216250
18842,206726
18843,197140
18844,187513
18845,178139
18846,168522
18847,158934
18848,149354
18849,139936
18850,132114
18851,122920
18852,113304
18853,103734
18854,94121
18855,84574
18856,75641
18857,66022
18858,56318
18859,46700
18860,37133
18861,27548
18862,17998
18863,10391
18864,1056246
18865,1047360
18866,1037903
18867,1028436
18868,1018860
18869,1009319
18870,1000849
18871,990945
18872,981412
18873,971740
18874,962141
18875,952527
18876,947587
18877,937995
18878,928468
18879,918903
18880,909254
18881,899895
18882,890172
18883,880695
18884,871051
18885,861543
18887,841999
18888,833154
18889,823500
18890,815894
18891,806247
18892,796611
18893,787301
18894,777785
18895,768248
18896,758803
18897,749346
18898,739857
18899,730407
18900,720715
18901,711264
18902,703530
18903,694056
18904,685169
18905,675666
18906,666142
18907,656654
18908,647256
18909,637744
18910,628309
18911,618808
18912,609152
18913,599710
18914,590139
18915,568287
18916,568360
18917,562958
18918,553392
18919,544058
18920,535215
18921,525622
18922,516080
18923,506470
18924,496885
18925,487362
18926,477880
18927,468184
18928,461668
18929,452358
18930,442848
18931,433211
18932,423595
18933,413998
18934,404387
18935,394776
18936,385773
18937,376234
18938,366686
18939,357111
18940,347546
18941,339795
18942,330160
18943,320566
18944,311048
18945,301568
18946,291962
18947,282632
18948,273041
18949,263396
18950,253846
18951,244183
18952,235441
18953,225934
18954,218084
18955,208514
18956,199000
18957,189453
18958,179865
18959,170321
18960,160805
18961,151497
18962,141968
18963,132395
18964,122938
18965,113333
18966,105591
18967,96008
18968,87087
18969,77846
18970,68216
18971,58699
18972,49014
18973,39384
18974,30729
18975,20797
18976,10847
18977,1102165
18978,1092962
18979,1088780
18980,1079369
18981,1069750
18982,1060198
18983,1050724
18984,1042208
18985,1032617
18986,1023094
18987,1013469
18988,1003930
18989,994408
18990,984803
18991,975263
18992,968527
18993,959263
18994,949596
18995,940127
18996,930581
18997,920971
18998,911418
18999,901905
19000,893162
19001,883771
19002,874255
19003,864708
19004,855206
19005,847557
19006,837952
19007,828497
19008,818904
19009,809622
19010,800099
19011,790391
19012,780874
19013,771407
19014,761837
19015,752350
19016,743598
19017,734149
19018,726459
19019,716972
19020,707519
19021,698051
19022,688567
19023,679052
19024,669585
19025,660402
19026,650806
19027,641387
19028,631974
19029,622449
19030,614690
19031,605317
19032,596589
19033,587095
19034,577684
19035,568255
19036,558652
19037,549202
19038,539658
19039,530186
19040,520678
19041,511239
19042,501658
19043,493964
19044,484430
19045,474807
19046,465298
19047,455663
19048,446869
19049,437373
19050,427848
19051,418193
19052,408629
19053,399071
19054,389513
19055,379926
19056,372362
19057,363131
19058,353604
19059,344067
19060,334523
19061,325028
19062,315404
19063,305911
19064,297275
19065,287573
19066,278103
19067,268595
19068,258916
19069,251232
19070,241776
19071,232108
19072,222565
19073,213241
19074,203683
19075,194193
19076,185765
19077,175823
19078,165869
19079,155976
19080,147705
19081,138124
19082,130791
19083,121129
19084,111532
19085,102027
19086,92453
19087,82912
19088,73316
19089,63837
19090,54387
19091,44772
19093,25152
19094,15863
19095,8395
19096,1059330
19097,1049937
19098,1040352
19099,1030776
19100,1021269
19101,1011719
19102,1002172
19103,992735
19104,983122
19105,973781
19106,964289
19107,954597
19108,949743
19109,940357
19110,930732
19111,921191
19112,912495
19113,902817
19114,893178
19115,883652
19116,874027
19117,864413
19119,844881
19120,835256
19121,825895
19122,819501
19123,809858
19124,800245
19125,790667
19126,781218
19127,771599
19128,762819
19129,753339
19130,743827
19131,734357
19132,724873
19133,715395
19134,705802
19135,698059
19136,688494
19137,679100
19138,669549
19139,660012
19140,650608
19141,641320
19142,631761
19143,622104
19144,613366
19145,603927
19146,594289
19147,584784
19148,577299
19149,567631
19150,558208
19151,548770
19152,539262
19153,529926
19154,520477
19155,510889
19156,501279
19157,491871
19158,482326
19159,472730
19160,465735
19161,456130
19162,446731
19163,437065
19164,427506
19165,417791
19166,408274
19167,398673
19168,388989
19169,379698
19170,370038
19171,360426
19172,350901
19173,343009
19174,333411
19175,323816
19176,314884
19177,305368
19178,295785
19179,286421
19180,276787
19181,268113
19182,258169
19183,248222
19184,238485
19185,229076
19186,221256
19187,211772
19188,202119
19189,192528
19190,182971
19191,173313
19192,164447
19193,154878
19194,145189
19195,135661
19196,126092
19197,116532
19198,106829
19199,99249
19200,89568
19201,80817
19202,71282
19203,61665
19204,52090
19205,42595
19206,32921
19207,23315
19208,14669
19209,5070
19210,1054570
19211,1045212
19212,1040483
19213,1031002
19214,1021426
19215,1011802
19216,1002208
19217,993395
19218,983855
19219,974285
19220,964792
19221,955170
19222,945558
19223,935936
19224,929137
19225,919605
19226,910066
19227,900480
19228,890830
19229,881353
19230,871674
19231,862094
19232,852618
19233,843160
19234,833579
19235,824032
19236,814552
19237,807209
19238,797654
19239,788103
19240,779193
19241,769693
19242,760017
19243,750410
19244,740943
19245,731412
19246,721863
19247,712323
19248,702731
19249,693289
19250,685588
19251,675924
19252,666452
19253,657079
19254,647612
19255,637961
19256,629239
19257,619716
19258,610199
19259,600573
19260,591008
19261,581484
19262,572012
19263,564331
19264,554700
19265,545471
19266,535795
19267,526245
19268,516635
19269,507030
19270,497452
19271,487912
19272,479073
19273,469553
19274,459895
19275,450343
19276,442639
19277,432994
19278,423419
19279,413884
19280,404282
19281,394869
19282,385171
19283,376598
19284,366647
19285,356704
19286,346767
19287,336967
19288,330192
19289,320581
19290,310979
19291,301301
19292,291685
19293,282185
19294,272582
19295,263057
19296,253382
19297,244123
19298,234571
19299,224892
19300,215275
19301,207559
19302,198024
19303,188363
19304,179533
19305,169975
19306,160358
19307,150792
19308,141238
19309,131693
19310,122188
19311,112572
19312,102995
19313,93621
19314,87677
19315,78109
19316,68604
19317,58936
19318,49459
19319,39912
19320,31147
19321,21527
19322,12057
19323,2444
19324,1126363
19325,1116938
19326,1107433
19327,1103491
19328,1094023
19329,1085112
19330,1075569
19331,1066145
19332,1056544
19333,1046921
19334,1037424
19335,1027809
19336,1019156
19337,1009671
19338,1000087
19339,990588
19340,983238
19341,973641
19342,964068
19343,954562
19344,944971
19345,935565
19346,926096
19347,916461
19348,906845
19349,897318
19350,887666
19351,878181
19352,871541
19353,861884
19354,852337
19355,842811
19356,833328
19357,823818
19358,814356
19359,804853
19360,795317
19361,786041
19362,776591
19363,767057
19364,757559
19365,749907
19366,740427
19367,730948
19368,722278
19369,712833
19370,703354
19371,693795
19372,684412
19373,674919
19374,665512
19375,656091
19376,646534
19377,637079
19378,629370
19379,620018
19380,610558
19382,591119
19383,581539
19384,572693
19385,563145
19386,554880
19387,544972
19388,535055
19389,525132
19390,515454
19391,505903
19392,498295
19393,488859
19394,479321
19395,469623
19396,460170
19397,450538
19398,441007
19399,431371
19400,422523
19401,412923
19402,403392
19403,393944
19404,384448
19405,376746
19406,367234
19407,357546
19408,348092
19409,338767
19410,329082
19411,319469
19412,310184
19413,300571
19414,291137
19415,281730
19416,272957
19417,265384
19418,255862
19419,246276
19420,236626
19421,227142
19422,217581
19423,213004
19424,203164
19425,193304
19426,183360
19427,173462
19428,163585
19429,153683
19430,143803
19431,134155
19432,125291
19433,115704
19434,106174
19435,96592
19436,86971
19437,77469
19438,67982
19439,58440
19440,48840
19441,39486
19442,29945
19443,22592
19444,13116
19445,3585
19446,1212400
19447,1206284
19448,1205782
19449,1196633
19450,1187357
19451,1178064
19452,1168519
19453,1159010
19454,1149455
19455,1139951
19456,1135331
19457,1126192
19458,1116696
19459,1107278
19460,1097698
19461,1088108
19462,1078491
19463,1069018
19464,1060316
19465,1050684
19466,1041171
19467,1031579
19468,1021986
19469,1014595
19470,1005064
19471,995489
19472,986026
19473,976635
19474,967036
19475,957528
19476,947934
19477,938344
19478,928906
19479,919348
19480,910502
19481,902921
19482,893418
19483,883803
19484,874401
19485,864772
19486,855252
19487,845775
19488,836356
19489,827643
19490,817947
19491,808539
19493,788989
19494,779476
19495,771873
19496,763300
19497,753798
19499,734307
19500,724843
19501,715342
19502,705894
19503,696400
19504,686827
19505,677587
19506,667958
19507,658394
19508,648811
19509,642752
19510,633239
19511,623642
19512,614745
19513,605158
19514,595591
19515,586058
19516,576470
19517,566913
19518,557267
19519,547685
19520,538174
19521,528835
19522,521425
19523,511991
19524,502424
19525,492789
19526,483231
19527,473621
19528,464846
19529,455204
19530,445605
19531,435954
19532,426433
19533,416808
19534,407432
19535,399726
19536,390120
19537,380803
19538,371334
19539,361818
19540,352307
19541,342788
19542,333146
19543,323525
19544,314867
19545,305282
19546,295753
19547,288047
19548,278500
19549,268968
19550,259399
19551,250464
19552,240934
19553,231644
19554,222080
19555,212492
19556,202945
19557,193294
19558,183712
19559,174142
19560,167558
19561,158049
19562,148545
19563,139011
19564,129462
19565,119915
19566,110214
19567,100672
19568,91074
19569,81889
19570,72274
19571,62778
19572,53100
19573,45400
19574,35839
19575,26202
19576,17664
19577,8237
19578,1058153
19579,1048747
19580,1039341
19581,1029792
19582,1020322
19583,1010910
19584,1001359
19585,992447
19586,988548
19587,979082
19588,969476
19589,959889
19590,950310
19591,940664
19592,931903
19593,923114
19594,913177
19595,903264
19596,893402
19597,883752
19598,874279
19599,866679
19600,857046
19601,847699
19602,838138
19603,828618
19604,819038
19605,809398
19606,799758
19607,790462
19608,781654
19609,772069
19610,762641
19611,754984
19612,745475
19613,735968
19614,726354
19615,716844
19616,707377
19617,697985
19618,688434
19619,678997
19620,669326
19621,659905
19622,650550
19623,640864
19624,633908
19625,624464
19626,614917
19627,605309
19628,595895
19629,586389
19630,576886
19631,567355
19632,557781
19633,548521
19634,538939
19635,529392
19636,519883
19637,512181
19638,502516
19639,492883
19640,484026
19641,474384
19642,464804
19643,455191
19644,445655
19645,436125
19647,416559
19648,406904
19649,397458
19650,387808
19651,380017
19652,370513
19653,360911
19654,351268
19655,341737
19656,332906
19657,323250
19658,313637
19659,303980
19660,294355
19661,284801
19662,275189
19663,265615
19664,257896
19665,248482
19666,239184
19667,229662
19668,220002
19669,210414
19670,200953
19671,191295
19672,182387
19673,172834
19674,163219
19675,153562
19676,145847
19677,136237
19678,126696
19679,117159
19680,107567
19681,98185
19682,88641
19683,79403
19684,69762
19685,60177
19686,50565
19688,31921
19689,22419
19690,14693
19691,6859
19692,1054165
19693,1044691
19694,1035243
19695,1025661
19696,1016099
19697,1008441
19698,998512
19699,988584
19700,978681
19701,968971
19702,959374
19703,956058
19704,947496
19705,937922
19706,928341
19707,918744
19708,909131
19709,899634
19710,890109
19711,880430
19712,870933
19713,861522
19714,851896
19715,842388
19716,834538
19717,825044
19718,815627
19719,806015
19720,797220
19721,787690
19722,778143
19723,768622
19724,759113
19725,749547
19726,740010
19727,730608
19728,683531
19729,686020
19730,686114
19731,686119
19732,684163
19733,674623
19734,665048
19735,655478
19736,646718
19737,637332
19738,627970
19739,618388
19740,608738
19741,601070
19742,591532
19743,581917
19744,572305
19745,563070
19746,553471
19747,543944
19748,534425
19749,524721
19750,515162
19751,505466
19752,496530
19753,486830
19754,479135
19755,469432
19756,459850
19757,450275
19758,440732
19759,431088
19760,421554
19761,412129
19762,402531
19763,392895
19764,383305
19765,373720
19766,364055
19767,356227
19768,347342
19769,337902
19770,328242
19771,318610
19772,309032
19773,299334
19774,289681
19775,280125
19776,270552
19777,261205
19778,251617
19779,241987
19780,234134
19781,224749
19782,215181
19783,205643
19784,196784
19785,187148
19786,177513
19787,167907
19788,158286
19789,148756
19790,139182
19791,129459
19792,119863
19793,112365
19794,102933
19795,93356
19796,83812
19797,74568
19798,64972
19799,56572
19800,46678
19801,36931
19802,27331
19803,17742
19804,8203
19805,1055042
19806,1045525
19807,1035883
19808,1026419
19809,1017086
19810,1007495
19811,997934
19812,988315
19813,978759
19814,969281
19815,959661
19816,950949
19817,941297
19818,933607
19819,923955
19820,914391
19821,904768
19822,895234
19823,885639
19824,875975
19825,866553
19826,857031
19827,847521
19828,837977
19829,828416
19830,818803
19831,811202
19832,802380
19833,792980
19834,783361
19835,773860
19836,764130
19837,754673
19838,745213
19839,735656
19840,725970
19841,716558
19842,706972
19843,697397
19844,689782
19845,680094
19846,670488
19847,660892
19848,652278
19849,642674
19850,633081
19851,623412
19852,613878
19853,604292
19854,594711
19855,585059
19856,575489
19857,568011
19858,558406
19859,548870
19860,539295
19861,529816
19862,520294
19863,510745
19864,501842
19865,492263
19866,482669
19867,473117
19868,463559
19869,455797
19870,446192
19871,436606
19872,427044
19873,417675
19874,408141
19875,398479
19876,388943
19877,379341
19878,369588
19879,359930
19880,351116
19881,341435
19882,333677
19883,324087
19884,314380
19885,304755
19886,295230
19887,285571
19888,276036
19889,266658
19890,257023
19891,247493
19892,238044
19893,228485
19894,218933
19895,212027
19896,203156
19897,193528
19898,183923
19899,174347
19900,164825
19901,155214
19902,147152
19903,137264
19904,127358
19905,117422
19906,107477
19907,97766
19908,90070
19909,80797
19910,71175
19911,61632
19912,52694
19913,43232
19914,33595
19915,23905
19916,14427
19917,4782
19918,1060438
19919,1052959
19920,1044925
19921,1043576
19922,1036141
19923,1028123
19924,1020409
19925,1012611
19926,1004798
19927,997027
19928,993025
19929,984903
19930,976902
19931,969302
19932,960981
19933,958142
19934,950700
19935,942594
19936,934614
19937,927884
19938,919282
19939,910343
19940,901300
19941,891974
19942,882664
19943,873144
19944,864376
19945,854751
19946,847412
19947,837950
19948,828346
19949,818822
19950,809209
19951,799618
19952,790028
19953,780582
19954,771006
19955,761567
19956,752033
19957,742577
19958,733043
19959,725274
19960,716383
19961,707033
19962,697350
19963,687870
19964,678319
19965,668794
19966,659353
19967,649792
19968,640374
19969,631025
19970,621563
19971,611851
19972,604064
19973,594618
19974,585163
19975,575564
19976,566829
19977,557329
19978,547725
19979,538214
19980,528676
19981,519154
19982,509668
19983,500016
19984,490347
19985,482915
19986,473209
19987,463613
19988,454048
19989,444451
19990,434781
19991,425312
19992,416389
19993,406757
19994,397178
19995,387603
19996,377994
19997,370232
19998,360636
19999,351067
20000,341492
20001,332082
20002,322552
20003,312971
20004,303374
20005,294806
20006,284878
20007,274942
20008,265838
20009,256235
20010,248479
20011,238859
20012,229306
20013,219614
20015,200040
20016,190428
20017,181049
20018,171550
20019,161903
20020,152293
20021,142850
20022,133297
20023,123859
20024,116933
20025,107392
20026,97862
20027,88296
20028,78662
20029,69041
20030,59505
20031,49825
20032,40201
20033,30732
20034,21253
20035,11822
20036,2293
20037,1067431
20038,1060195
20039,1053301
20040,1050596
20041,1043007
20042,1035953
20043,1028078
20044,1020481
20045,1013457
20046,1005830
20047,998224
20048,991150
20049,984724
20050,983485
20051,976549
20052,968924
20053,961718
20054,954619
20055,946438
20056,939243
20057,929967
20058,923329
20059,913500
20060,903661
20061,893770
20062,884054
20063,874514
20064,865012
20065,855662
20066,846216
20067,836684
20068,827216
20069,817612
20070,808193
20071,798654
20072,789882
20073,780211
20074,770791
20075,763013
20076,753507
20077,743868
20078,734298
20079,724738
20080,715245
20081,705970
20082,696454
20083,686982
20084,677557
20085,668015
20086,658536
20087,649066
20088,642991
20089,633445
20090,623914
20091,614271
20092,604773
20093,595296
20094,585794
20095,576260
20096,566762
20097,557488
20098,547945
20099,538487
20100,528894
20101,521374
20102,511865
20103,502277
20104,493571
20105,484141
20106,474639
20107,465056
20108,456549
20109,446593
20111,426683
20112,416729
20113,407102
20114,397531
20115,389840
20116,380303
20117,370775
20118,361206
20119,351616
20120,342777
20121,333199
20122,323533
20123,313989
20124,304496
20125,294873
20126,285386
20127,277733
20128,268253
20129,258904
20130,249313
20131,239834
20132,230348
20133,220650
20134,211152
20135,201629
20136,192810
20137,183198
20138,173680
20139,164012
20140,156383
20141,147111
20142,137505
20143,127945
20144,118502
20145,109130
20146,99603
20147,90086
20148,80408
20149,70810
20150,61364
20151,51758
20152,42923
20153,35406
20154,25739
20155,16358
20156,6887
20157,1051287
20158,1043438
20159,1035858
20160,1027822
20161,1020777
20162,1013199
20163,1005101
20164,997077
20165,989494
20166,987215
20167,979612
20168,976160
20169,968127
20170,960195
20171,952495
20172,944340
20173,936655
20174,928709
20175,920533
20176,912546
20177,905564
20179,887233
20180,884547
20181,876521
20182,868413
20183,860789
20184,856397
20185,848643
20186,841250
20187,832961
20188,824761
20189,816282
20190,807118
20191,797795
20192,790674
20193,781278
20194,771645
20195,762066
20196,752436
20197,742796
20198,733228
20199,723521
20200,714654
20201,705306
20202,695633
20203,686129
20204,676665
20205,668731
20206,659214
20207,649675
20208,640044
20209,630704
20210,621196
20211,611701
20212,602292
20213,593742
20214,583793
20215,573853
20216,564682
20217,555168
20218,547306
20219,537886
20220,528260
20221,518771
20222,509351
20223,499741
20224,490167
20225,480842
20226,471244
20227,461735
20228,452081
20229,442486
20230,432820
20231,425000
20232,416021
20233,406455
20234,396732
20235,387062
20236,377462
20237,367831
20238,358135
20239,348470
20240,338904
20241,329532
20242,319965
20243,310438
20244,302558
20245,293050
20246,283529
20247,273983
20248,265143
20249,255623
20250,246074
20251,236479
20252,226919
20253,217343
20254,207726
20255,198117
20256,190405
20257,181069
20258,171603
20259,162019
20260,152451
20261,143048
20262,133431
20263,123918
20264,115112
20265,105443
20266,95848
20267,86213
20268,76578
20269,68894
20270,59468
20271,49853
20272,40222
20273,30821
20274,21140
20275,11663
20276,2173
20277,1057891
20278,1050709
20279,1043752
20280,1040826
20281,1033640
20282,1040442
20283,1033088
20284,1025792
20285,1018707
20286,1011036
20287,1003776
20288,996498
20289,990018
20290,982640
20291,975625
20292,968070
20293,960594
20294,953402
20295,949718
20296,941849
20297,932504
20298,922953
20299,913531
20300,903967
20301,894449
20302,884880
20303,875360
20304,865885
20305,856581
20306,847107
20307,837586
20308,829877
20309,820409
20310,810777
20311,801212
20312,792437
20313,782831
20314,773205
20315,764461
20316,754523
20317,744576
20318,735072
20319,725530
20320,717830
20321,708512
20322,698883
20323,689324
20324,679848
20325,670234
20326,660781
20327,651445
20328,642631
20329,633173
20330,623551
20331,614027
20332,604573
20333,596934
20334,587447
20335,577923
20336,568418
20337,559057
20338,549552
20339,540144
20340,530616
20341,521073
20342,511620
20343,501981
20344,493222
20345,483687
20346,475968
20347,466381
20348,456840
20349,447215
20350,437728
20351,428203
20352,418634
20353,409326
20354,399815
20355,390214
20356,380753
20357,371256
20358,361685
20359,353931
20360,345114
20361,335504
20362,326035
20363,316538
20364,307020
20365,297395
20366,287914
20367,278353
20368,268746
20369,259426
20370,249753
20371,240185
20372,232524
20373,222919
20374,213486
20375,203901
20376,195054
20377,185534
20378,176070
20379,166382
20380,157176
20381,147619
20382,138007
20383,128439
20384,120764
20385,111528
20386,101989
20387,92407
20388,82737
20389,73297
20390,63745
20391,54077
20392,45267
20393,35733
20394,25968
20395,16471
20396,7041
20397,1065489
20398,1056077
20399,1046688
20400,1037069
20401,1028099
20402,1018672
20403,1009052
20404,999489
20405,989886
20407,970271
20408,961666
20409,952114
20410,942619
20411,935097
20412,925533
20413,915843
20414,906351
20415,896768
20416,887197
20417,877818
20418,869499
20419,859602
20420,849683
20421,839736
20422,830068
20423,820712
20424,813683
20425,804153
20426,794618
20427,785126
20428,775574
20429,766022
20430,756441
20431,746956
20432,737403
20433,728054
20434,718517
20435,708959
20436,699328
20437,691585
20438,682007
20439,672569
20440,663771
20441,654439
20442,644943
20443,635535
20444,625884
20445,616397
20446,606838
20447,597451
20448,587906
20449,580354
20450,570830
20451,561230
20452,551591
20453,542076
20454,532502
20455,522908
20456,514084
20457,504395
20458,494888
20459,485299
20460,475754
20461,466195
20462,458387
20463,448708
20465,429365
20467,409815
20468,400180
20469,390562
20470,380838
20471,371320
20472,362414
20473,352882
20474,343282
20475,333702
20476,324161
20477,317590
20478,307963
20479,298298
20480,288794
20481,279336
20482,269709
20483,260187
20484,250676
20485,241096
20486,231518
20487,222069
20488,213163
20489,203636
20490,195940
20491,186443
20492,176918
20493,167221
20494,157776
20495,148202
20496,138633
20497,129270
20498,119661
20499,110083
20500,100500
20501,91003
20502,81956
20503,74271
20504,65477
20505,55857
20506,46293
20507,36712
20508,27188
20509,17647
20510,8138
20511,1064977
20512,1055523
20513,1046680
20514,1037101
20515,1032796
20516,1023396
20517,1013884
20518,1004215
20519,994704
20520,985924
20521,976243
20522,967993
20523,958053
20524,948106
20525,938169
20526,928469
20527,918783
20528,911253
20529,901965
20530,892307
20531,882801
20532,873235
20533,863782
20534,854217
20535,844579
20536,835627
20537,826121
20538,816497
20539,806863
20540,797461
20541,790008
20542,780388
20543,770843
20544,761236
20545,751957
20546,742397
20547,732713
20548,723249
20549,713648
20550,703987
20551,694466
20552,685606
20553,676046
20554,668441
20555,658904
20556,649208
20557,639634
20558,630050
20559,620499
20560,610817
20561,601424
20562,591770
20563,582173
20564,572592
20565,562997
20566,553379
20567,545661
20568,536749
20569,527315
20570,517829
20571,508125
20572,498571
20573,489047
20574,479383
20575,469896
20576,460309
20577,450874
20578,441198
20579,433362
20580,423819
20581,414121
20582,404542
20583,394917
20584,385977
20585,376441
20586,366829
20587,357150
20588,347545
20589,337883
20590,328200
20591,318716
20592,310894
20593,301506
20594,291930
20595,282355
20596,272855
20597,263300
20598,253786
20599,244155
20600,235335
20601,225653
20602,216042
20603,206430
20604,196851
20605,189021
20606,179538
20607,170029
20608,160390
20609,151024
20610,141497
20611,131932
20612,122377
20613,112724
20614,103152
20615,94018
20616,85186
20617,75571
20618,67966
20619,58449
20620,48847
20621,39291
20622,29577
20623,20045
20624,10648
20625,1058374
20626,1048854
20627,1039495
20628,1029952
20629,1020384
20630,1010878
20631,1005921
20632,997263
20633,987823
20634,978200
20635,968557
20636,959039
20637,949432
20638,939815
20639,930245
20640,920611
20641,911225
20642,901628
20643,894079
20644,884482
20645,875002
20646,865297
20648,846472
20649,836975
20650,827481
20651,818140
20652,808610
20653,798944
20654,789521
20655,780065
20656,770609
20657,763250
20658,753541
20659,744022
20660,734424
20661,724936
20662,715443
20663,705925
20664,696934
20665,687464
20666,677991
20667,668307
20668,658812
20669,649346
20670,642904
20671,633399
20672,623751
20673,614350
20674,604850
20675,595299
20676,585645
20677,576282
20678,566779
20679,557166
20680,548385
20681,538899
20682,529291
20683,521728
20684,512270
20685,502698
20686,493273
20687,483736
20688,474073
20689,464682
20690,455033
20691,445415
20692,435915
20693,426364
20694,416788
20695,407185
20696,401294
20697,391461
20698,381577
20699,371720
20700,362069
20701,352663
20702,343177
20703,333403
20704,323763
20705,314469
20706,304789
20707,295222
20708,287541
20709,277958
20710,268476
20711,258887
20712,250101
20713,240514
20714,231070
20715,221474
20716,211976
20717,202337
20718,192630
20719,182938
20720,173350
20721,165870
20722,156293
20723,146726
20724,137098
20725,127402
20726,118001
20727,108384
20728,99526
20729,91057
20730,81116
20731,71176
20732,61556
20733,51909
20734,44618
20735,35072
20736,25499
20737,16203
20738,6696
20739,1161260
20740,1157305
20741,1152593
20742,1145983
20743,1137765
20744,1131104
20745,1121535
20746,1112048
20747,1107591
20748,1097918
20749,1088369
20750,1078864
20751,1069295
20752,1059710
20753,1050366
20754,1040725
20755,1031104
20756,1021465
20757,1011911
20758,1002318
20759,992702
20760,985706
20761,976126
20762,966581
20763,956949
20764,947496
20765,938060
20766,928628
20767,919097
20768,909555
20769,900231
20770,890796
20771,881324
20772,873543
20773,864057
20774,854575
20775,845082
20776,836187
20777,826767
20778,817081
20779,807508
20780,797989
20781,788472
20782,778957
20783,769427
20784,759959
20785,752360
20786,742861
20787,733241
20788,723755
20789,714148
20790,704507
20791,694858
20792,686068
20793,676453
20794,669537
20795,660042
20796,650481
20797,640809
20798,633259
20799,623629
20800,614050
20801,604760
20802,595113
20803,585556
20804,575986
20805,566458
20806,556832
20807,547256
20808,538390
20809,528823
20810,519298
20811,511540
20812,501922
20813,492466
20814,482863
20815,473220
20816,463690
20817,454251
20818,444630
20819,435004
20820,425450
20821,415818
20822,406169
20823,396579
20824,389823
20825,380312
20826,370823
20827,361291
20828,351803
20829,342234
20830,332675
20831,324269
20832,314319
20833,304371
20834,294435
20835,284735
20836,276840
20837,267338
20838,257710
20839,248185
20840,239371
20841,229805
20842,220582
20843,211047
20844,201421
20845,191805
20846,182284
20847,172580
20848,162980
20849,155509
20850,145848
20851,136223
20852,126565
20853,117080
20854,107532
20855,97968
20856,88983
20857,79356
20858,69895
20859,60156
20860,50697
20861,41125
20862,34555
20863,25112
20864,15634
20865,6293
20866,1052354
20867,1042952
20868,1033386
20869,1023959
20870,1014427
20871,1004811
20872,996409
20873,986874
20874,977287
20875,972414
20876,962951
20877,953278
20878,943691
20879,934110
20880,924537
20883,895116
20884,885572
20885,875984
20886,866294
20887,856742
20888,847984
20889,838571
20890,831143
20891,821580
20892,812004
20893,802445
20894,792790
20895,783343
20896,773775
20897,764493
20898,754955
20899,745363
20900,735808
20901,726173
20902,718476
20903,708872
20904,699990
20905,690287
20906,680822
20907,671360
20908,661696
20909,652096
20910,642529
20911,633247
20912,623701
20913,614337
20914,604861
20915,597128
20916,587458
20917,577917
20918,568386
20919,558809
20920,550088
20921,540566
20922,530965
20923,521448
20924,511984
20925,502430
20926,492756
20927,483241
20928,475483
20929,466100
20930,456593
20931,447015
20932,437414
20933,427833
20934,418282
20935,410812
20936,400940
20937,390995
20938,381068
20939,371159
20940,361503
20941,353679
20942,344137
20943,334588
20944,324933
20945,315599
20946,306037
20947,296435
20948,286826
20949,277166
20950,267572
20951,258018
20952,249135
20953,239635
20954,232160
20955,222600
20956,212972
20957,203413
20958,193778
20959,184225
20960,174697
20961,165337
20962,155682
20963,146190
20964,136575
20965,127189
20966,119338
20967,109838
20968,101016
20969,91490
20970,82355
20971,72668
20972,63158
20973,53577
20974,43989
20975,34411
20976,24737
20977,15434
20978,5922
20979,1050919
20980,1041534
20981,1031955
20982,1022361
20983,1012690
20984,1003887
20985,994273
20986,984740
20987,975152
20988,965521
20989,955981
20990,946395
20991,936873
20992,929165
20993,919787
20994,910183
20995,900729
20996,891289
20997,881624
20998,872011
20999,862500
21000,853604
21001,844022
21002,834422
21003,824904
21004,815437
21005,807806
21006,798110
21007,788662
21008,779111
21009,769815
21010,760288
21011,750627
21012,741115
21013,731556
21014,722070
21015,712397
21016,703639
21017,694081
21018,686278
21019,676730
21020,667202
21021,657532
21022,648063
21023,638454
21024,628809
21025,619513
21026,609879
21027,600306
21028,590637
21029,581107
21030,573356
21031,563928
21032,555133
21033,545665
21034,536101
21035,526472
21036,516879
21037,507367
21038,498714
21039,488779
21040,478839
21041,469197
21042,459488
21043,452040
21044,442533
21045,432912
21046,423310
21047,413735
21048,404753
21049,395086
21050,385450
21051,375849
21052,366276
21053,356666
21054,347008
21055,337391
21056,330586
21057,321087
21058,311467
21059,302037
21060,292491
21061,282917
21062,273311
21063,263722
21064,254832
21065,245382
21066,235844
21067,226268
21068,216660
21069,208774
21070,199161
21071,189691
21072,180044
21073,170687
21074,161176
21075,151553
21076,141965
21077,132375
21078,122819
21079,113132
21080,104255
21081,94623
21082,87200
21083,77704
21084,68134
21085,58576
21086,49043
21087,39427
21088,29854
21089,20554
21090,11155
21091,1061563
21092,1052153
21093,1042696
21094,1035202
21095,1025715
21096,1016822
21097,1007212
21098,997670
21099,988063
21100,978387
21101,968867
21102,959201
21103,949512
21104,939989
21105,930557
21106,920958
21107,913219
21108,903678
21109,894098
21110,884623
21111,875021
21112,866233
21113,856832
21114,847137
21115,837562
21116,828238
21117,818718
21118,809208
21119,799855
21120,792214
21121,782901
21122,773413
21123,763762
21124,754308
21125,744864
21126,735196
21127,725780
21128,716919
21129,707369
21130,697754
21131,688230
21132,678658
21133,670995
21134,661498
21135,651903
21136,642384
21137,633061
21138,623417
21139,613864
21140,605121
21141,595179
21142,585274
21143,575414
21144,566517
21145,556927
21146,549344
21148,529750
21149,520230
21150,510536
21151,500900
21152,491306
21153,481857
21154,472168
21155,462597
21156,452926
21157,443442
21158,433750
21159,425937
21160,417236
21161,407592
21162,398070
21163,388374
21164,378721
21165,369097
21166,359462
21167,349875
21168,340275
21169,330939
21170,321399
21171,311816
21172,304007
21173,294506
21174,284899
21175,275344
21176,266438
21177,256821
21178,247220
21179,237682
21180,228022
21181,218420
21182,208859
21183,199270
21184,189633
21185,182184
21186,172580
21187,163007
21188,153475
21189,143895
21190,134342
21191,124793
21192,115841
21193,106255
21194,96641
21195,87229
21196,77601
21197,67997
21198,60337
21199,50705
21200,41214
21201,31826
21202,22291
21203,12816
21204,3274
21205,1056557
21206,1048989
21207,1040930
21208,1036721
21209,1029148
21210,1021777
21211,1022263
21212,1015067
21213,1007380
21214,999983
21215,992739
21216,985070
21217,978976
21218,971795
21219,964093
21220,956699
21221,949593
21222,941782
21223,940550
21224,933552
21225,924190
21226,914820
21227,905486
21228,895945
21229,886457
21230,877037
21231,867448
21232,857833
21233,848586
21234,838930
21235,829435
21236,821851
21237,812209
21238,802640
21239,793122
21240,784276
21241,774693
21242,765113
21243,755510
21244,747108
21245,737217
21246,727274
21247,717351
21248,708046
21249,701393
21250,691938
21251,682474
21252,672841
21253,663367
21254,653876
21255,644324
21256,635498
21257,626031
21258,616646
21259,607111
21260,597635
21261,588168
21262,580430
21263,571091
21264,561339
21265,552030
21266,542589
21268,522978
21269,513502
21270,504058
21271,494536
21272,485791
21273,476213
21274,466720
21275,457196
21276,449554
21277,440080
21278,430637
21279,421074
21280,411445
21281,402163
21282,392515
21283,382874
21284,373367
21285,363816
21286,354365
21287,344833
21288,337755
21289,328183
21290,318642
21291,309063
21292,299623
21293,290010
21294,280400
21295,270846
21296,261271
21297,251893
21298,242232
21299,232657
21300,223059
21301,215417
21302,205896
21303,196334
21304,187521
21305,177957
21306,168339
21307,158747
21308,149190
21309,139711
21310,130217
21311,120620
21312,111124
21313,101815
21314,94144
21315,84504
21316,74889
21317,65305
21318,55650
21319,45964
21320,37146
21321,27543
21322,18110
21323,8585
21324,1062175
21325,1054236
21326,1046859
21327,1045061
21328,1037888
21329,1031358
21330,1023309
21331,1016671
21332,1007575
21333,999344
21334,991517
21335,983772
21336,979146
21337,971225
21338,963389
21339,955206
21340,952668
21341,945021
21342,936911
21343,929117
21344,921662
21345,914595
21346,906679
21347,899153
21348,890632
21349,881799
21350,872795
21351,863289
21352,856510
21353,847015
21354,837389
21355,827756
21356,818270
21357,808641
21358,799053
21359,789486
21360,779775
21361,770442
21362,760969
21363,751374
21364,741715
21365,733815
21366,724262
21367,714734
21368,705963
21369,696370
21370,686863
21371,677339
21372,667752
21373,658279
21374,648869
21375,639352
21376,630010
21377,620701
21378,612912
21379,603301
21380,593805
21381,584121
21382,574646
21383,565053
21384,556133
21385,546518
21386,536936
21387,527374
21388,517809
21389,508232
21390,498680
21391,490730
21392,481174
21393,471770
21394,462233
21395,452638
21396,443043
21397,433344
21398,423746
21399,414162
21400,405221
21401,395695
21402,386044
21403,376528
21404,368636
21405,359001
21406,349476
21407,340000
21408,330353
21409,320966
21410,311466
21411,301922
21412,292355
21413,282826
21414,273366
21415,263866
21416,256798
21417,247261
21418,237618
21419,228018
21420,218356
21421,208773
21422,199157
21423,189479
21424,179996
21425,170637
21426,161099
21427,151611
21428,142090
21429,134417
21430,124811
21431,115249
21432,106433
21433,96906
21434,87289
21435,77781
21436,68161
21437,58627
21438,49048
21439,39412
21440,29800
21441,20327
21442,13200
21443,3862
21444,1203582
21445,1197023
21446,1190533
21447,1182955
21448,1183936
21449,1178031
21450,1169062
21451,1161746
21452,1153663
21453,1144714
21454,1135376
21455,1131336
21456,1121904
21457,1112612
21458,1103066
21459,1093471
21460,1083832
21461,1074265
21462,1064616
21463,1055031
21464,1046382
21465,1036865
21466,1027286
21467,1017818
21468,1010326
21469,1000676
21470,991132
21471,981546
21472,971946
21473,962583
21474,952954
21475,943467
21476,933889
21477,924423
21478,914989
21479,905363
21480,898533
21481,889042
21482,879523
21483,869954
21484,860484
21485,851039
21486,841604
21487,832262
21488,822703
21489,813294
21490,803850
21491,794421
21492,784865
21493,777276
21494,767903
21495,758374
21496,749568
21497,740137
21498,730537
21499,721100
21500,711689
21501,702050
21502,692559
21503,682998
21504,673380
21505,663999
21506,656441
21507,646885
21508,637262
21509,627722
21510,618091
21511,608494
21512,599764
21513,590101
21514,580459
21515,571008
21516,561331
21517,551841
21518,542246
21519,534597
21520,524952
21521,515782
21522,506214
21523,496576
21524,486958
21525,477338
21526,467846
21527,458249
21528,449363
21529,439868
21530,430562
21531,421013
21532,413460
21533,403962
21534,394370
21535,384796
21536,375226
21537,365807
21538,356204
21539,346614
21540,337085
21541,327526
21542,317999
21543,308438
21544,301610
21545,292199
21546,282585
21547,273865
21548,264376
21549,254851
21550,245279
21551,236954
21552,227064
21553,217119
21554,207230
21555,197701
21556,188099
21557,180458
21558,170897
21559,161355
21560,152671
21561,143128
21562,133508
21563,124016
21564,114405
21565,104874
21566,95358
21567,85677
21568,76129
21569,66771
21570,59059
21571,49551
21572,40068
21573,30462
21574,21087
21575,11668
21576,2958
21577,1161725
21578,1152322
21579,1142837
21580,1133299
21581,1123818
21582,1114301
21583,1109778
21584,1100244
21585,1091248
21586,1081720
21587,1072190
21588,1062579
21589,1052986
21590,1043495
21591,1033865
21592,1025027
21593,1015466
21594,1005758
21595,996129
21596,988800
21597,979158
21598,969554
21599,960025
21600,950316
21601,940934
21602,931515
21603,922048
21604,912438
21605,902928
21606,893441
21607,883844
21608,876969
21609,867449
21610,857966
21611,848462
21612,838889
21613,829397
21614,819887
21615,810319
21616,800777
21617,791433
21618,781820
21619,772178
21620,762603
21621,755009
21622,745409
21623,735877
21624,727123
21625,717618
21626,708054
21627,698387
21628,688854
21630,669229
21631,659884
21632,650367
21633,640938
21634,631476
21635,624865
21636,615230
21637,605692
21638,596113
21639,586441
21640,577600
21641,568016
21642,558406
21643,548841
21645,529260
21646,519635
21647,510048
21648,500407
21649,492864
21650,483292
21651,473676
21652,464153
21653,454451
21654,444903
21655,435305
21656,426794
21657,417088
21658,407521
21659,397988
21660,388405
21661,378895
21662,371261
21663,361648
21664,351964
21665,342728
21666,333206
21667,323697
21668,314150
21669,304470
21670,294796
21671,285184
21672,276408
21673,266860
21674,259000
21675,249478
21676,239896
21677,230313
21678,220730
21679,211196
21680,201640
21681,192177
21682,182608
21683,173482
21684,163895
21685,154303
21686,144671
21687,137189
21688,128437
21689,118857
21690,109363
21691,99665
21692,90166
21693,80443
21694,70967
21695,61355
21696,51777
21697,42384
21698,32839
21699,23146
21700,15760
21701,6322
21702,1052876
21703,1043436
21704,1035321
21705,1025780
21706,1016164
21707,1006681
21708,997045
21709,987439
21710,977900
21711,968183
21712,958605
21713,953546
21714,943814
21715,934187
21716,924630
21717,915024
21718,905426
21719,895781
21720,886915
21721,877392
21722,867799
21723,858190
21724,848596
21725,839058
21726,831377
21727,821784
21728,812282
21729,802905
21730,793424
21731,783829
21732,774249
21733,764755
21734,755207
21735,745702
21736,736915
21737,727370
21738,719547
21739,709986
21740,700484
21741,690954
21742,681418
21743,671994
21744,662422
21745,653298
21746,643815
21747,634302
21748,624776
21749,615239
21750,605572
21751,597815
21752,589222
21753,579572
21754,570022
21755,560489
21756,550915
21757,541267
21758,533499
21759,523557
21760,513619
21761,503672
21762,493731
21763,483796
21764,476094
21765,466472
21766,456806
21767,447218
21768,438348
21769,428747
21770,419184
21771,409555
21772,399886
21773,390279
21774,380665
21776,361019
21777,351597
21778,343876
21779,334339
21780,324792
21781,315431
21782,305855
21783,296263
21784,287347
21785,277769
21786,268086
21787,258483
21789,238968
21790,229530
21791,219961
21792,212227
21793,202910
21794,193437
21795,183799
21796,174231
21797,164636
21798,155018
21799,145363
21800,136472
21801,126797
21802,117184
21803,107631
21804,99814
21805,90258
21806,80662
21807,72217
21808,62648
21809,53213
21810,43613
21812,24062
21813,14561
21814,4963
21815,1057269
21816,1048587
21817,1039176
21818,1032921
21819,1023489
21820,1013908
21821,1004463
21822,994790
21823,985181
21824,975670
21825,966208
21826,956634
21827,947095
21828,937538
21829,928010
21830,918447
21831,911729
21832,902900
21833,893263
21834,883646
21835,874027
21836,864490
21837,854997
21838,845497
21839,836122
21840,826608
21841,817308
21842,807797
21843,798257
21844,790509
21845,780996
21846,771367
21847,761892
21848,753089
21849,743557
21850,733942
21851,724455
21852,714913
21853,705376
21854,695922
21855,686442
21856,676751
21857,669305
21858,659868
21859,650415
21860,640859
21861,631248
21862,621793
21863,613497
21864,603589
21865,593904
21866,584405
21867,574914
21868,565386
21869,557615
21870,548027
21871,538477
21872,528920
21873,519516
21874,509977
21875,500330
21876,490708
21877,481234
21878,471651
21880,452669
21881,442996
21882,433319
21883,425513
21884,415889
21885,406275
21886,396735
21887,387200
21888,377648
21889,368350
21890,358903
21891,349216
21892,339751
21893,330195
21894,320654
21895,311125
21896,304105
21897,294478
21898,284899
21899,275317
21900,265705
21901,256102
21902,246679
21903,237093
21904,227489
21905,218144
21906,208515
21907,198951
21908,189372
21909,181549
21910,172101
21911,162637
21912,153796
21913,144205
21914,134654
21915,125064
21916,115432
21917,105875
21918,96169
21919,86914
21920,77276
21921,67902
21922,60215
21924,40685
21925,31195
21926,21644
21927,11984
21928,3220
21929,1125441
21930,1115933
21931,1106514
21932,1096966
21933,1087368
21934,1077718
21935,1073377
21936,1063949
21937,1054984
21938,1045537
21939,1035891
21940,1026361
21941,1016819
21942,1007212
21944,988589
21945,978878
21946,969293
21947,959616
21948,949939
21949,942216
21950,932715
21951,923040
21952,913435
21953,904061
21954,894422
21955,884791
21956,875356
21957,865816
21958,856421
21959,846980
21960,838254
21961,828794
21962,821150
21963,811535
21964,802040
21965,792548
21966,783056
21967,773584
21968,768184
21969,759603
21970,749731
21971,739851
21972,729905
21973,719975
21974,710071
21975,700123
21976,690977
21977,681432
21978,671859
21979,662232
21980,652852
21981,643380
21982,633770
21983,624212
21984,614681
21985,605353
21986,595867
21987,586307
21988,578555
21989,569093
21990,559605
21991,549971
21992,541249
21993,531704
21994,522155
21995,512662
21996,503054
21997,493392
21998,483847
21999,474208
22000,466507
22001,457283
22002,447721
22003,438071
22004,428569
22005,418973
22006,409369
22007,399896
22008,391010
22009,381458
22010,371884
22011,362311
22012,352666
22013,345016
22015,325412
22016,315804
22017,306416
22018,297212
22019,287724
22020,278212
22021,268690
22022,259113
22023,249557
22025,230752
22026,221234
22027,211669
22028,205307
22029,195716
22030,186101
22031,176628
22032,167084
22033,157811
22034,148294
22035,138733
22036,129677
22037,120093
22038,110552
22039,100951
22040,92228
22041,84735
22042,75192
22043,65697
22044,56088
22045,46445
22046,36954
22047,27427
22048,18081
22049,8788
22050,1221713
22051,1215121
22052,1208478
22053,1200839
22054,1211108
22055,1201853
22057,1183744
22058,1174281
22059,1164677
22060,1155053
22061,1145488
22062,1135820
22063,1126254
22064,1116773
22065,1107360
22066,1097806
22067,1090442
22068,1080865
22069,1071242
22070,1061765
22071,1052221
22072,1043338
22073,1033843
22074,1024195
22075,1015594
22076,1005719
22077,995780
22078,986003
22079,976582
22080,968890
22081,959675
22082,950163
22083,940679
22084,931197
22085,921661
22086,912007
22087,902554
22088,893832
22089,884241
22090,874661
22091,865219
22092,855590
22093,848088
22094,838746
22095,829167
22096,819549
22097,810318
22098,800692
22099,791097
22100,781669
22101,772290
22102,762986
22103,753433
22104,744667
22105,735162
22106,727643
22107,718018
22108,708498
22109,698912
22110,689358
22111,679807
22112,670256
22113,660891
22114,651357
22115,641743
22116,632090
22117,622470
22118,612943
22119,605355
22120,596486
22121,586978
22122,577271
22123,567681
22124,558136
22125,548602
22126,539208
22127,529741
22128,520186
22129,510914
22130,501329
22131,493543
22132,484039
22133,474431
22134,464876
22135,455155
22136,446416
22137,436923
22138,427410
22139,417875
22141,398252
22142,388675
22143,379139
22144,369588
22145,362236
22146,352773
22147,343290
22148,333764
22149,324236
22150,314698
22151,305074
22152,296314
22153,286751
22154,277243
22155,268100
22156,258582
22157,249050
22158,241364
22159,231941
22160,222337
22161,212951
22162,203348
22163,193803
22164,184136
22165,174492
22166,165016
22167,155477
22168,146707
22169,137061
22170,127434
22171,119799
22172,110330
22173,100758
22174,91290
22175,81739
22176,72174
22177,62866
22178,54381
22179,44441
22180,34501
22181,24611
22182,15058
22183,5615
22184,1062510
22185,1053117
22186,1043638
22187,1034117
22188,1024540
22189,1014898
22190,1005526
22191,995869
22192,986308
22193,977099
22194,967468
22195,957959
22196,950630
22197,941135
22198,931496
22199,921911
22200,913341
22201,903730
22202,894319
22203,884650
22204,875063
22205,865548
22206,856022
22207,846361
22208,836835
22209,829442
22210,819763
22211,810204
22212,800721
22213,791241
22214,781791
22215,772261
22216,763518
22217,753989
22218,744336
22219,734791
22220,725282
22221,715719
22222,709434
22223,699936
22224,690370
22225,681010
22226,671493
22227,661990
22229,642606
22230,633104
22231,623579
22232,614963
22233,605390
22234,595780
22235,586295
22236,578659
22237,569081
22238,559593
22239,549887
22240,540270
22241,531242
22242,521692
22243,512111
22244,502550
22245,493010
22246,483410
22247,473853
22248,465093
22249,457383
22250,447857
22251,438219
22252,428615
22253,419117
22254,409549
22255,400052
22256,390549
22257,381253
22258,371637
22259,362071
22260,352496
22261,344652
22262,335155
22263,325495
22264,316639
22265,307058
22266,297504
22267,287931
22268,278362
22269,268649
22270,259211
22271,249845
22272,240368
22273,230911
22274,223335
22275,213689
22276,204122
22277,194571
22278,185012
22279,175473
22280,166644
22281,157066
22282,148512
22283,138609
22284,128699
22285,118761
22286,109152
22287,101496
22288,91995
22289,82999
22290,73368
22291,63741
22292,54235
22293,44664
22294,35099
22295,25438
22296,16700
22297,7097
22298,1056981
22299,1047528
22300,1042939
22301,1033482
22302,1024105
22303,1014518
22304,1005093
22305,996171
22306,986600
22307,977027
22308,967410
22309,957866
22310,948355
22311,938852
22312,930106
22313,922615
22314,912968
22315,903387
22316,893800
22317,884113
22318,874533
22319,864995
22320,855455
22321,846073
22322,836647
22323,827088
22324,817570
22326,800500
22327,790963
22328,782194
22329,772651
22330,763192
22331,753781
22332,744271
22333,734722
22334,725274
22336,705756
22337,696434
22338,686895
22339,677389
22340,669557
22341,660122
22342,650532
22343,641042
22344,632559
22345,623012
22346,613575
22348,594327
22349,584856
22350,575397
22351,565963
22352,556370
22353,546936
22354,539205
22355,529790
22356,520146
22357,510566
22358,501043
22359,491533
22360,482761
22361,473264
22362,463669
22363,454074
22364,444472
22365,434901
22366,425321
22367,417550
22368,407981
22369,398503
22370,389071
22371,379399
22372,369808
22373,360229
22374,350851
22375,341258
22376,332449
22377,322810
22378,313310
22379,303721
22380,295826
22381,286229
22382,276734
22383,267130
22384,257517
22385,248167
22386,238491
22387,229994
22388,220046
22389,210094
22390,200191
22391,190708
22392,183746
22393,174199
22394,164669
22395,155076
22396,145456
22397,135843
22398,126189
22399,116598
22400,107066
22401,97543
22402,87970
22403,78802
22404,69259
22405,61614
22406,52087
22407,42499
22408,33696
22409,24182
22410,14635
22411,5035
22412,1051947
22413,1042426
22414,1032991
22415,1023600
22416,1014005
22417,1005245
22418,1002325
22419,992812
22420,983300
22421,973727
22422,964211
22423,954660
22424,946004
22425,936472
22426,926743
22427,917267
22428,907660
22429,898021
22430,888435
22431,880882
22432,871361
22433,861994
22434,852409
22435,842856
22436,833292
22437,823841
22438,814420
22440,795577
22441,786016
22442,776409
22443,766865
22444,757267
22445,749660
22446,740027
22447,730327
22448,720892
22449,711476
22450,701906
22451,692459
22452,682869
22453,673235
22454,663774
22455,654167
22456,645485
22457,637703
22458,628282
22459,618582
22460,609012
22461,599331
22462,589701
22463,580150
22464,570573
22465,561312
22466,552009
22467,542376
22468,532774
22469,523165
22470,515410
22471,505834
22472,496893
22473,487218
22474,477647
22475,468112
22476,458502
22477,448828
22478,439253
22479,429636
22480,420015
22481,410622
22482,400933
22483,393215
22484,383605
22485,373955
22486,364288
22487,354661
22488,345815
22489,336129
22491,318115
22492,308165
22493,298247
22494,288289
22495,278346
22496,268708
22497,261124
22498,251578
22499,241996
22500,232481
22501,222974
22502,213422
22503,203875
22504,194888
22505,185309
22506,175707
22507,166074
22508,156460
22509,146879
22510,139043
22511,129522
22512,119868
22513,110479
22514,101040
22515,91373
22516,82144
22517,72519
22518,62850
22519,53283
22520,44456
22521,34842
22522,27076
22523,17511
22524,7961
22525,1132012
22526,1122598
22527,1113114
22528,1103791
22529,1094956
22530,1085473
22531,1075869
22532,1066451
22533,1056787
22534,1047175
22535,1043173
22536,1034509
22537,1025027
22538,1015498
22539,1005859
22540,996299
22541,986723
22542,977191
22543,967578
22544,958126
22545,948863
22546,939251
22547,929819
22548,922325
22549,912699
22550,903184
22551,893504
22552,884837
22553,875321
22554,865912
22555,856706
22556,847252
22557,837816
22558,828269
22559,818809
22560,809303
22561,801901
22562,792304
22563,782801
22564,773174
22565,763650
22566,754170
22567,744750
22568,736056
22569,726529
22570,717055
22571,707618
22572,698067
22573,688608
22574,681000
22575,671434
22576,661771
22577,652552
22578,643006
22579,633392
22580,624240
22581,614627
22582,605170
22583,595670
22584,586966
22585,577335
22586,569621
22587,560094
22588,550462
22589,540953
22590,531387
22591,521767
22592,512189
22593,502724
22594,494115
22595,484210
22596,474262
22597,464392
22598,454854
22599,447168
22600,438310
22601,428791
22603,409302
22604,399761
22605,390239
22606,380510
22607,370979
22608,361307
22609,355088
22610,345236
22611,335347
22612,325409
22613,316765
22614,307125
22615,297542
22616,288957
22617,279404
22618,269837
22619,260240
22620,250650
22621,241216
22622,231664
22623,222022
22624,212551
22625,203108
22626,195422
22627,185835
22628,176316
22629,166776
22630,157515
22632,138831
22633,129212
22634,119571
22635,109911
22636,100285
22637,90774
22638,81298
22639,71718
22640,64189
22641,54786
22642,45180
22643,35590
22644,25978
22645,16529
22646,7101
22647,1054287
22648,1046294
22649,1036746
22650,1027204
22651,1017581
22653,1002665
22654,993193
22655,983625
22656,974083
22657,964731
22658,955141
22659,945488
22660,935878
22661,926328
22662,916675
22663,907058
22664,898325
22665,888766
22666,881071
22667,871602
22668,861980
22669,852388
22670,842942
22671,833244
22672,823740
22673,814648
22674,805015
22675,795436
22676,785893
22677,776452
22678,766831
22679,759269
22680,750335
22681,740712
22682,731251
22684,711784
22685,702241
22686,692620
22687,683043
22688,673508
22689,664058
22690,654525
22691,645037
22692,635712
22693,628041
22694,618533
22695,608933
22696,600055
22697,590522
22698,580842
22699,571322
22700,562833
22701,552885
22702,542942
22703,533021
22704,523464
22705,514055
22706,506282
22707,496693
22708,487040
22709,477536
22710,467992
22711,458399
22712,449593
22713,439895
22714,430309
22715,420729
22716,411072
22717,401556
22718,393806
22719,384189
22720,374642
22721,365262
22722,355675
22723,346087
22724,336492
22725,326924
22726,317256
22727,307891
22728,298931
22729,289298
22730,279732
22731,271864
22732,262266
22733,252754
22734,243099
22735,233693
22736,224065
22737,214666
22738,205036
22739,195413
22740,185776
22741,176222
22742,166629
22743,157064
22744,149930
22745,140468
22746,130763
22747,121283
22748,111708
22749,102235
22750,92595
22751,83121
22752,73905
22753,64450
22754,54923
22755,45247
22756,35649
22757,28197
22758,18554
22759,8976
22760,1015045
22761,1005673
22762,996116
22763,986699
22764,977211
22765,967649
22766,958048
22767,948445
22768,938898
22769,929604
22770,925118
22771,915727
22772,906220
22773,896655
22774,887051
22775,877422
22776,868821
22777,859215
22778,849662
22779,840042
22780,830589
22781,821005
22782,813332
22783,803866
22784,794340
22785,784878
22786,775384
22787,765797
22788,756421
22789,746850
22790,737324
22791,727836
22792,719002
22793,709463
22794,699864
22795,692165
22796,682578
22797,673020
22798,663429
22799,653909
22800,644377
22801,635043
22802,626969
22803,617019
22804,607136
22805,597402
22806,587907
22807,578527
22808,573127
22809,563633
22810,554006
22811,544563
22812,534894
22813,525703
22814,516258
22815,506755
22816,497314
22817,488040
22818,478399
22819,468857
22820,459449
22821,451804
22822,442385
22823,432961
22824,424125
22825,414647
22826,405180
22827,395639
22828,386178
22829,376604
22830,367086
22831,357402
22832,347842
22833,338551
22834,330887
22835,321402
22836,311880
22837,302313
22838,292790
22839,283247
22840,274470
22841,264870
22842,255370
22843,245837
22844,236307
22845,226750
22846,219090
22847,209727
22848,200115
22849,190811
22850,181338
22851,171804
22852,162169
22853,152707
22854,143086
22855,133439
22856,124663
22857,115116
22858,105538
22859,97825
22860,88278
22861,78994
22862,69430
22863,59801
22864,50260
22865,40841
22866,31356
22867,21878
22868,12561
22869,2938
22870,1049363
22871,1039882
22872,1036242
22873,1026718
22874,1017312
22875,1007730
22876,998110
22877,988609
22878,979025
22879,969378
22880,959846
22881,950420
22882,940985
22883,931487
22884,921791
22885,914299
22886,904799
22887,895182
22888,886270
22889,876759
22890,867222
22891,857602
22892,848074
22893,838357
22894,828913
22895,819321
22896,809633
22897,800269
22898,792746
22899,783194
22900,773630
22901,764019
22902,754555
22903,745099
22904,737528
22905,727646
22906,717701
22907,707844
22908,698332
22909,688781
22910,681101
22911,671665
22912,662108
22913,652933
22914,643403
22915,633820
22916,624275
22917,614588
22918,605113
22919,595551
22920,586792
22921,577289
22922,567754
22923,559894
22924,550404
22925,540789
22926,531211
22927,521677
22928,512053
22929,502757
22930,493150
22931,483614
22932,474034
22933,464475
22934,454932
22935,445360
22936,438598
22937,429061
22938,419468
22939,409843
22940,400306
22941,390727
22942,381185
22943,371595
22944,362051
22945,352641
22946,343109
22947,333487
22948,324089
22949,316555
22950,306918
22951,297295
22952,288477
22953,278783
22954,269221
22955,259713
22956,250216
22957,240649
22958,231180
22959,221609
22960,211983
22961,202683
22962,194861
22963,185281
22964,175744
22965,166097
22966,156535
22967,146946
22968,138069
22969,128467
22970,118875
22971,109344
22972,99660
22973,90557
22974,82936
22975,73454
22976,63983
22977,54525
22978,44835
22979,35324
22980,25709
22981,16442
22982,6974
22983,1056878
22984,1048909
22985,1039500
22986,1030003
22987,1025751
22988,1016296
22989,1006636
22990,997226
22991,987645
22992,977950
22993,968685
22994,959156
22995,949632
22996,940248
22997,930698
22998,921223
22999,911635
23000,906034
23001,896344
23002,886804
23003,877245
23004,867632
23005,858015
23006,848520
23007,840049
23008,830151
23009,820253
23010,810610
23011,801078
23012,791510
23013,783767
23014,774088
23015,764568
23016,755690
23017,746231
23018,736656
23019,727133
23020,717662
23021,708123
23022,698613
23023,689144
23024,679641
23025,670358
23026,662808
23027,653376
23028,643724
23029,634227
23030,624641
23031,614983
23032,606251
23033,596824
23034,587351
23035,577798
23036,568249
23037,558600
23038,550912
23039,541399
23040,531760
23041,522360
23042,512856
23043,503261
23044,493631
23045,484037
23046,474325
23047,464779
23048,455965
23049,446378
23050,436779
23051,429089
23052,419443
23053,409802
23054,400253
23055,390659
23056,381099
23057,371925
23058,362314
23059,352739
23060,343148
23061,333572
23062,323904
23063,314315
23064,307238
23066,287697
23067,278062
23068,268364
23069,258814
23070,249238
23071,239676
23072,230103
23073,220641
23074,211022
23075,201556
23076,191981
23077,182398
23078,174819
23079,165139
23080,156340
23081,146733
23082,137135
23083,127563
23084,117908
23085,108309
23086,98843
23087,89740
23088,80174
23089,70767
23090,61269
23091,53429
23092,43881
23093,34253
23094,24611
23095,14972
23096,6325
23097,1055820
23098,1046340
23099,1036843
23100,1027219
23101,1017684
23102,1008189
23103,1004097
23104,994566
23105,985722
23106,976102
23107,966509
23108,956984
23109,947414
23110,937775
23111,929038
23112,919526
23113,909884
23114,900254
23115,890621
23116,882984
23117,873453
23118,863907
23119,854246
23120,844737
23121,835384
23122,825825
23123,816271
23124,806765
23125,797223
23126,787895
23127,778455
23128,769511
23129,761955
23130,752306
23131,742666
23132,733119
23133,723592
23134,714147
23135,704629
23136,695068
23137,685716
23138,676153
23139,666652
23140,657128
23141,647780
23142,640076
23144,621424
23145,611862
23146,602322
23147,592898
23148,583441
23149,573950
23150,564370
23151,554926
23152,545416
23153,536112
23154,526505
23155,516932
23156,509240
23157,499777
23158,490204
23159,480651
23160,471774
23161,462203
23162,452714
23163,443028
23164,433423
23165,423874
23166,414195
23167,404664
23168,396947
23169,387536
23170,377965
23171,368323
23172,358614
23173,349117
23174,339579
23175,329870
23176,320889
23177,311358
23178,301773
23179,292142
23180,282596
23181,274777
23182,265235
23183,255604
23184,246055
23185,236946
23186,227379
23187,217771
23188,208169
23189,198692
23190,189049
23191,179437
23192,170624
23193,161078
23194,154443
23195,144918
23196,135251
23197,125620
23198,116056
23199,106389
23200,96830
23201,87512
23202,78304
23203,68701
23204,59178
23205,49452
23206,39950
23207,32439
23208,23679
23209,14266
23210,4712
23211,1061597
23212,1052190
23213,1042699
23214,1033839
23215,1023925
23216,1014037
23217,1005021
23218,995460
23219,985986
23220,981710
23221,972339
23222,962842
23223,953154
23224,944421
23225,934916
23226,925262
23227,915656
23228,906075
23229,896405
23230,886823
23231,877313
23232,869534
23233,860191
23234,850641
23235,841067
23236,831590
23237,822157
23238,812641
23239,803030
23240,794317
23241,784739
23242,775266
23243,765766
23244,756070
23245,748308
23246,738782
23247,732868
23248,722991
23249,713128
23250,703274
23251,693375
23252,683494
23253,673599
23254,663704
23255,653794
23256,644144
23257,634490
23258,626745
23259,617074
23260,607450
23261,598016
23262,588328
23263,578761
23264,569297
23265,559862
23266,550361
23267,540725
23268,531143
23269,521569
23270,512030
23271,504155
23272,495324
23273,485824
23274,476203
23275,466576
23276,457056
23277,447423
23278,437727
23279,428118
23280,418460
23281,409090
23282,399533
23283,389837
23284,382160
23285,372550
23286,363034
23287,353555
23288,344773
23289,335112
23290,325496
23291,316001
23292,306357
23293,296776
23294,287264
23295,277735
23296,269941
23297,260651
23298,251225
23299,241595
23300,232038
23301,222476
23302,212847
23303,203203
23304,194230
23305,184617
23306,175082
23307,165477
23308,156003
23309,148146
23310,138657
23311,129102
23312,119551
23313,110166
23314,100571
23315,91414
23316,81868
23317,73330
23318,63447
23319,53512
23320,44059
23321,34477
23322,26721
23323,17281
23324,7683
23325,1190963
23326,1184875
23327,1178402
23328,1170729
23329,1166937
23330,1160104
23331,1152307
23332,1143944
23333,1135139
23334,1125955
23335,1122280
23336,1113816
23337,1104146
23338,1094609
23339,1085078
23340,1075429
23341,1065818
23342,1056317
23343,1046628
23344,1037057
23345,1027744
23346,1018147
23347,1008702
23348,1001220
23349,991660
23350,982195
23351,972536
23352,963774
23353,954396
23354,944951
23355,935364
23356,925941
23357,916424
23358,906894
23359,897438
23360,889786
23361,880483
23362,870844
23363,861250
23364,851730
23365,842256
23366,832776
23367,823278
23368,814969
23369,805493
23370,795929
23371,786534
23372,777076
23373,769361
23374,759711
23375,750238
23376,740569
23377,731379
23378,721936
23379,712320
23380,702780
23381,693443
23382,683977
23383,674432
23384,665778
23385,656195
23386,649859
23387,640316
23388,630804
23389,621279
23390,611750
23391,602189
23392,592645
23393,583210
23394,573617
23395,564065
23396,554552
23397,544904
23398,535283
23399,527691
23400,518779
23401,509221
23402,499594
23403,489987
23404,480471
23405,470902
23406,461256
23407,451731
23408,442138
23409,432943
23410,423378
23411,413868
23412,406231
23413,396833
23414,387308
23415,377697
23416,368952
23417,359462
23418,349858
23419,341171
23420,331231
23421,321285
23422,311530
23423,301944
23424,294206
23425,284860
23426,275418
23427,265835
23428,256278
23429,247174
23430,237507
23431,227928
23432,219066
23433,209516
23434,199998
23435,190426
23436,180722
23437,173304
23438,163842
23439,154484
23440,144904
23441,135740
23442,126092
23443,116574
23444,107060
23445,97431
23446,87826
23447,78310
23448,69458
23449,59971
23450,52297
23451,42714
23452,33184
23453,23829
23454,14177
23455,4754
23456,1132527
23457,1123717
23458,1114291
23459,1104816
23460,1095302
23461,1085687
23462,1076237
23463,1072265
23465,1053856
23466,1044317
23467,1034940
23468,1025444
23469,1015860
23470,1006283
23471,996802
23472,987262
23473,977950
23474,968404
23475,958844
23476,949203
23477,941676
23478,932031
23479,922445
23480,913702
23481,904124
23482,894582
23483,885004
23484,875408
23485,865966
23486,856469
23487,846823
23488,837345
23489,829772
23490,820147
23491,810507
23492,800995
23493,791406
23494,781875
23495,772307
23496,763413
23497,753929
23498,744452
23499,734990
23500,725517
23501,716114
23502,708170
23503,698610
23504,689198
23505,679818
23506,670137
23507,660749
23508,651117
23509,641656
23510,632071
23511,622459
23512,613597
23513,604034
23514,594449
23515,586574
23516,577103
23517,567536
23518,557874
23519,548353
23520,538760
23521,529345
23522,521111
23523,511170
23524,501243
23525,491292
23526,481340
23527,471569
23528,464765
23529,455124
23530,445578
23531,436017
23532,426449
23533,416733
23534,407236
23535,397592
23536,387910
23537,378483
23538,368885
23539,359357
23540,349763
23541,341939
23542,332298
23543,322809
23544,314050
23545,304496
23546,294996
23547,285345
23548,275699
23549,266063
23550,256439
23551,246766
23552,237165
23553,229598
23554,220073
23555,210569
23556,200969
23557,191445
23558,181855
23559,172241
23560,163851
23561,154256
23562,144686
23563,135062
23564,125537
23565,115833
23566,108062
23567,98541
23568,88833
23569,79441
23571,59889
23572,50226
23573,40662
23574,30983
23575,21422
23576,12795
23577,3203
23578,1055129
23579,1045759
23580,1042989
23581,1033466
23582,1024017
23583,1014445
23584,1004914
23585,996059
23586,986455
23587,976971
23588,967438
23589,957778
23590,948207
23592,929507
23593,919934
23594,912459
23595,902849
23596,893215
23597,883721
23598,874038
23599,864588
23600,855024
23601,845714
23602,836182
23603,826641
23604,817167
23605,807629
23606,798158
23607,790601
23608,782022
23609,772533
23610,762991
23611,753354
23612,743925
23613,734344
23614,724856
23615,715346
23616,705664
23617,696364
23618,686836
23619,679105
23620,669525
23621,659954
23622,650467
23623,640956
23624,632334
23625,622762
23626,613346
23627,604679
23628,594725
23629,584784
23630,574911
23631,565410
23632,557752
23633,548555
23634,539057
23635,529520
23636,520005
23637,510464
23638,500800
23639,491196
23640,482316
23641,472676
23642,463170
23643,453590
23644,443984
23645,436361
23646,426760
23647,417114
23648,407634
23649,398172
23650,388542
23651,378931
23652,369342
23653,359818
23654,350331
23655,340745
23656,331892
23657,322295
23658,314547
23659,305061
23660,295663
23661,286079
23662,276508
23663,267014
23664,257346
23665,248011
23666,238515
23667,229006
23668,219357
23669,209816
23670,200176
23671,192371
23672,183767
23673,174216
23674,164704
23675,155187
23676,145557
23677,135956
23678,126468
23679,116920
23680,107264
23681,97974
23682,88387
23683,81029
23684,71658
23685,62013
23686,52387
23687,42746
23688,33946
23689,24355
23690,15013
23691,5452
23692,1052115
23693,1042747
23694,1033262
23695,1023634
23696,1019002
23697,1010035
23698,1000486
23699,991067
23700,981421
23701,971861
23702,962301
23703,952770
23704,944018
23705,934616
23706,924964
23707,915305
23708,905700
23709,898121
23710,888534
23711,878889
23712,869380
23713,859951
23714,850502
23715,840833
23716,831312
23717,821847
23718,812240
23719,802601
23720,793953
23721,784451
23722,776550
23723,767096
23724,757445
23725,747849
23726,738257
23727,728718
23728,719162
23729,710654
23730,700713
23731,690776
23732,681247
23733,671712
23734,662302
23735,654659
23736,646080
23737,636434
23738,627140
23739,617715
23740,608143
23741,598716
23742,588985
23743,579541
23744,569935
23745,560471
23746,551041
23747,543467
23748,533936
23749,524380
23750,514916
23751,505282
23752,496461
23753,486931
23754,477309
23755,467755
23756,458243
23757,448524
23758,438944
23759,429448
23760,421665
23761,412271
23762,402648
23763,393078
23764,383495
23765,373930
23766,366750
23767,356896
23768,347057
23769,337152
23770,327261
23771,317370
23772,307454
23773,300705
23774,291196
23775,281570
23776,272044
23777,262620
23778,253008
23779,243571
23780,234015
23781,224432
23782,214928
23783,205296
23784,196453
23785,186750
23786,179271
23787,169659
23788,160105
23789,150473
23790,140970
23791,131486
23792,121861
23793,112375
23794,102986
23795,93391
23796,84356
23797,74670
23798,65151
23799,57690
23800,48757
23801,39222
23802,29553
23803,19911
23804,10497
23805,1062482
23806,1052911
23807,1043431
23808,1033998
23809,1024685
23810,1015160
23811,1009608
23812,1000079
23813,990497
23814,980840
23815,971353
23816,962606
23817,953046
23818,943474
23819,934064
23820,924524
23821,914946
23822,905334
23823,895723
23824,888138
23825,878826
23826,869188
23827,859545
23828,850042
23829,840354
23830,830840
23831,822483
23832,812539
23833,802880
23834,793312
23836,773694
23837,764152
23838,756343
23839,746886
23840,737337
23841,727948
23842,718387
23843,708848
23844,699329
23845,689797
23846,680271
23847,670814
23848,662016
23849,652574
23850,643065
23851,635224
23852,625731
23853,616086
23854,606537
23855,596947
23856,587372
23857,578045
23858,568388
23859,558859
23860,549294
23861,539799
23862,530185
23863,520677
23864,513706
23865,504144
23866,494427
23867,484920
23868,475290
23869,465616
23870,456073
23871,446377
23872,436720
23873,427279
23874,417608
23875,408085
23876,400394
23877,390793
23878,381229
23879,371615
23880,365565
23881,355686
23882,345821
23883,335910
23884,326009
23885,316158
23886,306277
23887,296371
23888,286474
23889,277977
23890,268354
23891,258807
23892,249180
23893,239760
23895,220174
23896,211485
23897,201949
23898,192252
23899,182656
23900,173118
23901,163551
23902,154058
23903,146162
23904,136621
23905,127223
23907,107618
23908,97973
23909,88376
23910,78749
23911,69185
23912,60496
23913,50866
23914,41321
23915,31797
23916,22174
23917,14537
23918,5001
23919,1056755
23920,1047258
23921,1038091
23922,1028461
23923,1018987
23924,1009468
23925,999828
23926,990393
23927,980781
23928,971914
23929,962393
23930,955086
23931,945547
23932,935980
23933,926411
23934,916684
23935,907200
23936,898749
23937,888854
23938,878925
23939,869020
23940,859498
23941,849914
23942,842173
23943,832631
23944,823864
23945,814324
23946,804771
23947,795293
23948,785828
23949,776285
23950,766765
23951,757205
23952,747695
23953,738319
23954,728857
23955,721041
23956,711491
23957,701957
23958,692384
23959,682877
23960,674124
23961,664631
23962,655190
23963,645720
23964,636070
23965,626594
23966,617015
23967,607530
23968,600698
23969,591391
23970,581786
23971,572231
23972,562750
23973,553192
23974,543662
23975,534110
23976,525090
23977,515531
23978,505949
23979,496262
23980,486606
23981,478917
23982,469250
23983,459671
23984,450057
23985,440674
23986,431086
23987,421494
23988,411924
23989,402310
23990,392747
23991,383066
23992,374201
23993,364620
23995,346987
23996,337386
23997,327973
23998,318378
23999,308826
24000,299201
24001,289744
24002,280236
24003,270449
24004,260890
24005,251266
24006,241652
24007,233999
24008,225224
24009,215558
24010,206137
24011,196530
24012,186927
24013,177332
24014,167749
24015,158107
24017,138806
24018,129272
24019,119596
24020,110032
24021,102223
24022,92717
24023,83078
24024,74342
24025,64688
24026,55106
24027,45507
24028,35944
24029,26277
24030,16726
24031,7210
24032,1061563
24033,1054542
24034,1052410
24035,1045034
24036,1036820
24037,1028803
24038,1021099
24039,1012761
24040,1008691
24041,1002339
24042,992877
24043,984956
24044,977114
24045,968972
24046,960917
24047,959316
24048,951685
24049,944708
24050,937062
24051,928919
24052,920989
24053,912368
24054,903102
24055,893908
24056,885565
24057,875905
24058,866430
24059,856816
24060,849094
24061,839686
24062,830258
24063,820583
24064,811074
24065,801679
24066,792091
24067,782648
24068,773132
24069,763503
24070,753889
24071,744270
24072,737401
24073,727750
24074,718240
24075,708811
24076,699265
24077,689753
24078,680123
24079,670612
24080,661101
24081,651793
24082,642340
24083,632924
24084,623402
24085,615680
24086,606183
24087,596617
24088,587793
24089,578289
24090,568729
24091,559231
24092,549635
24093,540070
24094,530388
24095,520798
24096,511201
24097,501824
24098,494028
24099,484344
24100,474703
24101,465108
24102,455488
24103,445811
24104,437017
24105,427430
24106,417740
24107,408256
24108,398673
24109,389063
24110,379581
24111,371779
24112,362142
24113,352784
24114,343048
24115,333431
24116,323885
24117,314291
24118,304671
24119,295204
24120,286421
24121,276854
24122,267314
24123,257698
24124,249817
24125,240403
24126,230715
24127,221286
24128,211712
24129,202292
24130,192750
24131,183091
24132,173502
24133,163933
24134,154390
24135,144832
24136,138275
24137,128638
24138,119060
24139,109394
24140,99799
24141,90252
24142,80711
24143,72565
24144,62659
24145,52734
24146,42815
24147,32939
24148,23270
24149,15546
24150,6111
24151,1068300
24152,1066164
24153,1058585
24154,1051377
24155,1044320
24156,1036569
24157,1029148
24158,1022089
24159,1014415
24160,1008098
24161,1011087
24162,1015758
24163,1008530
24164,1001559
24165,994000
24166,986534
24167,979474
24168,976433
24169,968997
24170,961795
24171,953977
24172,946616
24173,939377
24174,931551
24175,930248
24176,921914
24177,913208
24178,903959
24179,894673
24180,885308
24181,875878
24182,866368
24183,856689
24184,847898
24185,838436
24186,828725
24187,819229
24188,811569
24189,802011
24190,792425
24191,782814
24192,773213
24193,763814
24194,754446
24195,744841
24196,735416
24197,725969
24198,716425
24199,706933
24200,699901
24201,690361
24202,680724
24203,671147
24204,661655
24206,642226
24207,632553
24208,623047
24209,613924
24210,604185
24211,594755
24212,585260
24213,575671
24214,567895
24215,558381
24216,549553
24217,540057
24218,530488
24219,520939
24220,511332
24221,501819
24222,492108
24223,482459
24224,472861
24225,463454
24226,454077
24227,446291
24228,436600
24229,427057
24230,417454
24231,407890
24232,399090
24233,389561
24234,379899
24235,370366
24236,360662
24237,351058
24238,341581
24239,331946
24240,324204
24241,314750
24242,305371
24243,295794
24244,286146
24245,276645
24246,266990
24247,258979
24248,249099
24249,239152
24250,229407
24251,219782
24252,210148
24253,202560
24254,193068
24255,183672
24256,174088
24257,164732
24258,155102
24259,145454
24260,135911
24261,126321
24262,116705
24263,107152
24264,98319
24265,90427
24266,80960
24267,71405
24268,61720
24269,52167
24270,42477
24271,32865
24272,23293
24273,13977
24274,4362
24275,1053854
24276,1047411
24277,1040520
24278,1059750
24279,1052521
24280,1049531
24281,1040335
24282,1030904
24283,1021482
24284,1011978
24285,1002365
24286,992717
24287,983279
24288,973594
24289,964282
24290,954685
24291,946318
24292,936770
24293,927245
24294,917570
24295,907975
24296,899080
24297,889422
24298,879755
24299,870221
24300,860564
24301,850968
24302,841413
24303,831868
24304,823638
24305,814246
24306,804606
24307,794977
24308,785476
24309,775803
24310,766223
24311,756695
24312,747746
24313,738114
24314,728599
24315,719022
24316,709339
24317,701207
24318,691740
24319,682100
24320,672594
24321,663150
24322,653577
24323,644067
24324,634378
24325,624743
24326,615232
24327,605593
24328,596692
24329,588450
24330,578790
24331,569216
24332,559769
24333,550233
24334,540625
24335,531112
24336,521467
24337,511952
24338,502445
24339,492746
24340,483182
24341,473655
24342,465338
24343,455696
24344,446779
24345,437245
24346,427630
24347,418087
24348,408523
24349,398859
24350,390289
24351,380331
24352,370406
24353,360681
24354,351109
24355,343861
24356,334266
24357,324649
24358,315089
24359,305499
24360,296441
24361,287101
24362,277552
24363,267918
24364,258244
24365,248806
24366,239153
24367,229469
24368,221308
24369,211959
24370,202360
24371,192758
24372,183066
24373,173423
24374,163855
24375,154112
24376,145206
24377,135593
24378,126384
24379,116724
24380,107222
24381,98922
24382,89280
24383,79836
24384,70128
24385,60706
24386,51144
24387,41464
24388,31927
24389,22343
24390,12919
24391,3272
24392,1088122
24393,1100872
24394,1111356
24395,1101941
24396,1092310
24397,1082819
24398,1073309
24399,1063656
24400,1054103
24401,1044694
24402,1035035
24403,1025365
24404,1015840
24405,1006134
24406,998685
24407,989187
24408,980463
24409,970803
24410,961254
24411,951569
24412,941961
24413,932448
24414,922915
24415,913289
24416,903757
24417,894305
24418,884889
24419,877263
24420,867601
24421,858167
24422,848649
24423,839056
24424,830155
24425,820611
24426,811050
24427,801436
24428,791895
24429,782343
24430,772748
24431,763103
24432,755251
24433,745911
24434,736360
24435,726828
24436,717576
24437,707957
24438,698346
24439,688742
24440,679775
24441,670201
24442,660613
24443,651195
24444,641620
24445,633770
24446,624205
24447,614601
24448,605068
24449,595617
24450,586036
24451,576444
24452,567987
24453,558044
24454,548110
24455,538170
24456,529029
24457,521029
24458,511517
24459,501872
24460,492227
24461,482611
24462,473015
24463,463396
24464,453818
24465,444360
24466,434687
24467,425100
24468,415561
24469,406016
24470,398244
24471,388687
24472,379855
24473,370330
24474,360725
24475,351136
24476,341548
24477,331882
24478,322361
24479,312902
24480,303218
24481,293784
24482,284198
24483,276438
24484,266970
24485,257378
24486,247702
24487,238076
24488,229230
24489,219576
24490,209927
24491,200409
24492,190841
24493,181260
24494,171692
24495,162069
24496,154934
24497,145548
24498,135865
24499,126233
24500,116680
24501,107039
24502,97470
24503,87883
24504,79036
24505,69410
24506,59863
24507,50313
24508,40753
24509,33210
24510,23529
24511,14072
24512,4563
24513,1062073
24514,1052590
24515,1043160
24516,1033605
24517,1027488
24518,1017638
24519,1007719
24520,997784
24521,991914
24522,982391
24523,972751
24524,963314
24525,953598
24526,944040
24527,934423
24528,924790
24529,915453
24530,905844
24531,896205
24532,886617
24533,877099
24534,869308
24535,859759
24536,851040
24537,841476
24538,831974
24539,822446
24540,812978
24541,803494
24542,793987
24543,784416
24544,774909
24545,765655
24546,756131
24547,749757
24548,740218
24549,730618
24550,721001
24551,711469
24552,702641
24553,693067
24554,684773
24555,674825
24556,664886
24557,654991
24558,645306
24559,635826
24560,628222
24561,618864
24562,609334
24563,599750
24564,590266
24565,580745
24566,571279
24567,561682
24568,553011
24569,543513
24570,533989
24571,524353
24572,514817
24573,507019
24574,497429
24575,487928
24576,478216
24577,468953
24578,459376
24579,449744
24580,454032
24581,444522
24582,434887
24583,425300
24584,416392
24585,408107
24586,398560
24587,388916
24588,379352
24589,369733
24590,360168
24591,350552
24592,340921
24593,331512
24594,321789
24595,312165
24596,302601
24597,292991
24598,284822
24599,275313
24600,266481
24601,256918
24602,247279
24603,237715
24604,228104
24605,218522
24606,208874
24607,199242
24608,189669
24609,180210
24610,170648
24611,162522
24612,152875
24613,143211
24614,133671
24615,124024
24616,115492
24617,105945
24618,96286
24619,86606
24620,76997
24621,67322
24622,57661
24623,48055
24624,39884
24625,30527
24626,21004
24627,11575
24628,2027
24629,1056826
24630,1047277
24631,1037721
24632,1029336
24633,1019705
24634,1010068
24635,1000497
24636,990857
24637,985399
24638,975867
24639,966259
24640,956634
24641,947197
24642,937518
24643,927940
24644,918424
24645,908848
24646,899233
24647,889672
24648,880699
24649,872520
24650,862964
24651,853303
24652,843589
24653,834070
24654,824395
24655,814745
24656,806462
24657,796573
24658,786643
24659,776856
24660,767093
24661,757531
24662,749431
24663,739700
24664,730720
24665,721102
24666,711529
24667,701809
24668,692307
24669,682602
24670,673011
24671,663469
24672,653886
24673,644486
24674,634902
24675,626707
24676,617190
24677,607680
24678,597888
24679,588372
24680,579475
24681,569851
24682,560372
24683,550844
24684,541153
24685,531483
24686,522001
24687,512308
24688,504115
24689,494646
24690,485089
24691,475443
24692,465893
24693,456284
24694,446621
24695,436999
24696,428035
24697,418403
24698,408801
24699,399166
24700,389545
24701,381251
24702,371642
24703,361972
24704,352453
24705,343003
24706,333430
24707,323903
24708,314223
24709,304563
24710,295009
24711,285340
24712,276298
24713,267880
24714,258228
24715,248732
24716,239156
24717,229511
24718,219994
24719,210400
24720,200717
24721,191335
24722,181822
24723,172093
24724,162465
24725,152888
24726,144466
24727,134889
24728,125909
24729,116288
24730,106838
24731,97307
24732,88000
24733,78306
24734,68652
24735,59039
24736,49421
24737,39876
24738,30141
24739,23127
24740,13773
24741,4188
24742,1178456
24743,1169069
24744,1160860
24745,1151315
24746,1141782
24747,1132259
24748,1122614
24749,1113141
24750,1103478
24751,1093872
24752,1101584
24753,1092232
24754,1082628
24755,1073133
24756,1063439
24757,1053885
24758,1044329
24759,1035674
24760,1025843
24761,1016297
24762,1006725
24763,997269
24764,987503
24765,982351
24766,972741
24767,963328
24768,953737
24769,944296
24770,934657
24771,924994
24772,915363
24773,905791
24774,896215
24775,886624
24776,877755
24777,872421
24778,862923
24779,853356
24780,843756
24781,834149
24782,824667
24783,814990
24784,805519
24785,796497
24786,786892
24787,777310
24788,767768
24789,758183
24790,752938
24791,743379
24793,724577
24794,715061
24795,705441
24796,696070
24797,686502
24798,676904
24799,667262
24800,657671
24801,648199
24802,638597
24803,629046
24804,623782
24805,614220
24806,604682
24808,585967
24809,576408
24810,566702
24811,557151
24812,547724
24813,538030
24814,528378
24815,518827
24816,509223
24817,499805
24818,494641
24819,485096
24820,475440
24821,465918
24822,456321
24823,446702
24824,437902
24825,428247
24826,418681
24827,409129
24828,399466
24829,389824
24830,380341
24831,375014
24832,365482
24833,356211
24834,346502
24835,336881
24836,327353
24837,317724
24838,308085
24839,298501
24840,289834
24841,280267
24843,260724
24844,255355
24845,245762
24846,236103
24847,226453
24848,217104
24849,207688
24850,198088
24851,188612
24852,179003
24853,169452
24854,159820
24855,150151
24856,141237
24857,135924
24858,126325
24859,116668
24860,107002
24861,97435
24862,87763
24863,78176
24864,68598
24865,59954
24866,50069
24867,40121
24868,30217
24869,20763
24870,15653
24871,6248
24872,1060585
24873,1050946
24874,1041339
24875,1031844
24876,1022205
24877,1012609
24878,1003071
24879,993393
24880,983728
24881,974430
24882,964719
24883,961063
24884,951552
24885,941967
24886,932349
24887,922769
24888,913901
24889,904195
24890,894620
24891,884915
24892,875336
24893,865738
24894,856127
24896,836462
24897,831247
24898,821554
24899,812019
24900,802381
24901,792864
24902,783343
24903,773655
24904,764816
24905,755195
24906,745613
24907,735998
24908,726416
24909,721088
24910,711512
24911,701924
24912,692308
24913,682787
24914,673159
24915,663484
24916,653896
24917,644460
24918,634856
24919,625378
24920,616616
24921,606993
24922,601664
24923,592045
24924,582340
24925,572775
24926,563279
24927,553615
24928,544013
24929,534600
24930,525003
24931,515311
24932,505729
24933,496099
24934,486471
24935,482328
24936,473353
24937,463730
24938,454082
24939,444407
24940,434772
24941,425168
24942,415511
24943,405806
24944,396211
24945,386683
24946,377040
24947,367476
24948,362172
24949,352473
24950,342977
24951,333216
24952,324213
24953,314624
24954,304963
24955,295339
24956,285805
24957,276167
24958,266583
24959,256972
24960,247416
24961,242649
24962,233161
24963,223610
24964,214030
24965,204422
24966,194823
24967,185177
24968,176861
24969,166960
24971,147066
24972,137234
24973,127663
24974,122446
24975,112949
24976,103299
24977,94621
24978,84824
24979,75191
24981,55503
24982,45845
24983,36395
24984,27424
24985,17734
24986,8331
24987,1059279
24988,1053929
24989,1044368
24990,1034669
24991,1025140
24992,1015608
24993,1006223
24994,996606
24995,986984
24996,977353
24997,967789
24998,958241
24999,948650
25000,939689
25001,934003
25002,924311
25003,914740
25004,905152
25005,895443
25006,885773
25007,876240
25008,866518
25009,857267
25010,847674
25011,838010
25012,828358
25013,818932
25014,813080
25015,803495
25016,794605
25017,784987
25018,775295
25019,765713
25020,756030
25021,746396
25022,736734
25023,727176
25024,717555
25025,708147
25026,698618
25027,692641
25028,683044
25029,673369
25030,663704
25031,654225
25032,645302
25033,635680
25034,626047
25035,616452
25036,606864
25037,597435
25038,587899
25039,581988
25040,572418
25041,562987
25042,553407
25043,543791
25044,534099
25045,524507
25046,514913
25047,505241
25048,496244
25049,486678
25050,476993
25051,467557
25052,461691
25053,452014
25054,442389
25055,432792
25056,423141
25057,413769
25058,404095
25059,394444
25060,384801
25061,375212
25062,365577
25063,356047
25064,347192
25065,341402
25066,331885
25067,322324
25068,312618
25069,302976
25070,293400
25071,283809
25072,275459
25073,265573
25074,255636
25075,245696
25076,235958
25077,226513
25078,220611
25079,211064
25080,202315
25081,192764
25082,183179
25083,173459
25084,163922
25085,154318
25086,144659
25087,135045
25088,125426
25089,115970
25090,106502
25091,101277
25092,91744
25093,82136
25094,72461
25095,62797
25096,53919
25097,44373
25098,34667
25099,25121
25100,15668
25101,6190
25102,1061107
25103,1064612
25104,1056732
25105,1050013
25106,1042296
25107,1034110
25108,1026013
25109,1018228
25110,1010006
25111,1002032
25112,997971
25113,989541
25114,981364
25115,973426
25116,974777
25117,966883
25118,958949
25119,950623
25120,942811
25121,936017
25122,927752
25123,919683
25124,911893
25125,903383
25126,895282
25127,887754
25128,881761
25129,876692
25130,867118
25131,857443
25132,847856
25133,838279
25134,828757
25135,819166
25136,809487
25137,800022
25138,790456
25139,780852
25140,771143
25141,761506
25142,755095
25143,745410
25144,736426
25145,727057
25146,717547
25147,707837
25148,698245
25149,688600
25150,678989
25151,669465
25152,659897
25153,659386
25154,649530
25155,639607
25156,629674
25157,619804
25158,609856
25159,599912
25160,590020
25161,580117
25162,570216
25163,560311
25164,550401
25165,540504
25166,530622
25167,521967
25168,512388
25169,503118
25170,493479
25171,483936
25172,474292
25173,464670
25174,454982
25175,446523
25176,436587
25177,426827
25178,417359
25179,407747
25180,401036
25181,391510
25182,381889
25183,372285
25184,362755
25185,353374
25186,343729
25187,334143
25188,324571
25189,315104
25191,295462
25192,286567
25193,276902
25194,270164
25195,260594
25196,251108
25197,241365
25198,231768
25199,222215
25200,212640
25201,203226
25202,193602
25203,183995
25204,174485
25205,164979
25206,155313
25207,148832
25208,140188
25209,130539
25210,121011
25211,111334
25212,101721
25213,92119
25214,82540
25215,72901
25216,63328
25217,53947
25218,44313
25219,34665
25220,27831
25221,18269
25222,8792
25223,1062981
25224,1058829
25225,1051201
25226,1043591
25227,1035503
25228,1027778
25229,1019919
25230,1011745
25231,1004172
25232,1005852
25233,998820
25234,990984
25235,983139
25236,974954
25237,966953
25238,959254
25239,951095
25240,946709
25241,938984
25242,930872
25243,922785
25244,914911
25245,914979
25246,906616
25247,897685
25248,888513
25249,879555
25250,870097
25251,860541
25252,851018
25253,841505
25254,831972
25255,822316
25256,813376
25257,803813
25258,797000
25259,787383
25260,777786
25261,768144
25262,758535
25263,748956
25264,739241
25265,729917
25266,720521
25267,710935
25268,701347
25269,691752
25270,682201
25271,675399
25272,666466
25273,656905
25274,647227
25275,637583
25276,627911
25277,618351
25278,609886
25279,599974
25280,590072
25281,580209
25282,570551
25283,561025
25284,554113
25285,544512
25286,534913
25287,525289
25288,516421
25289,506801
25290,497138
25291,487552
25292,477977
25293,468264
25294,458626
25295,449010
25296,441846
25297,432573
25298,422903
25299,413159
25300,403555
25301,393973
25302,384271
25303,374694
25304,365768
25305,356242
25306,346619
25307,337029
25308,327428
25309,320606
25310,311187
25311,301536
25312,291887
25313,282482
25314,272854
25315,263230
25316,253622
25317,243963
25318,234345
25319,224882
25320,215929
25321,206241
25322,200120
25323,190546
25324,180983
25325,171415
25326,161994
25327,152420
25328,142776
25329,133417
25330,123807
25331,114346
25332,104728
25333,95167
25334,85550
25335,78707
25336,69789
25337,60193
25338,50457
25339,40912
25340,31256
25341,21647
25342,12151
25343,2800
25344,1066853
25345,1063152
25346,1058048
25347,1051443
25348,1062536
25349,1057316
25350,1051242
25351,1045004
25352,1048076
25353,1041321
25354,1035312
25355,1030065
25356,1023527
25357,1017680
25358,1011593
25359,1003038
25360,997364
25361,988129
25362,978423
25363,968804
25364,959161
25365,949575
25366,939973
25367,930400
25368,921400
25369,911967
25370,902412
25371,892711
25372,883047
25373,875676
25374,866070
25375,856421
25376,847903
25377,838980
25378,829345
25379,819760
25380,810092
25381,801525
25382,791643
25383,781697
25384,772115
25385,762505
25386,755077
25387,745523
25388,735976
25389,726454
25390,716905
25391,707308
25392,697794
25393,688359
25394,678773
25395,669289
25396,659616
25397,650067
25398,640429
25399,633190
25400,624365
25401,614775
25402,605143
25403,595600
25404,585949
25405,576433
25406,566824
25407,557256
25408,547703
25409,538330
25410,528672
25411,519139
25412,511718
25413,502068
25414,492567
25415,482961
25416,474051
25417,464395
25418,454805
25419,445176
25420,435587
25421,426001
25422,416374
25423,406696
25424,399233
25425,389850
25426,380219
25427,370623
25428,361039
25429,351439
25430,341862
25432,322936
25433,313432
25434,303907
25435,294353
25436,284747
25437,275163
25438,267662
25439,258253
25440,248680
25441,239258
25442,229632
25443,220020
25444,210512
25445,201021
25446,191384
25447,181840
25448,173164
25449,163487
25450,153843
25451,146515
25452,136993
25453,127362
25454,117828
25455,108259
25456,98550
25457,89267
25458,79615
25459,69996
25460,60473
25461,50817
25462,41274
25463,31728
25464,24960
25465,15477
25466,5964
25467,1151440
25468,1144356
25469,1137104
25470,1129266
25471,1121584
25472,1114167
25473,1109191
25474,1101221
25475,1093403
25476,1085135
25477,1088428
25478,1078950
25479,1069313
25480,1060553
25481,1050985
25482,1041309
25483,1031684
25484,1023329
25485,1013399
25486,1003461
25487,993531
25488,983587
25489,976788
25490,967232
25491,957512
25492,947881
25493,938297
25494,928655
25495,919145
25496,910372
25497,900678
25498,891080
25499,881517
25500,871825
25501,862195
25502,854889
25503,845292
25504,835649
25505,826310
25506,816647
25507,807049
25508,797519
25509,787815
25510,778208
25511,768760
25512,759839
25513,750185
25514,740635
25515,734475
25516,724885
25517,715319
25518,705724
25519,696132
25520,686555
25521,677089
25522,667469
25523,658055
25524,648378
25525,638777
25526,629201
25528,610309
25529,603037
25530,593381
25531,583757
25532,574210
25533,564507
25534,554934
25535,545279
25536,535696
25537,526250
25538,516702
25539,506991
25540,497361
25541,487760
25542,480302
25543,470691
25544,461807
25545,452086
25546,442476
25547,432917
25548,423237
25549,413820
25550,404241
25551,394646
25552,385130
25553,375747
25554,368506
25555,359076
25556,349517
25557,339978
25558,330389
25559,320851
25560,312177
25561,302534
25562,292945
25563,283341
25564,273775
25565,264234
25566,254596
25567,247306
25568,237792
25569,228387
25570,218866
25571,209301
25572,200074
25573,190458
25574,180955
25575,171275
25576,162349
25577,152865
25578,143181
25579,133537
25580,126221
25581,116544
25582,106908
25583,97433
25584,87769
25585,78380
25586,68826
25587,60509
25588,50574
25589,40714
25590,30765
25591,20816
25592,12110
25593,4747
25594,1058883
25595,1049495
25596,1039934
25597,1030365
25598,1020898
25599,1011216
25600,1001644
25601,992675
25602,983129
25603,973449
25604,963987
25605,954361
25606,949169
25607,939635
25608,930943
25609,921379
25610,911804
25611,902123
25612,892458
25613,882948
25614,873296
25615,863755
25616,854378
25617,845056
25618,837359
25619,827850
25620,818230
25621,808590
25622,798992
25623,789357
25624,780549
25625,771011
25626,761355
25627,751755
25628,742198
25629,732550
25630,722916
25631,715272
25632,705617
25633,696269
25634,686654
25635,676974
25636,667344
25637,657760
25638,648310
25639,638714
25640,630155
25642,610511
25643,600956
25644,591232
25645,583448
25646,573928
25647,564327
25648,554640
25649,545340
25650,535613
25651,526169
25652,516545
25653,506932
25654,497242
25655,487684
25656,478797
25657,469129
25658,461501
25659,451807
25660,442215
25661,432679
25662,423106
25663,413472
25664,403903
25665,394449
25666,384886
25667,375448
25668,365722
25669,356116
25670,346541
25671,338738
25672,329858
25673,320333
25674,310715
25675,301085
25676,291575
25677,281840
25678,272236
25679,262609
25680,252917
25681,243518
25682,234078
25683,226421
25684,216899
25685,207296
25686,197780
25687,188186
25688,179347
25689,169744
25690,160044
25691,151327
25692,141419
25693,131472
25694,121896
25695,112308
25696,104761
25697,95544
25698,86015
25699,77057
25700,67501
25701,57818
25702,48179
25703,38596
25704,29506
25705,20003
25706,10466
25707,1057649
25708,1051268
25709,1044147
25710,1034587
25711,1024980
25712,1015521
25713,1006558
25714,997036
25715,987502
25716,977862
25717,968213
25718,958682
25719,948996
25720,940308
25721,930725
25722,924080
25723,914518
25724,905007
25725,895480
25726,885759
25727,876224
25728,866571
25729,857120
25730,847596
25731,838041
25732,828565
25733,819035
25734,809412
25735,801819
25736,793025
25737,783401
25738,773772
25739,764244
25740,754551
25742,735018
25743,725332
25744,715785
25745,706331
25746,696664
25747,686992
25748,679225
25749,669618
25750,660103
25751,650567
25752,641726
25753,632184
25754,622612
25755,613030
25756,603392
25757,593789
25758,584096
25759,574449
25760,564861
25761,557428
25762,547783
25763,538181
25764,528580
25765,518904
25766,509398
25767,499758
25768,490851
25769,481268
25770,471599
25771,462067
25772,452509
25773,442942
25774,435347
25775,425784
25776,416231
25777,406803
25778,397308
25779,387607
25780,377970
25781,368511
25782,358789
25783,349271
25784,340431
25785,330722
25786,321096
25787,313515
25788,330130
25789,320257
25790,310410
25791,300463
25792,290595
25793,280708
25794,272283
25795,262408
25796,252514
25797,242585
25798,232700
25799,222803
25800,212891
25801,202984
25802,193093
25803,183146
25804,173236
25805,163311
25806,153406
25807,143472
25808,133578
25809,123632
25810,113726
25811,103819
25812,93868
25813,83938
25814,74047
25815,64103
25816,54200
25817,44286
25818,34340
25819,24393
25820,14476
25821,1055041
25822,1045614
25823,1036054
25824,1026507
25825,1020322
25826,1010879
25827,1001247
25828,991742
25829,982129
25830,972563
25831,962977
25832,954142
25833,944474
25834,934925
25835,925503
25836,915929
25837,906274
25838,898830
25839,889201
25840,879483
25841,870127
25842,860481
25843,850838
25844,841334
25845,831676
25846,821997
25847,812503
25848,803540
25849,793814
25850,784324
25851,776874
25852,767390
25853,757846
25854,748170
25855,738519
25856,729161
25857,719820
25858,710279
25859,700606
25860,690945
25861,681410
25862,671779
25863,662070
25864,655362
25865,645867
25866,636265
25867,626723
25868,617184
25869,607604
25870,597984
25871,588444
25872,578799
25873,569399
25874,559841
25875,550141
25876,542472
25877,533080
25878,523393
25879,513858
25880,505058
25881,495331
25882,485867
25883,476294
25884,466564
25885,456913
25886,447305
25887,437689
25888,428026
25889,420449
25890,410772
25891,401165
25892,391592
25893,381864
25894,372251
25895,362690
25896,353742
25897,345062
25898,335166
25899,325212
25900,315311
25901,305651
25902,298759
25903,289055
25904,279446
25905,270053
25906,260375
25907,250821
25908,241324
25909,231781
25910,222317
25911,212659
25912,203782
25913,194209
25914,184645
25915,176893
25916,167393
25917,157844
25918,148170
25919,138624
25920,128942
25921,119531
25922,109933
25923,100391
25924,90825
25925,81491
25926,71860
25927,62243
25928,55506
25929,45811
25930,36194
25931,26616
25932,17106
25933,7514
25934,1058707
25935,1049142
25936,1039557
25937,1030211
25938,1020629
25939,1011115
25940,1004031
25941,994450
25942,984836
25943,975307
25944,966409
25945,956863
25946,947355
25947,937711
25948,928216
25949,918617
25950,908966
25951,899395
25952,889819
25953,882343
25954,872777
25955,863269
25956,853652
25957,844036
25958,834422
25959,824754
25960,815921
25961,806334
25962,796704
25963,787125
25964,777498
25965,767827
25966,759985
25967,750451
25968,740895
25969,731456
25970,721865
25971,712236
25972,702588
25973,693076
25974,683340
25975,673806
25976,664943
25977,655511
25978,645978
25979,638364
25980,628749
25981,619153
25982,609583
25983,599938
25984,590280
25985,580954
25986,571283
25988,551647
25989,542179
25990,532614
25991,522999
25992,514132
25993,506242
25994,496750
25995,487146
25996,477590
25997,467974
25999,448383
26000,440044
26001,430143
26002,420205
26003,410264
26004,400551
26005,390933
26006,383084
26007,373485
26008,364640
26009,355019
26010,345381
26011,335735
26012,326231
26013,316495
26014,306959
26015,297383
26016,287779
26017,278324
26018,268637
26019,261062
26020,251466
26021,241856
26022,232285
26023,222768
26024,213863
26025,204239
26026,194614
26027,185011
26028,175354
26029,165759
26030,156184
26031,146558
26032,138765
26033,129352
26034,119690
26035,110082
26036,100541
26037,91026
26038,81456
26039,71962
26040,63195
26041,53573
26042,44243
26043,34654
26044,25027
26045,17432
26046,7867
26047,1173127
26048,1166217
26049,1161278
26050,1153436
26051,1145727
26052,1137864
26053,1129963
26054,1122448
26055,1114311
26056,1109726
26057,1100771
26058,1096607
26059,1087079
26060,1077580
26061,1067978
26062,1058328
26063,1048820
26064,1039141
26065,1029859
26066,1020184
26067,1010530
26068,1000913
26069,991342
26070,983639
26071,974107
26072,965183
26073,955585
26074,946311
26075,936776
26076,927304
26077,917644
26078,908232
26079,898528
26080,889102
26081,879749
26082,870183
26083,862292
26084,852671
26085,843095
26086,833573
26087,823985
26088,814952
26089,805425
26090,795907
26091,786288
26092,776639
26093,767147
26094,757555
26095,747980
26096,741750
26097,732338
26098,722780
26099,713324
26100,703771
26101,694230
26102,684667
26103,676217
26104,666318
26105,656624
26106,646981
26107,637436
26108,627820
26109,620016
26110,610487
26111,600911
26112,591374
26113,581992
26114,572416
26115,562808
26116,553153
26117,543567
26118,533843
26119,524297
26120,515438
26121,505789
26122,498010
26123,488463
26124,478844
26125,469266
26126,459688
26127,450102
26128,440619
26129,431352
26130,421738
26131,412133
26132,402538
26133,392885
26134,385361
26135,375800
26136,366915
26137,357343
26138,347813
26139,338217
26140,328657
26141,319033
26142,309407
26143,299894
26144,290327
26145,280930
26146,271399
26147,263599
26148,253927
26149,244359
26150,234860
26151,225906
26152,216997
26153,207446
26154,197805
26155,188285
26156,178728
26157,169032
26158,159385
26159,149846
26160,142325
26161,132972
26162,123468
26163,113751
26164,104223
26165,94637
26166,84990
26167,75319
26168,66490
26169,56865
26171,37322
26172,27560
26173,18185
26174,10736
26175,1068076
26176,1058619
26177,1049811
26178,1040417
26179,1030780
26180,1021382
26181,1011825
26182,1002173
26183,992740
26184,984039
26185,974539
26186,964923
26187,960142
26188,950508
26189,940982
26190,931356
26191,921807
26192,912237
26193,902900
26194,893388
26195,883881
26196,874202
26197,864731
26198,855210
26199,847512
26200,838683
26201,829073
26202,819510
26203,809951
26204,800413
26205,790697
26206,781291
26207,772738
26208,762798
26209,752868
26210,743239
26211,733669
26212,725896
26213,716379
26214,706755
26215,697222
26216,688420
26217,678915
26218,669480
26219,660030
26220,650572
26221,640929
26222,631368
26223,621801
26224,612213
26225,604876
26226,595293
26227,585693
26228,576120
26229,566584
26230,556950
26231,547384
26232,538568
26233,528959
26234,519379
26235,509816
26236,500220
26237,490580
26238,482855
26239,473271
26240,463778
26241,454375
26242,444718
26243,435204
26244,425561
26245,416016
26246,406451
26247,396890
26248,387963
26249,378470
26250,369016
26251,361181
26252,351573
26253,342005
26254,332527
26255,322957
26256,313322
26257,304042
26258,294389
26259,284712
26260,275150
26261,265579
26262,256109
26263,248577
26264,239661
26265,230073
26266,220400
26267,210836
26268,201358
26269,191802
26270,182294
26271,172652
26272,163072
26273,153722
26274,144001
26275,134495
26276,126627
26277,117034
26278,107464
26279,98396
26280,89428
26281,79853
26282,70203
26283,60695
26284,51094
26285,41632
26286,31943
26287,22296
26288,12918
26289,6558
26290,1063444
26291,1054063
26292,1044530
26293,1035076
26294,1025509
26295,1015994
26296,1007789
26297,998452
26298,988904
26299,979273
26300,969706
26301,960179
26302,955569
26303,946076
26304,936489
26305,927078
26306,917602
26307,907991
26308,898459
26309,889947
26310,879998
26311,870068
26312,860951
26313,851474
26314,842185
26315,835298
26316,825749
26317,816216
26318,806679
26319,797185
26320,787616
26321,778297
26322,768758
26323,759377
26324,749751
26325,740249
26326,730556
26327,722995
26328,714107
26329,704535
26330,694942
26331,685259
26332,675781
26333,666447
26334,656803
26335,647380
26336,637932
26337,628586
26338,619135
26339,609719
26340,602124
26341,592747
26342,583298
26343,573831
26344,565129
26345,555631
26346,546047
26347,536579
26348,527170
26349,517557
26350,508012
26351,498453
26352,488881
26353,481395
26354,471841
26355,462299
26356,452634
26357,443108
26358,433506
26359,423958
26360,415207
26361,405571
26362,396068
26363,386491
26364,376825
26365,367232
26366,359604
26367,350126
26368,340511
26369,331242
26370,321692
26371,312033
26372,302528
26373,292995
26374,283450
26375,273766
26376,265090
26377,255604
26378,246092
26379,238344
26380,228855
26381,219376
26382,209732
26383,200094
26384,190534
26385,181094
26386,171546
26387,161957
26388,152290
26389,142793
26390,133204
26391,125487
26392,116947
26393,107841
26394,98245
26395,88666
26396,79163
26397,69656
26398,60134
26399,50577
26400,41072
26401,31755
26402,22149
26403,12700
26404,5008
26405,1054908
26406,1045438
26407,1036056
26408,1027899
26409,1018341
26410,1008724
26411,1000242
26412,990312
26413,980393
26414,970485
26415,960628
26416,950964
26417,946667
26418,937088
26419,927663
26420,918130
26421,919284
26422,909401
26423,899542
26424,889608
26425,879686
26426,869800
26427,859849
26428,849911
26429,840031
26430,830089
26431,820160
26432,810263
26433,800321
26434,790376
26435,780492
26436,770546
26437,760601
26438,750753
26439,740796
26440,730864
26441,721045
26442,711435
26443,703600
26444,694027
26445,684370
26446,674755
26447,665286
26448,655896
26449,646533
26450,636943
26451,627291
26452,617681
26453,608150
26454,598679
26455,591087
26456,582329
26457,572749
26458,563203
26459,553703
26460,544143
26461,534658
26462,525081
26463,515547
26464,506123
26465,496775
26466,487230
26467,477613
26468,469814
26469,460256
26470,450734
26471,441193
26472,432333
26473,422783
26474,413265
26475,403596
26476,393964
26477,384465
26478,374773
26479,365212
26480,355661
26481,349133
26482,339630
26483,342328
26484,332870
26485,323409
26486,313902
26487,304324
26488,295417
26489,285818
26490,276317
26491,266855
26492,257342
26493,247834
26494,240058
26495,230586
26496,220970
26497,211601
26498,202093
26499,192385
26500,182896
26501,173297
26502,163781
26503,154328
26504,145487
26505,135989
26506,126347
26507,118648
26508,109535
26509,99874
26510,90376
26511,80767
26512,71268
26513,63234
26514,53334
26515,43394
26516,33471
26517,23747
26518,14467
26519,6764
26520,1195201
26521,1189207
26522,1182579
26523,1175226
26524,1167733
26525,1159313
26526,1150337
26527,1141086
26528,1131804
26529,1122566
26530,1113094
26531,1103577
26532,1099178
26533,1089631
26534,1080078
26535,1070489
26536,1061827
26537,1052406
26538,1042843
26539,1033248
26540,1023691
26541,1014170
26542,1004561
26543,994995
26544,985358
26545,978392
26546,969087
26547,959437
26548,949814
26549,940271
26550,930600
26551,921044
26552,912240
26553,902637
26554,893152
26555,883564
26556,873925
26557,864301
26558,856695
26559,847028
26560,837448
26561,828122
26562,818527
26563,809005
26564,799759
26565,790058
26566,780627
26567,771047
26568,762057
26569,752471
26570,742959
26571,735164
26572,725734
26573,716335
26574,706751
26575,697191
26576,687610
26577,678192
26578,668717
26579,659149
26580,649585
26581,640046
26582,630475
26583,622709
26584,613797
26585,604229
26586,594647
26587,585051
26588,575473
26589,565778
26590,556272
26591,546582
26592,536981
26593,527543
26594,518000
26595,508509
26596,500698
26597,491201
26598,481650
26599,472052
26600,463234
26601,453678
26602,443961
26603,434435
26604,424702
26605,415075
26606,405478
26607,396007
26608,386340
26609,378865
26610,369251
26611,359636
26612,350089
26613,340414
26614,330794
26615,321250
26616,313898
26617,304008
26618,294089
26619,284139
26620,274188
26621,264494
26622,256695
26623,247193
26625,228104
26626,218572
26627,208980
26628,199305
26629,189722
26630,180093
26631,170560
26632,161728
26633,152107
26634,142521
26635,132873
26636,125313
26637,115605
26638,105973
26639,96442
26640,86810
26641,77384
26642,67806
26643,58158
26644,48518
26645,38925
26646,29250
26647,19615
26648,12974
26649,3640
26650,1051387
26651,1042019
26652,1032530
26653,1023007
26654,1013495
26655,1003808
26656,994183
26657,985230
26658,975634
26659,965980
26660,956393
26661,951357
26662,941713
26663,932208
26664,923504
26665,913832
26666,904389
26667,894720
26668,885126
26669,875521
26670,865845
26671,856321
26672,846754
26673,837402
26674,830793
26675,821201
26676,811577
26677,801975
26678,792498
26679,782956
26680,774052
26681,764578
26682,754951
26683,745293
26684,735726
26685,726140
26686,716472
26687,708839
26688,699208
26689,689737
26690,680081
26691,670480
26692,661001
26693,651569
26694,642163
26695,632737
26696,624005
26697,614434
26698,604854
26699,595309
26700,587513
26701,577862
26702,568334
26703,558662
26704,549081
26705,539711
26706,530283
26707,520753
26708,511198
26709,501603
26710,491913
26711,482449
26712,475384
26714,455905
26715,446203
26716,436573
26717,427061
26718,417480
26719,407895
26720,399629
26721,389712
26722,379778
26723,369862
26724,360094
26725,350443
26726,342765
26727,333110
26728,324110
26729,314529
26730,304861
26731,295226
26732,285682
26733,276029
26734,266436
26735,258120
26736,249317
26737,239937
26738,230486
26739,222816
26740,213232
26741,203758
26742,194165
26743,184593
26744,175679
26745,166027
26746,156417
26747,146816
26748,137199
26749,127653
26750,118003
26751,108413
26753,90788
26754,81850
26755,72294
26756,62765
26758,43194
26759,33629
26760,24810
26761,15410
26762,5882
26763,1105038
26764,1095566
26765,1086104
26766,1076493
26767,1072941
26768,1063485
26769,1054453
26770,1044864
26771,1035413
26772,1025813
26773,1016188
26774,1006562
26775,997048
26776,988169
26777,978612
26778,969171
26779,961580
26780,952061
26781,942504
26782,932956
26783,923408
26784,913758
26785,904309
26786,894762
26787,885204
26788,875668
26789,866187
26790,856707
26791,847291
26792,840647
26793,831222
26794,821646
26795,812131
26796,802541
26797,793015
26798,783532
26799,774009
26800,764489
26801,755233
26802,745680
26803,736180
26804,726738
26805,718964
26806,709421
26807,700047
26808,691201
26809,681557
26810,672010
26811,662382
26812,652793
26813,643285
26814,633735
26815,624105
26816,614603
26817,605192
26818,597389
26819,587904
26820,578270
26821,568757
26822,559257
26823,549685
26824,540793
26825,532460
26826,522556
26827,512625
26828,502676
26829,492731
26830,483153
26831,475417
26832,465847
26833,456477
26834,446941
26835,437330
26836,427715
26837,418284
26838,408521
26839,399102
26840,390224
26841,380711
26842,371160
26843,363457
26844,353962
26845,344299
26846,334664
26847,325024
26848,315378
26849,306073
26850,296500
26851,286918
26852,277377
26853,267732
26854,258170
26855,248588
26856,241470
26857,232069
26858,222500
26859,212965
26860,203239
26861,193739
26862,184046
26863,174560
26864,165109
26865,155677
26866,146178
26867,136940
26868,127366
26869,120940
26870,111399
26871,101839
26872,93004
26873,83442
26874,73842
26875,64307
26876,54768
26877,45149
26878,35463
26879,26004
26880,16604
26881,7294
26882,1061168
26883,1051609
26884,1042083
26885,1032616
26886,1023035
26887,1013441
26888,1005209
26889,995738
26890,986196
26891,976711
26892,967069
26893,957508
26894,947981
26895,940466
26896,930784
26897,921489
26898,911897
26899,902280
26900,892677
26901,883081
26902,873463
26903,863834
26904,854965
26905,845500
26906,836209
26907,828369
26908,818863
26909,809353
26910,799840
26911,790374
26912,780753
26913,771280
26914,761610
26915,752022
26916,742349
26917,732873
26918,723239
26919,713656
26920,706596
26921,697018
26922,687443
26923,677929
26924,668528
26925,659199
26926,649715
26927,641597
26928,631656
26929,621721
26930,611834
26931,602386
26932,592828
26933,585153
26934,575603
26935,566025
26936,557120
26937,547424
26938,537818
26939,528340
26940,518702
26941,509229
26942,499547
26943,489910
26944,480332
26945,470870
26946,463114
26947,453462
26948,443965
26949,434368
26950,424664
26951,415023
26952,406003
26953,396375
26954,386741
26955,377202
26956,367564
26957,357935
26958,348235
26959,340587
26960,330984
26961,321550
26962,311991
26963,302437
26964,292843
26965,283277
26966,273658
26967,264065
26968,255288
26969,245739
26970,236096
26971,228322
26972,218828
26973,209158
26974,199659
26975,190062
26976,180475
26977,171111
26978,161526
26979,151899
26980,142346
26981,132781
26982,123192
26983,113641
26984,106533
26985,97298
26986,87854
26987,78234
26988,68713
26989,59054
26990,49518
26991,39881
26992,30239
26993,20907
26994,11410
26995,2010
26996,1060432
26997,1053981
26998,1044484
26999,1035022
27000,1026160
27001,1016622
27002,1006931
27003,997332
27004,987752
27005,978255
27006,968674
27007,959128
27008,949515
27009,940112
27010,932245
27011,922760
27012,913171
27013,903606
27014,894107
27015,884567
27016,875709
27017,866211
27018,856566
27019,847062
27020,837436
27021,827827
27022,818217
27023,810776
27024,801453
27025,792064
27026,782661
27027,773125
27028,763581
27029,755345
27030,745396
27031,735463
27032,726058
27033,716501
27034,706876
27035,699179
27036,689601
27037,679886
27038,670449
27039,660948
27040,651315
27041,641928
27042,632311
27043,622754
27044,613267
27045,603589
27046,593994
27047,584419
27048,577354
27049,567852
27050,558244
27051,548700
27052,539097
27053,529519
27054,519962
27055,510329
27056,506572
27057,496729
27058,486887
27059,477013
27060,467144
27061,457229
27062,447343
27063,437423
27064,427715
27065,418092
27066,408478
27067,398843
27068,389286
27069,379729
27070,370099
27071,360568
27072,351038
27073,341654
27074,333904
27075,324232
27076,314618
27077,305091
27078,295460
27079,285837
27080,277019
27081,267328
27082,257917
27083,248379
27084,238741
27085,229125
27086,219570
27087,211961
27088,202566
27089,193169
27090,183477
27091,173937
27092,164329
27093,154747
27094,145118
27095,135559
27096,126653
27097,117013
27098,107542
27099,100237
27100,90853
27101,81364
27102,71795
27103,62168
27104,52624
27105,43228
27106,33692
27107,24177
27108,14635
27109,5094
27110,1058808
27112,1044656
27113,1042858
27114,1034894
27115,1027012
27116,1019335
27117,1011137
27118,1003220
27119,995586
27120,987468
27121,980561
27122,972942
27123,964758
27124,956890
27125,949087
27126,946044
27127,938384
27128,934485
27129,926384
27130,918371
27131,910854
27132,902768
27133,895981
27134,886675
27135,877717
27136,868669
27137,859653
27138,850177
27139,842638
27140,833110
27141,823521
27142,813937
27143,804350
27144,795452
27145,785762
27146,776122
27147,766503
27148,756859
27149,747279
27150,737685
27151,728061
27152,720391
27153,710942
27154,701455
27155,691918
27156,682259
27157,672631
27158,663167
27159,653511
27160,644647
27161,635212
27162,625732
27163,616245
27164,608532
27165,598985
27166,589369
27167,579939
27168,570353
27169,560930
27170,551499
27171,541857
27172,532278
27174,512597
27175,503033
27176,494139
27177,484577
27178,476823
27179,467268
27180,457693
27181,448035
27182,438655
27183,429089
27184,419461
27185,410094
27186,400476
27187,390895
27188,381282
27189,371632
27190,362111
27191,354452
27192,345502
27193,335950
27194,326413
27195,316749
27196,307099
27197,297455
27198,287958
27199,278471
27200,268818
27201,259427
27202,249836
27203,240273
27204,232468
27205,223016
27206,213493
27207,203955
27208,195214
27209,185588
27210,176049
27211,166452
27212,156848
27213,147145
27214,137616
27215,128310
27216,118753
27217,111424
27218,101991
27219,92442
27220,82782
27221,73168
27222,63429
27223,53795
27224,44956
27225,35300
27226,25741
27227,16178
27228,6542
27229,1065602
27230,1058061
27231,1050165
27232,1043033
27233,1037475
27234,1029650
27235,1022563
27236,1016416
27237,1007639
27238,1000153
27239,992999
27240,989750
27241,982192
27242,981195
27243,973440
27244,965917
27245,958748
27246,951108
27247,943792
27248,937030
27249,929240
27250,920343
27251,911169
27252,901785
27253,892471
27254,883087
27255,876485
27256,867756
27257,858391
27258,848868
27259,839384
27260,829892
27261,820343
27262,810785
27263,801256
27264,791667
27265,782285
27266,772810
27267,763270
27268,755664
27269,746107
27270,736523
27271,726969
27272,718358
27273,708861
27274,699364
27275,689989
27276,680489
27277,671056
27278,661622
27279,652140
27280,642594
27281,635359
27282,625704
27283,616204
27284,606608
27285,597208
27286,587772
27287,578385
27288,569557
27289,560071
27290,550606
27291,541111
27292,531544
27293,523963
27294,514513
27295,505021
27296,495533
27297,486246
27298,476576
27299,466999
27300,457389
27301,447853
27302,438347
27303,428739
27304,419876
27305,410341
27306,402668
27307,393139
27308,383588
27309,373977
27310,364433
27311,354849
27312,345240
27313,335847
27314,326253
27315,316637
27316,307191
27317,298540
27318,289111
27319,282113
27320,274160
27321,265361
27322,255634
27323,247593
27324,238125
27325,228541
27326,218957
27327,209363
27328,199701
27329,190376
27330,180782
27331,171348
27332,163603
27333,154198
27334,144531
27335,134979
27336,126130
27337,116574
27338,106932
27339,98243
27340,88304
27341,78400
27342,68647
27343,59009
27344,49473
27345,41990
27346,32502
27347,23010
27348,13598
27349,4027
27350,1057305
27351,1049198
27352,1045131
27353,1037612
27354,1027834
27355,1019702
27356,1012020
27357,1009925
27358,1002390
27359,994873
27360,986818
27361,979917
27362,972220
27363,964162
27364,956389
27365,948624
27366,940369
27367,932307
27368,936105
27369,927961
27370,925582
27371,918054
27372,909593
27373,900752
27374,891716
27375,882527
27376,873163
27377,864009
27378,854461
27379,844783
27380,835350
27381,825814
27382,816167
27383,808469
27384,799479
27385,789849
27386,780356
27387,770698
27388,761116
27389,751522
27390,741973
27391,732331
27392,722823
27393,713468
27394,703857
27395,694384
27396,686549
27397,677079
27398,667649
27399,657982
27400,649189
27401,639666
27402,630107
27403,620632
27404,611051
27405,601508
27406,592004
27407,582535
27408,572954
27409,565407
27410,555807
27411,546257
27412,536777
27413,527248
27414,517753
27415,508033
27416,499246
27417,489687
27418,480210
27419,470585
27420,460987
27421,453211
27422,443645
27423,433932
27424,424437
27425,415137
27426,405512
27427,395950
27428,386395
27429,376784
27430,367150
27431,357498
27432,348632
27433,339076
27434,331182
27435,321562
27436,311947
27437,302509
27438,292952
27439,283301
27440,273773
27441,264467
27442,255980
27443,246100
27444,236156
27445,226229
27446,216338
27448,200262
27449,190743
27450,181183
27451,171630
27452,162061
27453,152509
27454,142952
27455,133526
27456,123846
27457,114460
27458,104891
27459,95348
27460,85742
27461,78100
27462,68461
27463,58951
27464,50103
27465,40451
27466,30893
27467,21326
27468,11892
27469,2455
27470,1052505
27471,1042987
27472,1033370
27473,1024125
27474,1017026
27475,1007591
27476,998089
27477,988492
27479,969055
27480,960180
27481,950649
27482,941070
27483,931582
27484,921881
27485,912456
27486,902938
27487,895249
27488,885794
27489,876411
27490,866793
27491,857292
27492,847751
27493,838122
27494,828685
27495,819092
27496,810245
27497,800802
27498,791238
27499,781940
27500,774245
27501,764757
27502,755095
27503,745587
27504,736057
27505,726674
27506,717252
27507,707672
27508,698192
27509,688662
27510,679170
27511,669712
27512,660845
27513,653138
27514,643600
27515,634097
27516,624532
27517,614927
27518,605421
27519,595730
27520,586275
27521,577021
27522,567538
27523,558050
27524,548626
27525,539072
27526,531434
27527,521919
27528,513030
27529,503395
27530,493820
27531,484282
27532,474603
27533,465014
27534,455416
27535,445893
27536,436391
27537,426912
27538,417226
27539,409419
27540,399833
27541,390174
27542,380563
27543,370953
27544,361992
27545,354233
27546,344305
27547,334381
27548,324451
27549,314499
27550,304555
27551,296421
27552,286854
27553,277468
27555,257917
27556,248282
27557,238792
27558,229158
27559,219695
27560,210973
27561,201372
27562,191774
27563,182226
27564,172666
27565,164749
27566,155215
27567,145595
27568,136091
27569,126643
27570,117152
27571,107597
27572,98001
27573,88443
27574,78744
27575,69164
27576,60452
27577,50986
27578,43327
27579,33574
27580,24008
27581,14501
27582,4899
27583,1100834
27584,1091388
27585,1082554
27586,1073015
27587,1063552
27588,1053953
27589,1044419
27590,1034904
27591,1029571
27592,1020887
27593,1011488
27594,1001836
27595,992224
27596,982600
27597,972947
27598,963349
27599,953805
27600,944235
27601,934962
27602,925426
27603,915811
27604,908109
27605,898568
27606,888975
27607,879330
27608,870848
27609,861319
27610,851743
27611,842305
27612,832747
27613,823200
27614,813640
27615,804091
27616,796334
27617,786994
27618,777417
27619,767839
27620,758261
27621,748764
27622,739046
27623,729564
27624,720641
27625,711185
27626,701712
27627,692162
27628,682503
27629,674733
27630,665119
27631,655579
27632,646028
27633,636585
27634,626906
27635,617431
27636,607796
27637,598296
27638,588734
27639,579296
27640,570348
27641,560860
27642,554271
27643,544798
27644,535149
27645,525597
27646,516011
27647,506444
27648,496836
27649,488733
27650,478873
27651,468915
27652,458973
27653,449115
27654,439525
27655,431856
27656,422994
27657,413407
27658,403765
27659,394201
27660,384593
27661,375034
27662,365343
27663,355647
27664,346008
27665,336685
27666,327058
27667,317576
27668,309852
27669,300321
27670,290971
27671,281506
27672,272662
27673,263108
27674,253614
27675,243910
27676,234343
27677,224754
27678,215092
27679,205482
27680,197623
27681,188249
27682,178589
27683,168990
27684,159409
27685,149862
27686,140306
27687,131472
27688,122605
27689,112984
27690,103314
27691,93731
27692,87061
27693,77158
27694,67268
27695,57348
27696,47750
27697,38328
27698,28793
27699,19421
27700,9948
27701,1063853
27702,1054456
27703,1045110
27704,1037195
27705,1027542
27706,1023154
27707,1013786
27708,1004301
27709,994723
27710,985204
27711,975596
27713,956449
27714,946942
27716,927417
27717,917937
27718,908515
27719,898965
27720,890294
27721,882856
27722,873409
27723,863707
27724,854134
27725,844626
27726,835085
27727,825554
27728,816101
27730,796783
27731,787280
27732,778111
27733,768621
27734,759193
27735,751523
27736,742813
27737,733331
27738,723661
27739,714218
27740,704819
27741,695303
27742,685807
27743,676326
27744,666606
27745,657363
27746,647799
27747,640258
27748,630795
27749,621291
27750,611740
27751,602197
27752,593562
27753,584118
27754,574600
27755,566170
27756,556362
27757,546422
27758,536665
27759,527050
27760,519681
27761,510323
27762,500775
27763,491248
27764,481742
27765,472194
27766,462683
27767,453136
27768,444342
27769,434715
27770,425227
27771,415628
27772,406093
27773,398523
27774,388893
27775,379404
27776,369919
27777,360579
27778,351032
27779,341475
27780,331933
27781,322334
27782,312732
27783,303324
27784,294680
27785,285093
27786,277567
27787,267955
27788,258476
27789,248980
27790,239565
27791,229959
27792,220391
27793,211014
27794,201547
27795,191968
27796,182463
27797,172893
27798,163296
27799,155505
27800,146649
27801,137119
27802,127431
27803,117911
27804,108305
27805,98652
27806,89103
27807,80034
27808,70503
27809,61172
27811,41621
27812,34055
27813,24448
27814,14970
27815,5375
27816,1058808
27817,1049359
27818,1039891
27820,1020403
27821,1010785
27822,1001187
27823,991704
27824,982254
27825,972923
27826,966679
27827,957077
27828,947518
27829,937996
27830,928400
27831,918860
27832,909959
27833,900383
27834,890835
27835,881157
27836,871635
27837,862040
27838,852418
27839,845859
27840,836181
27841,826788
27842,817472
27843,807890
27844,798288
27845,788793
27846,779293
27847,769903
27848,761071
27849,751632
27850,742131
27851,732657
27852,724899
27853,715333
27854,705908
27855,696323
27856,686735
27857,677423
27858,667711
27859,659093
27860,649203
27861,639264
27862,629603
27863,620057
27864,611191
27865,603506
27866,594000
27867,584362
27868,574848
27869,565400
27870,555914
27871,546262
27872,536714
27873,527330
27874,517806
27875,508250
27876,498732
27877,490983
27878,481399
27879,471760
27880,462875
27881,453303
27882,443700
27883,434069
27885,414426
27886,404839
27887,395203
27888,385582
27889,376255
27890,366677
27891,358861
27892,349388
27893,339804
27894,330139
27895,320650
27896,311778
27897,302173
27898,292736
27899,283148
27900,273493
27901,263864
27902,254242
27903,244580
27904,236906
27905,227751
27906,218064
27907,208564
27908,198991
27909,189456
27910,179875
27911,170287
27912,161363
27913,151870
27914,142278
27915,132642
27916,123039
27917,115372
27918,105765
27919,96089
27920,86593
27921,77403
27922,67789
27923,58254
27924,48627
27925,39045
27926,29444
27927,19847
27928,10940
27929,1171297
27930,1184264
27931,1176942
27932,1169668
27933,1161672
27934,1154467
27935,1147197
27936,1138980
27937,1133929
27938,1126289
27939,1118205
27940,1110339
27941,1102734
27942,1097298
27943,1087997
27944,1079489
27945,1069795
27946,1060212
27947,1050639
27948,1041079
27949,1031461
27950,1021993
27951,1012284
27952,1002724
27953,993333
27954,983604
27955,975983
27956,966496
27957,956777
27958,947284
27959,937748
27960,929273
27961,919608
27962,911558
27963,901682
27964,891741
27965,881839
27966,871936
27967,862314
27968,854514
27969,845037
27970,835446
27971,825900
27972,816334
27973,807008
27974,797390
27975,787906
27976,779061
27977,769614
27978,759929
27979,750398
27980,740871
27981,732992
27982,723542
27983,714098
27984,704423
27985,695059
27986,685504
27987,675919
27988,666508
27989,656880
27990,647397
27991,637803
27992,628793
27993,619263
27994,611532
27995,601856
27996,592219
27997,582689
27998,573218
27999,563574
28000,554102
28001,544751
28002,535119
28003,525406
28004,516050
28005,506612
28006,498800
28007,489157
28008,480348
28009,470829
28010,461318
28011,451775
28012,442155
28013,432642
28014,422960
28015,413274
28016,404048
28017,394592
28018,385036
28019,377251
28020,367801
28021,358234
28022,348640
28023,339036
28024,330217
28025,320719
28026,311297
28027,301622
28028,292128
28029,282435
28030,272855
28031,263309
28032,256775
28033,247658
28034,238298
28035,228723
28036,219105
28037,209453
28038,199851
28039,190209
28040,181414
28041,171798
28043,152198
28044,142564
28045,132973
28046,125528
28047,115888
28048,106240
28049,96864
28050,87246
28051,77715
28052,68089
28053,58529
28054,48897
28055,39301
28056,30302
28057,20993
28058,11500
28059,3732
28060,1141232
28061,1134418
28062,1126489
28064,1108832
28065,1103508
28066,1095542
28067,1087922
28068,1079817
28069,1071774
28070,1064151
28071,1056038
28072,1071383
28073,1063739
28074,1056060
28075,1048063
28076,1040400
28077,1032236
28078,1024332
28079,1016724
28080,1008581
28081,1001563
28082,993788
28083,985612
28084,977759
28085,971862
28086,962420
28087,953190
28088,944523
28089,935061
28090,925483
28091,915915
28092,906273
28093,896779
28094,887273
28095,877580
28096,867988
28097,858679
28098,851137
28099,841600
28100,832032
28102,812336
28103,802737
28104,793826
28105,784541
28106,775137
28107,765505
28108,756079
28109,746572
28110,737034
28111,727546
28112,719833
28113,710568
28114,701136
28115,691514
28116,681994
28117,672477
28118,662979
28119,653445
28120,644619
28121,635179
28122,625493
28123,615962
28124,606515
28125,598688
28126,589082
28127,579618
28128,569923
28129,560661
28130,551186
28131,541513
28132,532049
28133,522549
28134,512857
28135,503291
28136,494414
28137,486688
28138,477180
28139,467642
28140,458049
28141,448544
28142,439000
28143,429354
28144,419723
28145,410369
28146,400811
28147,391205
28149,371590
28150,362099
28151,354215
28152,345300
28153,335708
28154,326159
28155,316576
28156,307085
28157,297449
28158,287810
28159,278130
28160,268521
28161,259088
28162,249482
28163,239893
28164,232056
28165,222521
28166,212915
28167,203982
28168,195230
28169,185614
28170,176053
28171,167619
28172,157786
28173,147834
28174,137898
28175,127998
28176,118262
28177,110863
28178,101345
28179,91747
28180,82136
28181,72613
28182,63058
28183,53401
28184,44430
28185,34840
28186,25185
28187,15842
28188,6233
28189,1056196
28190,1052207
28191,1042637
28192,1033125
28193,1024296
28194,1014736
28195,1005194
28196,995641
28197,986046
28198,976477
28199,966917
28200,958301
28201,948720
28202,941356
28203,931715
28204,922165
28205,912727
28206,902997
28207,893490
28208,883902
28209,874531
28210,864943
28211,855430
28212,845799
28213,836116
28214,826623
28215,818847
28216,810201
28217,800715
28218,791234
28219,781745
28220,772248
28221,762760
28222,753209
28223,743760
28224,734268
28225,724907
28226,715419
28227,705963
28228,699464
28229,689919
28230,680323
28231,670715
28232,662143
28233,652669
28234,643129
28235,633591
28236,624006
28237,614530
28238,605042
28239,595434
28240,586026
28241,578659
28242,569103
28243,559594
28244,550112
28245,540772
28246,531347
28247,521769
28248,513010
28249,503491
28250,494013
28251,484475
28252,474862
28253,465363
28254,457756
28255,448167
28256,438604
28257,429222
28258,419741
28259,410151
28260,400588
28261,390994
28262,381465
28263,371808
28264,362994
28265,353549
28266,345708
28267,336264
28268,326667
28269,317077
28270,307483
28271,297960
28272,288359
28273,279000
28274,270339
28275,260394
28276,250454
28277,241043
28278,231374
28279,223787
28280,215109
28281,205633
28282,196074
28283,186555
28284,177059
28285,167381
28286,157908
28287,148214
28288,138661
28289,129366
28290,119712
28291,110134
28292,102645
28293,93558
28294,83929
28295,74355
28296,65515
28297,55992
28298,46462
28299,36827
28300,27268
28301,17790
28302,8299
28303,1057841
28304,1048506
28305,1044554
28306,1035174
28307,1025672
28308,1016083
28309,1006500
28310,997064
28311,987422
28313,968821
28314,959193
28315,949528
28316,939947
28317,930298
28318,920660
28319,913049
28320,903477
28321,894108
28322,884540
28323,874943
28324,865278
28325,855757
28326,846283
28327,836786
28328,827902
28329,818225
28330,808717
28331,801248
28332,794660
28333,784775
28334,774957
28335,765116
28336,755214
28337,745333
28338,735427
28339,725556
28340,715647
28341,705780
28342,696154
28343,686676
28344,679675
28345,670009
28346,660469
28347,651149
28348,641551
28349,632144
28350,622836
28351,613163
28352,603688
28353,594298
28354,584664
28355,575083
28356,565492
28357,557684
28358,548096
28359,538582
28360,529591
28361,520063
28362,510435
28363,500772
28364,491242
28365,481654
28366,472098
28367,462543
28368,452945
28369,443584
28370,435916
28371,426325
28372,416649
28373,407080
28374,397414
28375,387750
28376,378992
28377,370717
28378,360773
28379,350882
28380,340939
28381,330995
28382,321473
28383,313782
28384,304204
28385,294858
28386,285180
28387,275604
28388,265949
28390,246399
28391,236861
28392,228046
28393,218411
28394,208923
28395,199298
28396,191597
28397,182136
28398,172425
28399,162849
28400,153293
28401,143869
28402,134317
28403,124741
28404,115126
28405,105510
28406,95956
28407,86342
28408,77835
28409,70456
28410,60895
28411,51318
28412,41749
28413,32121
28414,22496
28415,13049
28416,3477
28417,1060994
28418,1051709
28419,1042193
28420,1032830
28421,1023237
28422,1019520
28423,1009945
28424,1001297
28425,991738
28426,982059
28427,972541
28428,962887
28429,953321
28430,943837
28431,934187
28432,924618
28433,915204
28434,905632
28435,897986
28436,888431
28437,878836
28438,869369
28439,859701
28440,850809
28441,841399
28442,831852
28443,822284
28444,812839
28445,803257
28446,793716
28447,784288
28448,776506
28449,767101
28450,757563
28451,748023
28452,738490
28453,728883
28454,719369
28455,709721
28456,700835
28457,691286
28458,681647
28459,672190
28460,664557
28461,655116
28462,645495
28463,636053
28464,626439
28465,617129
28466,607595
28467,597992
28468,588334
28469,578787
28470,569454
28471,560014
28472,551162
28473,543283
28474,533681
28475,524041
28476,514456
28477,504871
28478,495255
28479,485703
28480,476044
28481,467545
28482,457597
28483,447660
28485,427853
28486,418214
28487,410460
28488,410710
28489,401308
28490,391791
28491,382151
28492,372643
28493,363058
28494,353484
28495,343996
28496,334408
28497,324986
28498,315588
28499,306018
28500,298329
28501,288766
28502,279321
28503,269626
28504,261011
28505,251460
28506,242008
28507,232508
28508,222933
28509,213413
28510,203897
28511,194246
28512,184744
28513,177169
28514,167665
28515,157984
28517,138488
28518,128853
28519,119363
28520,110537
28521,101004
28522,92209
28523,82849
28524,73368
28525,63771
28526,56176
28527,46720
28528,37161
28529,27930
28530,18456
28531,9061
28532,1174910
28533,1167772
28534,1159970
28535,1152391
28536,1150986
28537,1143268
28538,1135520
28539,1136971
28540,1127550
28541,1117982
28542,1108541
28543,1099026
28544,1089432
28545,1080151
28546,1070528
28547,1060942
28548,1051280
28549,1041660
28550,1032151
28551,1022524
28552,1015753
28553,1006261
28554,996519
28555,986888
28556,977348
28557,967789
28558,958173
28559,948760
28560,939266
28561,929964
28562,920752
28563,911267
28564,901785
28565,894412
28566,884855
28567,875339
28568,866473
28569,856921
28570,847460
28571,837920
28572,828447
28573,818802
28575,799316
28576,789834
28577,780457
28578,770886
28579,763090
28580,753621
28581,743945
28582,734365
28583,724737
28584,715815
28585,706279
28586,697675
28587,687737
28588,677805
28589,668086
28590,658429
28591,650654
28592,641169
28593,631802
28594,622182
28595,612578
28597,592899
28598,583275
28599,573604
28600,564815
28601,555332
28602,545670
28603,536068
28604,526553
28605,518641
28606,509054
28607,499481
28608,489897
28609,480436
28610,470847
28611,461427
28612,451911
28613,442369
28614,432724
28615,423147
28616,414278
28617,404653
28618,398183
28619,388783
28620,379350
28621,369835
28622,360455
28623,350746
28624,341181
28625,331890
28626,322352
28627,312747
28628,303113
28629,293510
28630,283989
28631,276364
28632,267503
28633,257892
28634,248314
28635,238733
28636,229172
28637,220116
28638,210413
28639,200959
28640,191495
28641,182080
28642,172540
28643,162962
28644,155207
28645,145548
28646,136010
28647,126427
28648,117537
28649,107977
28650,98369
28651,88751
28652,79107
28653,69426
28654,59804
28655,50200
28656,42254
28657,32992
28658,23571
28659,13918
28660,4428
28661,1011745
28662,1002449
28663,993085
28664,984981
28665,975381
28666,965817
28667,956342
28668,946728
28669,942340
28670,932800
28671,923189
28672,913611
28673,904341
28674,894662
28675,885073
28676,875617
28677,865912
28678,856282
28679,846810
28680,837953
28681,828432
28682,821053
28683,811387
28684,801825
28685,792278
28686,782774
28687,773414
28688,763820
28689,755926
28690,746037
28691,736094
28692,726146
28693,716584
28694,707044
28695,699309
28696,690507
28697,680984
28698,671481
28699,662019
28700,652420
28701,642879
28702,633337
28703,623901
28704,614694
28705,605370
28706,595799
28707,586214
28708,578525
28709,568988
28710,559520
28711,550066
28712,541227
28713,531729
28714,522426
28715,512918
28716,503365
28717,493918
28718,484391
28719,474851
28720,467054
28721,457686
28722,448086
28723,438520
28724,429023
28725,419417
28726,409870
28727,400321
28728,391324
28729,381786
28730,372167
28731,362582
28732,352966
28733,345301
28734,335659
28735,326069
28736,316519
28737,307104
28738,297481
28739,288105
28740,278558
28741,269004
28742,259527
28743,249871
28744,241045
28745,231535
28746,223786
28747,214254
28748,204753
28749,195121
28750,185550
28751,176036
28752,166355
28753,157022
28754,147447
28755,137782
28756,128182
28757,118670
28758,109021
28759,101249
28760,92406
28761,83293
28762,73765
28763,64239
28764,54754
28765,45184
28766,35694
28767,26110
28768,16523
28769,7242
28770,1052923
28771,1043480
28772,1039134
28773,1029545
28774,1020106
28775,1010543
28776,1002204
28777,992654
28778,983081
28779,973445
28780,963827
28781,954274
28782,944638
28783,935016
28784,927305
28785,917983
28786,908428
28787,898905
28788,889347
28789,879785
28790,870150
28791,860479
28792,851802
28793,842174
28794,832547
28795,823049
28796,813557
28797,805978
28798,796406
28799,786853
28800,777365
28802,757954
28803,748366
28804,738738
28805,729140
28806,719563
28807,710010
28808,701178
28809,691639
28810,682025
28811,675518
28812,665847
28813,656261
28814,646850
28815,637224
28816,627579
28817,618212
28818,608596
28819,598950
28820,589413
28821,579717
28822,570097
28823,560778
28824,553896
28825,544308
28826,534815
28827,525117
28828,515483
28829,505967
28830,496310
28831,486678
28832,477114
28833,467748
28834,458221
28835,448580
28836,438912
28837,431193
28838,421647
28839,411978
28840,403045
28841,393489
28842,383912
28843,374301
28844,364767
28845,355079
28846,345509
28847,335966
28848,326288
28849,318807
28850,309282
28852,289683
28853,280174
28854,270551
28855,260926
28856,252087
28857,242479
28858,232982
28859,223386
28860,213807
28861,204300
28862,194724
28864,177036
28865,167760
28866,158080
28867,148599
28868,138955
28869,129317
28871,109744
28872,100818
28873,91195
28874,81625
28875,72368
28876,62684
28877,53100
28878,45547
28879,35967
28880,26419
28881,17020
28882,7557
28883,1053801
28884,1044309
28885,1034851
28886,1025433
28887,1015829
28888,1007395
28889,997968
28890,988392
28891,983661
28892,974107
28893,964528
28894,955129
28895,945639
28896,935933
28897,926532
28898,917852
28899,907898
28900,897954
28901,888149
28902,878571
28903,868961
28904,862252
28905,852578
28906,843032
28907,833457
28908,823936
28909,814320
28910,804858
28911,795389
28912,785868
28913,776570
28914,767108
28915,757589
28916,749802
28917,740128
28918,730598
28919,721093
28920,712240
28921,702616
28922,693108
28923,683565
28924,674011
28925,664601
28926,655221
28927,645577
28928,636039
28929,628507
28930,619027
28931,609452
28932,599947
28934,580650
28935,571020
28936,562129
28937,552573
28938,542938
28939,533410
28940,523898
28941,514319
28942,504634
28943,496976
28944,487302
28945,477956
28946,468411
28947,458777
28948,449155
28949,439567
28950,430023
28951,420433
28952,411558
28953,401995
28954,392459
28955,382840
28956,375052
28957,365467
28958,355840
28959,346268
28960,336647
28961,327222
28962,317715
28963,308205
28964,298692
28965,289058
28966,279387
28967,269565
28968,260561
28969,252770
28970,243236
28971,233778
28972,224287
28973,217554
28974,207702
28975,197866
28976,187990
28977,178082
28978,168172
28979,158325
28980,148406
28981,139683
28982,130173
28983,120524
28984,111496
28985,102007
28986,92367
28987,82768
28988,73606
28989,63950
28990,54434
28991,44830
28992,35237
28993,25803
28994,18096
28996,1057626
28997,1048290
28998,1038742
28999,1029173
29000,1020992
29001,1011394
29002,1001783
29003,993177
29004,983228
29005,973292
29006,963340
29007,953631
29008,950471
29009,941179
29010,931699
29011,922036
29012,912703
29013,903163
29014,893549
29015,883985
29016,875058
29017,865585
29018,855943
29019,846289
29021,826989
29022,819370
29023,809805
29024,800286
29025,790927
29026,781268
29027,771751
29028,762172
29029,752712
29030,743161
29031,733654
29032,724851
29033,715461
29034,705985
29035,698227
29036,688638
29037,679058
29038,669498
29039,659826
29040,650611
29041,641293
29042,631802
29043,622133
29044,612719
29045,603119
29046,593721
29047,586091
29048,577419
29049,567845
29050,558274
29051,548824
29052,539292
29053,529657
29054,520174
29055,510547
29056,501114
29057,491748
29058,482190
29059,472522
29060,464847
29061,455285
29062,445690
29063,436106
29064,427209
29065,417697
29066,408099
29067,398502
29068,388877
29069,379318
29070,369675
29071,360275
29072,350713
29073,343268
29074,333744
29075,324098
29076,314464
29077,304986
29078,295419
29079,285852
29080,277064
29081,267514
29082,257774
29083,248356
29084,238862
29085,229279
29086,221419
29087,211947
29088,202438
29089,193007
29090,183455
29091,173782
29092,164159
29093,154563
29094,144979
29095,135333
29096,126499
29097,116797
29098,107241
29099,99561
29100,90338
29101,80757
29102,71238
29103,61526
29104,51981
29105,43935
29106,34139
29107,24222
29108,14343
29109,4389
29110,1061123
29111,1056601
29112,1048432
29113,1038852
29114,1029383
29115,1019753
29116,1010269
29117,1000719
29118,991081
29119,981385
29120,971949
29121,962524
29122,952979
29123,943385
29124,935977
29125,926364
29126,916904
29127,907221
29128,898295
29129,888782
29130,879060
29131,869436
29132,859851
29133,850313
29134,840653
29135,831182
29136,821516
29137,814495
29138,805015
29139,795419
29140,785872
29141,776395
29142,766816
29143,757334
29144,748560
29145,738988
29146,729338
29147,719746
29148,710043
29149,700535
29150,692991
29151,683442
29152,673804
29153,664587
29154,654922
29155,645307
29156,635761
29157,626111
29158,616524
29159,606942
29160,598005
29161,588423
29162,578807
29163,571029
29164,561383
29165,551826
29166,542154
29167,532598
29168,523121
29169,513658
29170,504065
29171,494513
29172,484876
29173,475264
29174,465748
29175,457873
29176,449028
29177,439358
29179,419728
29180,410085
29181,400445
29182,390875
29183,381254
29184,371599
29185,362222
29186,352647
29187,342950
29188,333406
29189,325703
29190,316070
29191,306517
29192,297523
29193,287958
29194,278344
29195,268772
29196,259151
29197,249813
29198,240317
29199,230778
29200,221203
29201,211852
29202,205241
29203,195679
29204,186148
29205,176552
29206,167007
29207,157412
29208,148418
29209,140027
29210,130167
29211,120218
29212,110270
29213,100436
29214,91200
29215,83659
29216,74081
29217,64691
29218,55113
29219,45567
29220,35999
29221,26431
29222,16989
29223,7467
29224,1182143
29225,1176882
29226,1169590
29227,1161525
29228,1159063
29229,1149625
29230,1140116
29231,1130567
29232,1121097
29233,1111749
29234,1102174
29235,1092519
29236,1082974
29237,1073383
29238,1063844
29239,1054271
29240,1047795
29241,1038243
29242,1028623
29243,1019108
29244,1009443
29245,999898
29246,990372
29247,980687
29248,971144
29249,961868
29250,952354
29251,942992
29252,933364
29253,925763
29254,916297
29255,906775
29256,897948
29257,888430
29258,879023
29259,869496
29260,860048
29261,850591
29262,840993
29263,831627
29264,822061
29265,812822
29266,805339
29267,795839
29268,786562
29269,777129
29271,757691
29272,748946
29273,739436
29274,729954
29275,720375
29276,711165
29277,701654
29278,692203
29279,682819
29280,675473
29281,666140
29282,656647
29283,647118
29284,637705
29285,628179
29286,618656
29287,609169
29288,600422
29289,590951
29290,581458
29291,571941
29292,562402
29293,555001
29294,545516
29295,535950
29296,526451
29297,517064
29298,507463
29299,497959
29300,488372
29301,479093
29302,469480
29303,459944
29304,451157
29305,443594
29306,434083
29307,424394
29308,414965
29309,405464
29310,395857
29311,386326
29312,377965
29313,368056
29314,358109
29315,348559
29316,339004
29317,329473
29318,322019
29319,312535
29320,303747
29321,294228
29322,284704
29323,275158
29324,265653
29325,256112
29326,246604
29327,237126
29328,227488
29329,218533
29330,209039
29331,201598
29332,192173
29333,182651
29334,173103
29335,163545
29337,144662
29338,135137
29339,125562
29340,115918
29341,106401
29343,86832
29344,77252
29345,67931
29346,60214
29347,50641
29348,41223
29349,31636
29350,22312
29351,12792
29352,4112
29353,1197375
29354,1191669
29355,1184388
29356,1176868
29357,1169856
29358,1162231
29359,1179443
29360,1172561
29361,1168958
29362,1161916
29363,1155005
29364,1147189
29365,1139904
29366,1132969
29367,1125203
29368,1123302
29369,1115032
29370,1106072
29371,1099328
29372,1089839
29373,1080182
29374,1070547
29375,1061017
29376,1051371
29377,1041984
29378,1032432
29379,1022747
29380,1013139
29381,1003607
29382,994007
29383,984568
29384,977819
29386,958181
29387,948555
29388,938916
29389,929398
29390,919890
29391,910299
29392,900861
29393,891553
29394,881859
29395,872406
29396,862869
29397,853400
29398,847268
29399,837800
29400,828880
29401,819347
29403,799759
29404,790166
29405,780577
29406,771043
29407,761493
29408,751963
29409,742498
29410,733030
29411,723589
29412,715853
29413,706389
29414,696838
29415,687314
29416,678530
29417,669050
29418,659551
29419,650838
29420,640972
29421,631020
29422,621298
29423,611718
29424,602185
29425,594643
29426,585025
29427,575335
29428,565726
29429,556150
29430,546580
29431,537074
29432,528193
29433,518617
29434,508976
29435,499338
29436,489680
29437,481930
29438,472365
29439,462914
29440,453347
29441,444034
29442,434597
29443,425062
29444,415520
29445,405898
29446,396332
29447,386755
29448,377857
29449,368225
29450,360612
29451,350945
29452,341462
29453,331880
29454,322349
29455,312757
29456,303109
29457,293690
29458,284088
29459,274921
29460,265388
29461,255795
29462,246246
29463,238632
29464,229708
29465,220118
29466,210516
29467,200919
29468,191285
29469,181800
29470,172159
29471,162665
29472,153026
29473,143646
29474,134089
29475,124432
29476,116718
29477,107048
29478,97456
29479,87864
29480,79135
29481,69522
29482,59872
29483,50350
29484,40665
29485,31287
29486,21880
29487,12262
29488,2742
29489,1056160
29490,1046626
29491,1037222
29492,1027675
29493,1018004
29494,1008421
29495,998796
29496,989903
29498,970280
29499,960751
29500,951180
29501,941624
29502,933825
29503,924281
29504,914723
29505,905301
29506,895654
29507,886118
29508,876465
29509,866872
29510,857293
29511,847611
29512,838773
29513,829366
29514,819922
29515,812104
29516,802656
29517,793130
29518,783709
29519,774261
29520,764755
29521,755303
29522,747091
29523,737142
29524,727203
29525,717260
29526,707511
29527,697889
29528,690802
29529,681056
29530,671454
29531,661862
29532,652370
29533,642913
29534,633337
29535,623768
29536,614303
29537,605003
29538,595352
29539,585863
29540,576348
29541,568522
29542,558877
29543,549410
29544,540658
29545,531104
29546,521497
29547,511844
29548,502329
29549,492608
29550,483026
29551,473477
29552,463901
29553,454418
29554,446601
29555,437065
29556,427429
29557,417933
29558,408316
29559,398769
29560,389906
29561,380491
29562,370966
29563,361387
29564,351849
29565,342240
29566,334428
29567,324904
29568,315341
29569,306027
29570,296430
29571,286848
29572,277239
29573,267674
29574,258010
29575,248450
29576,239634
29577,229962
29578,220440
29579,212638
29580,203060
29581,193486
29582,183955
29583,174298
29584,164785
29585,155431
29586,145879
29587,136287
29588,126762
29589,117186
29590,107615
29591,97963
29592,91696
29593,82294
29594,72720
29595,63150
29596,53493
29597,43958
29598,34297
29599,24633
29600,15046
29601,5604
29602,1051948
29603,1042515
29604,1033000
29605,1028110
29606,1018718
29607,1009272
29608,1000989
29609,991488
29610,981920
29611,972213
29612,965491
29613,955589
29614,945709
29615,935842
29616,925895
29617,915955
29618,907534
29619,897962
29620,888342
29621,878792
29622,869242
29623,859708
29624,852045
29625,842138
29626,832204
29627,822295
29628,812686
29629,803193
29630,795490
29631,786012
29632,776481
29633,767001
29634,757508
29635,747842
29636,738277
29637,728763
29638,719297
29639,709790
29640,700945
29641,691212
29642,681729
29643,673821
29644,664422
29645,654969
29646,645515
29647,636002
29648,626545
29649,617090
29650,607642
29651,598047
29652,588553
29653,578995
29654,569468
29655,560061
29656,553045
29657,543502
29658,533872
29659,524308
29660,514733
29661,505045
29662,495431
29663,485799
29664,476226
29665,466875
29666,457325
29667,447720
29668,438056
29669,430321
29670,420723
29671,411080
29672,402141
29673,392463
29674,382869
29675,373229
29676,363555
29677,354050
29678,344487
29679,334884
29680,325367
29681,315959
29682,308156
29683,298875
29684,289354
29685,279794
29686,270137
29687,260596
29688,252008
29689,242356
29690,232813
29691,223172
29692,213544
29693,204039
29694,196143
29695,186609
29696,177075
29697,167569
29698,157937
29699,148332
29700,138755
29701,129130
29702,119563
29703,109954
29704,101104
29705,91973
29706,82385
29707,74684
29708,65143
29709,55509
29710,45970
29711,36456
29712,26777
29713,17276
29714,7972
29715,1125701
29716,1116228
29717,1106844
29718,1097209
29719,1087623
29720,1085091
29721,1075481
29722,1066021
29723,1056522
29724,1046954
29725,1037489
29726,1027827
29727,1019584
29728,1009713
29729,999820
29730,989887
29731,980104
29732,970504
29733,962819
29734,953235
29735,943621
29736,934667
29737,925188
29738,915739
29739,906141
29740,896622
29741,887165
29742,877681
29743,868177
29744,858668
29745,849336
29746,841843
29747,832248
29748,822779
29749,813187
29750,803720
29751,794212
29752,785354
29753,775842
29754,766176
29755,756752
29756,747098
29757,737721
29758,730200
29759,720762
29760,711128
29761,701812
29762,692358
29763,682793
29764,673324
29765,663910
29766,654246
29767,644649
29768,635921
29769,626455
29770,616991
29771,609336
29772,599728
29773,590226
29774,580684
29775,571161
29776,561537
29777,552117
29778,542437
29779,532861
29780,523255
29781,513710
29782,504062
29783,494497
29784,488753
29785,479196
29786,469574
29787,460041
29788,450453
29789,440930
29790,431327
29791,421816
29792,412270
29793,402874
29794,393375
29795,384029
29796,374374
29797,368172
29798,358342
29799,348477
29800,338964
29801,329564
29802,320078
29803,310511
29804,300909
29805,291409
29806,281874
29807,272287
29808,262796
29809,253434
29810,245791
29811,236236
29812,226579
29813,217077
29814,207490
29815,197962
29816,189222
29817,179669
29818,170626
29819,161113
29820,151578
29821,141992
29822,134423
29823,124891
29824,115353
29825,105881
29826,96370
29827,86698
29828,77249
29829,67696
29830,58960
29832,39285
29833,29724
29834,20482
29835,10937
29836,1058673
29837,1049177
29838,1039576
29839,1030162
29840,1020603
29841,1011444
29842,1001834
29843,992281
29844,982636
29845,973119
29846,963560
29847,953974
29848,945127
29849,937465
29850,927834
29851,918237
29852,908694
29853,899142
29854,889505
29855,879932
29856,870397
29857,861075
29858,851609
29859,842079
29860,832552
29861,823101
29862,815395
29863,805839
29864,797160
29865,787639
29866,778234
29867,768580
29868,759004
29869,749627
29870,739998
29871,730418
29872,720846
29873,711563
29874,702064
29875,694390
29876,684757
29877,675052
29878,665400
29879,655911
29880,647261
29881,637686
29882,628134
29883,618532
29884,609095
29885,599483
29886,589867
29887,582064
29888,572574
29889,563082
29890,553705
29891,544197
29892,534457
29893,524972
29894,515365
29895,505707
29896,496890
29897,487382
29899,467716
29900,458203
29901,450256
29902,440701
29903,431119
29904,421499
29905,412103
29906,402552
29907,392960
29908,383315
29909,373734
29910,364073
29911,354427
29912,345537
29913,335898
29914,327958
29915,318475
29916,308808
29917,299207
29918,289530
29919,280042
29920,270383
29921,261015
29922,251290
29923,241697
29924,232221
29925,222569
29926,213028
29927,205266
29928,196415
29929,186899
29930,177322
29931,167731
29932,158153
29933,148482
29934,139858
29935,129921
29936,120013
29937,110154
29938,100531
29939,90936
29940,83120
29941,73801
29942,64226
29943,54570
29944,45817
29945,36250
29946,26591
29947,17099
29948,7612
29949,1209380
29950,1202001
29951,1194687
29952,1204837
29953,1200010
29954,1191628
29955,1182598
29957,1163417
29958,1153926
29959,1144499
29960,1135784
29961,1126238
29962,1116546
29963,1106986
29964,1097384
29965,1087780
29966,1080567
29967,1070931
29968,1061366
29969,1051886
29970,1042253
29971,1032586
29972,1023128
29973,1013486
29974,1003898
29975,994468
29976,985561
29977,976039
29978,966556
29979,960207
29980,950573
29981,941047
29982,931495
29983,921843
29984,912320
29985,902806
29986,893347
29987,883805
29988,874299
29989,864763
29990,855310
29991,845809
29992,838786
29993,829380
29994,819865
29995,810460
29996,800867
29997,791324
29998,781675
29999,772187
30000,762654
30001,753312
30002,744015
30003,734559
30004,725047
30005,717399
30006,707787
30007,698169
30008,689397
30009,679944
30010,670502
30011,660995
30012,651383
30013,641747
30014,632175
30015,622485
30016,612905
30017,605338
30018,595789
30019,586181
30020,576626
30021,566917
30022,557341
30023,547703
30024,538752
30025,529067
30026,519617
30027,510216
30028,500603
30029,491072
30030,483174
30031,473582
30032,463964
30033,454531
30034,445050
30035,435452
30036,425999
30037,416522
30038,408071
30039,398131
30040,388564
30041,378962
30042,369419
30043,361859
30044,352428
30045,342883
30046,333306
30048,313652
30049,304239
30050,294732
30051,285061
30052,275499
30053,265896
30054,256263
30055,247122
30056,238268
30057,230575
30058,221084
30059,211573
30060,201998
30061,192446
30062,182854
30063,173197
30064,163589
30065,154221
30066,144621
30067,135058
30068,125474
30070,105820
30072,88814
30073,79251
30074,69719
30075,60056
30076,50404
30077,40935
30078,31431
30079,21926
30080,12431
30081,3039
30082,1052740
30083,1043391
30084,1039025
30085,1029575
30086,1020072
30087,1010470
30088,1002247
30089,992784
30090,983184
30091,973603
30092,964063
30093,954388
30094,944745
30095,935168
30096,925591
30097,918159
30098,908605
30099,899013
30100,889371
30101,879910
30102,870229
30103,860689
30104,851818
30105,842132
30106,832675
30107,823163
30108,813473
30109,803872
30110,796227
30111,786585
30112,777118
30113,767764
30115,748252
30116,738826
30117,729250
30118,719638
30119,710159
30120,701264
30121,691847
30122,682160
30123,672665
30124,664824
30125,655365
30126,645913
30127,636375
30128,626868
30129,617480
30130,607881
30131,598355
30132,588801
30133,579355
30134,569845
30135,560263
30136,551422
30137,543706
30138,534159
30139,524508
30140,514904
30141,505190
30142,495625
30143,487319
30144,477383
30145,467443
30146,457506
30147,447840
30148,438261
30149,430446
30150,420936
30151,411307
30152,402397
30153,392798
30154,383208
30155,373697
30156,364080
30157,354429
30158,344902
30159,335186
30160,325675
30161,316393
30163,298593
30164,289118
30165,279447
30166,269867
30167,260337
30168,251436
30169,241928
30170,232468
30171,222847
30172,213218
30173,203716
30174,194014
30175,184486
30176,177899
30177,168446
30178,158855
30179,149314
30180,139651
30181,130102
30182,120503
30183,110949
30184,102135
30185,92604
30186,83453
30187,73993
30188,64437
30189,56896
30190,47296
30191,37736
30192,28028
30193,18666
30194,9172
30195,1058954
30196,1049514
30197,1040141
30198,1030588
30199,1021060
30200,1012935
30201,1003335
30202,998749
30203,989332
30204,979956
30205,970296
30206,960786
30207,951162
30208,941633
30209,932277
30210,922683
30211,913103
30212,903539
30213,893898
30214,886356
30215,876728
30216,868014
30217,858405
30218,848814
30219,839271
30220,829862
30221,820444
30222,810840
30223,801306
30224,791829
30225,782496
30226,772978
30227,765388
30228,755786
30229,746164
30230,736726
30232,717991
30233,708508
30234,699011
30235,689349
30236,679861
30237,670178
30238,660743
30239,651515
30240,641961
30241,634525
30242,624993
30243,615429
30244,605871
30245,596369
30246,587082
30247,577477
30248,569903
30249,559954
30250,553474
30252,533534
30253,523646
30254,513777
30255,503829
30257,483925
30258,474099
30259,464469
30260,454901
30261,445317
30262,435803
30263,426306
30264,417350
30265,407801
30266,398276
30267,388724
30268,379179
30269,371527
30270,361971
30272,342452
30273,333059
30274,323540
30275,313959
30276,304470
30277,294823
30278,285270
30279,275589
30280,266816
30281,257193
30282,249536
30283,239994
30284,230477
30285,221002
30286,211544
30287,202039
30288,192497
30289,183127
30290,173549
30291,163991
30292,154377
30293,144883
30294,135318
30295,127545
30296,118863
30297,109282
30298,99718
30299,90127
30300,81267
30301,71689
30302,62176
30303,52558
30304,43058
30305,33697
30306,24172
30307,14812
30308,7194
30309,1056740
30310,1047425
30311,1037938
30312,1029718
30313,1020189
30314,1010608
30315,1001076
30316,991467
30317,981962
30318,972242
30319,962660
30320,953082
30321,948879
30322,939373
30323,929733
30324,920124
30325,910586
30326,901031
30327,891408
30328,882605
30329,872977
30330,863430
30331,853813
30332,844145
30333,834501
30334,826892
30335,817256
30336,807636
30337,798322
30338,788750
30339,779192
30340,769653
30341,760200
30342,750679
30343,741272
30344,732479
30345,722931
30346,715278
30347,705732
30348,696050
30349,686622
30350,677063
30351,667650
30352,658212
30353,650504
30354,640558
30355,630629
30356,620675
30357,610763
30358,601187
30359,593351
30360,584490
30361,574862
30362,565383
30363,555867
30364,546372
30365,536811
30366,527278
30367,517992
30368,508439
30369,499027
30370,489491
30371,479950
30372,473325
30373,463815
30374,454179
30375,444567
30376,435763
30377,426160
30378,416511
30379,406978
30380,397410
30381,387853
30382,378279
30383,368634
30384,358986
30385,351321
30386,341689
30387,332107
30388,322536
30389,312903
30390,303215
30391,293658
30392,284765
30393,275132
30394,265561
30395,256295
30396,246638
30397,237172
30398,229422
30399,219796
30400,210220
30401,200910
30402,191235
30403,181597
30404,172088
30405,162380
30406,152825
30407,143255
30408,134396
30409,124849
30410,116959
30411,107382
30412,98299
30413,88715
30414,79074
30415,69411
30416,59815
30417,50408
30418,40809
30419,31362
30420,21701
30421,12290
30422,2793
30423,1111285
30424,1103343
30425,1093836
30426,1084389
30427,1074811
30428,1065267
30429,1055737
30430,1046112
30431,1036520
30432,1026955
30433,1017568
30434,1008013
30435,998327
30436,992187
30437,982780
30438,973373
30439,963886
30440,955153
30441,945464
30442,935862
30443,926326
30444,916666
30445,907191
30446,897675
30447,888151
30448,878558
30449,871310
30450,861654
30451,852194
30452,842540
30453,833030
30454,823440
30455,813924
30456,805852
30457,795924
30458,786023
30459,776476
30460,766896
30461,757314
30462,749544
30463,740041
30464,730407
30465,721082
30466,711715
30467,702241
30468,692685
30469,683057
30470,673555
30471,663920
30472,655222
30473,645749
30474,638023
30475,628510
30476,619039
30477,609382
30478,599829
30479,590291
30480,580756
30481,571389
30482,561877
30483,552363
30484,542809
30485,533248
30486,523626
30487,515870
30488,507102
30489,497489
30490,487816
30491,478220
30492,468572
30493,459036
30494,449512
30495,439852
30496,430243
30497,420935
30498,411521
30499,402036
30500,394308
30501,384683
30502,375174
30503,365686
30504,356851
30505,347232
30506,337678
30507,328076
30508,318603
30509,309125
30510,299584
30511,299848
30512,290450
30513,283125
30514,273625
30515,264056
30516,254536
30517,245032
30518,235512
30519,226009
30520,217174
30521,207630
30522,198101
30523,188554
30524,179120
30525,169644
30527,152623
30528,143104
30529,133835
30530,124265
30531,114630
30532,105059
30533,95681
30534,86054
30535,76531
30536,67787
30537,58335
30538,48838
30539,41242
30540,31877
30541,22457
30542,13007
30543,3583
30544,1240122
30545,1238488
30546,1231830
30547,1224260
30548,1217352
30549,1209652
30550,1202637
30551,1195635
30552,1203925
30553,1194352
30554,1184884
30555,1175451
30556,1165944
30557,1156404
30558,1146767
30559,1137190
30560,1129872
30561,1119930
30562,1110000
30563,1100055
30564,1090117
30565,1083300
30566,1073801
30567,1064129
30568,1055303
30569,1045691
30570,1036151
30571,1026609
30572,1017349
30573,1007806
30575,988410
30576,978985
30577,969693
30578,960183
30579,952479
30580,942996
30582,923298
30583,913700
30584,905044
30585,895518
30586,885870
30587,876377
30588,866936
30589,857733
30590,848218
30591,838689
30592,829166
30593,821816
30594,812268
30595,802846
30596,793314
30597,783794
30598,774324
30599,764826
30600,755946
30601,746574
30602,737090
30603,727584
30604,718094
30605,710442
30606,701061
30607,691504
30608,682029
30609,672681
30610,663155
30611,653477
30612,643953
30613,634398
30614,624868
30615,615274
30616,606500
30617,596928
30618,589267
30619,579696
30620,570128
30621,560599
30622,550995
30623,541284
30624,531745
30625,522405
30626,512845
30627,503243
30628,493701
30629,484055
30630,474432
30631,466791
30632,458088
30633,448663
30634,438986
30635,429428
30636,419879
30637,410250
30638,400722
30639,391117
30640,381449
30641,372152
30642,362478
30643,352932
30644,345283
30645,335615
30646,325990
30647,316401
30648,307631
30649,298577
30650,288987
30651,279483
30652,269882
30653,260390
30654,250809
30655,241302
30656,231729
30657,224399
30658,214773
30659,205329
30660,195818
30661,184801
30662,176779
30663,167211
30664,158633
30665,148962
30666,139493
30667,129958
30668,120299
30669,112588
30670,103037
30671,93501
30672,83871
30673,74448
30674,64930
30675,55364
30676,45801
30677,36313
30678,26919
30679,17317
30680,8602
30681,1056008
30682,1051639
30683,1042164
30684,1032654
30685,1023196
30686,1013641
30687,1003963
30688,994399
30689,985519
30690,975877
30691,966316
30692,956699
30693,947136
30694,937562
30696,920872
30697,911302
30698,901670
30699,892060
30701,872417
30702,862865
30703,853277
30704,843764
30705,834275
30706,824615
30707,815280
30708,805700
30709,796323
30710,788857
30711,779176
30712,770336
30713,760804
30714,751301
30715,741737
30716,732181
30717,722576
30718,713113
30719,703672
30720,694150
30721,684837
30722,675289
30723,667395
30724,657838
30725,648289
30726,638808
30727,629572
30728,620946
30729,611451
30730,602112
30731,592713
30732,583233
30733,573584
30734,564117
30735,556269
30736,546638
30737,537279
30738,527764
30739,518205
30740,508690
30741,499036
30742,489503
30743,479978
30744,471056
30745,461423
30746,451824
30747,442247
30748,434409
30749,424828
30750,415285
30751,405591
30752,396061
30753,386642
30754,377122
30755,367803
30756,358104
30757,348591
30758,339094
30759,329450
30760,320554
30761,313928
30762,304237
30763,294642
30764,285085
30765,275531
30766,265911
30767,256361
30768,248217
30769,238321
30770,228430
30771,218473
30772,208821
30773,199144
30774,191373
30775,181867
30776,172984
30777,163393
30778,153827
30779,144314
30780,134858
30781,125209
30782,115624
30783,105905
30784,96287
30785,86879
30786,77626
30787,70028
30788,60438
30789,50932
30790,41387
30791,31709
30792,22768
30793,13397
30794,3860
30795,1055863
30796,1046473
30797,1037025
30798,1027369
30799,1021033
30800,1011564
30801,1002295
30803,982764
30804,973307
30805,963757
30806,954098
30807,944517
30808,935613
30809,926141
30810,916522
30811,906942
30812,897409
30813,889843
30814,880352
30815,870824
30816,861269
30817,851925
30818,842370
30819,832663
30820,823163
30821,813653
30822,804038
30823,794469
30824,785773
30825,776173
30826,768348
30827,758765
30828,749092
30829,739525
30830,730115
30831,720668
30832,711141
30833,701853
30834,692196
30835,682729
30836,673138
30837,663486
30838,653868
30839,646260
30840,637356
30841,627842
30842,618304
30843,608731
30844,599135
30845,589636
30846,580080
30847,570568
30848,561014
30849,551550
30850,542070
30851,532512
30852,524714
30853,515086
30854,505639
30855,496055
30856,487208
30857,477691
30858,468067
30859,458493
30860,448907
30861,439266
30862,429565
30863,419962
30864,412017
30865,402690
30866,393100
30867,383472
30868,373933
30869,364278
30870,354632
30871,345111
30872,336806
30873,326857
30874,316928
30875,307380
30876,297741
30877,290183
30878,280589
30879,270945
30880,261360
30881,251890
30882,242285
30883,232820
30884,223330
30885,213674
30886,204102
30887,194546
30888,185712
30889,179846
30890,169993
30891,160088
30892,150205
30893,140312
30894,130441
30895,120557
30896,110637
30897,101291
30898,91653
30899,82105
30900,72779
30901,63186
30902,53587
30903,45816
30904,36987
30905,27393
30906,17774
30907,8308
30908,1064718
30909,1055217
30910,1045848
30911,1036245
30912,1026656
30913,1017672
30914,1008138
30915,998419
30916,993575
30917,984112
30918,974449
30919,964875
30920,956232
30921,946689
30922,937010
30923,927545
30924,917910
30925,908322
30926,898845
30927,889225
30928,881658
30929,872313
30930,862737
30931,853143
30932,843598
30933,834109
30934,824659
30935,815188
30936,806337
30937,796709
30938,787295
30939,777659
30940,768147
30941,760363
30942,750807
30943,741204
30944,731656
30945,722207
30946,712720
30947,703361
30948,693622
30949,684201
30950,674709
30951,665152
30952,656351
30953,646863
30954,640133
30955,630566
30956,620957
30957,611271
30958,601681
30959,592071
30960,582527
30961,573196
30962,563629
30963,554193
30964,544610
30965,535061
30966,525417
30967,517765
30968,508874
30969,499281
30970,489682
30971,480167
30972,470547
30973,460952
30974,452403
30975,442460
30976,432511
30977,422668
30978,413077
30979,403506
30980,395811
30981,386201
30982,376571
30983,366978
30984,358071
30985,348568
30986,338995
30987,329391
30988,319964
30989,310318
30990,300612
30991,290991
30992,283200
30993,273688
30994,264073
30995,254729
30996,245134
30997,235616
30998,226077
30999,216540
31000,207604
31002,187976
31003,178395
31004,168871
31005,159267
31007,141461
31008,131992
31009,122575
31010,112992
31011,103307
31012,93782
31013,84282
31014,75137
31015,65504
31016,56614
31017,47056
31018,37446
31019,27944
31020,20210
31021,10696
31022,1067702
31023,1058267
31024,1048803
31025,1039960
31026,1030437
31027,1020858
31028,1011299
31029,1001661
31030,992024
31031,982526
31032,973727
31033,969167
31034,959691
31035,950194
31036,940572
31037,930989
31038,921400
31039,911764
31040,902271
31041,892842
31042,883182
31043,873633
31044,863938
31045,854424
31046,846810
31047,837158
31048,828404
31049,818841
31050,809298
31051,799861
31052,790432
31053,780859
31054,771393
31055,761967
31056,752326
31057,743003
31058,735219
31059,725548
31060,715947
31061,706434
31062,696920
31063,687432
31064,678695
31065,669466
31066,659916
31067,650416
31068,640930
31069,631409
31070,621819
31071,613928
31072,604463
31073,595182
31074,585480
31075,575862
31076,566456
31077,556881
31078,547400
31079,538669
31080,528947
31081,519307
31082,509722
31083,500140
31084,492467
31085,482935
31086,473372
31087,463790
31088,454180
31089,444726
31090,435138
31091,425522
31092,415859
31093,406210
31094,396729
31095,387056
31096,378082
31097,370515
31098,360842
31099,351246
31100,341664
31101,332082
31102,322552
31103,312996
31104,303607
31105,294295
31106,284698
31107,275144
31108,265678
31109,256169
31110,248404
31111,238844
31112,229998
31113,220300
31114,210810
31115,201346
31116,191724
31117,182184
31118,172622
31119,163041
31120,153458
31121,144076
31122,136139
31123,126620
31124,117026
31125,107490
31126,98372
31127,88867
31128,80145
31129,70537
31130,60992
31131,51368
31132,41810
31133,32155
31134,22455
31135,14927
31136,5529
31137,1221830
31138,1215370
31139,1208898
31140,1201642
31141,1194085
31142,1188462
31143,1184444
31144,1175989
31145,1166499
31146,1156905
31147,1147287
31148,1144072
31149,1134454
31150,1124901
31151,1115321
31152,1105703
31153,1096370
31154,1086858
31155,1077238
31156,1067757
31157,1058214
31158,1048585
31159,1038920
31160,1030171
31161,1023243
31162,1013793
31163,1004360
31164,994678
31165,985162
31166,975674
31167,966139
31168,956457
31169,947152
31170,937645
31171,928000
31172,918578
31173,909033
31174,901276
31175,891743
31176,882958
31177,873358
31178,863891
31179,854392
31180,845057
31181,836620
31182,826675
31183,816749
31184,806923
31185,797638
31186,789921
31187,780404
31188,770856
31189,761332
31190,751849
31191,742253
31192,733443
31193,723838
31194,714260
31195,704666
31196,695160
31197,685507
31198,675903
31199,668210
31200,658733
31201,649382
31202,639802
31203,630140
31204,620609
31205,610988
31206,601269
31207,591770
31208,582938
31209,573386
31210,563831
31211,554190
31213,536358
31214,526907
31215,517405
31216,507905
31217,498577
31218,489023
31219,479409
31220,469822
31221,460181
31222,450523
31223,441059
31224,432260
31225,422834
31226,415278
31227,405659
31228,396105
31229,386613
31230,377037
31231,367594
31232,358048
31233,348722
31234,339111
31235,329623
31236,320021
31237,310430
31238,300795
31239,293082
31240,284356
31241,275247
31242,265671
31243,256161
31244,246670
31245,237174
31246,227646
31247,218058
31248,208467
31250,189220
31251,179687
31252,172202
31253,162704
31254,153084
31255,143465
31256,134615
31257,124881
31258,115443
31259,105838
31260,96206
31261,86586
31262,77071
31263,67465
31264,57960
31265,50470
31266,40896
31267,31392
31268,22136
31269,12559
31270,3008
31271,1053678
31272,1053617
31273,1046149
31274,1038571
31275,1030575
31276,1022654
31277,1014908
31278,1027198
31279,1019664
31280,1012160
31281,1005262
31282,997221
31283,988543
31284,979314
31285,971180
31286,961319
31287,951420
31288,942816
31289,933194
31290,923601
31291,916199
31292,906647
31293,896982
31294,887430
31295,877792
31296,868205
31297,858770
31298,849252
31299,839667
31300,830204
31301,820763
31302,811079
31303,801588
31304,794577
31305,785049
31306,775408
31307,765898
31308,756189
31309,746718
31310,737228
31311,727662
31312,718039
31313,708807
31314,699406
31315,689742
31316,682065
31317,672501
31318,663040
31319,653460
31320,644705
31321,635254
31322,625767
31323,616222
31324,606723
31325,597289
31326,587774
31327,578156
31328,568563
31329,560926
31330,551378
31331,541710
31332,532221
31333,522641
31334,513051
31335,503422
31336,494547
31337,484968
31338,475317
31339,465766
31340,456172
31341,446568
31342,440153
31343,430515
31344,420918
31345,411432
31346,401801
31347,392131
31348,382588
31349,373246
31350,363581
31351,354002
31352,345004
31353,335419
31354,325828
31355,318240
31356,308660
31357,299223
31358,289693
31359,280123
31360,270568
31361,261152
31363,241629
31364,231967
31365,222311
31366,212675
31367,203191
31368,194335
31369,186504
31370,176961
31371,167428
31372,157859
31373,148305
31374,138713
31375,129608
31376,120069
31377,110767
31378,101193
31379,91673
31380,82056
31381,74259
31382,64683
31383,55018
31384,46202
31385,36635
31386,26940
31387,17538
31388,9061
31389,1064756
31390,1055301
31391,1045868
31392,1036264
31393,1027386
31394,1023194
31395,1013600
31396,1004029
31397,994430
31398,984871
31399,975230
31400,966597
31401,956982
31402,947410
31403,937953
31404,928328
31405,918666
31406,909062
31408,891357
31409,882073
31410,872453
31411,862873
31412,853261
31413,843753
31414,834164
31415,824862
31416,816052
31417,806432
31418,796867
31419,787342
31420,777749
31421,770028
31422,760415
31423,750839
31424,741262
31425,731962
31426,722432
31427,712844
31428,703231
31429,693689
31430,684167
31431,674631
31432,665709
31433,656410
31434,648631
31435,639031
31436,629478
31437,619755
31438,610277
31439,600811
31440,591287
31441,581844
31442,572274
31443,562647
31444,553006
31445,543429
31446,535555
31447,526021
31448,517235
31449,507576
31450,497966
31452,478386
31453,468862
31454,459299
31455,449607
31456,439986
31457,430605
31458,420968
31459,411384
31460,403590
31461,394080
31462,384487
31463,374868
31464,365966
31465,356575
31466,347045
31467,337423
31468,327827
31469,318334
31470,308674
31471,299100
31472,289591
31473,281924
31474,272353
31475,262730
31476,253138
31477,243443
31478,234013
31479,224395
31480,215542
31481,205986
31482,196411
31483,186912
31484,177339
31485,167659
31486,159760
31487,150248
31488,140715
31489,131341
31490,121850
31491,112218
31492,102562
31493,93855
31494,83924
31495,74174
31496,65427
31497,55707
31498,46230
31499,38492
31500,28873
31501,19318
31502,9839
31503,1061106
31504,1051660
31505,1042491
31506,1032818
31507,1023276
31508,1013734
31509,1004069
31510,994424
31511,986723
31512,978011
31513,968364
31514,958790
31515,949107
31516,939480
31517,929919
31518,920238
31519,910768
31520,901220
31521,891807
31522,882377
31523,872764
31524,864937
31525,855333
31526,848439
31527,838549
31528,828685
31529,818795
31530,808858
31531,798916
31532,789068
31533,779425
31534,769773
31535,760312
31536,750844
31537,744280
31538,734656
31539,725083
31540,715505
31541,705927
31542,696285
31543,686724
31544,677780
31545,668158
31546,658626
31547,649138
31548,639545
31549,630008
31550,622332
31551,612666
31552,603091
31553,593717
31554,584082
31555,574600
31556,565044
31557,555548
31558,545896
31559,536189
31560,527298
31561,517921
31562,508271
31563,500575
31564,490938
31565,481408
31566,471831
31567,462296
31568,452714
31569,443232
31570,433570
31571,423963
31572,414297
31573,404594
31574,395079
31575,387149
31576,378339
31577,368681
31578,359127
31579,349454
31580,339877
31581,330295
31582,320636
31583,311067
31584,301486
31585,292089
31586,282524
31587,272952
31588,265014
31589,255555
31591,236166
31592,227395
31593,217843
31594,208354
31595,198758
31596,189222
31597,180589
31598,170701
31599,160807
31600,150855
31601,141281
31602,133568
31603,123968
31604,114367
31605,104856
31606,95244
31607,85716
31608,77165
31609,67588
31610,57987
31611,48415
31612,38820
31613,29277
31614,19724
31615,11917
31616,2518
31617,1057481
31618,1048151
31619,1038653
31620,1029102
31621,1019488
31622,1009997
31623,1000339
31624,991634
31625,982049
31626,972391
31627,962785
31628,958499
31629,949008
31630,939422
31631,929874
31632,920358
31633,911000
31634,901435
31635,891757
31636,882104
31637,872586
31638,863040
31639,853369
31640,847234
31641,837589
31642,828155
31643,818552
31644,809054
31645,799434
31646,789829
31647,780190
31648,770668
31649,761424
31650,751655
31651,742171
31652,732693
31653,725044
31654,715455
31655,705961
31656,697001
31657,687521
31658,678072
31659,668591
31660,659224
31661,649746
31662,640212
31663,630567
31664,621179
31665,611867
31666,604178
31667,594646
31668,585153
31669,575731
31670,566299
31671,556593
31672,547873
31673,538376
31674,528787
31675,519273
31676,509622
31677,500015
31678,490439
31679,482758
31680,473213
31681,463859
31682,454463
31683,444615
31684,434996
31685,425514
31686,415932
31687,406383
31688,397515
31689,388007
31690,378556
31691,369029
31692,361687
31693,352109
31694,342735
31695,332913
31696,323277
31697,313933
31698,304352
31699,296019
31700,286106
31701,276157
31702,266218
31703,256477
31704,249952
31705,240367
31706,230975
31707,221493
31708,211880
31709,202343
31710,192768
31711,183271
31712,173932
31713,164310
31714,154777
31715,145214
31716,135607
31717,128504
31718,118976
31719,109295
31720,100818
31721,91206
31722,81621
31723,72301
31724,62766
31725,53254
31726,43692
31727,33980
31728,24385
31729,15220
31730,9138
31731,1243279
31732,1233889
31733,1224436
31734,1214924
31735,1205358
31736,1197076
31737,1187554
31738,1177880
31739,1168467
31740,1158807
31741,1149300
31742,1139699
31743,1134823
31744,1125263
31745,1115891
31746,1106200
31747,1096616
31748,1087043
31749,1077391
31750,1067810
31751,1058232
31752,1049285
31753,1039593
31754,1030054
31755,1020379
31756,1012717
31757,1003099
31758,993468
31759,983929
31760,974397
31761,965081
31762,955533
31763,946071
31764,936544
31765,926974
31766,917519
31767,907912
31768,900728
31769,891312
31770,881586
31771,872098
31772,862663
31773,853021
31774,843788
31775,834360
31776,824849
31777,815456
31778,805988
31779,796399
31780,786811
31781,779333
31782,769689
31783,760080
31784,751229
31785,741634
31786,732254
31787,722737
31788,713224
31789,703797
31790,694217
31791,684598
31792,675095
31793,665665
31794,657908
31795,648300
31796,638699
31797,629110
31798,619508
31799,609939
31800,601055
31801,592710
31802,582819
31803,572882
31804,562947
31805,553085
31806,543538
31807,535651
31808,526035
31809,516614
31810,507926
31811,500068
31812,490385
31813,480851
31814,471362
31815,461906
31816,453108
31817,443645
31818,434096
31819,424443
31820,416878
31821,407240
31822,397703
31823,388205
31824,378655
31825,369268
31826,359679
31827,350085
31828,340426
31829,330840
31830,321221
31831,311646
31832,304521
31833,294856
31834,285622
31835,276039
31836,266420
31837,256788
31838,247260
31839,237597
31840,227986
31841,218638
31842,208908
31843,199392
31844,189766
31845,182149
31846,172553
31847,163014
31848,154110
31849,144568
31850,135050
31851,125385
31852,115701
31853,106148
31854,96544
31855,87012
31856,77372
31857,67941
31858,60232
31859,50597
31860,41017
31861,31549
31862,22111
31863,12540
31864,3760
31865,1049893
31866,1040425
31867,1030986
31868,1021547
31869,1011986
31870,1002321
31871,997415
31872,987778
31873,978710
31874,969243
31875,959605
31876,950034
31877,940489
31878,930814
31879,921354
31880,912548
31881,902995
31882,893335
31883,883799
31884,876091
31885,866581
31886,856920
31887,847440
31888,837738
31889,828346
31890,818991
31891,809316
31892,799853
31893,790252
31894,780677
31895,771056
31896,764031
31897,754534
31898,745030
31899,735470
31900,725985
31901,716493
31902,706946
31903,697432
31904,688682
31905,678737
31906,669041
31907,659636
31908,649997
31909,642529
31910,633134
31911,623470
31912,614798
31913,605358
31914,595778
31915,586105
31916,576642
31917,567066
31918,557585
31919,548135
31920,538463
31921,528998
31922,522220
31923,512593
31924,503030
31925,493426
31926,483857
31927,474170
31928,465402
31929,455833
31930,446136
31931,436611
31932,427043
31933,417344
31934,407807
31935,400017
31936,390402
31937,381324
31938,371643
31939,362026
31940,352419
31941,342808
31942,333208
31943,323670
31944,314714
31945,305113
31946,295587
31947,285912
31948,278146
31949,268539
31950,258915
31951,249258
31952,239876
31953,230426
31954,220798
31955,211175
31956,201676
31957,192069
31958,182548
31959,172989
31960,165830
31961,156310
31962,146755
31963,137163
31964,127621
31965,117892
31966,108319
31967,98681
31968,89058
31969,79830
31970,70282
31971,60693
31972,51306
31973,43696
31974,34181
31975,24556
31976,15896
31977,6384
31978,1055644
31979,1046332
31980,1036838
31981,1027394
31982,1017883
31983,1008272
31984,998672
31985,989680
31986,985333
31987,975781
31988,966175
31989,956562
31990,946932
31991,937374
31992,928692
31993,919126
31994,909586
31995,899906
31996,890309
31997,880682
31998,871063
31999,863439
32000,853892
32001,844543
32002,834906
32003,825416
32004,815915
32005,806417
32006,797802
32007,787871
32009,768604
32010,758937
32011,749481
32012,739849
32013,732063
32014,722453
32015,712932
32016,703255
32017,693865
32018,684315
32019,674792
32020,665170
32021,655634
32022,646245
32023,636680
32024,627994
32025,620252
32026,610749
32027,601257
32028,591574
32029,582098
32030,572577
32031,563094
32032,553534
32033,544061
32034,534594
32035,524936
32036,515422
32037,505914
32038,498380
32039,488761
32040,479896
32041,470248
32042,460736
32043,451090
32044,441508
32045,431906
32046,422342
32047,412640
32048,403126
32049,393660
32050,384140
32051,376478
32052,366840
32053,357306
32054,347730
32055,338091
32056,329151
32057,319595
32058,310043
32059,300354
32060,291021
32061,281498
32062,271896
32063,262386
32064,254549
32065,245249
32066,235918
32067,226338
32068,216802
32069,207251
32070,197673
32071,188006
32072,179071
32073,169474
32074,159904
32075,150340
32076,140787
32077,132928
32078,123499
32079,113819
32080,104233
32081,94832
32082,85198
32083,76052
32084,66592
32085,57074
32086,47494
32087,37892
32088,29064
32089,21287
32090,12007
32091,2460
32092,1052016
32093,1042623
32094,1033091
32095,1023496
32096,1013986
32097,1004962
32098,995341
32099,985940
32100,976364
32101,966760
32102,962877
32103,953251
32104,944614
32105,935125
32106,925515
32107,915883
32108,906333
32109,896734
32110,887997
32111,878097
32112,868145
32113,858548
32114,848948
32115,842582
32116,832919
32117,823439
32118,813962
32119,804352
32120,795500
32121,785992
32122,776476
32123,767041
32124,757349
32125,747875
32126,738442
32127,728763
32128,721032
32129,711661
32131,692066
32132,682402
32133,672888
32134,663363
32135,653912
32136,645170
32137,635724
32138,626286
32139,616618
32140,607158
32141,597590
32142,589927
32143,580266
32144,570851
32145,561355
32146,551847
32147,542379
32148,532878
32149,523569
32150,514155
32151,504657
32152,495881
32153,486479
32154,478581
32155,469194
32156,459602
32157,450126
32158,440521
32159,430930
32160,424799
32161,414916
32162,405088
32163,395189
32164,385341
32165,375468
32166,365555
32167,355880
32168,347080
32169,337490
32170,327921
32171,318357
32172,308785
32173,299398
32174,289830
32175,280160
32176,270536
32177,261237
32178,251574
32179,242031
32180,234452
32181,224899
32182,215381
32183,205785
32184,196819
32185,187311
32186,177732
32187,168190
32188,158689
32190,138974
32191,129392
32192,119572
32193,109702
32194,101649
32195,92139
32196,82948
32197,73450
32198,63895
32199,54310
32200,45625
32201,35960
32202,26324
32203,16762
32204,7253
32205,1064034
32206,1054676
32207,1050249
32208,1040776
32209,1031750
32210,1022352
32211,1012735
32212,1003164
32213,994764
32214,984873
32215,974951
32216,965567
32217,955917
32218,946279
32219,938646
32220,929000
32221,919404
32222,909827
32223,900342
32224,890836
32225,881421
32226,871788
32227,862176
32228,852729
32229,842968
32230,833460
32231,823863
32232,817249
32233,807871
32234,798256
32235,788701
32236,779186
32237,769635
32238,760138
32239,750586
32240,741016
32241,731586
32242,722078
32243,712637
32244,703105
32245,695290
32246,685739
32247,676154
32248,667613
32249,658137
32250,648608
32251,639158
32252,629640
32253,620047
32254,610446
32255,600969
32256,591416
32257,581962
32258,574291
32259,564779
32260,555292
32261,545649
32262,535987
32263,526425
32264,517454
32265,507927
32266,498345
32267,488774
32268,479090
32269,469508
32270,459956
32271,452071
32272,442441
32273,433097
32274,423495
32275,413851
32276,404269
32277,394724
32278,385213
32279,375563
32280,366560
32281,357067
32282,347451
32283,339674
32284,330104
32285,320510
32286,310815
32287,301423
32288,291878
32289,282398
32290,272745
32291,263234
32292,253722
32293,244195
32294,234643
32295,225020
32296,217921
32297,208322
32298,198610
32299,189037
32300,179513
32301,169916
32302,160344
32303,150666
32304,140973
32305,131490
32306,121991
32308,102319
32309,92789
32310,86643
32311,77016
32312,68234
32313,58633
32314,48980
32315,39485
32316,29922
32317,21410
32318,11551
32319,1174531
32320,1167422
32321,1163016
32322,1154983
32323,1165636
32324,1156873
32325,1147519
32326,1138136
32327,1128735
32328,1120001
32329,1110431
32330,1100771
32331,1091132
32332,1081468
32333,1071978
32334,1062332
32335,1052772
32336,1045440
32337,1035990
32338,1026345
32339,1016871
32340,1007344
32341,997721
32342,988136
32343,978520
32344,969803
32345,960287
32346,950649
32347,941186
32348,933435
32349,923755
32350,914199
32351,904575
32352,894886
32353,885546
32354,876068
32355,866474
32356,856923
32357,847401
32358,837900
32359,828273
32360,819524
32361,811748
32362,802494
32363,792907
32364,783375
32365,773835
32366,764407
32367,754784
32369,735449
32370,725879
32371,716395
32372,707019
32373,697355
32374,687812
32375,680074
32376,671181
32377,661576
32378,652024
32379,642381
32380,632831
32381,623273
32382,613673
32383,604033
32384,594496
32385,585101
32386,575558
32387,565900
32388,558165
32389,548607
32390,539072
32391,529449
32392,520610
32393,511002
32394,501358
32395,491820
32396,482162
32397,472796
32398,463260
32399,453702
32400,444097
32401,436671
32402,427115
32403,417512
32404,407978
32405,398335
32406,388835
32407,379421
32408,370580
32409,361057
32410,351434
32411,341917
32412,332206
32413,324340
32414,314849
32415,305227
32416,295623
32417,286242
32418,276521
32419,266943
32420,258690
32421,248742
32422,238810
32423,228914
32424,219894
32425,210237
32426,202657
32427,193377
32428,183861
32429,174370
32430,164688
32431,155136
32432,145582
32433,136033
32434,126516
32435,116968
32436,107329
32437,97709
32438,88105
32439,80394
32440,71494
32441,62014
32442,52409
32443,42837
32444,33276
32445,23783
32446,14206
32447,4738
32448,1218241
32449,1216311
32450,1209970
32451,1202907
32452,1202788
32453,1193374
32454,1183770
32455,1174194
32456,1165659
32457,1156025
32458,1146571
32459,1137023
32460,1127486
32461,1117928
32462,1108430
32463,1098822
32464,1089307
32465,1082229
32466,1072597
32467,1062950
32468,1053491
32469,1043935
32470,1034495
32471,1025027
32472,1016154
32473,1006651
32474,997183
32475,987656
32476,978140
32477,970689
32478,961167
32479,951579
32480,942147
32481,932726
32482,923271
32483,913864
32484,904225
32485,894753
32486,885270
32487,875694
32488,866855
32489,857310
32490,849590
32491,840128
32492,830678
32493,821050
32494,811550
32495,802156
32496,792586
32497,783107
32498,773704
32499,764190
32500,754716
32501,745169
32502,735452
32503,728794
32504,720050
32505,710587
32506,700878
32507,691527
32508,682030
32509,672493
32510,663033
32511,653333
32512,643827
32513,634467
32514,624838
32515,615339
32516,607531
32517,597905
32518,588251
32519,578672
32520,569698
32521,560125
32522,550538
32523,541804
32524,531876
32525,521960
32526,512375
32527,502822
32528,493285
32529,485754
32530,476125
32531,466616
32532,457013
32533,447477
32534,437906
32535,428378
32536,419564
32537,410029
32538,400380
32539,390735
32540,381154
32541,373290
32542,363785
32543,354242
32544,344596
32545,335148
32546,325610
32547,315975
32548,306266
32549,296742
32550,287089
32551,277483
32552,269265
32553,259637
32554,251947
32555,242518
32556,232825
32557,223163
32558,213672
32559,203975
32560,194417
32561,185076
32562,175421
32563,165861
32564,156271
32565,146651
32566,137035
32567,129138
32568,120166
32569,110522
32570,100939
32571,91364
32572,81732
32573,72162
32574,62603
32575,52941
32576,43287
32577,34007
32578,24678
32579,15137
32580,7438
32581,1057145
32582,1047805
32583,1038235
32584,1030046
32585,1020556
32586,1011018
32587,1001414
32588,991854
32589,982276
32590,972718
32591,963095
32592,953437
32593,949033
32594,939515
32595,929850
32596,920306
32597,910796
32598,901123
32599,891521
32600,882712
32601,873183
32602,863513
32603,854090
32604,844463
32605,836871
32606,827370
32607,817779
32608,808172
32609,798818
32610,789294
32611,779767
32612,770208
32613,760665
32614,751216
32615,741754
32616,732777
32617,723248
32618,715364
32619,705808
32620,696132
32621,686557
32622,677037
32623,667607
32624,658373
32625,648922
32626,640119
32627,630227
32628,620272
32629,610690
32630,601287
32631,593481
32632,584593
32633,575090
32634,565493
32635,555991
32636,546354
32637,536842
32638,527238
32639,517756
32640,508142
32641,498694
32642,489190
32643,479559
32644,473249
32645,463719
32646,454095
32647,444498
32648,435663
32649,425970
32650,416410
32651,406865
32652,397251
32653,387742
32654,378252
32655,368643
32656,359092
32657,351692
32658,341988
32659,332361
32660,322782
32661,313100
32662,303400
32663,293824
32664,284866
32665,275182
32666,265608
32667,256050
32668,246460
32669,238789
32670,229278
32671,219639
32672,210118
32673,200686
32674,191136
32675,181530
32676,171921
32677,162443
32678,152888
32679,143236
32680,134309
32681,124751
32682,116956
32683,107410
32684,98450
32685,88961
32686,79369
32687,69730
32688,60092
32689,50708
32690,41142
32691,31564
32692,21957
32693,12485
32694,2911
32695,1064171
32696,1056047
32697,1046485
32698,1036986
32699,1027445
32700,1017918
32701,1008333
32702,998785
32703,989220
32704,979594
32705,970361
32706,960655
32707,951077
32708,943487
32709,933940
32710,924306
32711,914756
32712,905890
32713,896382
32714,886902
32715,877292
32716,867778
32717,858197
32718,848604
32719,838990
32720,829401
32721,822071
32722,812632
32723,803069
32724,793624
32725,784094
32726,774559
32727,765086
32728,756342
32729,746692
32730,736973
32731,727532
32732,717890
32733,710106
32734,700514
32735,691041
32736,681465
32737,672052
32738,662631
32739,652985
32740,643403
32741,633853
32742,624233
32743,614612
32744,605826
32745,596189
32746,588339
32747,578773
32748,569231
32749,559639
32750,550081
32751,540425
32752,530880
32753,521669
32754,512056
32755,502413
32756,492878
32758,473325
32759,463913
32760,456777
32761,447196
32762,437638
32763,427966
32764,418331
32765,408715
32766,399137
32767,389538
32768,380034
32769,370626
32770,361035
32771,351498
32772,341881
32773,334126
32774,324498
32775,314942
32776,306137
32777,296589
32778,287063
32779,277427
32780,267933
32781,258347
32782,248921
32783,239342
32784,229761
32785,220432
32786,212811
32787,203288
32788,193620
32789,184127
32790,174500
32791,164932
32792,156081
32793,149280
32794,139430
32795,129625
32796,119725
32797,109825
32798,100154
32799,91068
32800,81634
32801,72278
32802,62642
32803,53110
32804,43508
32805,33904
32806,24243
32807,14605
32808,5899
32809,1057722
32810,1048319
32811,1041797
32812,1032376
32813,1022820
32814,1013306
32815,1003849
32816,994261
32817,984860
32818,975294
32819,965742
32820,956172
32821,946600
32822,937142
32823,927450
32824,920545
32825,911021
32826,901437
32827,891842
32828,882250
32829,872612
32830,863035
32831,854906
32832,844953
32833,835022
32834,825116
32835,815467
32836,805986
32837,798359
32839,778664
32840,769868
32841,760165
32842,750638
32843,741034
32844,731470
32845,721873
32846,712246
32847,702615
32848,693185
32849,683841
32850,674151
32851,666374
32852,656842
32853,647162
32854,637732
32855,628162
32856,619320
32857,609724
32858,600254
32859,590700
32860,581135
32861,571770
32862,562285
32863,554598
32864,545143
32865,535706
32866,526123
32867,516539
32868,506852
32869,497209
32870,487714
32871,478027
32872,469093
32873,459417
32874,449799
32875,440167
32876,432411
32877,422739
32878,413192
32879,403547
32880,393884
32881,384498
32882,374881
32883,365216
32884,355597
32885,346057
32886,336553
32887,327038
32888,318087
32889,311185
32890,301699
32891,292065
32892,282526
32893,272958
32894,263337
32895,253734
32896,244213
32897,234970
32898,225354
32899,215821
32900,206332
32901,196633
32902,188898
32903,179354
32904,170511
32905,160997
32906,151425
32907,141820
32908,132236
32909,122605
32910,113073
32911,103441
32912,93914
32913,84472
32914,75256
32915,67629
32916,58061
32917,48505
32918,38993
32919,29336
32920,20437
32921,11053
32922,1061640
32923,1052158
32924,1042936
32925,1033316
32926,1023891
32927,1016293
32928,1006807
32929,997500
32930,987969
32931,978439
32932,968897
32933,959405
32934,949902
32935,941287
32936,931538
32937,921968
32938,912335
32939,902710
32940,895076
32941,885552
32942,875953
32943,866403
32944,856880
32945,847446
32946,838008
32947,828461
32948,818980
32949,809427
32950,800044
32951,790598
32952,781844
32953,774000
32954,764458
32955,754905
32956,745233
32957,735704
32958,726007
32959,716470
32960,707042
32961,697573
32962,688060
32963,678474
32964,668830
32965,659304
32966,651791
32967,642108
32968,633269
32969,623725
32970,614214
32971,604656
32972,595094
32973,585435
32974,575834
32975,566314
32976,556708
32977,547334
32978,537918
32979,530096
32980,520532
32981,511023
32982,501471
32983,491944
32984,483137
32985,473571
32986,463914
32987,454283
32988,444625
32989,435023
32990,425379
32991,417507
32992,407924
32993,398555
32994,388919
32995,379383
32996,369748
32997,360106
32998,350461
32999,340871
33000,331944
33001,322244
33002,312715
33003,303083
33005,285318
33006,275642
33007,266091
33008,256523
33009,247184
33010,237683
33011,228148
33012,218589
33013,208974
33014,199439
33015,189783
33016,180872
33017,171373
33018,163471
33019,154019
33020,144385
33021,134844
33022,125086
33023,115516
33024,105913
33025,96543
33026,86921
33027,77395
33028,67794
33029,58223
33030,48509
33031,40883
33032,32077
33033,22481
33034,13099
33035,3610
33036,1059291
33037,1052224
33038,1045408
33039,1037918
33040,1030364
33041,1024858
33042,1017158
33043,1009936
33044,1010553
33045,1003148
33046,995775
33047,988748
33048,985875
33049,978612
33050,971477
33051,963857
33052,956266
33053,949117
33054,941288
33055,933018
33056,926636
33057,917464
33058,908013
33059,898454
33060,888848
33061,879347
33062,869837
33063,860315
33064,851392
33065,841885
33066,832339
33067,822736
33068,813313
33069,805696
33070,796155
33071,786690
33072,777062
33073,767607
33074,758160
33075,748552
33076,739074
33077,729491
33078,720013
33079,710425
33080,701737
33081,692286
33082,685339
33083,675859
33084,666321
33085,656769
33086,647267
33087,637749
33088,628145
33089,618983
33090,609274
33091,599862
33092,590379
33093,580848
33094,571428
33095,563880
33096,555068
33097,545468
33098,535875
33099,526416
33100,516799
33101,507292
33102,497745
33103,488224
33104,478682
33105,469217
33106,459733
33107,450150
33108,442512
33109,432876
33110,423429
33111,413751
33112,404827
33113,395251
33114,385587
33115,376067
33116,366481
33117,356898
33118,347243
33119,337664
33120,329828
33121,320572
33122,311055
33123,301531
33124,291992
33125,282484
33126,272910
33127,263293
33128,254427
33129,244855
33130,235317
33131,225705
33132,216013
33133,208291
33134,198803
33135,189235
33136,179608
33137,170301
33138,160678
33139,151083
33140,143096
33141,133144
33142,123211
33143,113300
33144,103810
33145,94190
33146,86494
33147,76859
33148,67247
33149,57731
33150,48072
33151,38455
33152,28772
33153,19395
33154,9854
33155,1071266
33156,1063130
33157,1055208
33158,1047578
33159,1045448
33160,1041840
33161,1034067
33162,1025868
33163,1017856
33164,1010182
33165,1002011
33166,994348
33168,976400
33169,969253
33170,961532
33171,953490
33172,945533
33173,942800
33174,935102
33175,927124
33176,923099
33177,915148
33178,907198
33179,899541
33180,891401
33181,883470
33182,875741
33183,867424
33184,859526
33185,857261
33186,848323
33187,839023
33188,829774
33189,820308
33190,810934
33191,801308
33192,792395
33193,782849
33194,773357
33195,763665
33196,754101
33197,744481
33198,736661
33199,727173
33200,717621
33201,708290
33202,698711
33203,689148
33204,679509
33205,670036
33206,660522
33207,650995
33208,642206
33209,632678
33210,623154
33211,615301
33212,605688
33213,596005
33214,586572
33215,577067
33216,567512
33217,558052
33218,548633
33219,539063
33220,529526
33221,520046
33222,510545
33223,500856
33224,493838
33225,484340
33226,474661
33227,465177
33228,455547
33229,446135
33230,436542
33231,426992
33232,417393
33233,407902
33234,398337
33235,388768
33236,379140
33237,371352
33238,361844
33239,352246
33240,343217
33241,333649
33242,324075
33243,314539
33244,306117
33245,296226
33246,286285
33247,276352
33248,266494
33249,258909
33250,249347
33251,239874
33252,230326
33253,220710
33254,211062
33255,201517
33256,192713
33257,183126
33258,173535
33259,163988
33260,154420
33261,144832
33262,137172
33263,127564
33264,118041
33265,108631
33266,99149
33267,89493
33268,79934
33269,70311
33270,60608
33271,51044
33272,42096
33273,32584
33274,22995
33275,16150
33276,6580
33277,1062715
33278,1053345
33279,1043830
33280,1034474
33281,1025597
33282,1016155
33283,1006552
33284,997116
33286,977545
33287,968039
33288,959297
33289,954992
33290,945462
33291,935793
33292,926341
33293,916762
33294,907121
33295,897517
33296,887987
33297,878633
33298,868994
33299,859520
33300,849899
33301,840335
33302,832875
33303,823446
33304,814637
33305,805055
33306,795455
33307,785987
33308,776479
33309,766865
33310,757322
33311,747838
33312,738356
33313,728938
33314,721150
33315,711610
33316,701968
33317,692547
33318,683002
33319,673372
33320,664643
33321,655404
33322,645944
33323,636376
33324,626847
33325,617316
33326,607728
33327,599866
33328,590395
33329,581038
33330,571474
33331,561866
33332,552322
33333,542887
33334,533345
33335,523878
33336,515068
33337,505498
33338,495950
33339,486347
33340,478584
33341,468980
33342,459317
33343,449715
33344,440099
33345,430618
33346,420955
33347,412547
33349,392596
33350,382692
33351,372772
33352,363607
33353,354012
33354,346307
33355,336677
33356,327157
33357,317526
33358,307919
33359,298576
33360,288987
33361,279645
33362,270054
33363,260469
33364,250807
33365,241260
33366,231813
33367,224049
33368,215300
33369,205663
33370,196142
33371,186576
33372,177039
33373,167482
33374,157901
33375,148262
33376,138743
33377,129326
33378,119710
33379,111959
33380,102471
33381,92919
33382,84073
33383,74531
33384,65579
33385,55942
33386,46319
33387,36626
33388,27023
33389,17509
33390,8010
33391,1064778
33392,1059982
33393,1050968
33394,1041526
33395,1032090
33396,1022532
33397,1012983
33398,1003445
33399,993818
33400,985141
33401,975580
33402,965908
33403,956334
33404,946699
33405,939166
33406,929618
33407,920063
33408,910385
33409,901071
33410,891499
33411,881824
33412,872219
33413,862718
33414,853142
33415,843526
33416,834711
33417,825002
33418,817692
33419,808352
33420,798780
33421,789216
33422,779812
33423,770152
33424,760681
33425,751412
33426,741832
33427,732264
33428,722761
33429,713099
33430,707374
33431,697568
33432,687735
33433,677846
33434,667993
33435,658433
33436,648879
33437,639350
33438,629646
33439,620150
33440,610621
33441,601319
33442,591710
33443,584048
33444,574560
33445,565015
33446,555441
33447,545722
33448,536883
33449,527302
33450,517768
33451,509054
33452,499109
33453,489160
33454,479260
33455,469807
33456,461968
33457,452519
33458,443043
33459,433445
33460,423917
33461,414345
33462,404729
33463,395119
33464,386190
33465,376598
33466,367034
33467,357398
33468,347721
33469,340971
33470,331387
33471,321831
33472,312159
33473,302972
33474,293452
33475,283777
33476,274209
33477,264522
33478,255085
33479,245477
33480,236620
33481,227133
33482,219425
33483,209755
33484,200129
33485,190600
33486,181073
33487,171512
33488,161904
33489,152460
33490,142864
33491,133290
33492,123681
33493,114081
33494,104433
33495,97314
33496,88332
33497,78874
33498,69241
33499,59676
33500,50077
33501,40397
33502,30759
33503,21217
33504,11864
33505,2516
33506,1048772
33507,1043994
33508,1034581
33509,1025077
33510,1015439
33511,1005911
33512,997535
33513,987920
33514,978328
33515,968711
33516,959082
33517,949494
33518,939987
33519,930353
33520,922656
33521,913400
33522,903862
33523,894201
33524,884615
33525,874972
33526,865333
33527,855825
33528,846907
33529,837429
33530,827929
33531,818388
33532,808920
33533,801173
33534,791518
33535,781905
33536,772363
33537,762897
33538,753405
33539,743970
33540,734440
33541,724960
33542,715365
33543,705864
33544,697064
33545,687527
33546,679566
33547,670095
33548,660578
33549,651025
33550,641505
33551,631958
33552,622378
33553,613808
33554,603905
33555,593962
33556,584274
33557,574846
33558,565337
33559,557685
33560,548761
33561,539175
33562,529566
33563,520017
33564,510357
33565,500754
33566,491151
33567,481504
33568,471999
33569,462574
33570,452902
33571,445130
33572,435642
33573,426002
33574,416404
33575,406841
33576,397996
33577,388392
33578,378817
33579,369160
33580,359583
33581,350006
33582,340387
33583,330910
33584,323240
33585,313925
33586,304372
33587,294776
33588,285093
33589,275456
33590,265900
33591,256249
33592,247510
33593,238057
33594,228493
33595,218904
33596,209359
33597,201561
33598,192102
33599,182453
33600,172883
33601,163524
33602,153989
33603,144271
33604,134735
33605,125170
33606,115635
33607,105990
33608,97070
33609,87880
33610,80156
33611,70639
33612,61026
33613,51581
33614,41972
33615,32376
33616,22863
33617,13672
33618,4143
33619,1050845
33620,1041646
33621,1032094
33622,1022490
33623,1017692
33624,1009369
33625,999903
33626,990304
33627,980703
33628,971078
33629,961432
33630,951719
33631,942158
33632,932558
33633,923193
33634,913653
33635,905972
33636,896450
33637,886897
33638,877307
33639,867577
33640,858810
33641,849185
33642,839655
33643,830152
33644,820625
33645,810906
33646,801490
33647,792119
33648,784361
33649,774992
33651,755315
33652,745858
33653,736297
33654,726764
33655,717137
33656,709738
33657,699832
33658,689905
33659,679997
33660,670053
33661,660493
33662,653931
33663,644668
33664,635072
33665,625775
33666,616195
33667,606679
33668,597119
33669,587584
33670,578127
33671,568547
33672,559659
33673,550045
33674,540519
33675,532730
33676,523140
33677,513554
33678,503881
33679,494333
33680,484777
33681,475283
33682,465588
33683,456085
33684,446524
33685,436950
33686,427314
33687,417675
33688,410741
33689,401173
33690,391625
33691,382002
33692,372465
33693,362865
33694,353356
33695,343723
33696,334039
33697,324712
33698,315349
33699,305770
33700,298265
33701,288748
33702,279121
33703,269495
33704,260748
33705,251025
33706,241600
33707,232111
33708,222463
33709,212812
33710,203294
33711,193677
33712,184114
33713,176691
33714,167096
33715,157454
33716,147963
33717,138266
33718,128738
33719,119186
33720,110315
33721,100659
33722,91123
33723,81933
33724,72402
33725,62772
33726,55235
33727,45636
33728,36052
33729,26602
33730,17090
33731,7631
33732,1146674
33733,1137314
33734,1127849
33735,1118316
33736,1110102
33737,1100647
33738,1091025
33739,1086595
33740,1077122
33741,1067509
33742,1058047
33743,1048539
33744,1038914
33745,1029570
33746,1020069
33747,1010387
33748,1000836
33749,991360
33750,981870
33751,972246
33752,965644
33753,956011
33754,946441
33755,936944
33756,927392
33757,917953
33758,909658
33759,899729
33760,889806
33761,880161
33762,870593
33763,860969
33764,853398
33765,843753
33766,834292
33767,824742
33768,815922
33769,806391
33770,796773
33771,787197
33772,777702
33773,768203
33774,758709
33775,749349
33777,730012
33778,722533
33779,713182
33780,703533
33781,694141
33782,684666
33783,675194
33784,666485
33785,657017
33786,647445
33787,637920
33788,628402
33789,618741
33790,609201
33791,601501
33792,591802
33793,582490
33794,572858
33795,563226
33796,553567
33797,544019
33798,534501
33799,524728
33800,516003
33801,506425
33802,496801
33803,487207
33804,479347
33805,469747
33806,460351
33807,450891
33808,441265
33809,431935
33810,422375
33811,412866
33812,403239
33813,393616
33814,384041
33815,374475
33816,365602
33817,357792
33818,348247
33819,338835
33820,329257
33821,319748
33822,310232
33823,300705
33824,291202
33825,281769
33826,272270
33827,262741
33828,253117
33829,245359
33830,235755
33831,226128
33832,217301
33833,207678
33834,198055
33835,188543
33836,179259
33837,169543
33838,160060
33839,150488
33840,140880
33841,131558
33842,125329
33843,115490
33844,105653
33845,95778
33846,85918
33847,76002
33848,66910
33849,57188
33850,47562
33851,38001
33852,28411
33853,18983
33854,9463
33855,1064961
33856,1055524
33857,1046804
33858,1037222
33859,1027747
33860,1018169
33861,1008572
33862,1000168
33863,990339
33864,980839
33865,971228
33866,961619
33867,951970
33868,944515
33869,934990
33870,925373
33871,915785
33872,906125
33873,896749
33874,887077
33875,877486
33876,867799
33877,858182
33878,848588
33879,838986
33880,830150
33881,822388
33882,812758
33883,803352
33884,793848
33885,784303
33886,774799
33887,765306
33888,755711
33889,746444
33890,736976
33891,727382
33892,717899
33893,710220
33894,700771
33895,691279
33896,682533
33897,672971
33898,663671
33899,654185
33900,644644
33901,635205
33902,625782
33903,616186
33904,606701
33905,597326
33906,589516
33907,579988
33908,570370
33909,560725
33910,551076
33911,541498
33912,532603
33913,523174
33914,513486
33915,503886
33916,494238
33917,484638
33918,474923
33919,467190
33920,457732
33921,448274
33922,438657
33923,429086
33924,419400
33925,409948
33926,400341
33927,390676
33928,381807
33929,372192
33930,362553
33931,352910
33932,345219
33933,335499
33934,325970
33935,316326
33936,306699
33937,297227
33938,287708
33939,278106
33940,268446
33941,258877
33942,249505
33943,240038
33944,231212
33945,223494
33946,213938
33948,194243
33949,184714
33950,175129
33951,165471
33952,155998
33953,146629
33954,137090
33955,127469
33956,117874
33957,108196
33958,100343
33959,90785
33960,82338
33961,72707
33962,63069
33963,53382
33964,43982
33965,35547
33966,25631
33967,15690
33968,5786
33969,1052065
33970,1042655
33971,1038059
33972,1028501
33973,1018940
33974,1009507
33975,999886
33976,991182
33977,981651
33978,972021
33980,952480
33981,942839
33982,933253
33983,923637
33984,914043
33985,906522
33986,896947
33987,887303
33988,877701
33989,868104
33990,858452
33991,848877
33992,839935
33993,830348
33994,820745
33995,811213
33996,801685
33997,792122
33998,784539
33999,774944
34000,765302
34001,756021
34002,746362
34003,736933
34004,727349
34005,717863
34006,708146
34007,698675
34008,689683
34009,680190
34010,670615
34011,662797
34012,653422
34013,643939
34014,634303
34015,567065
34016,567644
34017,567742
34018,567749
34019,567856
34020,567925
34021,566209
34022,556706
34023,548938
34024,540211
34025,530565
34026,521048
34027,511386
34028,501830
34029,279729
34030,279763
34031,279836
34032,279901
34033,279929
34034,279978
34035,279980
34036,281471
34037,281573
34038,281587
34039,281671
34040,282649
34041,282637
34042,282716
34043,282753
34044,282806
34045,282808
34046,282844
34047,282910
34048,282950
34049,285669
34050,285695
34051,280414
34052,270741
34053,261069
34054,251535
34055,242004
34056,233060
34057,223395
34058,213932
34059,204267
34060,194693
34061,185041
34062,177212
34063,167747
34064,158173
34065,152468
34066,142618
34067,132795
34068,122916
34069,114507
34070,104602
34071,94657
34072,84781
34073,74895
34074,64975
34075,55397
34076,45930
34077,36354
34078,26835
34079,17235
34080,7766
34081,1059003
34082,1049714
34083,1040231
34084,1030811
34085,1021334
34086,1011774
34087,1007071
34088,998572
34089,988959
34090,979431
34091,969924
34092,960290
34093,950716
34094,941220
34095,931612
34096,921921
34097,912732
34098,903125
34099,893482
34100,885963
34101,876299
34102,866732
34103,857255
34104,848472
34105,839045
34106,829495
34107,819849
34108,810438
34109,800934
34110,791399
34111,781988
34112,772473
34113,764997
34114,755554
34115,745962
34116,736432
34117,726971
34118,717660
34119,708008
34120,699106
34121,689744
34122,680237
34123,670826
34124,661394
34125,651871
34126,644297
34127,634784
34128,625147
34129,615797
34130,606429
34131,596769
34132,587280
34133,577934
34134,568399
34135,558912
34136,550158
34137,540684
34138,531193
34139,523689
34140,514168
34141,504592
34142,495059
34143,485377
34144,475852
34145,466476
34146,456818
34147,447291
34148,437759
34149,428093
34150,418434
34151,410701
34152,401941
34153,392363
34154,382838
34155,373288
34156,363713
34157,354181
34158,344562
34159,236732
34160,237324
34161,237406
34162,237373
34163,237446
34164,239211
34165,239276
34166,239317
34167,239381
34168,240555
34169,239721
34170,214917
34171,214954
34172,212125
34173,202178
34174,192258
34175,182363
34176,172414
34177,164598
34178,155071
34179,145451
34180,135823
34181,126348
34182,116759
34183,107268
34184,98346
34185,88735
34186,79789
34187,70273
34188,60741
34189,51154
34190,44284
34191,34742
34192,25151
34193,15865
34194,6333
34195,1055790
34196,1046436
34197,1036878
34198,1027303
34199,1017856
34200,1009500
34201,1000073
34202,990492
34203,985652
34204,976087
34205,966508
34206,956865
34207,947243
34208,937701
34209,928398
34210,918819
34211,909176
34212,899545
34213,890025
34214,880467
34215,872980
34216,864223
34217,854649
34218,845057
34219,835621
34220,825958
34221,816356
34222,806907
34223,797625
34224,788184
34225,778796
34226,769399
34227,759808
34228,752099
34229,742619
34230,733115
34231,723488
34232,714608
34233,704933
34234,695452
34235,685835
34236,676243
34237,666812
34238,657506
34239,647989
34240,638565
34241,632532
34242,622882
34243,613395
34244,603803
34245,594204
34246,584681
34247,575117
34248,566235
34249,556606
34250,547067
34251,537453
34252,527873
34253,518520
34254,510784
34255,501144
34256,491543
34257,482265
34258,472732
34259,463103
34260,453514
34261,443922
34262,434268
34263,424694
34264,415801
34265,406226
34266,396700
34267,388836
34268,379218
34269,369602
34270,359938
34271,350337
34272,340653
34273,331204
34274,322699
34275,312750
34276,302825
34277,292891
34278,283237
34279,275550
34280,266748
34281,257176
34282,247726
34283,238133
34284,228480
34285,218914
34286,209331
34287,199660
34288,190013
34289,180615
34290,170982
34291,161416
34292,153685
34293,144127
34294,134606
34295,125018
34296,116014
34297,106460
34298,97545
34299,88049
34300,78588
34301,69053
34302,59477
34303,49884
34304,40302
34305,32965
34306,23515
34307,14059
34308,4535
34309,1053539
34310,1044196
34311,1034533
34312,1026345
34313,1016826
34314,1007190
34315,997669
34316,988084
34317,978384
34318,974078
34319,964545
34320,954880
34321,945547
34322,936021
34323,927467
34324,917938
34325,908343
34326,898653
34327,889086
34328,880259
34329,870549
34330,861071
34331,884782
34332,874989
34333,865162
34334,855262
34335,845335
34336,835411
34337,825525
34338,815599
34339,805697
34340,795814
34341,785865
34342,775965
34343,766073
34344,756123
34345,746229
34346,736348
34347,726443
34348,716542
34349,706642
34350,696740
34351,686840
34352,676954
34353,667047
34354,657143
34355,647239
34356,637300
34357,627412
34358,617521
34359,607607
34360,597711
34361,587813
34362,577858
34363,567948
34364,558049
34365,548111
34366,538213
34367,528315
34368,518357
34369,509900
34370,500013
34371,490067
34372,480157
34373,470266
34374,460312
34375,450417
34376,441822
34377,431915
34378,422009
34379,412114
34380,402166
34381,392261
34382,382367
34383,372454
34384,362554
34385,256373
34386,256327
34387,256306
34388,256346
34389,256268
34390,256276
34391,256256
34392,256234
34393,256222
34394,256223
34395,253429
34396,243518
34397,233601
34398,223652
34399,213753
34400,203857
34401,193925
34402,184017
34404,164061
34405,132844
34406,132791
34407,132768
34408,146528
34409,136705
34410,126821
34411,105982
34412,105949
34413,97066
34414,66277
34415,66239
34416,66201
34417,57383
34418,47446
34419,27789
34420,27548
34421,1056563
34422,1047099
34423,1037494
34424,1015838
34425,1015829
34426,1009126
34427,983422
34428,983422
34429,980000
34430,958057
34431,958101
34432,951019
34433,928714
34434,931632
34435,910055
34436,910128
34437,905692
34438,896077
34439,886548
34440,877655
34441,868168
34442,858671
34443,849089
34444,839632
34445,830100
34446,820511
34447,812636
34448,803142
34449,793734
34450,784179
34451,774701
34452,765164
34453,755543
34454,746018
34455,736379
34456,727616
34457,717974
34458,708394
34459,698732
34460,690964
34461,681349
34462,671749
34463,662089
34464,652560
34465,643121
34466,633589
34467,623889
34468,614332
34469,604861
34470,595194
34471,585637
34472,578502
34473,568898
34474,559281
34475,513533
34476,513501
34477,513533
34478,513627
34479,510390
34480,502022
34481,492115
34482,482205
34483,472425
34484,462872
34485,454971
34486,445508
34487,435826
34488,426942
34489,417413
34490,407782
34491,398190
34492,388604
34493,379006
34494,369390
34495,359870
34496,350319
34497,340910
34498,333270
34499,323715
34500,314085
34501,304489
34503,284865
34504,275989
34505,266411
34506,256718
34507,247277
34508,237571
34509,228077
34510,218438
34511,208893
34512,200998
34513,191616
34514,181997
34515,172311
34516,162677
34517,153154
34518,143513
34519,134026
34520,125150
34521,115523
34522,105937
34523,96339
34524,86647
34525,78889
34526,69609
34527,59933
34528,50388
34529,40991
34530,31483
34531,21879
34532,12523
34533,2917
34534,1056053
34535,1046543
34536,1037742
34537,1030328
34538,1020819
34539,1011142
34540,1001597
34541,970409
34542,970393
34543,970368
34544,962513
34545,953153
34546,943597
34547,934166
34548,924570
34549,915099
34550,907791
34551,898206
34552,889381
34553,879751
34554,870161
34555,860596
34556,851045
34557,841409
34558,831910
34559,822354
34560,812759
34561,803483
34562,793988
34563,786166
34564,776552
34565,766945
34566,757274
34567,747721
34568,738829
34569,729228
34570,719680
34571,710075
34572,701300
34573,691663
34574,682125
34575,635436
34576,637625
34577,637872
34578,637855
34579,635631
34580,609807
34581,609775
34582,606702
34583,598156
34584,588231
34585,578556
34586,568976
34587,559300
34588,549715
34589,541898
34590,532270
34591,522757
34592,513194
34593,503787
34594,494307
34595,484769
34596,475135
34597,465492
34598,455934
34599,446340
34600,462194
34601,452428
34602,442552
34603,432712
34604,422820
34605,412926
34606,346085
34607,346112
34608,346086
34609,346058
34610,346105
34611,346160
34612,343550
34613,320042
34614,319989
34615,313774
34616,303873
34617,288963
34618,283974
34619,274049
34620,264105
34622,244226
34623,214804
34624,214747
34625,214436
34626,204539
34627,172844
34628,172794
34629,172774
34630,164750
34631,154835
34632,144881
34633,134944
34634,125022
34635,97014
34636,96981
34637,95223
34638,85302
34640,65410
34641,41443
34642,41430
34643,35594
34644,25644
34645,1048215
34646,1048397
34647,1045102
34648,1017570
34649,1017648
34650,1016688
34651,1007120
34652,997561
34653,988016
34654,978516
34655,971876
34656,962256
34657,952892
34658,943360
34659,921291
34660,921549
34661,914623
34662,901187
34663,895486
34664,886687
34665,863677
34666,863675
34667,859542
34668,849926
34669,840277
34670,831969
34671,525908
34672,526003
34673,526206
34674,526224
34675,526293
34676,526351
34677,526434
34678,565062
34679,565137
34680,568297
34681,568390
34682,568449
34683,568453
34684,568516
34685,568568
34686,568554
34687,568544
34689,570064
34690,570072
34691,570106
34692,570091
34693,570098
34694,570115
34695,570099
34696,571002
34697,571041
34698,571063
34699,571011
34700,571014
34701,570198
34702,567192
34703,557310
34704,547403
34705,515202
34706,515228
34707,515254
34708,507818
34709,497938
34710,487992
34711,478112
34712,468208
34713,458304
34714,448412
34715,438545
34716,428614
34717,418726
34718,408809
34719,398903
34720,390567
34721,381179
34722,359649
34723,359660
34724,352072
34725,335979
34726,332795
34727,323135
34728,314233
34729,304695
34730,295082
34731,285511
34732,277659
34733,268090
34734,258545
34735,248906
34736,239287
34737,229885
34738,220190
34739,210531
34740,200973
34741,191320
34742,181750
34743,172083
34744,163142
34745,155339
34746,145781
34747,136095
34748,126516
34749,119164
34750,109625
34751,100351
34752,90667
34753,81393
34754,71839
34755,1183754
34756,1173999
34757,1164113
34758,1157520
34759,1147621
34760,1139330
34761,1129455
34762,1119563
34763,1109685
34764,1099741
34765,1089845
34766,1079961
34767,1070026
34768,1060087
34769,1050225
34770,1040281
34771,1033039
34772,1023210
34773,1013306
34774,1003419
34775,993544
34776,984507
34777,974707
34778,964803
34779,954902
34780,945020
34781,935226
34782,925607
34783,915964
34784,908401
34785,898923
34786,889554
34787,879954
34788,870358
34789,860733
34790,852487
34791,842547
34792,832618
34793,822986
34794,813435
34795,803790
34796,796112
34798,776490
34799,767124
34800,757588
34801,748165
34802,738630
34803,728948
34804,719414
34805,709846
34806,700546
34807,691063
34808,682181
34809,672464
34810,664712
34811,655136
34812,645546
34813,635913
34814,626343
34815,616625
34816,607157
34817,597785
34818,588219
34819,578571
34820,569037
34821,559372
34822,550461
34823,543893
34824,534992
34825,525390
34826,515771
34827,506189
34828,496616
34829,487191
34830,477555
34831,468024
34832,458459
34833,449038
34834,439384
34835,429837
34836,422020
34837,412460
34838,402841
34839,393292
34840,384393
34841,374817
34842,365179
34843,355547
34844,346027
34845,336316
34846,326746
34847,317151
34848,307502
34849,299947
34850,290326
34851,280652
34852,271056
34853,261489
34854,251838
34855,242450
34856,233634
34857,224032
34858,214348
34859,204867
34860,195335
34861,187552
34862,178022
34863,168371
34864,158752
34865,149511
34866,139907
34867,130353
34868,120723
34869,111238
34870,101646
34871,92076
34872,71818
34873,71863
34874,65961
34875,56353
34876,46845
34877,37125
34878,27461
34879,17912
34880,8444
34881,1060173
34882,1050796
34884,1031298
34885,1021892
34886,1012263
34887,1002732
34888,996261
34889,986836
34890,977117
34891,967558
34892,958039
34893,948415
34894,938869
34895,930521
34896,920577
34897,910668
34898,900759
34899,891042
34900,881356
34901,873750
34902,864162
34903,854559
34904,845875
34905,836254
34906,826918
34907,817354
34908,807934
34909,798415
34910,788902
34911,779467
34912,769995
34913,760673
34914,752966
34915,743482
34916,733899
34917,724353
34918,714848
34919,705368
34920,696449
34921,686974
34922,677460
34923,667808
34924,658167
34925,648750
34926,640950
34927,631477
34928,621960
34929,612589
34930,603068
34931,593698
34932,584334
34933,574793
34934,565226
34935,555528
34936,546752
34937,537125
34938,527442
34939,519712
34940,510085
34941,500429
34942,490832
34943,481138
34944,471631
34945,462264
34946,452613
34947,443096
34949,423529
34950,413875
34951,404232
34952,395299
34953,387452
34954,377795
34955,368266
34956,358715
34957,349080
34958,339518
34959,329990
34960,320458
34961,311007
34962,301315
34963,291771
34964,282176
34965,272503
34966,264732
34967,255167
34968,246188
34969,236665
34970,227115
34971,217410
34972,207836
34973,198262
34974,188657
34975,178918
34976,169399
34977,159974
34979,140400
34980,132631
34981,123219
34982,113641
34983,103980
34984,95227
34985,85631
34986,76412
34987,66842
34988,57193
34989,47583
34990,38047
34991,28538
34992,20853
34993,11642
34994,1079807
34995,1073821
34996,1068013
34997,1063362
34998,1057235
34999,1051370
35000,1053532
35001,1047892
35002,1041941
35003,1036518
35004,1029998
35005,1025127
35006,1015766
35007,1006330
35008,996758
35009,987423
35010,977771
35011,968248
35012,958748
35013,949061
35014,939614
35015,930119
35016,921188
35017,911630
35018,905123
35019,895693
35020,886037
35021,876493
35022,866890
35023,857270
35024,847828
35025,838478
35026,829052
35027,819427
35028,809853
35029,800471
35030,790930
35031,783232
35032,774474
35033,764858
35034,755282
35035,745760
35036,736290
35037,726782
35038,717384
35039,707778
35040,698266
35041,688965
35042,679479
35043,669863
35044,662240
35045,652715
35046,643132
35047,633503
35048,624805
35049,615282
35050,605759
35052,586374
35053,577284
35054,567735
35055,558263
35056,548637
35057,541275
35058,531790
35059,522394
35060,512823
35061,502886
35062,493773
35063,484213
35064,475393
35065,465887
35067,446329
35068,436656
35069,427098
35070,417433
35071,409802
35073,390469
35074,380828
35075,371276
35076,361652
35077,352169
35078,342606
35079,332935
35080,324178
35081,314729
35082,305093
35083,295504
35084,285911
35085,278297
35086,268789
35087,259230
35088,249623
35089,240287
35090,230736
35091,221115
35092,211581
35093,201995
35094,192362
35095,168408
35096,169447
35097,164265
35098,156605
35099,147031
35100,137786
35101,128231
35102,118685
35103,109024
35104,99395
35105,90647
35106,80720
35107,70806
35108,61275
35109,51691
35110,42245
35111,34610
35112,25821
35113,16354
35114,6872
35115,1057253
35116,1047895
35117,1038589
35118,1028985
35119,1019457
35120,1009971
35121,1000859
35122,991096
35123,983913
35124,974472
35125,964801
35126,955237
35127,945545
35128,936626
35129,927130
35130,917464
35131,907930
35132,898501
35133,888778
35134,879260
35135,869678
35136,861799
35137,852511
35138,842931
35139,833271
35140,823645
35141,814296
35142,804713
35144,785891
35145,776322
35146,766865
35147,757411
35149,737778
35150,728225
35151,720455
35152,711043
35153,701592
35154,692032
35155,682475
35156,672944
35157,663373
35158,653927
35159,644356
35160,635593
35161,626171
35162,616618
35163,606980
35164,599298
35165,589735
35166,580095
35167,570708
35168,561131
35169,551833
35170,542172
35171,532649
35172,523040
35173,513569
35174,504022
35175,494368
35176,485511
35177,477927
35178,468186
35179,458623
35180,449043
35181,439373
35182,429719
35183,420171
35184,410556
35185,401178
35186,391615
35187,381963
35188,372334
35189,364701
35190,355105
35191,345555
35192,336666
35193,326948
35194,317292
35195,307620
35196,297965
35197,288315
35198,278720
35199,269015
35200,259400
35201,249993
35202,242236
35203,232699
35204,223127
35205,213510
35206,203908
35207,194310
35208,185377
35209,175861
35210,167244
35211,157318
35212,147380
35213,137417
35214,127656
35215,120785
35216,94934
35217,94979
35218,91924
35219,82467
35220,72936
35221,63407
35222,53849
35223,44313
35224,35447
35225,25885
35226,16200
35227,6689
35228,1082294
35229,1076223
35230,1070362
35231,1065115
35232,1058601
35233,1055134
35234,1049697
35235,1043309
35236,1037495
35237,1031959
35238,1025548
35239,1019261
35240,1020853
35241,1025785
35242,1018602
35243,1009942
35244,1000667
35245,991514
35246,982268
35247,972781
35248,963373
35249,954055
35250,944388
35251,934789
35252,925213
35253,917544
35254,907876
35255,898378
35256,889392
35257,879910
35258,870354
35259,860891
35261,841310
35262,831736
35263,822276
35264,812707
35265,803236
35266,793636
35267,785810
35268,776278
35269,766627
35270,757044
35271,747389
35272,738566
35273,729067
35274,719334
35275,709838
35276,700336
35277,690774
35278,681345
35279,671759
35280,663963
35281,654579
35282,645266
35283,635763
35284,626239
35285,616809
35286,607218
35287,597778
35288,588881
35289,579308
35290,569661
35291,560079
35292,550451
35293,542650
35294,533152
35295,523512
35296,514007
35297,504675
35298,495117
35299,485490
35300,475859
35301,466243
35302,456587
35303,446995
35304,438066
35305,428411
35306,420748
35307,411107
35308,401562
35309,391999
35310,382417
35311,372848
35312,364648
35313,354767
35314,344835
35315,334870
35316,324970
35317,315306
35318,307613
35319,298082
35320,289252
35321,279664
35322,270080
35323,260552
35324,250911
35325,241284
35326,231731
35327,222167
35328,212450
35329,203049
35330,193459
35331,185618
35332,176032
35333,166555
35334,156961
35335,147408
35336,138537
35337,128996
35338,119300
35339,109676
35340,100162
35341,99576
35342,89787
35343,79869
35344,69949
35345,60046
35346,50096
35347,40173
35348,30270
35349,20323
35350,10397
35351,1071002
35352,1072829
35353,1067000
35354,1061775
35355,1055724
35356,1062609
35357,1065736
35358,1056898
35359,1047869
35360,1038562
35361,1029377
35362,1020003
35363,1010459
35364,1000751
35365,991107
35366,981659
35367,972087
35368,963245
35369,953626
35370,945918
35371,936354
35372,926829
35373,898748
35374,898790
35375,897613
35376,887942
35377,878710
35378,869172
35379,859720
35380,850045
35381,840537
35382,832673
35383,823165
35384,814249
35385,804581
35386,795100
35387,785633
35388,776100
35389,766524
35390,757102
35391,747555
35392,737879
35393,728583
35394,718830
35395,711100
35396,701606
35397,691990
35398,682483
35399,672900
35400,664057
35401,654461
35402,644998
35403,635283
35404,625686
35405,616131
35406,606484
35407,596823
35408,589746
35409,580335
35410,570792
35411,561246
35412,551633
35413,542117
35414,532503
35415,524202
35416,514284
35417,504340
35418,494763
35419,485107
35420,475586
35421,467797
35422,458151
35423,448616
35424,438964
35425,429425
35426,419809
35427,410149
35428,400464
35429,390860
35430,381243
35431,371805
35432,362841
35433,353234
35434,345429
35435,335959
35436,326349
35437,316714
35438,307261
35439,297639
35440,287993
35441,278674
35442,269125
35443,259587
35444,250017
35445,240412
35446,232669
35447,223135
35448,214283
35449,204728
35450,195120
35451,185551
35452,176034
35453,166498
35454,156957
35455,147594
35456,137987
35457,128577
35458,119062
35459,111258
35460,101757
35461,92107
35462,82527
35463,72888
35464,64006
35465,54398
35466,44783
35467,35175
35468,25657
35469,16130
35470,6626
35471,1062252
35472,1055020
35474,1035881
35475,1026292
35476,1016683
35477,1007192
35478,997536
35479,987981
35480,979177
35481,969567
35482,959897
35483,950422
35484,940742
35485,931257
35486,923458
35487,913932
35488,904261
35489,894855
35490,885303
35491,875652
35492,866182
35493,856513
35494,847025
35495,837560
35496,828547
35497,818947
35498,809489
35499,801625
35500,792135
35501,782628
35502,772951
35503,763468
35504,753933
35505,744526
35506,735045
35507,725446
35508,715912
35509,706483
35510,696843
35511,689101
35512,680232
35513,670607
35514,661037
35515,651556
35516,641998
35517,632400
35518,622833
35519,614044
35520,604120
35521,594186
35522,584565
35523,574982
35525,557252
35526,547804
35527,538330
35528,529537
35529,520035
35530,510452
35531,500868
35532,491289
35533,481783
35534,472209
35535,462483
35536,452892
35537,443402
35538,435538
35539,426059
35540,416431
35541,406895
35542,397217
35543,387637
35544,378809
35545,369277
35546,359733
35547,350146
35548,340609
35549,330993
35550,321306
35551,313541
35552,303940
35553,294573
35554,285038
35555,275493
35556,265938
35557,256426
35558,246762
35559,237112
35560,228312
35561,218747
35562,209174
35563,199619
35564,191987
35565,182407
35566,172824
35567,163328
35568,153763
35569,144416
35570,134864
35571,125206
35573,105611
35574,96147
35575,86552
35576,77666
35577,69991
35578,60577
35579,51038
35580,41464
35581,31820
35582,22287
35583,12717
35584,3154
35585,1069789
35586,1060373
35587,1050856
35588,1041386
35589,1031788
35590,1026957
35591,1017421
35592,1008710
35593,999284
35594,989703
35595,980053
35596,970423
35597,960891
35598,951270
35599,941658
35600,932171
35601,922745
35602,913157
35603,906901
35604,897267
35605,887765
35606,878166
35607,868681
35608,859877
35609,850333
35610,840809
35611,831283
35612,821992
35613,812477
35614,803004
35615,793414
35616,785585
35617,776217
35618,766750
35619,757122
35620,747616
35621,738097
35622,728394
35623,719607
35624,710124
35625,700522
35626,690893
35627,681427
35628,671919
35629,664145
35630,654611
35631,645057
35632,635464
35633,626155
35634,616604
35635,606963
35636,597430
35637,587870
35638,578526
35639,568953
35640,560032
35641,552311
35642,542664
35643,533148
35644,523551
35645,513941
35646,504313
35647,494811
35648,485209
35649,475735
35650,466110
35651,456531
35652,446966
35653,437446
35654,429613
35655,420030
35656,411145
35657,401516
35658,391919
35659,382345
35660,372744
35661,363144
35662,353620
35663,344072
35664,334484
35665,325121
35666,315569
35667,307857
35668,298325
35669,288718
35670,279171
35671,269592
35672,260796
35673,251213
35674,241639
35675,232126
35676,222520
35677,212924
35678,203295
35679,193725
35680,185903
35681,176540
35682,167001
35683,157312
35684,147791
35685,138136
35686,128623
35687,119091
35688,110699
35689,101190
35690,91643
35691,82033
35692,72504
35693,64886
35694,55264
35695,45612
35696,36049
35697,26654
35698,17272
35699,7655
35700,1062297
35701,1052799
35702,1043343
35703,1033762
35704,1025479
35705,1020697
35706,1011206
35707,1001622
35708,992016
35709,982393
35710,972845
35711,963283
35712,953654
35713,944245
35714,934696
35715,925026
35716,915436
35717,905864
35718,898086
35719,888504
35720,879606
35721,869972
35722,860441
35723,850920
35724,841388
35725,831754
35726,823075
35727,813133
35728,803208
35729,793865
35730,784291
35731,776527
35732,767016
35733,757375
35734,747858
35735,738361
35736,729558
35737,719949
35738,710536
35739,700881
35740,691465
35741,681971
35742,672445
35743,662945
35744,655283
35745,645809
35746,636195
35747,626664
35748,617066
35749,607518
35750,597957
35751,588320
35752,579478
35753,569914
35754,560390
35756,541014
35757,531340
35758,523631
35759,514112
35760,504506
35761,495074
35762,485478
35763,475830
35764,466344
35765,456674
35766,447159
35767,437501
35768,428623
35769,419004
35770,411336
35771,401736
35772,392038
35773,382534
35774,372913
35775,363377
35776,353808
35777,344509
35778,334856
35779,325202
35780,315634
35781,306034
35782,296578
35783,288928
35784,280016
35785,270453
35786,260993
35787,251656
35788,242141
35789,232608
35790,222999
35791,213480
35792,203902
35793,194504
35794,184919
35795,175374
35796,168941
35797,159374
35798,149775
35799,140090
35800,131297
35801,121699
35802,112033
35803,102545
35804,93316
35805,83667
35806,74073
35807,64446
35808,54908
35809,47647
35810,38185
35811,28675
35812,19018
35813,9619
35814,1067703
35815,1058225
35816,1049732
35817,1040066
35818,1030584
35819,1020983
35820,1011405
35821,1001826
35822,995344
35823,985673
35824,976085
35825,966642
35826,957179
35827,947672
35828,939432
35829,929534
35831,909644
35832,900094
35833,890412
35834,880928
35835,873246
35836,863788
35837,854223
35838,844615
35839,835044
35840,825507
35841,816103
35842,806551
35843,796968
35844,787485
35845,777976
35846,768477
35847,758823
35848,751716
35849,742127
35850,732606
35851,722914
35852,713419
35853,703897
35854,694359
35855,684786
35856,675280
35857,665986
35858,656723
35859,647144
35860,637570
35861,629939
35862,620276
35863,610679
35864,601964
35865,592357
35866,582694
35867,573215
35868,563537
35869,553949
35870,544406
35871,534811
35872,525219
35873,515784
35874,507940
35875,498409
35876,488820
35877,479262
35878,469656
35879,460032
35880,451199
35881,441569
35882,431904
35883,422325
35884,412657
35885,403044
35886,393433
35887,385696
35888,376063
35889,366612
35890,356950
35891,347358
35892,337838
35893,328266
35894,318690
35895,309087
35896,300284
35897,290676
35898,281007
35899,273228
35900,263716
35901,254173
35902,244620
35903,235133
35904,225486
35905,216140
35906,206571
35907,196918
35908,187334
35909,177721
35910,168060
35911,158596
35912,151508
35913,142018
35914,132430
35915,122868
35916,113168
35917,103835
35918,94437
35919,84869
35920,75372
35921,65922
35922,56246
35923,46560
35924,37023
35925,29626
35926,20115
35927,10365
35928,1759
35929,1052430
35930,1043058
35931,1033659
35932,1025207
35933,1015439
35935,995562
35936,985757
35937,975943
35938,966373
35939,958867
35940,949263
35941,939777
35942,930207
35943,920629
35944,911821
35945,902270
35946,892595
35947,883023
35948,873424
35949,863912
35950,854320
35951,844760
35952,836999
35953,827615
35954,818076
35955,808476
35956,798887
35958,779235
35959,769680
35960,760879
35961,751374
35962,741854
35963,732346
35964,722911
35965,715038
35966,705498
35967,695917
35968,686518
35969,677194
35970,667650
35971,658092
35972,648600
35973,639051
35974,629552
35975,619999
35976,611181
35977,601489
35978,593728
35979,612051
35980,602226
35981,592352
35982,582431
35983,572544
35984,562665
35985,552715
35986,542819
35987,532931
35988,522991
35989,513082
35990,503204
35991,493253
35992,483353
35993,473470
35994,463533
35995,453656
35996,443728
35997,433783
35998,423851
35999,413946
36000,404007
36001,394115
36002,384208
36003,374316
36004,364413
36005,354517
36006,344571
36007,334673
36008,324767
36009,314817
36010,304885
36011,294994
36012,285034
36013,275106
36014,265203
36015,255265
36016,245331
36017,235440
36019,215497
36020,205592
36021,195643
36022,185703
36023,175796
36024,165911
36025,155964
36026,146056
36027,136106
36028,126177
36029,116266
36030,106316
36031,96378
36032,86492
36033,76543
36034,66604
36035,56737
36036,47109
36037,37466
36038,28957
36039,19019
36040,9406
36041,1064184
36042,1054753
36043,1049600
36044,1040208
36045,1030707
36046,1021121
36047,1011559
36048,1001984
36049,993001
36050,983477
36051,973839
36052,964256
36053,954708
36054,945145
36055,935518
36056,929292
36057,919642
36058,910002
36059,900482
36060,890894
36061,881412
36062,871742
36063,862201
36064,852606
36065,843362
36066,833989
36067,824436
36068,814866
36069,807226
36070,797631
36071,779696
36072,727584
36073,727615
36074,727890
36075,727937
36076,727838
36077,727908
36078,720429
36079,710863
36080,701291
36081,691824
36082,684070
36083,674529
36084,664851
36085,655257
36086,645653
36087,636087
36088,627138
36089,617663
36090,608316
36091,598754
36092,589461
36093,579956
36094,572189
36095,562712
36096,553019
36097,543603
36098,534027
36099,524434
36100,514982
36101,505307
36102,495684
36103,485994
36104,477074
36105,467578
36106,457839
36107,450109
36108,440475
36109,430960
36110,421375
36111,411753
36112,402268
36113,392824
36114,383277
36115,373598
36116,364024
36117,354346
36118,344846
36119,335125
36120,328221
36121,318740
36122,309061
36123,299431
36124,289908
36125,280323
36126,270591
36127,261107
36128,251450
36129,241956
36130,232323
36131,222780
36132,213183
36133,205341
36134,195920
36135,186390
36136,177521
36137,167923
36138,158358
36139,148683
36140,140055
36141,130111
36142,120180
36143,110285
36144,100646
36145,91266
36146,83579
36147,74433
36148,64946
36149,55315
36150,45722
36151,36084
36152,27219
36153,17537
36154,8208
36155,1163484
36156,1156328
36157,1148429
36158,1158744
36159,1150875
36160,1143048
36161,1138262
36162,1130310
36163,1122423
36164,1114729
36165,1106674
36166,1098810
36167,1091085
36168,1087382
36169,1079502
36170,1071275
36171,1065465
36172,1056000
36173,1046423
36174,1036843
36175,1027244
36176,1017605
36177,1008127
36178,998545
36179,988968
36180,979360
36181,969817
36182,960285
36183,950770
36184,945286
36185,935643
36186,926089
36187,916466
36188,906850
36189,897273
36190,887655
36191,878169
36192,868600
36193,859295
36194,849871
36195,840306
36196,830794
36198,813149
36199,803693
36200,795102
36201,785529
36202,775956
36203,766380
36204,756780
36205,747322
36206,738036
36208,718565
36209,709243
36210,699807
36211,690353
36212,682700
36213,673061
36214,663420
36215,653976
36216,645150
36217,635694
36218,626217
36219,616592
36220,606920
36221,597487
36222,587771
36223,578180
36224,570251
36225,560869
36226,551250
36227,541643
36228,531938
36229,522564
36230,512980
36231,503415
36232,494562
36233,485065
36234,475342
36235,465866
36236,456239
36237,448406
36238,438829
36239,429117
36240,419548
36241,410146
36242,400551
36243,390913
36244,381502
36245,372981
36246,363040
36248,343407
36249,333820
36250,324190
36251,316585
36252,306924
36253,297404
36254,287848
36255,278218
36256,268551
36257,259092
36258,249641
36259,240092
36260,230493
36261,220962
36262,211983
36263,202441
36264,195581
36265,185971
36266,176420
36267,166694
36268,157204
36269,147604
36270,138058
36271,128425
36273,108922
36274,99257
36275,89698
36276,80051
36277,70379
36278,62616
36279,53035
36280,44070
36281,34575
36282,25176
36283,15592
36284,6081
36285,1062887
36286,1053498
36287,1044042
36288,1034438
36289,1025699
36290,1021428
36291,1011849
36292,1002274
36293,992694
36294,983053
36295,973507
36296,964689
36297,955034
36298,945475
36299,935884
36300,926196
36301,916694
36302,907110
36303,899613
36304,889968
36305,880616
36306,871070
36307,861435
36308,851855
36309,842240
36310,832686
36311,823306
36312,814498
36313,804855
36314,795420
36315,785900
36316,778104
36317,768573
36318,758897
36319,749453
36320,739942
36321,730586
36322,720973
36323,711469
36324,701885
36325,692223
36326,682728
36327,673150
36328,664430
36329,656836
36330,647170
36331,637613
36332,628051
36333,618513
36334,608976
36335,599641
36336,590140
36337,580776
36338,571188
36339,561551
36340,551944
36341,542382
36342,534562
36343,524923
36344,516047
36345,506488
36346,496827
36347,487180
36348,477530
36349,468753
36350,458836
36351,448893
36352,438998
36353,429608
36354,421741
36355,412175
36356,402606
36357,393162
36358,383618
36359,373969
36360,365144
36361,355565
36362,346096
36363,336470
36364,326850
36365,317322
36366,307720
36367,299861
36368,290280
36369,280799
36370,271274
36371,261670
36372,252202
36373,242712
36374,233163
36375,223520
36376,214686
36377,205040
36378,195376
36379,185732
36380,179090
36381,169447
36382,159847
36383,150362
36384,140754
36385,131371
36386,121849
36387,112216
36388,102554
36389,93415
36390,83767
36391,74106
36392,65307
36393,57519
36394,47963
36395,38333
36396,28607
36397,18992
36398,9588
36399,1059138
36400,1049680
36401,1040890
36402,1031306
36403,1021765
36404,1012168
36405,1002582
36406,998055
36407,988635
36408,979894
36409,970309
36410,960740
36411,951096
36412,941430
36413,931879
36414,922205
36416,902645
36417,893207
36418,883637
36419,875957
36420,866417
36421,856747
36422,847184
36423,837577
36424,828749
36425,819386
36426,809689
36427,800147
36428,790613
36429,780936
36430,771309
36431,761743
36432,753988
36433,744611
36434,735035
36435,725375
36436,715824
36437,706227
36438,696585
36439,687002
36440,678187
36441,668638
36442,659235
36443,649819
36444,640177
36445,632419
36446,622816
36447,613230
36448,603672
36449,594233
36450,584562
36451,574959
36452,566413
36453,556472
36454,546549
36455,536802
36456,527762
36457,518266
36458,510495
36459,500882
36460,491342
36461,481724
36462,472141
36463,462560
36464,452958
36465,443515
36466,434013
36467,424483
36468,414905
36469,405324
36471,385711
36472,378688
36473,369039
36474,359421
36475,349831
36476,340228
36477,330597
36478,321104
36479,311493
36480,301905
36481,292585
36482,282989
36483,273442
36484,265639
36485,255973
36486,246321
36487,236741
36488,228017
36489,218444
36490,208854
36491,199259
36492,189664
36493,179974
36494,170480
36495,160873
36496,151436
36497,143846
36498,134300
36499,124746
36500,115201
36501,105617
36502,95976
36503,86421
36504,77964
36505,68470
36506,58898
36507,49346
36509,29681
36510,20034
36511,12327
36512,2881
36513,1049833
36514,1040412
36515,1030956
36516,1005352
36517,1005412
36518,1001879
36519,992293
36520,983616
36521,974084
36522,964423
36523,954821
36524,950682
36525,941006
36526,931428
36527,921862
36528,912246
36529,902917
36530,893351
36531,883671
36532,874100
36533,864539
36534,854979
36535,845384
36536,836628
36537,828923
36538,819339
36539,809948
36540,800387
36541,790763
36542,781240
36543,771714
36544,762200
36545,752860
36546,743186
36547,733619
36548,724091
36549,716247
36550,706871
36551,697214
36552,688342
36553,678746
36554,669251
36555,659588
36556,650153
36557,641449
36558,631503
36559,621826
36560,612279
36561,602913
36562,595087
36563,585525
36564,575964
36565,566555
36566,557053
36567,547587
36568,538821
36569,529343
36570,519743
36571,510291
36572,500750
36573,491063
36574,481442
36575,475162
36576,465589
36577,456165
36578,446695
36579,437070
36580,427518
36581,417911
36582,408420
36583,398992
36584,390092
36585,380662
36586,371018
36587,361437
36588,353686
36589,344185
36590,334702
36591,325006
36592,315382
36593,306126
36594,296496
36595,286821
36596,277280
36597,267583
36598,258088
36599,248558
36600,239773
36601,231986
36602,222563
36603,212912
36604,203401
36605,193805
36606,184251
36607,174685
36608,165178
36609,155789
36610,146294
36611,136675
36612,127040
36613,119187
36614,109635
36615,99977
36616,91140
36617,82061
36618,80936
36619,71067
36620,61206
36621,51303
36622,41457
36623,31557
36624,21651
36625,11751
36626,1064048
36627,1054631
36628,1045252
36629,1035715
36630,1026148
36631,1016621
36632,1008394
36633,998850
36634,989275
36635,979737
36636,970074
36637,960578
36638,951001
36639,943680
36640,934166
36641,924837
36642,915194
36643,905689
36644,896281
36645,886769
36646,877288
36647,867737
36648,858858
36649,849358
36650,839743
36651,830158
36652,822583
36653,813067
36655,793575
36656,784054
36657,774599
36658,765000
36659,755491
36660,746962
36661,737033
36662,727123
36663,717419
36664,708572
36665,699089
36666,691511
36667,682046
36668,672442
36669,662934
36670,653463
36672,216430
36673,216725
36674,216786
36675,216851
36676,216847
36677,216902
36678,216930
36679,218691
36680,220240
36681,220282
36682,220322
36683,220356
36684,220385
36685,220430
36686,220517
36687,220590
36688,220587
36689,220660
36690,220678
36691,220704
36692,222320
36693,222417
36694,222448
36695,222525
36696,223532
36697,223704
36698,223755
36699,223783
36700,223808
36701,223844
36702,223918
36703,223923
36704,223988
36705,225380
36706,225468
36707,225546
36708,225629
36709,225661
36710,225681
36711,225743
36712,226362
36713,226466
36714,226517
36715,217462
36716,207632
36717,198065
36718,190530
36719,181045
36720,171583
36721,162221
36722,152676
36723,143167
36724,133713
36725,124201
36726,114569
36727,105083
36728,96146
36729,86598
36730,77003
36731,69906
36732,60260
36733,50630
36734,41143
36735,31500
36736,22017
36737,12567
36738,2989
36739,1252446
36740,1243127
36741,1233571
36742,1223974
36743,1219315
36744,1211194
36745,1201551
36746,1192172
36747,1182638
36748,1173079
36749,1163606
36750,1154065
36751,1144438
36752,1134872
36753,1125470
36754,1115914
36755,1106371
36756,1098848
36757,1089283
36758,1079745
36759,1073152
36760,1063319
36761,1053508
36762,1043628
36763,1033724
36764,1025039
36765,1015122
36766,1005174
36767,995227
36768,985309
36769,978894
36770,969339
36771,959704
36772,950182
36773,940757
36774,931175
36775,921705
36776,912837
36777,903355
36778,884583
36779,884338
36780,874629
36781,861925
36782,857301
36783,848457
36784,838781
36785,829563
36786,820174
36787,810614
36788,801112
36789,791543
36790,781911
36791,772440
36792,763635
36793,754196
36794,744601
36795,736994
36796,727347
36797,717890
36798,708207
36799,698646
36800,689017
36801,679652
36802,670061
36803,660437
36804,650791
36805,641175
36806,631598
36807,623850
36808,614956
36809,605326
36810,595766
36811,586086
36812,576566
36813,566950
36814,557443
36815,547957
36816,538431
36817,528956
36818,519433
36819,509882
36820,502119
36821,492602
36822,483030
36823,473429
36824,464513
36825,455055
36826,445480
36827,435905
36828,426291
36829,416595
36830,407145
36831,397534
36832,387987
36833,380613
36834,370979
36835,361457
36836,351957
36837,342283
36838,332683
36839,323360
36840,314507
36841,304739
36842,295612
36843,281840
36844,276463
36845,266959
36846,259187
36847,249535
36848,239939
36849,230503
36850,220812
36851,211268
36852,201550
36853,192056
36854,182425
36855,172928
36856,160195
36857,154382
36858,144744
36859,136839
36860,127370
36861,117731
36862,108095
36863,98617
36864,88991
36865,79496
36866,70841
36867,60914
36868,50972
36869,41126
36870,31614
36871,23739
36872,15137
36873,5535
36874,1056083
36875,1046704
36876,1037227
36877,1027668
36878,1018199
36879,1008620
36880,999065
36881,989209
36882,980825
36883,971472
36884,967940
36885,958461
36886,948903
36887,939454
36888,930862
36889,921272
36890,911703
36891,902041
36892,892596
36893,883101
36894,864319
36895,863832
36896,854351
36897,847016
36898,837578
36899,828072
36900,818562
36901,809102
36902,799829
36903,790246
36904,781567
36905,772141
36906,762592
36907,753045
36908,743661
36909,734214
36910,726533
36911,717032
36912,707450
36913,698030
36914,688548
36915,679114
36916,669591
36917,660267
36918,651046
36919,641531
36920,632830
36921,623305
36922,613792
36923,606260
36924,596657
36925,587132
36926,577794
36927,568256
36928,558808
36929,549558
36930,539897
36931,530422
36932,520916
36933,511495
36934,502084
36935,494452
36936,485781
36937,476116
36938,466641
36939,457188
36940,447691
36941,438297
36942,428672
36943,419216
36944,409770
36945,400350
36946,390674
36947,381184
36948,373479
36949,363830
36950,354297
36951,344658
36952,335784
36953,326191
36954,316760
36955,307198
36956,297603
36957,287980
36958,278480
36959,268973
36960,259371
36961,253225
36962,243761
36963,234168
36964,224705
36965,215189
36966,205558
36967,195905
36968,188606
36969,178673
36970,168730
36971,158793
36972,148859
36973,139349
36974,131696
36975,122253
36976,112775
36977,103379
36978,94200
36979,84714
36980,75181
36981,65799
36982,56215
36983,46750
36984,38024
36985,28452
36986,18898
36987,11305
36988,1833
36989,1053346
36990,1043867
36991,1034252
36992,1024729
36993,1015289
36994,1005678
36995,996122
36996,986462
36997,976859
36998,967293
36999,959490
37000,950589
37001,941154
37002,931468
37003,921913
37004,912411
37005,902804
37006,893243
37007,883673
37008,874067
37009,864657
37010,855123
37011,845438
37012,837759
37013,828203
37014,818656
37015,808991
37016,800211
37017,790695
37018,781248
37019,771843
37020,762158
37021,752747
37022,743208
37023,733768
37024,724211
37025,716646
37026,707033
37027,697465
37028,687815
37029,678351
37030,668777
37031,659338
37032,650578
37033,640986
37034,631407
37035,621959
37036,612262
37037,602756
37038,594861
37039,585282
37040,575751
37041,566248
37042,556710
37043,547293
37044,537747
37045,528194
37046,518631
37047,508960
37048,500114
37049,490423
37050,480896
37051,474157
37052,464556
37053,454990
37054,445384
37055,435844
37056,426188
37057,416823
37058,407190
37059,397572
37060,387913
37061,378385
37062,368669
37063,361068
37064,352153
37066,332490
37067,322867
37068,313287
37069,303759
37070,294246
37072,274641
37073,265845
37074,255909
37075,245971
37076,236350
37077,226767
37078,218999
37079,209500
37080,200683
37081,191210
37082,181607
37083,172119
37084,162464
37085,152915
37086,143225
37087,133624
37088,123976
37089,114455
37090,104808
37091,97069
37092,87493
37093,77928
37094,68602
37095,59002
37096,50206
37097,40651
37098,31049
37099,21521
37100,11937
37101,2408
37102,1052878
37103,1043578
37104,1036116
37105,1026745
37106,1017221
37107,1007574
37108,998004
37109,988368
37110,978807
37111,969177
37112,960321
37113,950699
37114,941016
37115,931562
37116,922018
37117,914461
37118,904902
37119,895286
37120,885696
37121,876362
37122,866688
37123,857131
37124,847553
37125,838099
37126,828573
37127,818928
37128,809967
37129,802397
37130,792877
37131,783196
37132,773661
37133,764206
37134,754730
37135,745047
37136,735527
37137,726111
37138,716505
37139,706995
37140,697383
37141,687785
37142,679986
37143,670491
37144,661581
37145,652159
37146,642584
37147,633009
37148,623430
37149,613858
37150,604232
37151,594622
37152,584956
37153,575558
37154,565991
37155,558936
37156,549322
37157,539708
37158,530222
37159,520617
37160,511787
37161,502098
37162,492454
37163,482912
37164,473176
37165,463530
37166,453966
37167,444322
37168,436542
37169,427244
37170,417654
37171,407967
37172,398325
37173,388715
37174,379141
37176,360332
37177,350586
37178,341070
37179,331370
37180,321750
37181,312154
37182,304195
37183,294760
37184,285155
37185,275755
37186,266194
37187,256579
37188,246970
37189,237357
37190,227823
37191,218228
37192,209390
37193,199809
37194,192116
37195,182674
37196,173067
37197,163562
37198,154037
37199,144481
37200,134887
37201,125472
37202,115872
37203,106283
37204,96758
37205,87261
37206,77594
37207,69984
37208,61067
37209,51561
37210,42029
37211,32517
37212,22912
37213,13394
37214,3884
37215,1057322
37216,1049553
37217,1042849
37218,1034631
37219,1026726
37220,1024551
37221,1016648
37222,1008702
37223,1001046
37224,996633
37225,988560
37226,980919
37227,972740
37228,964916
37229,957097
37230,948847
37231,940874
37232,933123
37233,931390
37234,923369
37235,915889
37236,907849
37237,899922
37238,892281
37239,884109
37240,878973
37241,870007
37242,860661
37243,851337
37244,841977
37245,832335
37246,824735
37247,815174
37248,805658
37249,796338
37250,786777
37251,777142
37252,767540
37253,758004
37254,752977
37255,743094
37256,733251
37257,723358
37258,713419
37259,703538
37260,693679
37261,683771
37262,674186
37263,664600
37264,654954
37265,645712
37266,636157
37267,626480
37268,616931
37269,607398
37270,597856
37271,590126
37272,581220
37273,571663
37274,562099
37275,552611
37276,543162
37277,533673
37278,524121
37279,515398
37280,505500
37281,495572
37282,485793
37283,476204
37284,468405
37285,458733
37286,449217
37287,439609
37288,430616
37289,421085
37290,411456
37291,401964
37292,392370
37293,382822
37294,373206
37295,363596
37296,354020
37297,346382
37298,336786
37299,327176
37300,317603
37301,307969
37302,298428
37303,288921
37304,280044
37305,270470
37306,260856
37307,251337
37308,241798
37309,232188
37310,224409
37311,214746
37312,205257
37313,195791
37314,186160
37315,176624
37316,167097
37317,157476
37318,147967
37319,138661
37320,129735
37321,120309
37322,112596
37323,103104
37324,93497
37325,83912
37326,74328
37327,64724
37328,55040
37329,45624
37330,36119
37331,26525
37332,17060
37333,7420
37334,1057899
37335,1051049
37336,1042268
37337,1032801
37338,1023263
37339,1013779
37340,1004265
37341,994663
37342,984999
37343,975541
37344,965877
37345,956469
37346,946982
37347,937291
37348,930319
37349,920697
37350,911059
37351,901416
37352,892545
37353,882874
37354,873409
37355,863800
37356,854185
37357,844558
37358,835081
37359,825573
37360,816065
37361,808541
37362,798889
37363,789424
37364,779829
37365,770276
37366,760814
37367,751200
37368,742304
37369,732732
37370,723291
37371,713768
37372,704106
37373,694583
37374,686794
37375,677229
37376,667799
37377,658454
37378,648971
37379,639403
37380,629858
37381,621240
37382,611300
37384,591897
37385,582355
37386,572711
37387,564840
37388,555286
37389,545695
37390,536083
37391,526507
37392,516973
37393,507592
37394,497975
37395,488412
37396,478880
37397,469231
37398,459604
37399,450060
37400,443065
37401,433492
37402,423871
37403,414210
37404,404587
37405,394982
37406,385417
37407,375811
37408,366277
37409,356825
37410,347287
37411,337609
37412,327980
37413,320115
37414,310458
37415,300951
37416,292052
37417,282474
37418,272876
37419,263265
37420,253683
37421,244121
37422,234485
37423,224906
37424,215348
37425,205964
37426,198235
37427,188644
37428,179013
37429,169385
37430,159895
37431,150297
37432,141341
37433,131861
37434,122155
37435,112646
37436,103141
37437,93544
37438,84135
37439,76440
37440,66796
37441,57510
37442,47926
37443,38363
37444,28763
37445,19174
37446,9591
37447,1060784
37448,1052192
37449,1042490
37450,1033080
37451,1025591
37452,1016071
37453,1006417
37454,996969
37455,987326
37456,977659
37457,968237
37458,958593
37459,948987
37460,939447
37461,929709
37462,920156
37463,910562
37464,903450
37465,893925
37466,884312
37467,874768
37468,865044
37469,855614
37470,845946
37471,836481
37472,826864
37473,817499
37474,808035
37475,798582
37476,789050
37477,781252
37478,771644
37479,762003
37480,753061
37481,743524
37482,733929
37483,724319
37484,716565
37485,706696
37486,696748
37487,686851
37488,676922
37489,666980
37490,659168
37491,649481
37492,639974
37493,630384
37494,620858
37495,611284
37496,602495
37497,592857
37498,583342
37499,573769
37500,564249
37501,554653
37502,545123
37503,537313
37504,527691
37506,508323
37507,498676
37508,489139
37509,479451
37510,469915
37511,460258
37512,451319
37513,441774
37514,432174
37515,422536
37516,414682
37517,405148
37518,395472
37519,385842
37520,376177
37521,366708
37522,357179
37523,347535
37524,337916
37525,328315
37526,318817
37527,309100
37528,300254
37529,292399
37530,282787
37531,273235
37532,263571
37533,253986
37534,244390
37535,234913
37536,225300
37537,215804
37538,206306
37539,196581
37540,187106
37541,177504
37542,170360
37543,160740
37544,151954
37545,142478
37546,132915
37547,123337
37548,113714
37549,104239
37550,94623
37551,85497
37552,75932
37553,66543
37554,57030
37555,49349
37556,39683
37557,30137
37558,20560
37559,11012
37560,2475
37561,1007220
37562,997732
37563,988277
37564,978702
37565,969192
37566,959585
37567,950005
37568,942418
37569,932962
37570,923358
37571,913783
37572,904258
37573,894720
37574,885154
37575,875491
37576,866562
37577,856953
37578,847384
37579,837745
37580,829899
37581,820369
37582,810845
37583,801232
37584,791692
37585,782387
37586,772923
37587,763351
37588,754566
37589,744615
37590,734677
37591,724900
37592,716002
37593,708212
37594,698772
37595,689137
37596,679639
37597,670095
37598,660602
37599,651076
37600,641590
37601,632233
37602,622638
37603,613092
37604,603467
37605,593971
37606,586224
37607,576687
37608,567911
37609,558370
37610,548833
37611,539270
37612,529652
37613,520117
37614,510488
37615,500943
37616,491365
37617,481891
37618,472266
37619,464395
37620,454720
37621,445169
37622,435577
37623,425986
37624,417127
37625,407507
37626,397938
37627,388444
37628,378841
37629,369143
37630,359497
37631,349917
37632,342267
37633,332781
37634,323161
37635,313568
37636,303926
37637,294396
37638,284825
37639,275191
37640,266330
37641,256614
37642,247021
37643,237475
37644,229526
37645,220000
37646,210343
37647,200750
37648,191103
37649,181812
37650,172158
37651,162566
37652,153033
37653,143380
37654,133844
37655,124205
37656,115347
37657,107454
37658,97946
37659,88281
37660,78643
37661,69234
37662,59557
37663,49929
37664,40454
37665,30953
37666,21485
37667,11931
37668,2411
37669,1056530
37670,1051395
37671,1041909
37672,698436
37673,698971
37674,699048
37675,699084
37676,699128
37677,699112
37678,699105
37679,699132
37680,699110
37681,699352
37682,699471
37683,701991
37684,701991
37685,702079
37686,702065
37687,702059
37688,703343
37689,703431
37690,704624
37691,704655
37692,704642
37693,704650
37694,704689
37695,704677
37696,704903
37697,705193
37698,705165
37699,705162
37700,705153
37701,705137
37702,705091
37703,705138
37704,706048
37705,706172
37706,704226
37707,694495
37708,686765
37709,677208
37710,667704
37711,657989
37712,648467
37713,639081
37714,629572
37715,619922
37716,610267
37717,600733
37718,591167
37719,581586
37720,572692
37721,564881
37722,555469
37723,545988
37724,536399
37725,526800
37726,517265
37727,507694
37728,498109
37729,488740
37730,479164
37731,469587
37732,459987
37733,450458
37734,443888
37735,434306
37736,425391
37737,415790
37738,406237
37739,396639
37740,387033
37741,377442
37742,367965
37743,358434
37744,348787
37745,339410
37746,329759
37747,322032
37748,312513
37749,302894
37750,293488
37751,283913
37752,275036
37753,265400
37754,255838
37755,246223
37756,234022
37757,226969
37758,214568
37759,207810
37760,195972
37761,188359
37762,181052
37763,171588
37764,161997
37765,152344
37766,142834
37767,133130
37768,124187
37769,114615
37770,104948
37771,95424
37772,87643
37773,78108
37774,68883
37775,59297
37776,49770
37777,40443
37778,30907
37779,21404
37780,11902
37781,2420
37782,1048630
37783,1039130
37784,1030977
37785,1025549
37786,1016016
37787,1006536
37788,996970
37789,987385
37790,977802
37791,968159
37792,958567
37793,950050
37794,940119
37795,930178
37796,920554
37797,910965
37798,903337
37799,893853
37800,885076
37801,875401
37802,865734
37803,856173
37804,846445
37805,836948
37806,827337
37807,817766
37808,808269
37809,798837
37810,789464
37811,781871
37812,772277
37813,762841
37814,753224
37815,743687
37816,734811
37817,725388
37818,715753
37819,706266
37820,696722
37821,687287
37822,677631
37823,668095
37824,660416
37825,651371
37826,641785
37827,632303
37828,622814
37829,613182
37830,603719
37831,594244
37832,585409
37833,575960
37834,566495
37835,556951
37836,549119
37837,539693
37838,530131
37839,520578
37841,501251
37842,491551
37843,481965
37844,472441
37845,462821
37846,453181
37847,443545
37848,434606
37849,425053
37850,417147
37851,407503
37852,397907
37853,388332
37854,378684
37855,369061
37856,359510
37857,350064
37858,340460
37859,330821
37860,321186
37861,311734
37862,302144
37863,294352
37864,285580
37865,276017
37866,266443
37867,256823
37868,247207
37869,237747
37870,228076
37871,218592
37872,208877
37873,199451
37874,189924
37875,176645
37876,172547
37877,163014
37878,153451
37879,143889
37880,134996
37881,125437
37882,115813
37883,106249
37884,96593
37885,87130
37886,77817
37887,68207
37888,58714
37889,51412
37890,46217
37891,36382
37892,26535
37893,16626
37894,6721
37895,1054884
37896,1045484
37897,1036012
37898,1026607
37899,1017148
37900,1007566
37901,1003022
37902,993418
37903,983797
37904,974263
37905,964922
37906,955336
37907,945824
37908,936143
37909,926509
37910,916986
37911,907375
37912,898515
37913,888893
37914,881160
37915,871669
37916,862025
37917,852396
37918,842946
37919,833506
37920,824013
37921,814669
37922,805249
37923,795560
37924,786052
37925,776592
37926,766994
37927,760290
37928,751546
37929,741831
37930,732274
37931,722768
37932,713240
37933,703545
37934,694027
37935,684448
37936,674840
37937,665632
37938,656169
37939,646627
37940,639291
37941,629787
37942,620213
37943,610756
37944,601909
37945,592366
37946,582931
37947,573365
37948,563693
37949,554280
37950,544657
37951,535087
37952,525538
37953,517960
37954,508307
37955,498756
37956,489087
37957,479510
37958,469852
37959,460335
37960,451354
37961,441800
37962,432258
37963,422619
37964,413050
37965,405076
37966,395504
37967,385974
37968,376429
37969,367175
37970,357641
37971,348143
37972,338590
37973,329088
37974,319388
37975,309778
37976,300926
37977,291260
37978,283371
37979,273813
37980,264232
37981,254712
37982,245190
37983,235677
37984,226127
37985,216652
37986,207005
37987,197385
37988,187836
37989,178229
37990,168666
37991,160942
37992,152237
37993,142617
37994,133219
37996,113621
37997,104084
37998,94475
37999,86509
38000,76638
38001,66710
38002,56759
38003,47263
38005,27606
38006,19989
38007,10449
38008,1919
38009,1053351
38010,1043882
38011,1034239
38012,1024780
38013,1015284
38014,1005607
38015,995973
38016,986360
38017,977056
38018,967492
38019,959805
38020,950162
38021,940664
38022,930977
38023,921465
38024,912706
38025,903156
38026,893575
38027,883952
38028,874387
38029,864764
38030,855225
38031,847382
38032,837869
38033,828575
38034,819184
38035,809695
38036,800205
38037,790759
38038,781193
38039,771721
38040,762909
38041,753386
38042,743843
38043,734175
38044,726375
38045,716852
38046,707209
38047,697742
38048,688148
38049,678710
38050,669192
38051,659607
38052,650042
38053,640487
38054,631090
38055,621551
38056,612676
38057,605120
38058,595632
38059,585956
38060,576457
38061,567081
38062,557555
38063,548033
38064,538433
38065,529019
38066,519554
38067,509906
38068,500295
38069,490830
38070,483057
38071,473390
38072,464560
38073,454936
38074,445356
38075,435771
38076,426112
38077,416552
38078,406983
38079,397373
38080,387803
38081,378293
38082,368803
38083,361030
38084,351430
38085,341771
38086,332277
38087,322716
38088,313777
38089,304103
38090,294545
38091,284977
38092,275309
38093,265707
38094,256076
38095,248328
38096,238868
38097,229403
38098,219910
38099,210339
38100,200758
38101,191277
38102,182899
38103,173003
38104,163212
38105,153638
38106,144079
38107,134429
38108,126741
38109,117087
38110,107532
38111,97915
38112,88269
38113,79099
38114,69510
38115,59875
38116,50182
38117,40656
38118,31034
38119,21465
38120,12734
38121,5688
38122,1060291
38123,1052614
38124,1044592
38125,1036858
38126,1029155
38127,1021013
38128,1013103
38129,1006442
38130,998252
38131,990387
38132,982715
38133,974535
38134,972009
38135,964491
38136,960562
38137,952614
38138,944995
38139,936849
38141,919169
38142,911065
38143,903148
38144,895413
38145,888373
38146,880350
38147,872634
38148,870496
38149,862766
38150,855094
38151,846913
38152,842579
38153,835014
38154,826837
38155,818897
38156,811338
38157,803196
38158,795203
38159,787436
38160,784278
38161,777459
38162,769922
38163,761754
38164,753968
38165,746221
38167,728118
38168,724749
38169,716597
38170,708568
38171,700919
38172,692603
38173,684612
38174,680053
38175,670799
38176,661494
38177,652283
38178,642690
38179,633055
38180,623452
38181,613912
38182,604201
38183,594765
38184,585753
38185,576232
38186,566682
38187,558993
38188,549369
38189,539777
38190,530130
38191,520582
38192,511079
38193,501581
38194,492064
38195,482516
38196,472948
38197,463251
38198,453800
38199,444231
38200,437306
38201,427709
38202,418150
38203,408562
38204,399084
38205,389459
38206,380004
38207,371452
38208,361514
38209,351576
38210,341671
38211,332123
38212,322562
38213,314751
38214,305116
38215,295501
38216,286615
38217,276972
38218,267414
38219,257868
38220,248222
38221,238604
38222,228961
38223,219432
38224,209788
38225,202331
38226,192856
38227,183426
38228,173914
38229,164337
38230,154784
38231,145223
38232,136312
38233,126634
38234,117133
38235,107429
38236,97865
38237,88194
38238,80519
38239,70973
38240,61413
38241,52055
38242,42571
38243,33069
38244,23388
38245,13947
38246,4374
38247,1057491
38248,1053370
38249,1045649
38250,1037601
38251,1035515
38252,1028162
38253,1020116
38254,1012116
38255,1004408
38256,996444
38257,989534
38258,981897
38259,973866
38260,965840
38261,958133
38262,949893
38263,941927
38264,943128
38265,935099
38266,927207
38267,919516
38268,911767
38269,903685
38270,896048
38271,888063
38272,879972
38273,873281
38274,865181
38275,858141
38276,857342
38278,842135
38279,832813
38280,824280
38281,814609
38282,805137
38283,795423
38284,785777
38285,776233
38286,766597
38287,757003
38288,747427
38289,738066
38290,730308
38291,720905
38292,711355
38293,701738
38294,692172
38295,682564
38296,673727
38297,664169
38298,654680
38299,645043
38300,635433
38301,625786
38302,616205
38303,608452
38304,598821
38305,589433
38306,579982
38307,570335
38308,560884
38309,551296
38310,541737
38311,532986
38312,523363
38313,513626
38314,504056
38315,494475
38316,487385
38317,477827
38318,468241
38319,458641
38320,449002
38321,439536
38322,429873
38323,420320
38324,410719
38325,401126
38326,391530
38327,381930
38328,373005
38329,365185
38330,355598
38331,345992
38332,336387
38333,326824
38334,317231
38335,307651
38336,298064
38337,288707
38338,279104
38339,269567
38340,259966
38341,250366
38342,242535
38343,233010
38344,224245
38345,214599
38346,204968
38347,195353
38348,185778
38349,176238
38350,166581
38351,157070
38352,147512
38353,138204
38354,130382
38355,120735
38356,111178
38357,101634
38358,92102
38359,82415
38360,73528
38361,63854
38362,54331
38363,44757
38364,35199
38365,25640
38366,16209
38367,8462
38368,1061695
38369,1055039
38370,1046983
38371,1039102
38372,1031412
38373,1023169
38374,1015172
38375,1007450
38376,1002885
38377,994963
38378,987234
38379,979008
38380,976641
38381,969225
38382,961151
38383,953218
38384,945533
38385,938284
38386,930210
38388,912377
38389,904291
38390,896481
38391,888337
38392,883383
38393,874525
38394,867646
38395,858161
38396,848643
38397,839134
38398,829495
38399,819906
38400,810213
38401,800804
38402,791190
38403,781626
38404,771923
38405,762513
38406,752965
38407,745129
38408,736292
38409,726736
38410,717072
38411,707610
38412,698049
38413,688467
38414,679995
38415,670091
38416,660140
38417,650318
38418,640821
38419,633013
38420,623425
38421,613777
38422,604300
38423,594626
38424,585763
38426,566262
38427,556817
38428,547194
38429,537592
38430,528015
38431,518421
38432,508898
38433,501158
38434,491533
38435,481998
38436,472330
38437,462734
38438,453139
38439,443578
38440,434671
38441,425096
38442,415578
38443,405948
38444,396333
38445,386658
38446,378900
38447,369337
38448,359802
38449,350395
38450,340819
38451,331161
38452,321569
38453,312021
38454,302354
38455,292859
38456,284018
38457,274412
38458,264822
38459,258394
38460,248794
38461,239264
38462,229715
38463,220156
38464,210533
38465,201190
38466,191609
38467,182045
38468,172440
38469,162959
38470,153361
38471,143763
38472,136722
38473,127267
38474,117725
38475,107999
38476,98361
38477,88882
38478,79308
38479,69769
38480,60151
38481,50778
38482,41270
38483,31680
38484,23896
38485,14470
38486,4866
38487,1060427
38488,1051531
38489,1042007
38490,1032369
38491,1022783
38492,1013305
38493,1003736
38494,994211
38495,984642
38496,975076
38497,967944
38498,958374
38499,948806
38500,939178
38501,929744
38502,920086
38503,910478
38504,901703
38505,892229
38506,882649
38507,872970
38508,863275
38509,853683
38510,846837
38511,837206
38512,827529
38513,818104
38514,808524
38515,798928
38516,789498
38517,782077
38518,772183
38519,762279
38520,752347
38521,742456
38522,732825
38523,725119
38524,715588
38525,706125
38526,696460
38527,686944
38528,681562
38529,671680
38530,661804
38531,651908
38532,641976
38533,632087
38534,622190
38535,612301
38536,603164
38537,593516
38538,584002
38539,574303
38540,564894
38541,555222
38542,545622
38543,536080
38544,526562
38545,517246
38546,507646
38547,498090
38548,490373
38549,480870
38550,471180
38551,461622
38552,452748
38553,443060
38554,433432
38555,423830
38556,414201
38557,404502
38558,394941
38559,385350
38560,375740
38561,368170
38562,358523
38563,348930
38564,339292
38565,329793
38566,320235
38567,310647
38568,301694
38569,292163
38570,282611
38571,273033
38572,263408
38573,253961
38574,246100
38575,236605
38576,227074
38577,217667
38578,208133
38579,198629
38580,189085
38581,179452
38582,169839
38583,160279
38584,151378
38585,141916
38586,132414
38587,124564
38588,115115
38589,105410
38590,96066
38591,86520
38592,76919
38593,67577
38594,57993
38595,48418
38596,38882
38597,29235
38598,19530
38599,10018
38600,1061897
38601,1052491
38602,1042994
38603,1033506
38604,1023935
38605,1014383
38606,1004819
38607,995223
38608,985535
38609,976223
38610,966637
38611,956999
38612,949577
38613,939954
38614,930336
38615,920742
38616,911904
38617,902242
38618,892686
38619,883020
38620,875352
38621,865437
38622,855498
38623,845563
38624,835654
38625,827775
38626,818124
38627,808628
38628,799221
38629,789696
38630,780136
38631,770660
38632,761751
38633,752228
38634,742658
38635,733145
38636,723638
38637,713997
38638,706158
38639,696587
38640,686921
38641,677506
38642,667925
38643,658071
38644,648455
38645,638975
38646,629301
38647,619780
38648,610967
38649,601429
38650,591760
38651,584060
38652,574427
38653,564905
38654,555236
38655,545670
38656,536161
38657,526776
38658,517287
38659,507781
38660,498143
38661,488476
38662,478865
38663,469233
38664,462198
38665,452620
38666,443088
38667,433531
38668,423935
38669,414307
38670,404666
38671,395165
38672,335311
38673,335433
38674,335503
38675,335565
38676,337213
38678,328541
38679,318874
38680,309927
38681,300411
38682,290743
38683,281207
38684,271688
38685,262027
38686,252462
38687,242894
38688,233374
38689,223990
38690,216134
38691,206467
38692,196933
38693,187358
38694,177931
38695,168309
38696,159437
38697,149781
38698,140258
38699,130708
38700,121079
38701,111494
38702,101908
38703,95164
38704,85558
38705,76579
38706,66991
38707,57405
38708,47814
38709,38137
38710,28543
38711,19076
38712,10313
38713,1067417
38714,1058002
38715,1048491
38716,1043993
38717,1034535
38718,1024982
38719,1015316
38720,1005848
38721,996906
38722,987296
38723,979404
38724,969486
38725,959543
38726,949578
38727,939660
38728,930646
38729,923588
38730,913927
38731,904387
38732,894842
38733,885220
38734,875706
38735,866083
38736,856546
38737,847186
38738,837798
38739,828166
38740,818538
38741,810777
38742,801336
38743,791844
38744,783047
38745,773479
38746,763921
38747,754361
38748,744871
38749,735256
38750,725748
38751,716240
38752,706699
38753,697313
38754,689577
38755,679996
38756,670439
38757,661043
38758,651557
38759,642120
38760,633231
38761,623762
38762,614196
38763,604811
38764,595264
38765,585630
38766,576031
38767,568216
38768,558667
38769,549222
38770,539692
38771,530103
38772,520464
38773,510957
38774,501353
38775,491732
38776,482784
38777,473238
38778,463606
38779,453928
38780,446208
38781,436551
38783,417154
38784,407460
38785,398122
38786,388501
38787,378952
38788,369277
38789,359676
38790,350062
38791,340428
38792,331568
38793,321979
38794,314211
38795,304550
38796,294972
38797,285303
38798,275681
38799,265998
38800,256415
38801,247093
38802,237561
38803,228018
38804,218382
38805,208702
38806,200853
38807,191385
38808,182441
38810,162885
38811,153315
38812,143715
38813,134039
38814,124509
38815,115039
38816,105487
38817,96118
38818,86616
38819,77344
38820,69619
38821,59984
38822,50541
38823,40834
38824,32005
38825,22451
38826,13137
38827,3643
38828,1176936
38829,1169515
38830,1161628
38831,1154177
38832,1145957
38833,1155607
38834,1146329
38835,1136763
38836,1127225
38837,1117729
38838,1108115
38839,1098484
38840,1089782
38841,1080162
38842,1070611
38843,1061018
38844,1051306
38845,1041661
38846,1034226
38847,1024639
38848,1014989
38849,1005626
38850,995964
38851,986367
38852,976866
38853,967230
38854,957812
38855,948365
38856,939478
38857,929866
38858,920267
38859,912401
38860,902896
38861,893375
38862,883694
38863,874046
38864,864420
38865,855114
38866,845660
38867,836069
38868,826584
38869,817042
38870,807485
38871,799751
38872,791147
38873,781731
38874,772213
38875,762660
38876,753214
38877,743671
38878,734147
38879,724553
38880,715013
38881,705573
38882,695989
38883,686430
38884,678613
38885,669063
38886,659434
38887,649871
38888,641034
38889,631465
38890,621953
38891,612370
38892,602771
38893,593210
38894,583575
38895,574029
38896,564383
38897,558005
38898,548363
38899,538682
38900,529134
38901,519419
38902,509917
38903,500229
38904,491186
38905,481790
38906,472318
38907,462697
38908,453065
38909,443511
38910,435763
38911,426120
38912,416524
38913,407138
38914,397545
38915,388042
38916,378415
38918,358797
38919,349177
38920,340373
38921,330705
38922,321252
38923,311615
38924,303838
38926,284185
38927,274584
38928,264963
38929,255456
38930,245894
38931,236242
38932,228682
38933,218768
38934,208834
38935,198884
38936,189346
38937,181645
38938,172143
38939,162738
38940,153071
38941,143501
38942,133996
38943,124309
38944,114642
38945,105223
38946,95621
38947,85980
38948,76453
38949,66823
38950,58953
38951,49431
38952,40515
38953,30899
38954,21590
38955,12070
38956,2517
38957,1185665
38958,1178560
38959,1170826
38960,1163450
38961,1158305
38962,1150397
38963,1162521
38964,1154604
38965,1146637
38966,1139100
38967,1131040
38968,1126934
38969,1117908
38970,1108725
38971,1099274
38972,1089892
38973,1080354
38974,1070781
38975,1061224
38976,1053857
38977,1044484
38978,1035014
38979,1025318
38980,1015712
38981,1006167
38982,996601
38983,986911
38985,968013
38986,958503
38987,948922
38988,939383
38989,929788
38990,922138
38991,912537
38992,902866
38993,893527
38994,883935
38995,874403
38996,864980
38997,855301
38998,845810
38999,836289
39000,827461
39001,817953
39002,810198
39003,800606
39004,791026
39005,781408
39006,771852
39007,762254
39008,752977
39009,743620
39010,734202
39011,724749
39012,715239
39013,705630
39014,696068
39015,688226
39016,679349
39017,669776
39018,660125
39019,650498
39020,641002
39021,631298
39022,621703
39023,612096
39024,602503
39025,593061
39026,583502
39027,573809
39028,565945
39029,556336
39030,546668
39031,537084
39032,528165
39033,518614
39034,508987
39035,501770
39036,491849
39037,481904
39038,472000
39039,462070
39040,452123
39041,443958
39042,434274
39043,424614
39044,415107
39045,405593
39046,396021
39047,386447
39048,377539
39049,367848
39050,358349
39051,348683
39052,339041
39053,329526
39054,321754
39055,312318
39056,302626
39057,293171
39058,283552
39059,274021
39060,264330
39061,254881
39062,245772
39063,236126
39064,227330
39065,217790
39066,210012
39067,200481
39068,190912
39069,181239
39070,171737
39071,162104
39072,152408
39073,143025
39074,133470
39075,123852
39076,114236
39077,104677
39078,95080
39079,87247
39080,78422
39081,68706
39082,59113
39083,49455
39084,39822
39085,30128
39086,20897
39087,11573
39088,2076
39089,1052361
39090,1042897
39091,1033382
39092,1030471
39093,1020903
39094,1011403
39095,1001895
39097,983170
39098,973641
39100,954069
39101,944485
39102,934961
39103,925295
39104,915672
39105,906320
39106,896675
39107,889147
39108,879562
39109,869919
39110,860360
39111,850772
39112,841991
39113,832426
39114,822801
39115,813366
39116,803798
39117,794142
39118,784647
39119,775160
39120,767382
39121,758026
39122,748523
39123,738970
39124,729417
39125,719825
39126,710312
39127,700737
39128,691896
39129,682137
39130,672646
39131,663012
39132,655094
39133,645624
39134,636214
39135,626650
39136,617088
39137,607699
39138,598213
39139,588612
39140,581272
39141,571340
39142,561395
39143,551480
39144,541720
39145,533915
39146,524458
39147,514862
39148,466233
39149,466280
39150,466286
39151,466280
39152,465868
39153,456252
39154,446639
39155,437105
39156,427495
39157,417918
39158,410283
39159,400654
39160,391687
39161,382085
39162,372477
39163,362999
39164,353394
39165,343810
39166,337473
39167,327644
39168,317803
39169,307903
39170,298043
39171,288297
39172,278773
39173,269177
39174,259613
39175,249930
39176,241103
39177,231516
39178,221934
39179,212272
39180,202702
39181,193114
39182,183678
39183,174000
39184,166159
39185,156759
39186,147252
39187,137653
39188,128072
39189,118460
39190,108966
39191,99323
39192,90414
39193,81313
39194,71758
39195,62216
39196,54441
39197,44894
39198,35251
39199,25647
39200,12530
39201,6774
39202,1056299
39203,1043034
39204,1037301
39205,1027784
39206,1018250
39207,1008649
39208,1000378
39209,995612
39210,986076
39211,976503
39212,966960
39213,957305
39214,947800
39215,938288
39216,928617
39217,919221
39218,905361
39219,897293
39220,889965
39221,880664
39222,872993
39223,863412
39224,854594
39225,844921
39226,835411
39227,825831
39228,816188
39229,806851
39230,797380
39231,787009
39232,778106
39233,768820
39234,759249
39235,751604
39236,742000
39237,732594
39238,722934
39239,713370
39240,704550
39241,695031
39242,687726
39243,677797
39244,667850
39245,657937
39246,648005
39247,638064
39248,630230
39249,620874
39250,611374
39251,601799
39252,592186
39253,582593
39254,573200
39255,563698
39256,554781
39257,545284
39258,535698
39259,526120
39260,518269
39261,508716
39262,499083
39263,489561
39264,479977
39265,470513
39266,460962
39267,451355
39268,441835
39269,432261
39271,412737
39272,403829
39273,394214
39274,387677
39275,378175
39276,368511
39277,358873
39278,349310
39279,339668
39280,330181
39281,320696
39282,311181
39283,301684
39284,292179
39285,282662
39286,273014
39287,266428
39288,257451
39289,248075
39290,238444
39291,228903
39292,219350
39293,209784
39294,200228
39295,190636
39296,181106
39297,171762
39298,162053
39299,152530
39300,144908
39301,135406
39302,125802
39303,116159
39304,107564
39305,97982
39306,89160
39307,79502
39308,69966
39309,60407
39310,50851
39311,41362
39312,31760
39313,24585
39314,15164
39315,5605
39316,1217668
39317,1209226
39318,1199934
39319,1190516
39320,1182642
39321,1173004
39322,1163486
39323,1153982
39324,1144451
39325,1140637
39326,1131127
39327,1121661
39328,1112056
39329,1102691
39330,1093111
39331,1083579
39332,1074117
39333,1064534
39334,1054974
39335,1045350
39336,1036558
39337,1026881
39338,1019291
39339,1009739
39340,1000157
39341,990621
39342,980996
39343,971373
39344,961982
39345,952679
39346,944976
39347,935036
39348,925112
39349,915170
39350,905251
39351,897115
39352,888309
39353,878807
39354,869157
39355,859694
39356,850183
39357,840497
39358,831059
39359,821793
39360,812202
39361,802962
39362,793248
39363,783739
39364,776043
39365,766520
39366,756942
39367,747335
39368,738626
39369,729167
39370,719669
39371,710118
39372,700652
39373,691017
39374,681620
39375,671944
39376,662427
39377,655051
39378,645491
39379,635872
39380,626290
39381,616676
39382,607033
39383,597542
39384,588583
39385,578982
39386,569376
39387,559852
39388,550294
39389,542795
39390,533304
39391,523856
39392,482349
39393,482439
39394,482465
39395,482561
39396,474745
39397,465250
39398,455787
39399,446345
39400,437513
39401,427924
39402,420213
39403,410623
39404,401011
39405,391437
39406,381861
39407,372435
39408,362899
39409,353594
39410,344026
39411,334542
39412,324890
39413,315429
39414,305864
39415,298225
39416,289391
39418,269750
39419,260199
39420,250558
39421,241018
39422,231431
39423,221934
39424,212874
39425,203499
39426,193893
39427,184324
39428,174785
39429,163011
39430,157570
39431,148070
39432,139275
39433,129716
39434,120144
39435,110618
39436,101089
39437,91608
39438,82047
39439,72492
39440,62945
39441,53582
39442,45772
39443,36290
39444,26641
39445,17250
39446,7778
39447,1225366
39448,1227791
39449,1221381
39450,1214022
39451,1206692
39452,1199566
39453,1191864
39454,1209315
39455,1202684
39456,1195199
39457,1188944
39458,1180647
39459,1171556
39460,1162355
39461,1153092
39462,1143671
39463,1134089
39464,1125324
39465,1115731
39466,1106170
39467,1099002
39468,1089564
39469,1080034
39470,1070450
39471,1060907
39472,1051245
39473,1041829
39474,1032353
39475,1022896
39476,1013327
39477,1003668
39478,994040
39479,984520
39480,978947
39481,969449
39482,959963
39483,950428
39484,940851
39485,931339
39486,921756
39487,912289
39488,902715
39489,893485
39490,884107
39491,874605
39492,865103
39493,857437
39494,847909
39495,838381
39496,829541
39497,820082
39498,810602
39499,801195
39500,791548
39501,782018
39502,772651
39503,763247
39504,753816
39505,744496
39506,736894
39507,727280
39508,717703
39509,708190
39510,698668
39511,689232
39512,680452
39513,670823
39514,661360
39515,651863
39516,642202
39517,632686
39518,624930
39519,615565
39520,606016
39521,596656
39522,587181
39523,577678
39524,568123
39525,558579
39526,548920
39527,539669
39528,530809
39529,521333
39530,511729
39531,503797
39532,494305
39533,484832
39534,475219
39535,465566
39536,456060
39537,446646
39538,437017
39539,427465
39540,417786
39541,408304
39542,398716
39543,389147
39544,381970
39545,372409
39546,362832
39547,353176
39548,343645
39549,334093
39550,324895
39551,317714
39552,307775
39553,297835
39554,287904
39555,277977
39556,268029
39557,259966
39558,250353
39559,240699
39560,231816
39561,222211
39562,212602
39563,203008
39564,193503
39565,183736
39566,174176
39567,164574
39568,154952
39569,145517
39570,137694
39571,128072
39572,118525
39573,108831
39574,99267
39575,89657
39576,80930
39577,71345
39578,61802
39579,52202
39580,42599
39581,33010
39582,25478
39583,15973
39584,6490
39585,1051038
39586,1041491
39587,1031992
39588,1022580
39589,1013034
39590,1003491
39591,994042
39592,985297
39593,975709
39594,966120
39595,958793
39596,949172
39597,939546
39598,929825
39599,920318
39601,900879
39602,891314
39603,881704
39604,872097
39605,862527
39606,852952
39607,843247
39608,834315
39609,826654
39610,817062
39611,807587
39612,798017
39613,788484
39614,779009
39615,769323
39616,759851
39617,750509
39618,740927
39619,731252
39620,721666
39621,712126
39622,704387
39623,694862
39624,685966
39625,676386
39626,666850
39627,657305
39628,647740
39629,638312
39630,628724
39631,619310
39632,609819
39633,600613
39634,590988
39635,583214
39636,573585
39637,564023
39638,554501
39639,544937
39640,535952
39641,526458
39642,516857
39643,507265
39644,497736
39645,488048
39646,478504
39647,470690
39648,461112
39649,451776
39650,442159
39651,432619
39652,422990
39653,413482
39654,403871
39655,396217
39656,386304
39657,376373
39658,366427
39659,356499
39660,348507
39661,339016
39662,329423
39663,319859
39664,310204
39665,300864
39666,291290
39667,281713
39668,272171
39669,262572
39670,252962
39671,243378
39673,1021871
39674,1028341
39675,1028421
39676,1028415
39677,1028455
39678,1028492
39679,1028472
39680,1028563
39681,1028602
39682,1028596
39683,1028640
39684,1028674
39685,1028638
39686,1028657
39687,1030526
39688,1031928
39689,1032023
39690,1032070
39691,1032103
39692,1032164
39693,1032220
39694,1032213
39695,1032293
39696,1032363
39697,1032395
39698,1032430
39699,1032458
39700,1028572
39701,1019062
39702,1009500
39703,1000040
39704,991276
39705,981727
39706,972138
39707,962606
39708,953060
39709,943467
39710,933860
39711,924201
39712,916492
39713,907088
39714,897436
39715,887805
39716,878294
39717,868634
39718,858987
39719,849435
39720,840505
39721,830908
39722,821356
39723,811849
39724,802127
39725,794352
39726,784772
39727,775198
39728,765616
39729,756211
39730,746706
39731,737135
39732,727520
39733,717862
39734,708316
39735,698663
39736,689744
39737,680185
39738,672296
39739,662682
39740,653018
39741,643446
39742,633813
39743,624324
39744,614846
39745,605421
39746,595786
39747,586245
39748,576716
39749,567159
39750,557555
39751,549707
39752,540902
39753,531374
39754,521732
39755,505772
39756,502599
39757,492930
39758,482990
39759,475431
39760,461445
39761,452821
39762,445636
39763,435689
39764,427540
39765,417925
39766,408283
39767,398857
39768,389980
39769,380547
39770,370993
39771,361375
39772,351866
39773,342201
39774,332667
39775,323167
39776,315475
39777,306084
39778,296583
39779,286967
39780,277399
39781,267844
39782,255940
39783,248563
39784,237039
39785,229233
39786,220554
39787,211026
39788,201572
39789,193818
39790,184214
39791,174681
39792,165081
39793,155628
39794,146037
39796,126357
39797,121897
39798,112064
39799,102211
39800,92322
39801,82445
39802,72556
39803,62650
39804,52751
39805,42847
39806,33214
39807,23587
39808,14170
39809,4898
39810,1049952
39811,1040551
39812,1031005
39813,1021550
39814,1012093
39815,1002497
39816,996890
39817,987317
39818,977762
39819,968212
39820,958586
39821,949026
39822,939433
39823,929967
39824,920319
39825,910955
39826,901320
39827,891801
39828,882104
39829,874596
39830,865012
39831,855399
39832,846560
39833,836991
39834,827358
39835,817748
39836,808181
39837,798728
39838,789291
39839,779852
39840,770262
39841,762614
39842,752963
39843,743436
39844,733916
39845,719006
39846,714779
39847,705262
39848,696464
39849,686941
39850,677363
39851,667909
39852,658347
39853,648814
39854,641040
39855,631529
39856,621989
39857,612585
39858,603054
39859,593487
39860,584056
39861,574492
39862,567111
39863,557203
39864,547269
39865,537348
39866,527445
39867,520197
39868,510558
39869,500938
39870,491385
39871,481826
39872,435489
39873,435562
39874,435586
39875,435606
39876,433283
39877,423581
39878,413962
39879,404351
39880,397201
39881,387640
39882,378065
39883,368502
39884,358895
39885,349298
39886,339606
39887,330038
39888,320374
39889,310995
39891,291528
39892,281913
39893,272320
39894,264657
39895,255172
39896,246346
39897,236724
39898,227171
39899,217540
39900,207857
39901,198380
39903,178793
39904,169163
39905,159800
39906,150143
39907,142318
39908,132821
39909,123214
39910,113530
39911,103972
39912,95089
39913,85413
39914,76240
39915,66706
39916,57241
39917,47606
39918,37997
39919,28384
39920,20713
39921,11431
39922,1060913
39923,1051534
39924,1042019
39925,1032405
39926,1022935
39927,1013355
39928,1005146
39929,995699
39930,986231
39931,976660
39932,967096
39933,962299
39934,952687
39935,943140
39936,933522
39937,924222
39938,914556
39939,905000
39940,895437
39941,885880
39942,876416
39943,866738
39944,857853
39945,848241
39946,840592
39947,831219
39948,821588
39949,812023
39950,802526
39951,792990
39952,783414
39953,774051
39954,764525
39955,754821
39956,745242
39957,735629
39958,725989
39959,718312
39960,709425
39962,689970
39963,680360
39964,670730
39965,661241
39966,651950
39967,644281
39968,634398
39969,624521
39970,614574
39971,604647
39973,586640
39974,577091
39975,567594
39976,558645
39977,549110
39978,539546
39979,530018
39980,520456
39981,510905
39982,501209
39983,491607
39984,482065
39985,472651
39986,464741
39987,455140
39988,445484
39989,435922
39990,426361
39991,416782
39992,407814
39993,398248
39994,388675
39995,379020
39996,369432
39997,359793
39998,350228
39999,342627
40000,333005
40001,323687
40002,314041
40003,304433
40004,294837
40005,285295
40006,275595
40007,266021
40008,257122
40009,247576
40010,238027
40011,228602
40012,220706
40013,211187
40014,201530
40015,192072
40016,182479
40017,173012
40018,163540
40019,154031
40020,144408
40021,134816
40022,125211
40023,115565
40024,106763
40025,99019
40026,89523
40027,80559
40028,71006
40029,61421
40030,51789
40031,42230
40032,32693
40033,23269
40034,13889
40035,4359
40036,1134994
40037,1130292
40038,1120742
40039,1111185
40040,1102969
40041,1093324
40042,1083745
40043,1074273
40044,1064862
40045,1055217
40046,1045658
40047,1036138
40049,1016717
40050,1007076
40051,999800
40052,990252
40053,980656
40054,971118
40055,961702
40056,953983
40057,945205
40058,937440
40059,929793
40060,922244
40061,915691
40062,907356
40063,900443
40064,908374
40065,902099
40066,894762
40067,887990
40068,880338
40069,873140
40070,866010
40071,860540
40072,855604
40073,848644
40074,841052
40075,832512
40076,823617
40077,816827
40078,807300
40079,797906
40080,788515
40081,779203
40082,769669
40083,760168
40084,750669
40085,741065
40086,731565
40087,721984
40088,713372
40089,703876
40090,697761
40091,688229
40092,678664
40093,669091
40094,659643
40095,649975
40096,640398
40097,631123
40098,621508
40099,612086
40100,602481
40101,592939
40102,585349
40103,575775
40104,569702
40105,560262
40106,550659
40107,541093
40108,531428
40109,521968
40110,512257
40111,502663
40112,493107
40113,483663
40114,474102
40115,466422
40116,457233
40117,447659
40118,438103
40119,428429
40120,419607
40121,410043
40122,400575
40123,391182
40124,381776
40125,372304
40126,362764
40127,353295
40128,345610
40129,336376
40130,326775
40131,317205
40132,307733
40133,298148
40134,288593
40135,279042
40136,270145
40137,260546
40138,250974
40139,241482
40140,232310
40141,224819
40142,215221
40143,205616
40144,196136
40145,186870
40146,177283
40147,167689
40148,158124
40149,148539
40150,139086
40151,129596
40152,120764
40153,111351
40154,103730
40155,94107
40156,84472
40157,74963
40158,65292
40159,55775
40160,46200
40161,36810
40162,27281
40163,17935
40164,8453
40165,1102899
40166,1109173
40167,1099742
40168,1091626
40169,1082137
40170,1072554
40171,1063000
40172,1053492
40173,1043955
40174,1036403
40175,1026536
40176,1016625
40177,1006693
40178,996770
40179,988949
40180,979398
40181,969827
40182,960292
40183,950725
40184,941940
40185,932432
40186,922954
40187,913496
40188,903920
40189,894357
40190,884877
40191,875436
40192,867820
40193,858537
40194,849025
40195,839358
40196,829768
40197,820243
40198,810700
40199,801131
40200,792200
40201,782771
40202,773149
40203,763664
40204,753991
40205,746292
40206,736650
40207,727130
40208,717580
40209,708235
40210,698574
40211,688939
40212,679299
40213,669718
40214,660156
40215,650592
40216,641695
40217,632168
40218,624465
40219,614878
40220,605254
40221,595685
40222,586054
40223,576433
40224,566798
40225,557330
40226,547821
40227,538208
40228,528647
40229,519081
40230,511257
40231,501696
40232,492852
40233,483158
40234,473528
40235,463879
40236,454307
40237,444784
40238,435306
40239,425863
40240,416274
40241,406856
40242,397210
40243,389541
40244,379936
40245,370331
40246,360772
40247,351132
40248,342273
40249,332645
40250,323095
40251,313625
40252,304016
40253,294479
40254,284883
40255,275288
40256,268728
40257,259262
40258,249664
40259,240110
40260,230439
40261,220889
40262,211396
40263,201850
40264,192980
40265,183469
40266,173821
40267,164226
40268,155159
40269,147423
40270,137831
40271,128359
40272,118765
40273,109350
40274,99804
40275,90250
40276,82983
40277,73091
40278,63158
40279,53209
40281,33276
40282,23317
40283,15785
40284,6176
40285,1055733
40286,1046523
40287,1037074
40288,1027650
40289,1018740
40290,1009195
40291,999525
40292,990050
40293,980435
40294,970876
40295,966402
40296,957765
40297,948201
40298,938723
40299,929083
40300,919486
40301,909937
40302,900382
40303,890783
40304,881112
40305,871761
40306,862109
40307,852699
40308,845175
40309,835608
40310,826125
40311,816590
40312,807778
40313,798296
40314,788618
40315,779169
40316,769685
40317,760069
40318,750518
40319,740968
40320,731424
40321,723880
40322,714294
40323,704623
40324,694976
40325,685503
40326,675913
40327,666332
40328,657889
40329,648177
40330,638672
40331,629103
40332,619500
40333,609900
40334,602413
40335,592823
40336,583167
40337,573864
40338,564168
40339,554713
40340,545120
40341,535556
40342,525908
40343,516335
40344,507383
40345,497700
40346,488163
40347,480399
40348,470892
40349,461357
40350,451810
40351,442253
40352,432664
40353,423276
40354,413656
40355,404011
40356,394321
40357,384720
40358,375119
40359,367412
40360,358801
40361,349246
40362,339655
40363,330116
40364,320574
40365,311105
40366,301441
40367,291882
40368,282250
40369,272859
40370,263213
40371,253627
40372,245814
40373,236320
40374,226736
40375,217190
40376,208342
40377,198800
40378,189231
40379,182098
40380,172163
40381,162215
40382,152247
40383,142358
40384,132402
40385,124375
40386,114760
40387,105121
40388,95736
40389,86717
40390,77081
40391,67497
40392,58664
40393,49134
40394,39456
40395,29973
40396,20653
40397,11278
40398,3728
40399,1053275
40400,1043905
40401,1035099
40402,1025674
40403,1016184
40404,1006589
40405,996962
40406,987457
40407,977848
40408,969135
40409,959623
40410,949971
40411,945008
40412,935571
40413,925927
40414,916271
40415,906766
40416,897149
40417,887853
40418,878291
40419,868704
40420,859107
40421,849516
40422,839804
40423,832627
40424,823754
40425,814097
40426,804640
40427,795048
40428,785591
40429,776056
40430,766625
40431,757089
40432,747660
40433,738348
40434,734446
40435,724567
40436,714691
40437,704824
40438,694932
40439,685039
40440,675204
40441,665300
40442,655416
40443,645594
40444,635699
40445,626015
40446,616416
40447,606826
40448,597344
40449,591018
40450,581518
40451,572216
40452,562629
40454,543102
40455,533515
40456,524638
40457,515018
40458,505399
40459,495751
40460,486179
40461,476540
40462,466905
40463,459262
40464,449700
40465,440387
40466,430798
40467,421249
40468,411537
40469,401974
40470,392313
40471,382715
40472,373810
40473,364210
40474,354533
40475,344979
40476,337060
40477,327451
40478,317929
40479,308295
40480,298904
40481,289554
40482,279985
40483,272583
40484,262704
40485,252802
40486,242854
40487,232930
40488,224925
40489,215410
40490,205917
40491,196377
40492,186778
40493,177175
40494,167706
40495,158118
40496,148517
40497,139147
40498,129612
40499,120010
40500,110466
40501,102729
40502,93278
40503,83749
40504,75284
40505,65619
40506,56030
40507,46497
40508,36866
40509,27267
40510,17616
40511,8167
40512,1054966
40513,1046167
40514,1041846
40515,1032230
40516,1022707
40517,1013224
40518,1003625
40519,994143
40520,985744
40521,976264
40522,966728
40523,957202
40524,947567
40525,937925
40526,928479
40527,921629
40528,912084
40529,902738
40530,893015
40531,883488
40532,874095
40533,864569
40534,855013
40535,845517
40536,836832
40538,817491
40539,807978
40540,798394
40541,790976
40542,781387
40543,771740
40544,762166
40545,752706
40546,743159
40547,733651
40548,724105
40549,714792
40550,705249
40551,695811
40552,686877
40553,679253
40554,669783
40555,660257
40556,650949
40557,641508
40558,631888
40559,622379
40560,612807
40562,593336
40563,583770
40564,574137
40565,564579
40566,555119
40567,547596
40568,538870
40569,529239
40570,519608
40571,510028
40572,500392
40573,490802
40574,481455
40575,471837
40576,462234
40577,452890
40578,443253
40579,433562
40580,426010
40581,416329
40582,406701
40583,397157
40584,388417
40585,378771
40586,369161
40587,361918
40588,352099
40589,342173
40590,332237
40591,322299
40592,312390
40593,304251
40594,294634
40595,285096
40596,275446
40597,266097
40598,256620
40599,246975
40600,238592
40601,228942
40602,219382
40603,209926
40604,200357
40605,190759
40606,183238
40607,173825
40608,164156
40609,154771
40610,145280
40611,135594
40612,126056
40613,116436
40614,106848
40615,97300
40616,88439
40617,79081
40618,71623
40619,62045
40620,52377
40621,42887
40622,33425
40623,23800
40624,14356
40626,1052591
40627,1043251
40628,1033755
40629,1024255
40630,1014658
40631,1005169
40632,1000651
40633,991087
40634,981570
40635,971843
40636,962345
40637,952783
40638,943227
40639,933705
40640,924188
40641,914880
40642,905467
40643,895899
40644,886260
40645,880045
40646,870596
40647,860968
40648,852066
40649,842521
40650,832934
40651,823253
40652,813837
40653,804496
40654,795061
40655,785521
40656,776018
40657,766551
40658,759506
40659,749874
40660,740309
40661,730687
40662,721225
40663,711749
40664,702896
40665,693489
40666,683896
40667,674431
40668,664950
40669,655482
40670,646001
40671,638183
40672,335795
40673,336110
40674,336180
40675,336234
40676,336342
40677,336421
40678,336375
40679,336443
40680,337139
40681,337240
40682,337323
40683,339141
40684,339141
40685,339138
40686,339216
40687,339259
40688,339324
40689,339407
40690,339402
40691,342652
40692,342640
40693,342628
40694,342674
40695,342665
40696,342659
40697,342695
40698,342708
40699,342701
40700,342726
40701,342712
40702,338236
40703,328328
40704,318386
40705,308471
40706,298882
40707,289370
40708,279855
40709,272440
40710,262897
40711,253390
40712,244521
40713,234920
40715,215344
40716,205734
40717,196084
40718,186522
40719,176839
40720,167232
40721,157810
40722,148188
40723,141856
40724,132235
40725,122699
40726,113101
40727,103522
40728,94658
40729,85106
40730,76140
40731,66411
40732,56905
40733,47471
40734,37812
40735,28196
40736,21000
40737,11779
40738,2335
40739,1313656
40740,1304241
40741,1294984
40742,1285506
40743,1275952
40744,1267861
40745,1258472
40746,1248884
40747,1239362
40748,1234997
40749,1225456
40750,1215916
40751,1206431
40752,1196796
40753,1187525
40754,1177938
40755,1168383
40756,1158753
40757,1149303
40758,1139638
40759,1130067
40760,1114918
40761,1113938
40762,1104416
40763,1094828
40764,1082363
40765,1071834
40766,1063159
40767,1055380
40768,1047329
40769,1038093
40770,1028520
40771,1019097
40772,1009654
40773,1000171
40774,992496
40775,982985
40776,974072
40777,964601
40778,955107
40779,945486
40780,935859
40781,926464
40782,917117
40783,907666
40784,897949
40785,888647
40786,879134
40787,871482
40788,861897
40789,852391
40790,842937
40791,833607
40792,824843
40793,815303
40794,808161
40795,798263
40796,788358
40797,778429
40798,768496
40800,748545
40801,740659
40802,731252
40803,721672
40804,712189
40805,702695
40806,693084
40807,683490
40808,674686
40809,665156
40810,655563
40811,646025
40812,636426
40813,628758
40814,619242
40815,609593
40816,600065
40817,590821
40818,581345
40819,571741
40820,562196
40821,552599
40822,542938
40823,533403
40824,524621
40825,514906
40826,507391
40827,497970
40828,488398
40829,478861
40830,469321
40831,459689
40832,450202
40833,440865
40834,431300
40835,421720
40836,412078
40837,402612
40838,393028
40839,386799
40840,377972
40841,368473
40842,358978
40843,349821
40844,340173
40845,330587
40846,321275
40847,311634
40848,302066
40849,292730
40850,283216
40851,273697
40852,266149
40853,256553
40854,247022
40855,237422
40856,228575
40857,219007
40858,209403
40859,199729
40860,190154
40861,180536
40862,171028
40863,161492
40864,151856
40865,144309
40866,134729
40867,125312
40868,115826
40869,106200
40870,95855
40871,87343
40872,78538
40873,68885
40874,59413
40875,49902
40876,40287
40877,32924
40878,23434
40879,13843
40880,4381
40881,1049582
40882,1040161
40883,1030646
40884,1021039
40885,1007781
40886,1002052
40887,992452
40888,983606
40889,974033
40890,967328
40891,957901
40892,948339
40893,938831
40894,929347
40895,919832
40896,910304
40897,900940
40898,893506
40899,883559
40900,873631
40901,863732
40902,853796
40903,846011
40904,837222
40905,799005
40906,799049
40907,799105
40908,798431
40909,788987
40910,779521
40911,769844
40912,760367
40913,751119
40914,741422
40915,731975
40916,724258
40917,714658
40918,704994
40919,695481
40921,676527
40922,667032
40923,657462
40924,647997
40925,638449
40926,628814
40927,619482
40928,609926
40929,600569
40930,592743
40931,583203
40932,573580
40933,564044
40934,554518
40936,535721
40937,526219
40938,516720
40939,507144
40940,497606
40941,488104
40942,478397
40943,470658
40944,461059
40945,451641
40946,442086
40947,432488
40948,422815
40949,413221
40950,403675
40951,394147
40952,385159
40953,375527
40954,365906
40955,356343
40956,348718
40957,339238
40958,329709
40959,320155
40960,310572
40961,301221
40962,291599
40963,281995
40964,272390
40965,262741
40966,253064
40967,243585
40968,234618
40969,226829
40970,217241
40971,207669
40972,198069
40973,188504
40974,178928
40975,169324
40976,159813
40977,150346
40978,140658
40979,131089
40980,121520
40981,111979
40982,104407
40983,94818
40984,86094
40985,76741
40986,67077
40987,57451
40988,47883
40989,38456
40990,28790
40992,9281
40993,1077798
40994,1072444
40995,1066392
40996,1071222
40997,1066133
40998,1059854
40999,1054088
41000,1052810
41001,1043774
41002,1034573
41003,1026820
41004,1016913
41005,1006965
41006,997076
41007,987545
41008,980100
41009,970661
41010,961062
41011,951451
41012,941878
41013,932298
41014,922642
41015,913066
41016,904109
41017,894634
41018,885055
41019,875429
41020,865699
41021,858211
41022,848772
41023,839136
41024,829526
41025,820124
41026,810646
41027,801235
41028,791638
41029,782075
41030,772688
41031,763130
41032,754223
41033,744683
41034,737658
41035,728089
41036,718591
41037,709062
41038,699528
41039,689930
41040,680390
41041,671012
41042,661462
41043,652075
41044,642544
41045,632920
41046,623319
41047,615519
41048,606620
41049,597032
41050,587424
41051,577804
41052,568181
41053,558484
41054,548876
41055,539298
41056,529659
41057,520245
41058,510569
41059,500918
41060,493389
41061,483753
41062,474116
41063,464553
41064,455661
41065,446025
41066,436502
41067,426808
41068,417161
41069,407600
41070,398085
41072,378048
41073,374487
41074,364614
41075,354764
41076,344912
41077,335017
41078,325134
41079,315206
41080,305297
41081,295422
41082,285518
41083,275572
41084,265938
41085,256385
41086,248544
41087,238929
41088,229395
41089,220065
41090,210413
41091,200877
41092,191274
41093,181790
41094,172211
41095,162567
41096,153897
41097,144371
41098,134773
41099,127151
41100,117482
41101,107890
41102,98321
41103,88672
41104,79086
41105,69658
41106,62640
41107,52754
41108,42885
41109,32937
41110,22987
41111,13083
41112,5224
41113,1058953
41114,1051619
41115,1043603
41116,1035715
41117,1028096
41118,1020032
41119,1011988
41120,1004187
41121,997019
41122,988966
41123,981283
41124,973153
41125,970643
41126,963191
41127,955138
41128,951145
41129,943535
41130,935331
41131,927553
41132,919821
41133,911723
41134,903624
41135,895895
41136,887706
41137,885549
41138,876997
41139,868023
41140,858802
41141,849520
41142,840049
41143,830637
41144,821849
41145,812347
41146,802788
41147,793194
41148,783657
41149,774113
41150,766433
41151,756875
41152,747283
41153,737921
41154,728360
41155,718811
41156,709293
41157,699817
41158,690268
41159,680842
41160,672115
41161,662607
41162,653022
41163,645236
41164,635639
41165,625953
41166,616384
41167,606983
41168,597384
41169,588098
41170,578574
41171,569102
41172,559623
41173,549954
41174,540466
41175,530894
41176,523839
41177,514225
41178,504738
41179,495317
41180,485876
41181,476421
41182,466950
41183,457354
41184,447866
41185,438375
41186,428822
41187,419174
41188,409634
41189,401976
41190,392414
41191,382796
41192,373897
41193,364227
41194,354691
41195,345092
41196,335431
41197,325856
41198,316283
41199,306753
41200,297284
41201,289658
41202,280074
41203,270556
41204,261031
41205,251366
41206,241798
41207,232261
41208,223359
41209,215864
41210,205955
41211,196011
41212,186059
41213,176171
41214,167430
41215,157974
41216,148364
41217,139227
41218,129683
41219,120101
41220,110466
41221,100808
41222,91379
41223,81773
41224,72881
41225,63302
41226,53729
41227,46713
41228,37179
41229,27581
41230,18199
41231,8645
41232,1062576
41233,1055630
41235,1037961
41236,1030129
41237,1022460
41238,1014522
41239,1006443
41240,1002695
41241,1000129
41242,992375
41243,984918
41244,976693
41245,968697
41246,961269
41247,953207
41248,945298
41249,938572
41250,930380
41251,922410
41252,914721
41253,906529
41254,903831
41255,895745
41256,887989
41257,878610
41258,869256
41259,859816
41260,850249
41261,840740
41262,831081
41263,821515
41264,811917
41265,802461
41266,794643
41267,785147
41268,775491
41269,765822
41270,756321
41271,746761
41272,737899
41273,728332
41274,718736
41275,709110
41276,699770
41277,690276
41278,680791
41279,673027
41280,663423
41281,654127
41282,644570
41283,635069
41284,625510
41285,616206
41286,606720
41287,597238
41288,588409
41289,578783
41290,569227
41291,559750
41292,551903
41293,542269
41294,532767
41295,523184
41296,513630
41297,504282
41298,494600
41299,485057
41300,475496
41301,465827
41302,456205
41303,446661
41304,437755
41305,429890
41306,420274
41307,410698
41308,401079
41309,391458
41310,381812
41311,372207
41312,364448
41313,354518
41314,344571
41315,334687
41316,324778
41317,314833
41318,306862
41319,297198
41320,288466
41321,278813
41322,269224
41323,259627
41324,249993
41325,240424
41326,230803
41327,221266
41328,211749
41329,202267
41330,194592
41331,185039
41332,175447
41333,165794
41334,156272
41335,146783
41336,138062
41337,128535
41338,119004
41339,109438
41340,99860
41341,90410
41342,80817
41343,73212
41344,63745
41345,54404
41346,44887
41347,35226
41348,25584
41349,16037
41350,6486
41351,1070412
41352,1071335
41353,1065503
41354,1059948
41355,1053576
41356,1071709
41357,1066488
41358,1060452
41359,1054705
41360,1049193
41361,1044742
41362,1038698
41363,1033096
41364,1026320
41365,1017819
41366,1008918
41367,999721
41368,991301
41369,983706
41370,974191
41371,964605
41372,955145
41373,945518
41375,925959
41376,916284
41377,906748
41378,897084
41379,887464
41380,877767
41381,868362
41382,858776
41383,850995
41384,842157
41385,832688
41386,823014
41387,813515
41388,803856
41389,794256
41390,784834
41391,775134
41392,765671
41393,756335
41394,746811
41395,739156
41396,729591
41397,720068
41398,710542
41399,701056
41400,692193
41401,682558
41402,673041
41403,663568
41404,654052
41405,644481
41406,634899
41407,625282
41408,617442
41409,608012
41410,598461
41411,588899
41412,579327
41413,569766
41414,560182
41415,550467
41416,542854
41417,532908
41418,522977
41419,513032
41420,503120
41421,495662
41422,486125
41423,476554
41424,466949
41425,457542
41426,448084
41427,438517
41428,428956
41429,419391
41430,409855
41431,400211
41432,391321
41433,381623
41434,373881
41435,364333
41436,354749
41437,345143
41438,335571
41439,325943
41440,316372
41441,307068
41442,297440
41443,287814
41444,278228
41445,268658
41446,258983
41447,251144
41448,242395
41449,232823
41450,223261
41451,213755
41452,204161
41453,194664
41454,185023
41455,175564
41456,165942
41457,156568
41458,146982
41460,129269
41461,119669
41462,110118
41463,100543
41464,91700
41465,82126
41466,72416
41467,62870
41468,53312
41469,43694
41470,34085
41471,24564
41472,15073
41473,7561
41474,1071510
41475,1064093
41476,1056247
41477,1048619
41478,1040367
41479,1032414
41480,1028339
41481,1020220
41482,1012288
41483,1004605
41484,996406
41485,988528
41486,986624
41487,978764
41488,970888
41489,964119
41490,955920
41491,947975
41492,940389
41493,932227
41494,924365
41495,916698
41496,912351
41497,904391
41498,896740
41499,893545
41500,885830
41501,878155
41502,870080
41503,862224
41504,854616
41505,847639
41506,839553
41507,831971
41508,823946
41509,815832
41510,807038
41512,788980
41513,781539
41514,771999
41515,762429
41516,752900
41517,743345
41518,733778
41519,726729
41520,716852
41521,706920
41522,696967
41523,687040
41524,677094
41525,668612
41526,659068
41527,649400
41528,640596
41529,630973
41530,621512
41531,612022
41532,602539
41533,593077
41534,583493
41535,573958
41536,564443
41537,555089
41538,547260
41539,537649
41540,528037
41541,518554
41542,508951
41543,499370
41544,490478
41545,481002
41546,471379
41547,461694
41548,452052
41549,442482
41550,432952
41551,425060
41552,415515
41553,406079
41554,396497
41555,386869
41556,377288
41557,367700
41558,358117
41559,348538
41560,339657
41561,330189
41562,320559
41563,311021
41564,303321
41565,293784
41566,284258
41567,274678
41568,265043
41569,255652
41570,246118
41571,236478
41572,226974
41573,217323
41574,207793
41575,198185
41576,189333
41577,181417
41578,172214
41579,162607
41580,153081
41581,143526
41582,133934
41583,124310
41584,114704
41585,105289
41586,95662
41587,86057
41588,76474
41589,68690
41590,59047
41591,49464
41592,40498
41593,30967
41594,21425
41595,11997
41596,2385
41597,1050145
41598,1040662
41599,1031074
41600,1021535
41601,1012130
41602,1004539
41603,995068
41604,985453
41605,975906
41606,966419
41607,956872
41608,948038
41609,938489
41610,928863
41611,919192
41612,909630
41613,899993
41614,890353
41615,883327
41616,873696
41617,864397
41619,844709
41620,835050
41621,825463
41622,815857
41623,808540
41624,798688
41625,788756
41627,768849
41628,758941
41629,749338
41630,741653
41631,732119
41632,722516
41633,713218
41634,703753
41635,694271
41636,684681
41637,675112
41638,665616
41639,656047
41640,647126
41641,637618
41642,628237
41643,620637
41644,611165
41645,601700
41646,592151
41647,582662
41648,573129
41649,563705
41650,554075
41651,544529
41652,534951
41653,525302
41654,515845
41655,507996
41656,499133
41657,489631
41658,480020
41659,470372
41660,460857
41661,451363
41662,441689
41663,432083
41664,422507
41665,413012
41666,403432
41667,393862
41668,386027
41669,376452
41670,366826
41671,357293
41672,348350
41673,64168
41674,64773
41675,64874
41676,64913
41677,64936
41678,64993
41679,65029
41680,65058
41681,66585
41682,66666
41683,66698
41684,66773
41685,66811
41686,66843
41687,66868
41688,67861
41689,67941
41690,68035
41691,68089
41692,68084
41693,68117
41694,69377
41695,69449
41696,69515
41697,69580
41698,69627
41699,69647
41700,69670
41701,66423
41702,56514
41703,46969
41704,38166
41705,28626
41706,19115
41707,11235
41708,1068357
41709,1058918
41710,1049526
41711,1039935
41712,1035366
41713,1025534
41714,1015668
41715,1005812
41716,995919
41717,986067
41718,976168
41719,969919
41720,961319
41721,951745
41722,942154
41723,932590
41724,923007
41725,913357
41726,906078
41727,896187
41728,886254
41729,876356
41730,866419
41731,856474
41732,848519
41733,838978
41734,829384
41735,819774
41736,810981
41737,801452
41738,791907
41739,782293
41740,772767
41741,763355
41742,753799
41743,744321
41744,734739
41746,717190
41747,707540
41748,697455
41749,688326
41750,678891
41751,669318
41752,660524
41753,651043
41754,641382
41755,631870
41756,622395
41757,612844
41758,603278
41759,595804
41760,586345
41761,577006
41762,567513
41763,557997
41764,548484
41765,538894
41766,529253
41767,519698
41768,510827
41769,501269
41770,491702
41771,482192
41772,474364
41773,464859
41774,455016
41775,445683
41776,436036
41777,426622
41778,417022
41779,407351
41780,397737
41781,388098
41782,378446
41783,368858
41784,362018
41785,352467
41786,342890
41787,333369
41788,323731
41789,314189
41790,304652
41791,295004
41792,285414
41793,275950
41794,266353
41795,256815
41796,247358
41797,239628
41798,230162
41799,220612
41800,211904
41801,202326
41802,192734
41803,183184
41804,173570
41805,163916
41806,154312
41807,144747
41808,135069
41809,125667
41810,119296
41811,109594
41812,99994
41813,91226
41814,81693
41815,72134
41816,63258
41817,53613
41818,44058
41819,34458
41820,24899
41821,15473
41822,5939
41823,1053399
41824,1043872
41825,1034648
41826,1025072
41827,1015485
41828,1005914
41829,996328
41830,989013
41831,979150
41832,969253
41833,959356
41834,949472
41835,939741
41836,932093
41837,922523
41838,912805
41840,893367
41841,883995
41842,874403
41843,864793
41844,855192
41845,845552
41846,836113
41847,826598
41848,817681
41849,809953
41850,800377
41851,790741
41852,776337
41853,771555
41854,761881
41855,752370
41856,742840
41857,733452
41858,723884
41859,714349
41860,704779
41861,695147
41862,687316
41863,677693
41864,668781
41865,659092
41866,649463
41867,639928
41868,604886
41869,604899
41870,604996
41871,600920
41872,591305
41873,581931
41874,572382
41875,564839
41876,555264
41877,545799
41878,536115
41879,526561
41880,517757
41881,508088
41882,498490
41883,488938
41884,479213
41885,469715
41886,460022
41887,450484
41888,442879
41889,433529
41890,423968
41891,414393
41892,404827
41893,395130
41894,385612
41895,375936
41896,367086
41897,357541
41898,347996
41899,338281
41900,328712
41901,320872
41902,311250
41903,301837
41904,292226
41905,282879
41906,273238
41907,263643
41908,254005
41909,244389
41910,234778
41911,225102
41912,216282
41913,208395
41914,198820
41915,189195
41916,179617
41917,170030
41918,160441
41919,150816
41920,141195
41921,131879
41922,122225
41923,112620
41924,102994
41925,93363
41926,85468
41927,76010
41928,67453
41929,57853
41930,48289
41931,38685
41932,29067
41933,22032
41934,12154
41935,1232125
41936,1225758
41937,1220954
41938,1213133
41939,1227813
41940,1218227
41941,1208690
41942,1199215
41943,1189644
41944,1180855
41945,1171301
41946,1161715
41947,1152152
41948,1142591
41949,1132913
41950,1123294
41951,1113660
41952,1107486
41953,1098018
41954,1088469
41955,1078847
41956,1069238
41957,1059656
41958,1050009
41959,1040393
41960,1031395
41961,1021708
41962,1012207
41963,1002594
41964,992950
41965,984814
41966,975264
41967,965589
41968,956035
41969,946628
41970,937040
41971,927323
41972,917794
41973,908147
41974,898501
41975,888938
41976,879933
41977,872168
41978,862795
41979,853268
41980,843717
41981,834145
41982,824616
41983,814940
41984,805425
41985,796001
41986,786470
41987,776962
41988,767408
41989,757834
41990,749964
41991,740487
41992,731615
41993,722133
41994,712631
41995,703005
41996,693401
41997,683786
41998,674243
41999,664687
42000,655024
42001,645529
42002,635849
42003,629321
42004,619700
42005,610096
42006,600371
42007,590791
42008,581912
42009,572260
42010,562661
42011,553145
42012,543576
42013,534035
42014,524467
42015,514885
42016,507069
42017,497691
42018,488065
42019,478539
42020,468919
42021,459307
42022,449837
42023,440272
42024,431390
42025,421826
42026,412270
42027,402689
42028,393099
42029,385386
42030,375771
42031,366173
42032,356584
42033,347220
42034,337864
42035,330747
42036,320865
42037,310925
42038,300983
42039,291043
42040,281246
42041,273668
42042,264134
42043,254512
42044,244855
42045,235224
42046,225587
42047,215922
42048,206221
42049,196769
42050,187164
42051,177444
42052,167794
42053,158196
42054,150257
42055,140652
42056,131878
42057,122165
42058,112574
42059,103002
42060,93308
42061,83660
42062,74181
42063,64541
42064,54922
42065,45679
42066,35996
42067,28475
42068,18905
42069,9328
42070,1084333
42071,1075007
42072,1066879
42073,1057341
42074,1047858
42075,1038325
42076,1028741
42078,1009064
42079,999490
42080,989962
42081,985507
42082,976033
42083,966599
42084,957065
42085,947454
42086,937929
42087,928320
42088,919590
42090,900031
42091,890425
42092,880854
42093,871260
42094,861749
42095,854231
42096,844757
42097,835510
42098,826016
42099,816495
42100,806973
42101,797442
42102,787800
42103,778212
42104,769571
42105,759971
42106,750367
42107,742747
42108,733233
42109,723650
42110,714049
42111,704536
42112,695068
42113,685756
42114,676303
42115,667054
42116,657578
42117,648088
42118,638654
42119,629083
42120,622324
42121,613022
42122,603503
42123,593979
42124,584498
42125,575014
42126,565502
42127,556090
42128,546493
42129,537203
42130,527806
42131,518327
42132,508844
42133,501086
42134,491628
42135,482023
42136,473105
42137,463580
42138,454106
42139,444403
42140,437270
42141,427378
42142,417442
42143,407541
42144,397600
42145,387655
42146,379592
42147,369974
42148,360366
42149,350882
42150,341342
42151,331838
42152,323043
42154,303543
42155,293991
42156,284433
42157,274779
42158,265288
42159,255820
42160,248102
42161,238830
42162,229270
42163,219712
42164,210141
42165,200631
42166,191049
42167,181426
42168,172546
42169,162955
42170,153375
42171,143907
42172,136181
42173,126666
42174,117121
42175,107517
42176,98603
42177,89227
42178,79676
42179,70122
42180,60505
42181,50848
42182,41426
42183,31929
42184,23036
42185,15511
42186,5924
42187,1055965
42188,1046564
42189,1037045
42190,1027532
42191,1017975
42192,1008438
42194,989609
42195,979971
42196,970415
42197,960808
42198,951146
42199,947909
42200,939461
42201,929882
42202,920292
42203,910745
42204,901113
42205,891554
42206,881981
42207,872419
42208,862897
42209,853586
42210,844006
42211,834431
42212,827551
42213,818037
42214,808464
42215,798943
42216,790267
42217,780754
42218,771147
42219,761598
42220,752091
42221,742627
42222,733097
42223,723707
42224,714267
42225,706784
42226,697313
42227,687771
42228,678245
42229,668567
42230,659013
42231,649423
42232,640688
42233,631170
42234,621644
42235,612078
42236,602472
42237,594726
42238,585282
42239,575760
42240,566118
42241,556826
42242,547230
42243,537720
42244,528303
42245,520848
42246,510911
42247,500967
42248,491025
42249,481083
42250,472942
42251,463374
42252,453860
42253,444183
42254,434595
42255,424900
42256,415365
42257,406052
42258,396370
42259,386898
42260,377280
42261,367742
42262,358089
42263,350353
42264,341469
42265,332105
42266,322518
42267,312929
42268,303329
42269,293796
42270,284163
42271,274640
42272,265026
42273,255509
42274,245973
42275,236461
42276,228747
42277,219233
42278,209637
42279,200039
42280,191052
42281,181504
42282,171912
42283,162307
42284,152659
42285,143011
42286,133423
42287,123864
42288,114246
42289,106770
42290,97328
42291,87788
42292,78615
42293,68989
42294,59473
42295,49925
42296,41073
42297,31524
42298,21994
42299,12444
42300,2838
42301,1056778
42302,1047466
42303,1037927
42304,1028444
42305,1019606
42306,1010044
42307,1000488
42308,990945
42309,981266
42310,971719
42311,962148
42312,953404
42313,943789
42314,936249
42315,926740
42316,917079
42317,907562
42318,898000
42319,888314
42320,878702
42321,869310
42322,859834
42323,850294
42324,840800
42325,831176
42326,821656
42327,814332
42328,805503
42329,796001
42330,786429
42331,776937
42332,767455
42333,757828
42334,748278
42335,738694
42336,729099
42337,719821
42338,710243
42339,700738
42340,692888
42342,673292
42343,663851
42344,655001
42345,645682
42346,636189
42347,626673
42348,619180
42349,613909
42350,604048
42351,594117
42352,584189
42353,574287
42354,564345
42355,554400
42356,544506
42357,534592
42358,524648
42359,514737
42360,504866
42361,495123
42362,485486
42363,475985
42364,466372
42365,456814
42366,448997
42367,439565
42368,429982
42369,420601
42370,411005
42371,401445
42372,391828
42373,382176
42374,372575
42375,362949
42376,354057
42377,344738
42378,335248
42379,327391
42380,317886
42381,308289
42382,298706
42383,289105
42384,279504
42385,270145
42386,260563
42387,250911
42388,241332
42389,231819
42390,222217
42391,212648
42392,206856
42393,197154
42394,187636
42395,178089
42396,168466
42397,158732
42398,149205
42399,139625
42400,130140
42401,120719
42402,111137
42403,101638
42404,92116
42405,85039
42407,65478
42408,56552
42409,46899
42410,37335
42411,27720
42412,18194
42413,8722
42414,1058151
42415,1048722
42416,1039282
42417,1030313
42418,1020809
42419,1016179
42420,1006627
42421,997144
42422,987632
42423,978052
42424,969392
42425,959867
42426,950286
42427,940646
42428,931092
42429,921380
42430,911775
42431,904164
42432,894593
42433,885216
42434,875673
42435,866032
42436,856443
42437,846903
42438,837298
42439,827906
42440,819110
42441,809558
42442,799955
42443,790630
42444,782714
42445,773222
42446,763546
42447,753976
42448,744433
42449,735126
42450,725547
42451,716030
42452,708518
42453,698579
42454,688634
42455,678688
42456,669039
42457,661704
42458,652105
42459,642488
42460,633002
42461,623425
42462,613960
42463,604327
42464,594837
42465,585441
42466,575896
42467,566281
42468,556685
42470,537064
42471,529275
42472,520457
42473,510929
42474,501247
42475,491647
42476,482088
42477,472513
42478,462887
42479,453303
42480,443610
42481,434198
42482,424617
42483,414951
42484,407108
42485,397566
42486,387976
42487,378353
42488,369505
42489,359944
42490,350391
42491,340742
42492,331160
42493,321554
42494,312176
42495,302588
42496,294796
42497,285459
42498,275813
42499,266234
42500,256616
42501,247140
42502,237629
42503,228168
42504,219221
42505,209568
42506,200068
42507,190497
42508,180876
42509,173072
42510,163444
42511,153846
42512,144245
42513,134868
42514,125271
42515,115705
42516,106077
42517,96491
42518,86927
42519,77873
42520,68931
42521,59362
42522,51901
42523,42482
42524,32930
42525,23353
42526,13821
42527,4329
42528,1055000
42529,1045883
42530,1036382
42531,1026814
42532,1017116
42533,1007670
42534,998051
42535,991816
42536,983066
42537,973393
42538,963885
42539,954331
42540,944674
42541,935089
42542,925576
42543,915946
42544,906399
42545,897098
42546,887517
42547,877864
42548,870169
42549,860602
42550,851115
42551,841593
42552,832784
42553,823283
42554,816116
42555,806225
42556,796279
42557,786345
42558,776404
42559,766461
42560,758049
42561,748651
42562,739093
42563,729433
42564,719933
42565,710403
42566,700968
42567,691420
42568,682617
42569,673083
42570,663504
42571,654010
42572,644472
42573,636639
42574,627196
42575,617618
42576,607970
42577,598685
42578,589290
42579,579831
42580,570198
42581,560597
42582,550998
42583,541393
42584,532545
42585,522980
42586,516259
42587,506796
42588,497080
42589,487488
42590,477908
42591,468353
42592,458707
42593,449301
42594,439650
42595,430039
42596,420491
42597,410850
42598,401223
42599,393494
42600,384514
42601,374946
42602,365535
42603,355927
42604,346334
42605,336766
42606,327312
42607,317784
42608,308205
42609,298731
42610,289048
42611,279505
42612,272792
42613,263127
42614,253602
42615,243998
42616,235193
42617,225591
42618,216041
42619,206429
42621,186828
42622,177191
42623,167622
42624,158055
42625,150499
42626,141048
42627,131380
42628,121757
42629,112297
42630,102695
42631,93150
42632,84400
42633,74746
42634,65109
42635,55493
42636,45828
42637,36215
42638,28569
42639,18980
42640,9404
42641,1064712
42642,1055401
42643,1045846
42644,1036429
42645,1026777
42646,1017327
42647,962309
42648,963417
42649,963510
42650,963535
42651,967787
42652,964098
42653,954553
42654,944929
42655,935304
42656,925793
42657,916451
42658,909078
42659,899197
42660,889254
42661,879317
42662,869405
42663,859466
42664,851903
42665,842508
42666,832981
42667,823384
42668,813832
42669,804291
42670,794719
42671,785306
42672,775638
42673,479601
42674,479648
42675,479707
42676,479719
42677,481533
42678,481609
42679,481547
42680,482719
42681,482803
42682,482873
42683,482927
42684,482948
42685,482994
42686,483025
42687,483085
42688,483129
42689,484788
42690,484830
42691,484828
42692,484842
42693,484900
42694,484908
42695,484970
42696,485613
42697,485599
42698,485688
42699,485645
42700,485691
42701,485721
42702,486536
42703,476984
42704,467394
42705,457948
42706,448394
42707,438763
42708,429207
42709,419575
42710,410063
42711,400499
42712,391570
42713,381903
42714,372321
42715,364562
42716,355151
42717,345595
42718,336079
42719,326624
42720,317064
42721,307615
42722,298115
42723,288467
42724,278975
42725,269366
42726,259738
42727,250173
42728,243208
42729,232913
42730,223668
42731,214531
42732,204831
42733,194210
42734,185569
42735,176028
42736,166377
42737,157002
42738,147381
42739,137824
42740,128277
42741,120531
42742,111117
42743,101487
42744,92668
42745,83077
42746,73550
42747,64560
42748,50866
42749,45419
42750,35845
42751,24335
42752,16045
42753,9179
42754,1798861
42755,1791770
42756,1782310
42758,1819117
42759,1809684
42760,1928845
42761,1922146
42762,1912231
42763,1902303
42764,1892414
42765,1882478
42766,1872537
42767,1866050
42768,1856535
42769,1847165
42770,1837557
42771,1827881
42772,1818252
42773,1808676
42774,1799155
42775,1789613
42776,1780938
42777,1771370
42778,1761978
42779,1752620
42780,1744826
42781,1735279
42783,1715621
42784,1705977
42785,1696625
42786,1686949
42787,1677319
42788,1667783
42789,1658166
42790,1668284
42791,1658711
42792,1649839
42793,1640275
42794,1632660
42795,1622986
42796,1613329
42797,1603767
42798,1594217
42799,1584804
42800,1575210
42801,1565738
42802,1556091
42803,1546515
42804,1537003
42805,1527305
42806,1517738
42807,1509731
42808,1500966
42809,1491447
42810,1481805
42811,1472223
42812,1462670
42813,1453065
42814,1443489
42815,1433959
42816,1424285
42817,1414975
42818,1405496
42819,1397545
42820,1387990
42821,1378504
42822,1368916
42823,1359307
42824,1350414
42825,1340877
42826,1331334
42827,1321749
42828,1312132
42829,1302513
42830,1292876
42831,1283340
42832,1275429
42833,1266030
42834,1256369
42835,1246845
42836,1237297
42837,1227668
42838,1218031
42839,1208537
42840,1199546
42841,1189914
42842,1180500
42843,1170842
42844,1161253
42845,1153511
42846,1143864
42847,1134358
42848,1124698
42849,1115278
42850,1105667
42851,1096115
42852,1086439
42853,1078494
42854,1072081
42855,1062416
42856,1053507
42857,1043850
42858,1037628
42859,1028549
42860,1019222
42861,1009686
42862,1000077
42863,990483
42864,980951
42865,973485
42866,963604
42867,953675
42868,943762
42869,933834
42870,923897
42871,915818
42872,907011
42873,897477
42874,887839
42875,878299
42876,868637
42877,859061
42878,849447
42879,839800
42880,830167
42881,820757
42882,811262
42883,803575
42884,794040
42886,774373
42887,764922
42888,755914
42889,746443
42890,736837
42891,727137
42892,717603
42894,698101
42895,688488
42896,678920
42897,669478
42898,661467
42899,652014
42900,642439
42901,632824
42902,623183
42903,613602
42904,604708
42905,595155
42906,585476
42907,575848
42908,566241
42909,556555
42910,546975
42911,538956
42912,529491
42913,520059
42914,510521
42915,500803
42916,491254
42917,481638
42918,472143
42919,462450
42920,453549
42921,443936
42922,434395
42923,424891
42924,417001
42925,407498
42926,397893
42927,388287
42928,378603
42929,367418
42930,359568
42931,350156
42932,340510
42933,331005
42934,317857
42935,311823
42936,302926
42937,295075
42938,285581
42939,275945
42940,264101
42941,256702
42942,247196
42943,237680
42944,228035
42945,218692
42946,209154
42947,199595
42948,189951
42949,182143
42950,172622
42951,163006
42952,154095
42953,120860
42954,120922
42955,120924
42956,115104
42957,105601
42958,95867
42959,86321
42960,76725
42961,67395
42962,59633
42963,49924
42964,40321
42965,30723
42966,21125
42967,11623
42968,2835
42969,1050030
42970,1042623
42971,1032774
42972,1022864
42973,1012917
42975,992977
42976,985120
42977,976337
42978,966981
42979,957388
42980,947807
42981,938288
42982,936138
42983,926259
42984,916336
42985,906389
42986,896498
42987,886552
42988,876610
42989,866719
42990,856821
42991,846859
42992,836960
42993,827074
42994,817116
42995,807221
42996,797871
42997,603008
42998,603058
42999,603065
43000,604481
43001,604534
43002,606201
43004,606197
43005,606209
43006,606249
43007,606308
43008,606330
43009,606375
43010,606468
43011,606495
43012,606540
43013,606525
43014,606553
43015,608270
43016,606092
43017,596560
43018,586991
43019,577404
43020,567759
43021,558238
43022,548701
43023,539056
43024,529432
43025,520028
43026,510451
43027,500813
43028,492992
43029,483366
43030,473845
43031,464483
43032,455697
43033,446042
43034,436510
43035,426894
43036,417338
43037,408016
43038,398508
43039,388870
43040,379317
43041,371765
43042,362162
43043,352550
43044,342864
43045,333322
43046,323755
43047,314176
43048,305294
43049,295639
43050,285990
43051,276372
43052,266803
43053,257106
43054,249103
43055,239557
43056,230016
43057,220530
43058,210991
43059,201424
43060,191836
43061,182277
43062,172720
43063,163105
43064,154219
43065,144597
43066,134996
43067,126913
43068,117260
43069,107622
43070,98107
43071,88501
43072,78907
43073,72176
43074,62306
43075,52347
43076,42439
43077,32504
43078,22577
43079,14028
43080,5332
43081,1049558
43082,1040098
43083,1030622
43084,1020995
43085,1011565
43086,1001953
43087,992337
43088,982833
43089,973516
43090,963943
43091,954402
43092,947687
43093,938128
43094,928529
43095,918869
43096,909996
43097,900426
43098,890820
43099,881161
43100,871668
43101,861986
43102,852513
43103,842921
43104,833410
43105,825845
43106,816243
43107,806739
43108,797150
43109,787702
43110,778168
43111,768552
43112,759728
43113,750115
43114,740525
43115,731004
43116,721457
43117,711949
43118,704390
43119,694810
43120,685218
43121,675739
43122,666270
43123,656749
43124,647272
43125,637701
43126,628160
43127,618573
43128,609709
43129,600073
43130,590571
43131,582797
43132,573132
43133,563604
43134,553986
43135,544359
43136,534740
43137,525605
43138,516079
43139,506521
43140,496926
43141,487328
43142,477703
43143,469887
43144,461037
43145,451389
43146,441819
43147,432180
43148,422559
43149,412877
43150,403284
43151,393752
43152,384155
43153,374689
43154,365194
43155,355572
43156,347786
43157,338224
43158,328617
43159,319026
43160,310155
43161,300586
43162,291121
43163,281547
43164,271863
43165,262279
43166,252701
43167,243144
43168,233530
43169,226022
43170,216391
43171,206803
43172,197267
43173,187721
43174,178107
43175,168599
43176,162164
43177,152224
43178,142308
43179,132401
43180,122450
43181,112530
43182,103790
43183,94208
43184,84697
43185,75491
43186,65939
43187,56314
43188,46647
43189,37082
43190,27543
43191,18011
43192,9090
43193,1059912
43194,1050414
43195,1043125
43196,1033706
43197,1024283
43198,1014672
43199,1005160
43200,995511
43201,986191
43202,976704
43203,967054
43204,957508
43205,947975
43206,938374
43207,930593
43208,921875
43209,912199
43210,902614
43211,893119
43212,883568
43213,874024
43214,864443
43215,854908
43216,845346
43217,836055
43218,826575
43219,816971
43220,809222
43221,799538
43222,789972
43223,780402
43224,771526
43225,761983
43226,752390
43227,742715
43228,733289
43229,723708
43230,714016
43231,704427
43232,694917
43233,688150
43234,678447
43235,668871
43236,659293
43237,649739
43238,640200
43239,630630
43240,621828
43241,612211
43242,602615
43243,593184
43244,583649
43245,574101
43246,566341
43247,556852
43248,547297
43249,537827
43250,528220
43251,518591
43252,509138
43253,499458
43254,489757
43255,480090
43256,471129
43257,461594
43258,451911
43259,444235
43260,434582
43261,424997
43262,415350
43263,405684
43264,396037
43265,386727
43266,376989
43267,367372
43268,357765
43269,348097
43270,338461
43271,330860
43272,322084
43273,312446
43274,302851
43275,293254
43276,283652
43277,274047
43278,264426
43279,256842
43280,246964
43281,237015
43282,227071
43283,217159
43284,208768
43285,199240
43286,189604
43287,180029
43288,171277
43289,161661
43290,152083
43291,142486
43293,122994
43294,113395
43295,103886
43296,94360
43297,84940
43298,77501
43299,68035
43300,58364
43301,48860
43302,39340
43303,29787
43304,20851
43305,11455
43306,1985
43307,1068605
43308,1062846
43309,1056850
43310,1051553
43311,1055764
43312,1050269
43313,1046790
43314,1040417
43315,1034420
43316,1028923
43317,1022616
43318,1016844
43319,1011742
43320,1013604
43321,1007332
43322,1001934
43323,995328
43324,995611
43325,987130
43326,977827
43327,968542
43328,959202
43329,949976
43330,940353
43331,930742
43332,921155
43333,911568
43334,902089
43335,892410
43336,885572
43337,876027
43338,866340
43339,856728
43340,847254
43341,837734
43342,828200
43343,818690
43344,809116
43345,799795
43346,790333
43347,780815
43348,771297
43349,763678
43350,754090
43351,744707
43352,735963
43353,726476
43354,717035
43355,707542
43356,698017
43357,688477
43358,679063
43359,669545
43360,660014
43361,650792
43362,643103
43363,633695
43364,624214
43365,614556
43366,605137
43367,595675
43368,586981
43369,577368
43370,567968
43371,558479
43372,548815
43373,539320
43374,529735
43375,521896
43376,512245
43377,502912
43378,493294
43379,483705
43380,474037
43381,464489
43382,456890
43383,446963
43384,437009
43385,427065
43386,417127
43387,407385
43388,399881
43389,390296
43390,380760
43391,371288
43392,361766
43393,352292
43394,342869
43395,333204
43396,323715
43397,314116
43398,304541
43399,295004
43400,288023
43401,278475
43402,268885
43403,259340
43404,249798
43405,240159
43406,230628
43407,220995
43408,211433
43409,202094
43410,192409
43411,183020
43412,173471
43413,165894
43414,156534
43415,146999
43416,138122
43417,128433
43418,118913
43419,109241
43420,99565
43421,89953
43422,80311
43423,70667
43424,61099
43425,51716
43426,44821
43427,35517
43428,25710
43429,16195
43430,6795
43431,1057832
43432,1049274
43433,1039835
43434,1030261
43435,1020569
43436,1011144
43437,1001481
43438,992044
43439,984661
43440,975005
43441,965697
43442,956167
43443,946511
43444,936919
43445,927288
43446,917811
43447,908182
43448,899442
43449,889773
43450,880220
43451,870630
43452,862992
43454,843488
43455,833967
43456,824504
43457,815170
43458,805626
43459,796095
43460,786517
43461,777042
43462,767588
43463,758170
43464,749298
43465,741525
43466,731993
43467,722339
43468,712755
43469,703223
43470,693711
43471,684189
43472,674703
43473,665340
43474,655846
43475,646389
43476,636838
43477,627263
43478,619562
43479,610025
43480,601193
43481,591649
43482,582106
43483,572659
43484,563204
43485,553590
43486,545735
43487,535837
43488,525903
43489,515939
43490,506039
43491,497893
43492,488367
43493,478750
43494,469188
43495,459650
43496,450715
43497,441131
43498,431513
43499,421926
43500,412279
43501,402722
43502,393169
43503,383604
43504,375712
43505,366427
43506,356866
43507,347363
43508,337810
43509,328199
43510,318627
43511,308975
43512,300152
43513,290570
43514,281026
43515,271473
43516,261859
43517,254162
43518,244649
43519,235040
43520,225551
43521,216178
43522,206644
43523,197116
43524,187504
43525,177849
43526,168292
43527,158656
43528,149795
43529,142103
43530,132550
43531,123036
43532,113481
43533,103896
43534,94180
43535,84918
43536,75332
43537,65816
43538,56237
43539,46645
43540,37066
43541,27502
43542,19775
43543,10209
43544,1032990
43545,1023410
43546,1013898
43547,1004441
43548,994967
43549,985294
43550,975781
43551,966137
43552,956669
43553,947341
43554,937683
43555,930336
43556,920803
43557,911159
43558,901502
43559,892009
43560,883174
43561,873649
43562,864129
43563,854446
43564,844911
43565,835310
43566,825663
43567,816130
43568,808303
43569,798968
43570,789291
43571,779804
43572,770322
43573,760787
43574,751326
43575,741808
43576,732961
43577,723348
43578,713822
43579,704203
43580,694604
43581,686927
43582,677300
43583,667699
43584,658036
43585,648624
43586,639060
43587,629472
43588,621818
43589,611925
43590,602022
43591,592099
43592,582219
43593,574393
43594,564823
43595,555334
43596,545645
43597,536104
43598,526505
43599,516942
43600,507384
43601,498069
43602,488478
43603,478987
43604,469438
43605,459808
43606,452002
43607,442383
43608,433547
43609,423999
43610,414457
43611,404899
43612,395282
43613,385753
43614,376062
43615,366468
43616,362537
43617,352695
43618,342794
43619,332901
43620,323044
43621,313114
43622,303265
43623,293384
43624,283426
43625,273786
43626,264246
43627,254556
43628,245154
43629,235573
43630,226004
43631,216528
43632,208780
43633,199398
43634,189926
43635,180361
43636,170810
43637,161313
43638,151742
43639,142131
43640,133303
43641,123732
43642,114165
43643,104605
43644,94975
43645,87282
43646,77771
43647,68322
43648,58706
43649,49317
43650,39704
43651,30140
43652,20513
43653,11019
43654,1596
43655,1045297
43656,1036591
43657,1029469
43658,1020027
43659,1010343
43660,1000820
43661,991248
43662,981726
43663,972246
43665,952900
43666,943252
43667,933709
43668,924077
43669,914489
43670,904976
43671,899156
43672,890287
43673,880674
43674,870954
43675,861321
43676,851751
43677,842191
43678,832499
43679,822985
43680,813330
43681,803889
43682,794330
43683,784732
43684,777184
43685,767676
43686,758043
43687,748468
43688,739679
43689,730001
43690,720340
43691,713411
43692,703479
43693,693542
43694,683628
43695,673696
43696,663756
43697,655317
43698,645756
43699,636260
43700,626829
43701,617269
43702,607670
43703,598102
43704,589310
43705,579831
43706,570299
43707,560743
43708,551168
43709,541633
43710,533846
43711,524271
43712,514680
43713,505288
43714,495769
43715,486208
43716,476607
43717,467049
43718,457516
43719,447895
43720,439085
43721,429547
43722,421706
43723,412199
43724,402589
43725,393070
43726,383362
43727,374014
43728,364356
43729,355103
43730,345507
43731,335949
43732,326371
43733,316812
43734,307254
43735,299577
43736,290762
43737,281170
43738,271582
43739,261967
43740,252444
43741,242880
43742,233331
43743,223719
43744,214149
43745,204751
43746,195135
43747,185479
43748,177809
43749,168243
43750,158584
43751,149029
43752,140145
43753,130542
43754,120908
43755,111409
43756,101868
43757,92344
43758,82795
43759,73409
43760,63875
43761,56464
43762,46882
43763,37380
43764,27767
43765,18231
43766,8733
43767,1051857
43768,1043114
43769,1033555
43770,1024099
43771,1014689
43772,1005101
43773,995580
43774,988377
43775,978898
43776,969416
43777,960017
43778,950413
43779,940796
43780,931137
43781,921657
43782,912050
43783,902466
43784,893600
43785,884060
43786,876289
43787,866795
43788,857097
43789,847566
43790,838015
43791,828501
43792,818993
43793,812272
43794,802411
43795,792462
43796,782554
43797,772616
43798,762680
43799,754332
43800,745409
43801,735805
43802,726160
43803,716637
43804,707167
43805,697681
43806,688057
43807,678562
43808,669001
43809,659650
43810,650253
43811,640648
43812,633607
43813,624007
43814,614387
43815,604808
43816,595885
43817,586587
43818,576939
43819,567414
43820,557843
43821,548289
43822,538660
43823,529049
43824,519469
43825,511866
43826,502279
43827,492712
43828,483174
43829,473607
43830,464004
43831,454405
43832,445596
43833,435976
43834,426269
43835,416748
43836,407072
43837,397476
43838,389770
43839,380219
43840,370578
43841,361105
43842,351473
43843,341816
43844,332247
43845,322653
43846,313023
43847,303493
43848,294521
43849,284856
43850,277194
43851,267541
43852,257979
43853,248407
43854,238808
43855,229219
43856,219714
43857,210284
43858,200716
43859,191128
43860,181493
43861,171928
43862,162396
43863,154660
43864,145849
43865,136228
43866,126718
43867,117241
43868,107633
43869,98101
43870,88716
43871,79117
43872,69559
43873,60199
43874,50613
43875,41049
43876,33299
43877,23898
43878,14460
43879,4777
43880,1079984
43881,1070621
43882,1061170
43883,1051674
43884,1042040
43885,1032536
43886,1023093
43887,1013489
43888,1003940
43889,998215
43890,988546
43891,979022
43892,969435
43893,959776
43894,950226
43895,940584
43896,933013
43897,923066
43898,913193
43899,903256
43900,893468
43901,883886
43902,876233
43903,866555
43904,856962
43905,847536
43906,837934
43907,828460
43908,818939
43909,809237
43910,799733
43911,790431
43912,781552
43913,772129
43914,764425
43915,754871
43916,745302
43918,725755
43919,716195
43920,706715
43921,697333
43922,687824
43923,678215
43924,668792
43925,659242
43926,649741
43927,640046
43928,633016
43929,623487
43930,613838
43931,604285
43932,594644
43933,585277
43934,575810
43935,566178
43936,556615
43937,547261
43938,537606
43939,527953
43940,518368
43941,510529
43942,501079
43943,491442
43944,483628
43945,473922
43946,464414
43947,454919
43948,445315
43949,435687
43950,426100
43951,416528
43953,397092
43954,387367
43955,379853
43956,370495
43957,361070
43958,351500
43959,341812
43960,332964
43961,323363
43962,313710
43963,304051
43964,294498
43965,284997
43966,275314
43967,265787
43968,257992
43969,248758
43970,239155
43971,229519
43972,219977
43973,210390
43974,200780
43975,191293
43976,182475
43977,172855
43978,163306
43979,153758
43980,145938
43981,136289
43982,126798
43983,117171
43984,107690
43985,98330
43986,89088
43987,79474
43988,69890
43989,60296
43990,50714
43991,41315
43992,32294
43993,24748
43994,15394
43995,5906
43996,1049699
43997,1040288
43998,1030810
44000,1011261
44001,1001892
44002,994244
44003,984352
44004,974427
44005,964520
44006,954620
44007,947675
44008,938947
44009,929339
44010,919650
44011,910032
44012,900481
44013,890967
44014,881475
44015,871861
44016,862344
44017,852909
44018,843465
44019,833793
44020,825972
44021,816401
44022,806936
44023,797464
44024,788702
44025,779165
44026,769676
44027,760156
44028,750648
44029,741123
44030,731671
44031,722172
44032,712611
44033,705142
44034,695499
44035,686006
44036,676529
44037,666857
44038,657395
44039,647932
44040,639179
44041,629590
44042,620143
44043,610730
44044,601055
44045,593242
44046,583775
44047,574143
44048,564611
44049,555256
44050,545814
44051,536347
44052,526879
44053,517200
44054,507622
44055,497994
44056,489125
44057,479611
44058,471832
44059,462232
44060,452584
44061,442966
44062,433349
44063,423751
44064,414084
44065,404699
44066,395113
44067,385476
44068,375779
44069,366214
44070,356597
44071,348767
44072,339878
44073,330352
44074,320748
44075,311301
44076,301751
44077,292219
44078,282631
44079,272972
44080,263258
44081,253942
44082,244228
44083,234637
44084,227163
44085,217541
44086,207966
44087,198457
44088,189648
44089,180053
44090,170501
44091,160980
44092,151382
44093,141855
44095,122275
44096,112723
44097,103299
44098,95529
44099,85955
44100,76709
44101,67103
44102,57566
44103,47970
44104,39161
44105,32118
44106,22186
44107,12229
44108,1061461
44109,1051978
44110,1044717
44111,1035202
44112,1025545
44113,1016080
44114,1006523
44115,997005
44116,987475
44117,977931
44118,968265
44120,949461
44121,939959
44122,930448
44123,920861
44124,912996
44125,903500
44126,893884
44127,884323
44128,874655
44129,865343
44130,855791
44131,846078
44132,836628
44133,827022
44134,817545
44135,808008
44136,799141
44137,791500
44138,782073
44139,772416
44140,762975
44141,753459
44142,743960
44143,734342
44144,724880
44145,715433
44146,705934
44147,696472
44148,686850
44149,677213
44150,669476
44151,659916
44152,651150
44153,641571
44154,632011
44155,622381
44156,612857
44157,603157
44158,593610
44159,584008
44160,574474
44161,565096
44162,555459
44163,547844
44164,538277
44165,528696
44166,519057
44167,509503
44168,500590
44169,491033
44170,481444
44171,471883
44172,462297
44173,452718
44174,443043
44175,435356
44176,425778
44177,416459
44178,406738
44179,397117
44180,387565
44181,377930
44182,368223
44183,358726
44184,349767
44185,340260
44186,330650
44187,321204
44188,313437
44189,304001
44190,294455
44191,284862
44192,275286
44193,265905
44194,256329
44195,246743
44196,237224
44197,227571
44198,217957
44199,208414
44200,199479
44201,192715
44202,183140
44203,173478
44204,163963
44205,154394
44206,144789
44207,135135
44208,127988
44209,118077
44210,108181
44211,98244
44212,88300
44213,78356
44214,70257
44215,60584
44216,51856
44217,42297
44218,32652
44219,23185
44220,13746
44221,4074
44222,1059222
44223,1051213
44224,1043369
44225,1036653
44226,1028379
44227,1026587
44228,1019213
44229,1011227
44230,1003452
44231,995872
44232,991310
44233,983567
44234,976037
44235,967950
44236,959880
44237,952220
44238,943976
44239,941044
44240,933641
44241,926493
44242,918491
44243,909988
44244,901044
44245,891828
44246,882506
44247,873023
44248,864398
44249,854847
44250,845283
44251,835627
44252,827887
44253,818342
44254,814759
44255,804971
44256,795119
44258,775235
44259,765371
44260,755499
44261,745586
44262,735698
44263,725750
44264,715849
44265,705947
44266,696046
44267,686395
44268,676970
44269,667467
44270,658058
44271,648411
44272,638917
44273,629673
44274,619996
44275,610564
44276,601112
44277,591621
44278,582060
44279,574235
44280,565369
44281,555855
44282,546395
44283,536854
44284,527406
44285,517799
44286,508449
44287,498895
44288,489450
44289,480112
44290,470442
44291,460975
44292,453107
44293,443529
44294,434014
44295,424444
44296,415460
44297,405872
44298,396246
44300,376761
44301,367284
44302,357714
44303,348038
44304,338408
44305,330840
44306,321305
44307,311718
44308,302104
44309,292464
44310,282788
44311,273321
44312,266863
44313,256969
44314,247012
44315,237099
44316,227156
44317,217203
44318,208641
44319,199123
44320,189464
44321,180045
44322,170484
44323,160898
44324,151320
44325,141764
44326,132322
44327,122756
44328,114088
44329,104505
44330,94980
44331,87293
44332,77645
44333,68047
44334,58472
44335,48904
44336,39341
44337,29925
44338,20307
44339,10918
44340,1075440
44341,1069778
44342,1064513
44343,1058177
44344,1071223
44345,1065895
44346,1059697
44347,1053504
44348,1048088
44349,1041695
44350,1036076
44351,1030590
44352,1024144
44353,1017858
44354,1009123
44355,999879
44356,990605
44357,983576
44358,974011
44359,964415
44360,955556
44361,945878
44362,936387
44363,926888
44364,917342
44365,907796
44366,898244
44367,888746
44368,879057
44369,871644
44370,862135
44371,852595
44372,843050
44373,833423
44374,823824
44375,814399
44376,805661
44377,796226
44378,786704
44379,777139
44380,767681
44381,758205
44382,750515
44383,741202
44384,731627
44385,722319
44386,712863
44387,703373
44388,693839
44389,684419
44390,674944
44391,665318
44392,656651
44393,647246
44394,637522
44395,630621
44396,621158
44397,611598
44398,602085
44399,592544
44400,583018
44401,573725
44402,564098
44403,554525
44404,544932
44405,535371
44406,525807
44407,516168
44408,509364
44409,499741
44410,490121
44411,480557
44412,470970
44413,461354
44414,451759
44415,444385
44416,434444
44417,424528
44418,414597
44419,404643
44420,394704
44421,386553
44422,376872
44423,367359
44424,358429
44425,348782
44426,339284
44427,329660
44428,320179
44429,310669
44430,301102
44431,291557
44432,282003
44433,274590
44434,265097
44435,255521
44436,245873
44437,236245
44438,226651
44439,218089
44440,210067
44441,200496
44442,190984
44443,181732
44444,172242
44445,162600
44446,155190
44447,145735
44448,136079
44449,126748
44450,117159
44451,107690
44452,97982
44453,88454
44454,78787
44455,69243
44456,60457
44457,50863
44458,41392
44459,33712
44460,24258
44461,14657
44462,5146
44463,1059311
44464,1051653
44465,1045229
44466,1037115
44467,1029361
44468,1021496
44469,1013314
44470,1005297
44471,997679
44472,1000505
44473,992768
44474,985389
44475,977232
44476,969360
44477,961874
44478,953724
44479,945945
44480,938296
44481,931136
44482,923153
44483,915649
44485,897497
44486,895366
44487,887359
44488,883285
44489,875536
44490,867334
44491,859155
44493,840478
44494,831421
44495,822228
44496,812802
44497,803694
44498,794101
44499,786554
44500,776972
44502,757326
44503,747847
44504,738965
44505,729439
44506,719784
44507,710154
44508,700685
44509,691177
44510,681616
44511,672041
44512,662572
44513,655106
44514,645458
44515,635904
44516,626466
44517,617029
44518,607487
44519,598010
44520,589078
44521,581221
44522,571327
44523,561388
44524,551474
44525,541572
44526,533536
44527,523907
44528,514469
44529,505152
44530,495480
44531,485959
44532,476491
44533,466994
44534,457343
44535,447843
44536,439002
44537,429418
44538,419695
44539,411936
44540,402372
44541,392725
44542,383163
44543,373701
44544,364060
44545,354708
44546,345116
44547,335568
44548,325995
44549,316413
44550,306831
44551,297214
44552,290319
44553,280827
44554,271246
44555,261785
44556,252221
44557,242650
44558,233119
44559,223463
44560,213901
44561,204546
44562,195024
44563,185442
44564,177637
44565,168070
44566,158541
44567,148970
44568,140311
44569,130746
44570,121176
44571,111551
44572,101993
44573,92473
44574,82739
44575,73221
44576,63636
44577,56117
44579,36528
44580,26955
44581,17521
44582,7949
44583,1058621
44584,1050043
44585,1040592
44586,1031027
44587,1021578
44588,1012062
44589,1002494
44590,992828
44591,986366
44592,976723
44593,967328
44594,957798
44595,948247
44596,938652
44597,929144
44598,919518
44599,909985
44600,901123
44601,891439
44602,881808
44603,872226
44604,864548
44605,854921
44606,845471
44607,835829
44608,826384
44609,817036
44610,807377
44611,797905
44612,788394
44613,778772
44614,769261
44615,759806
44616,750862
44617,743070
44618,733496
44619,723918
44620,714317
44621,704752
44622,695084
44623,685578
44624,677550
44625,667617
44626,657668
44627,647721
44628,637957
44629,630191
44630,620769
44631,611143
44632,602328
44633,592747
44634,583259
44635,573561
44636,563982
44637,554324
44638,544698
44639,535094
44640,525464
44641,515969
44642,508152
44643,498500
44644,488819
44645,479240
44646,469585
44647,459959
44648,451130
44649,441508
44650,431819
44651,422297
44652,412645
44653,402976
44654,393507
44655,385614
44656,376033
44657,366696
44658,357007
44659,347430
44660,337897
44661,328278
44662,318750
44663,309106
44664,300230
44665,290674
44666,281102
44667,271556
44668,263682
44669,254224
44670,244652
44671,235063
44672,225513
44673,216098
44674,206580
44675,197015
44676,187382
44677,177818
44678,168244
44679,158612
44680,149634
44681,142085
44682,132563
44683,123019
44684,113464
44685,103848
44686,94349
44687,84760
44688,75114
44689,65714
44690,56205
44691,46622
44692,37021
44693,29264
44694,19793
44695,10133
44696,1058117
44698,1038644
44699,1029130
44700,1019592
44701,1009987
44702,1000409
44703,990898
44704,981365
44705,971922
44706,962385
44707,957036
44708,947588
44709,938010
44710,928554
44711,919115
44712,910398
44713,900812
44714,891305
44715,881691
44716,872150
44717,862650
44718,853179
44719,843517
44720,835878
44721,826403
44722,816907
44723,807424
44724,797951
44725,788267
44726,778830
44727,770760
44728,760819
44729,750933
44730,741296
44731,731607
44732,722172
44733,714274
44734,704727
44735,695267
44736,685726
44737,676358
44738,666871
44739,657252
44740,647687
44741,638457
44742,629015
44743,619493
44744,610631
44745,601028
44746,593130
44747,583655
44748,574103
44749,564638
44750,555029
44751,545432
44752,535822
44753,526345
44754,516710
44755,507108
44756,497512
44757,487863
44758,480011
44759,470506
44760,461618
44761,452021
44762,442463
44763,432870
44764,423333
44765,413665
44766,403994
44767,394398
44768,384758
44769,375364
44771,355759
44772,348021
44773,338372
44774,328813
44775,319163
44776,310168
44777,300703
44778,291354
44779,281707
44780,272200
44781,262601
44782,253069
44783,243474
44784,233953
44785,226469
44786,221985
44787,212476
44788,202930
44789,193417
44790,183877
44791,174228
44792,165351
44793,155666
44794,146113
44795,136550
44796,126987
44797,117337
44798,109724
44799,100111
44800,90576
44801,81319
44802,71824
44803,62409
44804,52825
44805,43251
44806,33664
44807,24119
44808,15407
44809,5826
44810,1050818
44811,1044877
44812,1035310
44813,1025834
44814,1016355
44815,1006702
44816,997142
44817,987989
44818,978443
44819,968922
44820,959311
44821,949658
44822,940031
44823,932192
44824,923493
44825,913975
44826,904427
44827,894932
44828,885368
44829,875734
44830,866122
44831,858155
44832,848210
44833,838270
44834,828320
44835,818671
44836,810807
44837,801294
44838,791722
44839,782319
44840,773536
44841,763958
44842,754263
44843,744792
44844,735245
44845,725592
44846,716063
44847,706534
44848,696901
44849,689476
44850,679896
44851,670263
44852,660708
44853,651176
44854,641669
44855,632131
44856,623239
44858,603663
44859,594034
44860,584479
44861,574972
44862,565414
44863,557579
44864,547935
44865,538564
44866,529026
44867,519506
44868,509916
44869,500374
44870,490806
44871,481176
44872,472419
44873,462802
44874,453227
44875,443680
44876,436007
44877,426358
44878,416787
44879,407212
44880,397617
44881,388251
44882,378682
44883,369199
44884,359595
44885,349997
44886,340358
44887,330711
44888,324855
44889,315268
44890,305678
44891,296130
44892,286494
44893,276904
44894,270860
44895,260957
44896,251062
44897,241156
44898,231223
44899,221294
44900,211373
44901,202039
44902,192506
44903,182918
44904,174080
44905,164510
44906,154972
44907,145404
44908,135800
44909,126250
44910,116659
44911,107160
44912,97595
44913,88201
44914,80781
44915,71305
44916,61737
44917,52107
44918,42473
44919,32856
44920,24035
44921,14482
44922,4906
44923,1048384
44924,1038892
44925,1029224
44926,1019648
44927,1012565
44928,1002987
44929,993587
44930,984020
44931,974534
44932,964907
44933,955353
44934,947312
44935,937368
44936,927466
44937,917608
44938,908075
44939,898484
44940,890731
44941,881110
44942,871521
44943,861876
44944,852274
44945,842936
44946,833243
44947,823712
44948,814255
44949,804886
44950,795358
44951,785765
44952,778667
44953,769190
44954,759599
44955,749960
44956,740479
44957,731023
44958,721438
44959,711764
44960,702317
44961,692886
44962,683279
44963,673650
44964,664147
44965,656317
44966,646848
44967,637410
44968,628581
44969,619138
44970,609475
44972,589934
44973,580271
44974,570774
44975,561333
44976,551711
44977,542321
44978,532801
44979,525000
44980,515367
44981,505790
44982,496267
44983,486685
44984,477816
44985,468199
44986,458579
44987,448917
44988,439255
44989,429638
44990,420036
44991,410374
44992,402557
44993,393137
44994,383554
44995,373974
44996,364390
44997,354807
44998,345131
44999,335528
45000,326616
45001,317030
45002,307503
45003,297880
45004,288283
45005,280671
45006,271050
45007,261446
45008,251844
45009,242404
45010,232862
45011,223445
45012,213764
45013,204196
45014,194644
45015,185049
45016,176206
45017,168369
45018,158836
45019,149180
45020,139549
45021,129905
45022,120228
45023,110628
45024,101107
45025,91788
45026,82260
45027,72826
45028,63173
45029,53553
45030,45719
45031,36207
45032,27371
45033,17860
45034,8331
45035,1065899
45036,1058495
45037,1051101
45038,1044302
45039,1036856
45040,1029508
45041,1023902
45042,1016269
45043,1015937
45044,1009210
45045,1001458
45046,994312
45047,987419
45048,983376
45049,974488
45050,965528
45051,956159
45052,946770
45053,937432
45054,927783
45055,918214
45056,910661
45057,901381
45058,891933
45059,882393
45060,872826
45061,863349
45062,853714
45063,844272
45064,835440
45065,826032
45066,816538
45067,806884
45068,797425
45069,789667
45071,770096
45072,760606
45073,751263
45074,741694
45075,732120
45076,722631
45077,713145
45078,703616
45079,694181
45080,685642
45081,675998
45082,669228
45083,659771
45084,650134
45085,640537
45086,631023
45087,621480
45088,612174
45089,602886
45090,593382
45091,583864
45092,574390
45093,564942
45094,555412
45095,547635
45096,538858
45097,529247
45098,519750
45099,510210
45100,500746
45101,491266
45102,481718
45103,472159
45104,462767
45105,453385
45106,443908
45107,434413
45109,416758
45110,407293
45111,397939
45112,389173
45113,379776
45114,370120
45115,360658
45116,351196
45117,341554
45118,332094
45119,322584
45120,313004
45121,303633
45122,296016
45123,286422
45124,276935
45125,267425
45126,257906
45127,248232
45128,239475
45129,229859
45130,220305
45131,210699
45132,201265
45133,191701
45134,182161
45135,174457
45136,164888
45137,155512
45138,146040
45139,136467
45140,127001
45141,117615
45142,109469
45143,99574
45144,89650
45145,79975
45146,70445
45147,62936
45148,53401
45149,43828
45150,34288
45151,24723
45152,15366
45153,6057
45154,1060271
45155,1052925
45156,1044960
45157,1038303
45158,1037484
45159,1029471
45160,1032103
45161,1024602
45162,1016591
45163,1008728
45164,1001016
45165,992909
45166,984919
45167,977330
45168,969126
45169,962130
45170,954381
45171,946209
45172,938164
45173,932553
45174,923215
45175,913755
45176,905066
45177,895482
45178,886044
45179,876412
45180,866899
45181,857332
45182,847696
45183,838200
45184,828488
45185,819155
45186,811275
45187,801761
45188,792267
45189,782723
45190,773237
45191,763602
45192,754795
45193,745116
45194,735541
45195,725991
45196,716573
45197,707149
45199,687496
45200,679657
45201,670278
45202,660675
45203,651180
45204,641553
45205,632052
45206,622629
45207,613005
45208,604224
45209,594644
45210,585084
45211,575649
45212,567813
45213,558206
45214,548644
45215,539103
45216,529464
45217,520073
45218,510546
45219,500951
45220,491407
45221,481869
45222,472231
45223,462597
45224,453725
45225,445876
45226,436303
45227,426740
45228,417197
45229,407544
45230,397948
45231,388329
45232,378668
45233,369394
45234,359826
45235,350147
45236,340541
45237,330843
45238,323189
45239,313581
45240,304658
45241,295039
45242,285410
45243,275844
45244,266252
45245,258377
45246,248484
45247,238526
45248,228599
45249,218684
45250,208719
45251,200978
45252,191368
45253,181801
45254,172290
45255,162762
45256,153810
45257,144307
45258,134946
45259,125407
45260,115900
45261,106350
45262,96820
45263,87203
45264,79622
45265,70194
45267,50574
45268,40948
45269,31523
45270,21860
45271,12325
45272,3719
45273,1058992
45274,1051810
45275,1044674
45276,1037116
45277,1044412
45278,1038185
45279,1030408
45280,1023065
45281,1017357
45282,1009551
45283,1002384
45284,995410
45285,987599
45286,980147
45287,973271
45288,970244
45289,962781
45290,961928
45291,954549
45292,947199
45293,940061
45294,932573
45295,925076
45296,918184
45297,910828
45298,902061
45299,892887
45300,883566
45301,874233
45302,864896
45303,857411
45304,848687
45305,839199
45306,829706
45307,820165
45308,810699
45309,801148
45310,791496
45311,781960
45312,772430
45313,763041
45314,753625
45315,744019
45316,736465
45317,726931
45318,717396
45319,707796
45320,698892
45321,689358
45322,679745
45323,670192
45324,660686
45325,651206
45326,641732
45327,632177
45328,622589
45329,615183
45330,605562
45331,596062
45332,586488
45333,576887
45334,567321
45335,557849
45336,548868
45337,539301
45338,529737
45339,520148
45340,510505
45341,502886
45342,493305
45343,483706
45344,474183
45345,464803
45346,455148
45347,445563
45348,435936
45349,427732
45350,417835
45351,407894
45352,398332
45353,388794
45354,381015
45355,371448
45356,361943
45357,352389
45358,342809
45359,333212
45360,323767
45361,314452
45362,304874
45363,295362
45364,285768
45365,276258
45366,266746
45367,259139
45368,250448
45369,240791
45370,231267
45371,221654
45372,212127
45373,202541
45374,192990
45375,183360
45376,173853
45377,164752
45378,155214
45379,145573
45380,138214
45381,128667
45382,119018
45383,109557
45384,100662
45385,91233
45386,81767
45387,72189
45388,62580
45389,53010
45390,43432
45391,33935
45392,24323
45393,16948
45394,7370
45395,1088727
45397,1071284
45398,1063675
45399,1055717
45400,1054457
45401,1046963
45402,1038799
45403,1031044
45404,1023560
45405,1015415
45406,1026005
45407,1019549
45408,1010702
45409,1001992
45410,992749
45411,983341
45412,973929
45413,964432
45414,954773
45415,945165
45416,936360
45417,926837
45418,917186
45419,909667
45420,900100
45421,890396
45422,880908
45423,871294
45424,861697
45425,852437
45426,842836
45427,833372
45428,823853
45429,814301
45430,804747
45431,795280
45432,788476
45433,779043
45434,769460
45435,759920
45436,750385
45437,740747
45438,731290
45439,722003
45440,712597
45442,693163
45443,683753
45444,674263
45445,664766
45446,657285
45447,647731
45448,638861
45449,629329
45451,609726
45452,600136
45453,590602
45454,582441
45455,572546
45456,562608
45457,552711
45458,543109
45459,533543
45460,525741
45461,516326
45462,506761
45463,497134
45464,488240
45465,478672
45466,469087
45467,459469
45468,449926
45469,440394
45470,430794
45471,421223
45472,414539
45473,405205
45474,395564
45475,386209
45476,376685
45477,367036
45478,357497
45479,347973
45480,339015
45481,329356
45482,319778
45483,310244
45484,300859
45485,293226
45486,283732
45487,274038
45488,264545
45489,255188
45490,245607
45491,236050
45492,226448
45493,216891
45494,207309
45495,197664
45496,188744
45497,179115
45498,171296
45499,161938
45500,152360
45501,143316
45502,133744
45503,124207
45504,114533
45505,105140
45506,95575
45507,85958
45508,76427
45509,66915
45510,57164
45511,49784
45512,40967
45513,31319
45514,21692
45515,12271
45516,2772
45517,1178822
45518,1172078
45519,1164174
45520,1156203
45521,1151753
45522,1143845
45523,1136076
45524,1148386
45525,1140593
45526,1133001
45527,1125310
45528,1121740
45529,1113866
45530,1106315
45531,1098251
45532,1095093
45533,1085382
45534,1075452
45535,1065914
45536,1059780
45537,1050556
45538,1041041
45539,1031487
45540,1021874
45541,1012225
45542,1002680
45543,993157
45544,984475
45545,975053
45546,965476
45547,956043
45548,946527
45549,938889
45550,929384
45551,919812
45552,910245
45553,900889
45554,891280
45555,881668
45556,872105
45557,863986
45558,854049
45559,844103
45560,834828
45561,825313
45562,817539
45563,808018
45564,798542
45565,788943
45566,779590
45567,769954
45568,760435
45569,751339
45570,741793
45571,732124
45572,722683
45573,713062
45574,703639
45575,695916
45576,687044
45577,677496
45578,667951
45579,658396
45580,648729
45581,639208
45582,629545
45583,619891
45584,610381
45585,600899
45586,591203
45587,581587
45588,573758
45589,564104
45590,554589
45591,544922
45592,536025
45593,526430
45594,517099
45595,507583
45596,498001
45597,488388
45598,478842
45599,469194
45600,461352
45601,452008
45602,442484
45603,432963
45604,423438
45605,413856
45606,404301
45607,394679
45608,385795
45609,376153
45610,366531
45611,356914
45612,347312
45613,339628
45614,330079
45615,320368
45616,310818
45617,301424
45618,291837
45619,282350
45620,272780
45621,263574
45622,253989
45623,244528
45624,235688
45625,226058
45626,218636
45627,208996
45628,199319
45629,189753
45630,180165
45631,170516
45632,160999
45633,151615
45634,141986
45635,132389
45636,122783
45637,113115
45638,103647
45639,95767
45640,86919
45641,77408
45642,67737
45643,58081
45644,48663
45645,38969
45646,29474
45647,20044
45648,10567
45649,1058843
45650,1049484
45651,1039892
45652,1035341
45653,1025929
45654,1016287
45655,1006831
45656,998223
45657,988583
45658,978948
45659,970732
45660,960791
45661,950854
45662,940953
45663,931031
45664,924401
45665,915075
45666,905436
45667,895798
45668,886416
45669,876818
45670,867216
45671,857757
45672,848875
45673,839256
45674,829768
45675,820154
45676,810592
45677,803032
45678,793591
45679,784082
45680,774509
45681,765221
45682,755650
45683,746241
45684,736623
45685,727139
45686,717723
45687,708207
45688,699341
45689,689893
45690,682213
45691,672763
45692,663327
45693,653781
45694,644225
45695,634759
45696,625169
45697,615828
45698,606370
45699,596864
45700,587391
45701,577855
45702,568173
45703,560441
45704,551923
45705,542444
45706,532992
45707,523471
45708,513973
45709,504421
45710,494994
45711,485499
45712,475911
45713,466570
45714,457003
45715,447425
45716,439743
45717,430064
45718,420525
45719,410982
45720,402009
45721,392432
45722,382898
45723,373244
45724,363658
45726,344058
45727,334474
45728,324869
45729,319966
45730,310382
45731,301022
45732,291516
45733,282001
45734,272482
45735,262941
45736,254188
45737,244673
45738,235035
45739,225437
45740,215885
45741,206215
45742,198694
45743,189152
45744,179625
45745,170222
45746,160665
45747,151145
45748,141550
45749,131991
45750,122347
45751,112770
45752,103941
45753,94752
45754,85217
45755,77591
45756,68002
45757,58448
45758,48887
45759,39338
45760,29870
45761,20473
45762,12441
45763,2542
45764,1052648
45765,1044060
45766,1034560
45767,1025214
45768,1021676
45769,1012110
45770,1002614
45771,992956
45772,983386
45773,973763
45774,964168
45775,954623
45776,944985
45777,935616
45778,925982
45779,916592
45780,906975
45781,899455
45782,889895
45783,880246
45784,871479
45785,861941
45786,852435
45787,842779
45788,833286
45789,823724
45790,814169
45791,804764
45792,795269
45793,787995
45794,778422
45795,768845
45796,759136
45797,749612
45798,740003
45799,730512
45800,721661
45801,712068
45802,702463
45803,692952
45804,683320
45806,663775
45807,656182
45808,647013
45809,637736
45810,628299
45811,618931
45812,609394
45813,599931
45814,590415
45815,580935
45816,572114
45817,562621
45818,553044
45819,543468
45820,535749
45821,526222
45822,516578
45823,507075
45824,497464
45825,488079
45826,478534
45827,468870
45828,459298
45829,449633
45830,440008
45831,430327
45832,421478
45833,413786
45834,404121
45835,394483
45836,384967
45837,375406
45838,365992
45839,356424
45840,346918
45841,337472
45842,327940
45843,318421
45844,308738
45845,299192
45846,291498
45847,281919
45848,273006
45849,263310
45850,253708
45851,244313
45852,234720
45853,225209
45854,215622
45855,206048
45856,196360
45857,186997
45858,180214
45859,170614
45860,161154
45861,151676
45862,142090
45863,132547
45864,123717
45865,114165
45866,106158
45867,96214
45868,86269
45869,76403
45870,66568
45871,58816
45872,49307
45873,39964
45874,30326
45875,20790
45876,11388
45877,1861
45878,1047330
45879,1037822
45880,1029308
45881,1019777
45882,1010243
45883,1000572
45884,994554
45885,984945
45886,975318
45887,965807
45889,946500
45890,936973
45891,927353
45892,917744
45893,908186
45894,898605
45895,888963
45896,880088
45897,870504
45898,862956
45899,853387
45900,843714
45901,834092
45902,824558
45903,814937
45904,805206
45905,795881
45906,786320
45907,776699
45908,767106
45909,757566
45910,748042
45911,740496
45912,731653
45913,722065
45914,712620
45915,703095
45916,693566
45917,684043
45918,674396
45919,664838
45920,655324
45921,646053
45922,636611
45923,629049
45924,619543
45925,609941
45926,600421
45927,591011
45928,582204
45929,572720
45930,563206
45931,553727
45932,544250
45933,534665
45934,525274
45935,515737
45936,507995
45937,498594
45938,488943
45939,479299
45940,469670
45941,460122
45942,450561
45943,440936
45944,432079
45945,422513
45946,412855
45947,403237
45948,393563
45949,385784
45950,376199
45951,366562
45952,356876
45953,347489
45954,337864
45955,328183
45956,318544
45957,308910
45958,299205
45959,289848
45960,280923
45961,271314
45962,263587
45963,253955
45964,244349
45965,234946
45966,225260
45967,215672
45968,206077
45969,197794
45970,187870
45971,177969
45972,168017
45973,158331
45974,148753
45976,131828
45977,122304
45978,112809
45979,103149
45981,83553
45982,74111
45983,64607
45984,54963
45985,45554
45986,35975
45987,26311
45988,16736
45989,9119
45990,1059878
45991,1050433
45992,1041708
45993,1032074
45994,1022495
45995,1012894
45996,1003179
45997,993740
45998,984228
45999,974538
46000,964924
46001,955592
46002,948057
46003,938572
46004,928983
46005,919446
46006,909788
46007,900308
46008,891453
46009,881930
46010,872331
46011,862771
46012,853226
46013,843700
46014,834042
46015,826294
46016,816805
46017,807421
46018,797798
46019,788306
46020,778728
46021,769172
46022,759664
46023,750138
46024,741184
46025,731587
46026,721898
46027,712356
46028,704735
46029,695190
46030,685531
46031,675982
46032,666348
46033,657147
46034,647664
46035,637980
46036,628541
46037,618952
46038,609345
46039,599709
46040,590930
46041,583201
46042,573630
46043,564022
46044,554360
46045,544841
46046,535226
46047,525565
46048,516015
46049,506643
46050,497105
46051,487479
46052,478005
46053,470924
46054,461422
46055,451921
46056,443017
46057,433336
46058,423758
46059,414099
46060,404515
46061,395045
46062,385427
46063,375992
46065,356664
46066,347046
46067,339300
46068,329799
46069,320046
46070,310445
46071,300782
46072,291836
46073,282294
46074,272600
46075,264499
46076,254606
46077,244663
46078,234753
46079,224859
46080,217093
46081,207818
46083,188206
46084,178622
46085,169122
46086,159546
46087,149930
46088,141118
46089,131559
46090,121945
46091,112503
46092,102830
46093,93271
46094,85480
46095,76180
46096,66545
46097,57132
46098,47603
46099,38024
46100,28395
46101,18688
46102,9167
46103,1063170
46104,1058645
46105,1050932
46106,1043202
46107,1040817
46108,1033112
46109,1025507
46110,1017415
46111,1009516
46112,1002076
46113,994846
46114,987105
46115,979580
46116,971313
46117,963255
46118,955482
46119,953169
46120,949035
46121,941459
46122,933386
46123,925611
46124,917874
46125,909651
46126,901788
46127,894055
46128,886355
46129,879397
46130,871604
46131,863343
46132,860339
46133,852838
46134,844798
46135,836885
46136,832439
46137,823577
46138,814602
46139,805411
46140,795938
46141,786445
46142,776995
46143,767434
46144,757838
46145,751565
46146,742123
46147,732489
46148,722867
46149,713315
46150,703661
46151,694084
46152,685248
46153,675763
46154,666282
46155,656623
46156,647102
46157,637614
46158,629840
46159,620267
46160,610790
46161,601440
46162,591803
46163,582207
46164,572606
46165,563095
46166,553439
46167,543820
46168,534882
46169,525286
46170,541042
46171,531177
46172,521334
46173,511469
46174,501525
46175,491646
46176,481707
46177,471773
46178,463662
46179,453720
46180,443807
46181,433911
46182,423972
46183,414025
46184,404132
46185,394190
46186,384238
46187,374332
46188,364392
46189,354442
46190,344544
46191,334606
46192,324663
46193,314762
46194,304824
46195,294874
46196,284967
46197,275093
46198,265142
46199,255228
46200,245312
46201,235363
46202,225468
46203,215527
46204,205609
46206,185671
46207,175707
46208,165804
46209,155871
46210,145915
46211,136020
46212,126076
46213,116121
46214,106236
46215,96294
46216,86346
46217,76458
46219,56521
46220,46622
46221,36689
46222,26732
46223,16820
46224,7674
46225,1061906
46226,1054319
46227,1046321
46228,1038271
46229,1030739
46230,1022604
46231,1014504
46232,1011583
46233,1003748
46234,996402
46235,989361
46236,981613
46237,980890
46238,974073
46239,966300
46240,959162
46241,953333
46242,945889
46243,938256
46244,931313
46245,923846
46246,916494
46247,909211
46248,906116
46249,902864
46250,893474
46251,883978
46252,874517
46253,865025
46254,855479
46255,845833
46256,836222
46257,826800
46258,817368
46259,807755
46260,798220
46261,788777
46262,781219
46263,771724
46264,762848
46265,753244
46266,743765
46267,734268
46268,724845
46269,715349
46270,705905
46271,696362
46272,686928
46273,677675
46274,668115
46275,660412
46276,650847
46277,641426
46278,631887
46279,622418
46280,613665
46281,604191
46282,596444
46283,586642
46284,576745
46285,566797
46286,556855
46287,546924
46288,539299
46289,530038
46290,520553
46291,511013
46292,501522
46293,492030
46294,482501
46295,472966
46296,464204
46297,454604
46298,445253
46299,435670
46300,426115
46301,418468
46302,408858
46303,399365
46304,389872
46305,380385
46306,370846
46307,361272
46308,351641
46309,342023
46310,332502
46311,322964
46312,314286
46313,306628
46314,297203
46315,287578
46316,278036
46317,268508
46318,258985
46319,249472
46320,239924
46321,230647
46322,221181
46323,211671
46324,202161
46325,192629
46326,185101
46328,166434
46329,157087
46330,147564
46331,137996
46332,128463
46333,118813
46334,109316
46335,99674
46336,90114
46337,80793
46338,71205
46339,61702
46340,54119
46341,44477
46342,34838
46343,25368
46344,16713
46345,7252
46346,1060859
46347,1052898
46348,1045210
46349,1037532
46350,1029313
46351,1021367
46352,1013602
46353,1012901
46354,1005103
46355,997776
46356,989593
46357,981625
46358,973928
46359,965806
46360,961486
46361,954115
46362,945877
46363,937883
46364,930098
46365,921860
46366,918996
46367,911625
46368,903498
46369,896651
46370,889081
46371,881058
46372,873270
46373,865747
46374,857429
46375,849314
46376,845434
46377,839643
46378,840609
46379,831300
46380,821797
46381,812206
46382,802728
46383,793017
46384,783503
46385,775701
46386,765820
46387,755874
46388,746006
46389,736066
46390,726116
46391,718240
46392,709401
46393,699870
46394,690272
46395,680653
46396,671023
46397,661461
46398,651936
46399,642354
46400,632853
46401,623409
46402,613940
46403,604436
46404,596798
46405,587263
46406,577711
46407,568036
46408,559246
46409,549691
46410,540059
46411,530527
46412,520920
46413,511391
46414,501850
46415,492280
46416,482677
46417,475006
46418,465378
46419,455833
46420,446186
46421,436700
46422,427013
46423,417348
46424,408523
46425,398851
46426,389272
46427,379697
46428,370084
46429,360389
46430,352679
46431,343051
46432,333425
46433,324151
46434,314574
46435,305063
46436,295525
46437,285822
46438,276283
46439,266644
46440,257740
46441,248179
46442,241115
46443,231616
46444,222003
46445,212367
46446,202742
46447,193148
46448,183491
46449,174137
46450,164733
46451,155143
46452,145616
46453,135985
46454,126367
46455,118637
46456,109850
46457,100149
46458,90591
46459,81074
46460,71479
46461,61886
46462,52336
46463,42727
46464,32994
46465,23477
46466,13973
46467,4422
46468,1062851
46469,1055521
46470,1047383
46471,1039580
46472,1035659
46473,1027560
46474,1019711
46475,1012078
46476,1003816
46477,995813
46478,988117
46480,969772
46481,962981
46482,959930
46483,952253
46484,944503
46485,936463
46486,928629
46487,921040
46488,916363
46489,908297
46490,900897
46492,882586
46493,874805
46494,866649
46495,858654
46496,852442
46497,843247
46498,833908
46499,824455
46500,814806
46501,805113
46502,795513
46503,785835
46504,776949
46505,767391
46506,757851
46507,748233
46508,740543
46509,731043
46510,721389
46511,711781
46512,702272
46513,693087
46514,683666
46515,674139
46516,664508
46517,654964
46518,645445
46519,635991
46520,627163
46521,619207
46522,609576
46523,600096
46524,590473
46525,580974
46526,571704
46527,561990
46528,552455
46529,543099
46531,523533
46532,514015
46533,504409
46534,494724
46535,487018
46536,478126
46537,468510
46538,458898
46539,449193
46540,439630
46541,429964
46542,420439
46543,410815
46544,401224
46545,391823
46546,382286
46547,372642
46548,364913
46549,355345
46550,345827
46551,336196
46552,327251
46553,317686
46554,308127
46555,298443
46556,288851
46557,279262
46558,269637
46559,260080
46560,250497
46561,242983
46562,233540
46563,223892
46564,214310
46565,204705
46566,195064
46567,185407
46568,176668
46569,167071
46570,157435
46571,147877
46572,138330
46573,130643
46574,121224
46575,111559
46576,101948
46577,92550
46578,82934
46579,73404
46580,63824
46581,54224
46582,44522
46583,34959
46584,26064
46585,16620
46586,8738
46587,1061709
46588,1052337
46589,1042782
46590,1033206
46591,1023624
46592,1014102
46593,1005126
46594,997017
46595,987127
46596,977192
46597,967236
46598,957341
46599,951911
46600,943221
46601,933622
46602,924022
46603,914445
46604,904833
46605,895241
46606,885703
46607,876074
46608,866546
46609,857280
46610,847767
46611,838259
46612,830675
46613,821116
46614,811567
46615,801866
46616,792908
46617,783373
46618,773886
46619,764403
46620,754892
46622,735353
46623,725827
46624,716195
46625,706971
46626,699132
46627,689632
46628,680116
46629,670455
46630,660769
46631,651421
46632,642785
46633,633185
46634,623636
46635,614051
46636,604573
46637,595333
46638,588840
46639,579344
46640,569746
46641,560336
46642,550775
46643,541217
46644,531527
46645,522025
46646,512463
46647,502848
46648,493964
46649,484315
46650,474736
46651,466977
46652,457518
46653,447914
46654,438310
46655,428748
46656,419125
46657,409639
46658,400115
46659,390468
46660,380846
46661,371297
46662,361702
46663,352066
46664,345030
46665,335675
46666,325978
46667,316490
46668,306810
46669,297201
46670,287635
46671,278151
46672,268449
46673,259099
46674,249500
46675,240071
46676,230571
46677,222743
46678,213272
46679,203747
46680,194837
46681,185149
46682,175581
46683,165969
46684,156514
46685,146846
46686,137224
46687,127603
46688,118035
46689,108628
46690,100967
46691,91552
46692,82646
46693,73091
46694,63544
46695,54032
46696,45109
46697,37079
46698,27162
46699,17232
46700,7283
46701,1061174
46702,1055369
46703,1045915
46705,1026892
46706,1017399
46707,1007768
46708,998126
46709,988602
46710,978933
46711,969348
46712,960615
46713,950926
46714,941301
46715,931676
46716,923273
46717,913620
46718,904013
46719,894348
46720,884706
46721,875294
46722,865727
46723,855976
46724,846426
46725,836709
46726,827061
46727,817487
46728,808527
46729,800675
46730,791082
46731,781484
46732,771854
46733,762285
46734,752616
46735,743033
46736,733421
46737,723912
46738,714292
46739,704735
46740,695128
46741,685458
46742,677136
46743,667596
46744,658565
46745,649130
46746,639535
46747,629906
46748,620349
46749,610677
46750,601076
46751,591479
46752,581778
46753,572248
46754,562919
46755,554577
46756,544976
46757,535432
46758,525736
46759,516143
46760,507117
46761,497492
46762,487844
46763,478210
46764,468579
46765,458889
46766,449325
46767,440926
46768,431313
46769,421881
46770,412252
46771,402959
46772,1448148
46773,1438371
46774,1428500
46775,1418626
46776,1410298
46777,1400457
46778,1390555
46779,1380705
46780,1373950
46781,1364112
46782,1354266
46784,1334369
46785,1324500
46786,1314600
46787,1304709
46788,1294819
46789,1284910
46790,1275013
46791,1265121
46792,1256157
46793,1246309
46794,1241698
46795,1231869
46796,1222001
46797,1212104
46798,1202214
46799,1192340
46800,1182401
46801,1174131
46802,1164306
46803,1154375
46804,1144415
46805,1134509
46806,1124583
46807,1114617
46808,1114145
46809,1104267
46810,1094371
46811,1084468
46812,1074531
46813,1064613
46814,1054740
46815,1044824
46816,1034863
46817,1024913
46818,1014971
46819,1005013
46820,995136
46821,985202
46822,975251
46823,965341
46824,955394
46825,945431
46826,935512
46827,925585
46828,915662
46829,905716
46830,895776
46831,885814
46832,875937
46833,865990
46834,856039
46835,846140
46836,836192
46837,826229
46838,816321
46839,806380
46840,796418
46841,786536
46842,776613
46843,766660
46844,756736
46845,746797
46846,736828
46847,726931
46848,716987
46849,707026
46850,697080
46851,687140
46852,677177
46853,667271
46854,657330
46855,647367
46856,637460
46857,627509
46858,617924
46859,608072
46860,598175
46861,588278
46862,578387
46863,568493
46864,558595
46865,548751
46866,538892
46867,528990
46868,519112
46869,509221
46870,499319
46871,490659
46872,482028
46873,472135
46874,462278
46875,452357
46876,442446
46877,432596
46878,422718
46879,412806
46880,402965
46881,393065
46882,383145
46883,373274
46884,364662
46885,354781
46886,344923
46887,335068
46888,325979
46889,316140
46890,306287
46891,296364
46892,286607
46893,276971
46895,257343
46896,247741
46897,240141
46898,230589
46899,221129
46900,211493
46901,202079
46902,192499
46903,183161
46904,175795
46905,165874
46906,155926
46907,146029
46908,136088
46909,126124
46910,118351
46911,108935
46912,99320
46913,90010
46914,80423
46915,70823
46916,61590
46917,51951
46918,42340
46919,32824
46920,23869
46921,14296
46922,4751
46923,1050193
46924,1040659
46925,1031037
46926,1021382
46927,1011703
46928,1002139
46929,992657
46930,983005
46931,973425
46932,963784
46933,954208
46934,944594
46935,934992
46936,928344
46937,918716
46938,909032
46939,899555
46940,889668
46941,879946
46942,870283
46943,860697
46944,851057
46945,841570
46946,831953
46947,822414
46948,812755
46949,805008
46950,795111
46951,785211
46952,776204
46953,766365
46954,756460
46955,746723
46956,737207
46957,727751
46958,718160
46959,708636
46960,699046
46961,692839
46962,683186
46963,673572
46964,663966
46965,654356
46966,644715
46967,635087
46968,626293
46969,616662
46970,607077
46971,597437
46972,587947
46974,568312
46975,560672
46976,551093
46977,541599
46978,532062
46979,522561
46980,513268
46981,503691
46982,494144
46983,484461
46984,475773
46985,466257
46986,456636
46987,447024
46988,439252
46989,429657
46990,419973
46991,410496
46992,400811
46993,391429
46994,381888
46995,372266
46996,362729
46997,353130
46998,343536
46999,333918
47000,325097
47001,317242
47002,307652
47003,298135
47004,288478
47005,278803
47006,269245
47007,259629
47008,251492
47009,241598
47010,231708
47011,221742
47012,212038
47013,202477
47014,194751
47015,185213
47016,176491
47017,166915
47018,157398
47019,147843
47020,138167
47021,128590
47022,119070
47023,109402
47024,99859
47025,90505
47026,83318
47027,74133
47028,64501
47029,54850
47030,45352
47031,35766
47032,26870
47033,17281
47034,7770
47035,1168956
47036,1162485
47037,1154736
47038,1146707
47039,1157529
47040,1149689
47041,1144859
47042,1137182
47043,1129214
47044,1121316
47045,1113764
47046,1105636
47047,1097751
47048,1094580
47049,1086429
47050,1078366
47051,1069598
47052,1063734
47053,1054264
47054,1044628
47055,1035069
47056,1025485
47057,1016124
47058,1006407
47059,996788
47060,987165
47061,977636
47062,967955
47063,958806
47064,949950
47065,942329
47066,932751
47067,923142
47068,913545
47069,904012
47070,894359
47071,884884
47073,865522
47074,855954
47075,846396
47076,836863
47077,827320
47078,817744
47079,810002
47080,801320
47081,791919
47082,782372
47083,772862
47084,763367
47085,753935
47086,744332
47087,734790
47088,725409
47090,706237
47091,696717
47092,691500
47093,682040
47094,672376
47095,662878
47096,654074
47097,644585
47098,635081
47099,625552
47100,615978
47101,606437
47102,596895
47103,587321
47104,577718
47105,570142
47106,560446
47107,550800
47108,541270
47109,531711
47110,522088
47111,512455
47112,503648
47113,495511
47114,485585
47115,475637
47116,465681
47117,455771
47118,447880
47119,438356
47120,428755
47121,419337
47122,409732
47123,400174
47124,390694
47125,381310
47126,371785
47127,362172
47128,353375
47129,343787
47130,334226
47131,326469
47132,316942
47133,307361
47134,297777
47135,288186
47136,278531
47137,269317
47138,259756
47139,250219
47140,240596
47141,231462
47142,221914
47143,212304
47144,205517
47145,195884
47146,186225
47147,176752
47148,167104
47149,157502
47150,147956
47151,138307
47152,128639
47153,119219
47154,109600
47155,99952
47156,92142
47157,82635
47158,72926
47159,63359
47160,54520
47161,45110
47162,35552
47163,26144
47164,16584
47165,7144
47166,1070991
47167,1063921
47168,1056734
47169,1066867
47170,1057504
47171,1048057
47172,1038631
47173,1029046
47174,1019544
47175,1009888
47176,1001161
47177,991612
47178,982023
47179,972355
47180,962811
47181,953170
47182,945696
47183,936209
47184,926572
47185,917155
47186,907644
47187,897984
47188,888332
47189,878780
47190,869233
47191,859563
47192,850850
47193,841429
47194,831955
47195,824321
47196,814742
47197,805053
47198,795612
47199,785940
47200,776463
47201,767093
47202,757609
47203,748032
47204,738525
47205,728823
47206,719182
47207,709583
47208,702625
47209,693374
47210,683787
47211,674217
47212,664678
47213,655126
47214,645654
47215,637475
47216,627570
47217,617630
47218,607681
47219,598030
47220,591280
47221,581744
47222,572180
47223,562510
47224,553677
47225,544094
47226,534555
47227,524921
47228,515298
47229,505637
47230,496086
47231,486527
47232,476969
47233,469334
47234,459837
47235,450265
47236,440690
47237,431106
47238,421452
47239,411777
47240,402952
47241,393306
47242,383724
47243,374119
47244,364594
47245,355086
47246,347424
47247,337780
47248,328202
47249,318736
47250,309173
47251,299616
47252,290120
47253,280616
47254,271125
47255,261654
47256,252755
47257,243150
47258,233648
47259,225774
47260,216298
47261,206656
47262,197121
47263,187500
47264,177983
47265,168609
47266,158913
47267,149342
47268,139733
47269,130209
47270,121076
47271,111471
47272,104454
47273,94877
47274,85257
47275,75629
47276,66098
47277,56423
47278,46839
47279,37203
47280,27535
47281,18285
47282,8739
47283,1099111
47284,1117147
47285,1111048
47286,1102923
47287,1094252
47288,1087043
47289,1077614
47290,1068052
47291,1058606
47292,1048987
47293,1039432
47294,1029906
47295,1020297
47296,1010825
47297,1003696
47298,994061
47299,984545
47300,975023
47301,965379
47302,955908
47303,946318
47304,937638
47305,928167
47306,918618
47307,908954
47308,899365
47309,889839
47310,882175
47311,872531
47312,863032
47313,853630
47314,844130
47315,834602
47316,825035
47317,817433
47318,807556
47319,797620
47320,787665
47321,778030
47322,768540
47323,760762
47324,751298
47325,741749
47326,732297
47327,722926
47328,713262
47330,694012
47331,684536
47332,675059
47333,665582
47334,656119
47335,646671
47336,637834
47337,630124
47338,620701
47339,611226
47340,601715
47341,592240
47342,582682
47343,573185
47344,563557
47345,554185
47346,544531
47347,534953
47348,525420
47349,517676
47350,508140
47351,498583
47352,489789
47353,480141
47354,470672
47355,461127
47356,451566
47357,441988
47358,432488
47359,422902
47360,413295
47361,403901
47362,396271
47363,386675
47364,377139
47365,367603
47366,358009
47367,348335
47368,339489
47369,330003
47370,320470
47371,310885
47372,301519
47373,291989
47374,282470
47375,274805
47376,265177
47377,255776
47378,246192
47379,236628
47380,226997
47381,217358
47382,207857
47383,198215
47384,189507
47385,180004
47386,170382
47387,161459
47388,153905
47389,144438
47390,134897
47391,125337
47392,115720
47393,106347
47394,96734
47395,87186
47396,77611
47397,67997
47398,58506
47399,48949
47400,40119
47401,32209
47402,22889
47403,13315
47404,3823
47405,1060886
47406,1051416
47407,1041935
47408,1032543
47409,1023584
47410,1014121
47411,1004599
47412,994946
47413,991827
47414,982383
47415,972890
47416,964159
47417,954600
47418,944929
47419,935444
47420,928005
47421,918080
47422,908149
47423,898206
47424,888264
47425,878310
47426,870392
47427,860922
47428,851355
47429,841779
47430,832259
47431,822741
47432,813994
47433,804552
47434,794925
47435,785489
47436,775973
47437,766475
47438,757003
47439,749162
47440,739570
47441,730141
47442,724633
47443,714728
47444,704893
47445,694968
47446,685019
47447,675133
47448,665236
47449,655293
47450,645402
47451,635467
47452,627799
47453,618268
47454,608816
47455,599341
47456,589838
47457,580500
47458,571009
47459,561455
47460,551884
47461,542389
47462,532861
47463,523268
47464,514333
47465,506688
47466,497052
47467,487563
47468,477903
47469,468386
47470,458759
47471,449236
47472,439603
47473,430127
47474,420566
47475,410948
47476,401352
47477,393551
47478,383936
47479,374324
47480,365583
47481,356016
47482,346332
47483,336748
47484,327068
47485,317494
47486,307924
47487,298206
47488,288514
47489,279085
47490,271293
47491,261772
47492,252244
47493,242722
47494,233168
47495,223569
47496,214659
47497,205000
47498,195356
47499,185754
47500,176088
47501,166598
47502,156913
47503,149068
47504,139559
47505,130178
47506,120579
47507,111077
47509,91479
47510,82409
47511,72909
47512,63953
47513,54421
47514,44870
47515,35230
47516,25648
47517,18153
47518,8679
47519,1058601
47520,1049120
47521,1040153
47522,1030714
47523,1021088
47524,1012767
47525,1002883
47526,992945
47527,983028
47528,974037
47529,964380
47530,960201
47531,950718
47532,941089
47533,931510
47534,921953
47535,912322
47536,902774
47537,893456
47538,883818
47539,874202
47540,864652
47541,855125
47542,847411
47543,837913
47544,829074
47545,819555
47546,809958
47547,800420
47549,780962
47550,771473
47551,761954
47552,752491
47553,743023
47554,733472
47555,723895
47556,716006
47557,706359
47558,696823
47559,687283
47560,678456
47561,668909
47562,659288
47563,650092
47564,640616
47565,631051
47566,621340
47567,611806
47568,602150
47569,594520
47570,584954
47571,575372
47572,565853
47573,556298
47574,546752
47575,537089
47576,528310
47577,518590
47578,508952
47579,499364
47580,489738
47581,480205
47582,472489
47583,462888
47584,453282
47585,443889
47586,434253
47587,424649
47588,415054
47589,405507
47590,395799
47591,386316
47592,377453
47593,367851
47594,358233
47595,350463
47596,340866
47597,331456
47598,321796
47599,312286
47600,302712
47601,293312
47602,283710
47603,274140
47604,264484
47605,254768
47606,245189
47607,238587
47608,229855
47609,220357
47610,210708
47611,201270
47612,191706
47613,182145
47614,172559
47615,163007
47616,153414
47617,144028
47618,134457
47619,125007
47620,117115
47621,107549
47622,97978
47623,88460
47624,80015
47625,70383
47626,60859
47627,53088
47628,43192
47629,33244
47630,23306
47631,13373
47632,3417
47633,1055172
47634,1045704
47635,1036154
47636,1026661
47637,1017035
47638,1007435
47639,997850
47640,989189
47641,979546
47642,969961
47643,960314
47644,950818
47645,941205
47646,933969
47647,924339
47648,914795
47649,905325
47650,895684
47651,886153
47652,876532
47653,867010
47654,857434
47655,847979
47656,839115
47657,829671
47658,820057
47659,812763
47660,803234
47661,766525
47662,766438
47663,766518
47664,764371
47665,755175
47666,745496
47667,736062
47668,726441
47669,716889
47670,707320
47671,699719
47672,690914
47673,681282
47674,671811
47675,662195
47676,652707
47677,643111
47678,633705
47679,624079
47680,614410
47681,605016
47682,595335
47683,585736
47684,578185
47685,568539
47686,558942
47687,549383
47688,540565
47689,531060
47690,521456
47691,511876
47692,502185
47693,492656
47694,482995
47695,473371
47696,463753
47697,456209
47698,446718
47699,437104
47700,427626
47701,417945
47702,408428
47703,398856
47704,389922
47705,380388
47706,370737
47707,361180
47708,351627
47709,341960
47710,334154
47711,324672
47712,314977
47713,305493
47714,296049
47715,286508
47716,276883
47717,267335
47718,257685
47719,248061
47720,239157
47721,229622
47722,220041
47723,212519
47724,202997
47725,193387
47726,183817
47727,174188
47728,164587
47729,157756
47730,147850
47731,137891
47732,127995
47733,118050
47734,108099
47735,99574
47736,90926
47737,81736
47738,72227
47739,62587
47740,52927
47741,43424
47742,33781
47743,24156
47744,14796
47745,5358
47746,1126892
47747,1120999
47748,1149756
47749,1142786
47750,1135910
47751,1128517
47752,1128222
47753,1119337
47754,1110151
47755,1100850
47756,1091481
47757,1082006
47758,1072460
47759,1063013
47760,1053360
47761,1046421
47762,1036854
47763,1027318
47764,1017718
47765,1008161
47766,998578
47767,988984
47768,980167
47769,970568
47770,960953
47771,951580
47772,942000
47773,932368
47774,925886
47775,916302
47776,906701
47777,897315
47778,887922
47779,878433
47780,868910
47781,859227
47782,849668
47783,840269
47784,831447
47785,821971
47786,812480
47787,804761
47788,795166
47789,785719
47790,776165
47791,766640
47792,757162
47793,747746
47794,738283
47795,728774
47796,719123
47797,709572
47798,700090
47799,693634
47800,684905
47801,675311
47802,665766
47803,656150
47804,646603
47805,637030
47806,627364
47807,617729
47808,608161
47809,598743
47810,589197
47811,579552
47812,571667
47813,562145
47814,552500
47815,542911
47816,534086
47817,524513
47818,514886
47819,505341
47820,495729
47821,486220
47822,476705
47823,467032
47825,447721
47826,439979
47827,430374
47828,420735
47829,411192
47830,401556
47831,391988
47832,383194
47833,375473
47834,365612
47835,355677
47836,345722
47837,335783
47838,325851
47839,317870
47840,308226
47841,298869
47842,289247
47843,279695
47844,270003
47845,260410
47846,250782
47847,241246
47848,232465
47849,222898
47850,213661
47851,204102
47852,196508
47853,186950
47854,177355
47855,167747
47856,158054
47857,148581
47858,139042
47859,129476
47860,119828
47861,110181
47862,100559
47863,90905
47864,83791
47865,74181
47866,64557
47867,55050
47868,45269
47869,35709
47870,26117
47871,16742
47872,7247
47873,1053972
47874,1044617
47875,1035014
47876,1025518
47877,1020576
47878,1011031
47879,1001467
47880,992658
47881,983024
47882,973542
47883,963950
47884,954406
47885,944872
47886,935302
47887,925690
47888,916073
47889,906739
47890,899176
47891,889582
47892,880018
47893,870400
47894,860851
47895,851164
47896,842239
47897,832796
47898,823219
47899,813626
47900,804247
47901,794802
47902,785289
47903,777614
47904,767993
47905,758605
47906,749062
47907,739389
47908,729787
47909,720332
47910,710711
47911,701036
47912,692176
47913,682558
47914,673038
47915,663539
47916,656067
47917,646613
47918,637023
47919,627375
47920,617763
47921,608391
47922,598807
47923,589206
47924,579635
47925,570039
47926,560571
47927,551038
47928,544158
47929,534561
47930,525027
47931,515404
47932,505780
47933,496262
47934,486670
47935,476935
47936,468830
47937,458886
47938,448931
47939,439041
47940,429115
47941,421223
47942,411698
47943,402024
47944,393045
47945,383380
47946,373740
47947,364281
47948,354717
47949,345065
47950,335531
47951,325912
47952,316224
47953,306936
47954,299334
47955,289739
47956,280146
47957,270560
47958,260903
47959,251305
47960,242578
47961,233060
47962,223465
47963,213920
47964,204410
47965,194790
47966,185213
47967,177361
47968,167884
47969,158481
47970,148864
47971,139252
47972,129675
47973,119959
47974,110448
47975,100833
47976,92466
47977,82880
47978,73297
47979,63602
47980,55838
47981,46268
47982,36686
47983,27161
47984,17544
47985,8316
47986,1058243
47987,1048834
47988,1039272
47989,1029651
47990,1020109
47991,1010449
47992,1008879
47993,999370
47994,989852
47995,980381
47996,970771
47997,961195
47998,951559
47999,942025
48000,932365
48001,923011
48002,913523
48003,904004
48004,894365
48005,886684
48006,877105
48007,867469
48008,858707
48009,849328
48010,839994
48011,830468
48012,820924
48013,811428
48014,801834
48015,792324
48016,782793
48017,773526
48018,765639
48019,756149
48020,746613
48021,737088
48022,727441
48023,717958
48024,709101
48025,699467
48026,689971
48027,680363
48028,670821
48029,661406
48030,651892
48031,644009
48032,634511
48033,625163
48034,615578
48035,606029
48037,586460
48038,576924
48039,568870
48040,558943
48041,549042
48042,539359
48043,529678
48044,520271
48045,512456
48046,502922
48047,493395
48048,483828
48049,474370
48050,464828
48051,455279
48052,445677
48053,436115
48054,426481
48055,416941
48056,408027
48057,400231
48058,390714
48059,381126
48060,371506
48061,361868
48062,352236
48063,342785
48064,333210
48065,323822
48066,314171
48067,304667
48068,295092
48069,285429
48070,277568
48071,267993
48072,259077
48073,249675
48074,240127
48075,230531
48076,220986
48077,214754
48078,204918
48079,195066
48080,185194
48081,175361
48082,165444
48083,155830
48084,146231
48085,136570
48086,127001
48087,117447
48088,108642
48089,99115
48090,89951
48091,80423
48092,70842
48093,61357
48094,51731
48095,42131
48096,34383
48097,24952
48098,15511
48099,5850
48100,1055465
48101,1046074
48102,1036601
48103,1027007
48104,1018754
48105,1009179
48106,999538
48107,989924
48108,980324
48109,976025
48110,966518
48111,956852
48112,947266
48113,937937
48114,928362
48115,918744
48116,909243
48117,899581
48118,889908
48119,880320
48120,871399
48121,863802
48122,854298
48123,844607
48124,835043
48125,825447
48126,815828
48127,806192
48128,796792
48129,787453
48130,777926
48131,768409
48132,758860
48133,749400
48134,741599
48135,732113
48136,723366
48137,713849
48138,704365
48140,684874
48141,675345
48142,665861
48143,657702
48144,647771
48145,637814
48146,627949
48147,618417
48148,610567
48149,601014
48150,591475
48151,582039
48152,573259
48153,563758
48154,554302
48155,544746
48156,535150
48157,525507
48158,515899
48159,506362
48160,496742
48161,489358
48162,479809
48163,470174
48164,460579
48165,450955
48166,441440
48167,431738
48168,422909
48169,413234
48170,403699
48171,394032
48172,384446
48173,374872
48174,367112
48175,357494
48176,347899
48177,338516
48178,328904
48179,319446
48180,309833
48181,300172
48182,290652
48183,281016
48184,272246
48185,262669
48186,255996
48187,246412
48188,236926
48189,227340
48190,217772
48191,208267
48192,198687
48193,189313
48194,179681
48195,170066
48196,160400
48197,150854
48198,141250
48199,133565
48200,124563
48201,114975
48202,105439
48203,95847
48205,76595
48206,66957
48207,57419
48208,47861
48209,38551
48210,29004
48211,19327
48212,9886
48213,1071404
48214,1061924
48215,1052502
48216,1044281
48217,1034752
48218,1025346
48219,1015770
48220,1006115
48221,996706
48223,977107
48224,967588
48225,958105
48226,948491
48227,941594
48228,931995
48229,922370
48230,912858
48231,903168
48232,894236
48233,884635
48234,874965
48235,865391
48236,855842
48237,846192
48238,836606
48239,827203
48240,819361
48241,810053
48242,800573
48243,790912
48244,781339
48245,771807
48246,762343
48247,754122
48248,744226
48249,734385
48250,724726
48251,715185
48252,707419
48253,697907
48254,688321
48255,678772
48256,669235
48257,660042
48258,650351
48259,640869
48260,631294
48261,621853
48262,612268
48263,602710
48264,593850
48265,586014
48266,576424
48267,566801
48268,557186
48269,547520
48270,538024
48271,528364
48272,518890
48273,509407
48274,499738
48275,490208
48276,480640
48277,471071
48278,463355
48279,453665
48280,444851
48281,435262
48282,425684
48283,416133
48284,406549
48285,396928
48286,387449
48287,377932
48288,368348
48289,358902
48290,349279
48291,341466
48292,331760
48293,322248
48294,312654
48295,303003
48296,294095
48297,284514
48298,274788
48299,265267
48300,255780
48301,246215
48302,236701
48303,227013
48304,219153
48305,209764
48306,200124
48307,190434
48308,180917
48309,171361
48310,161673
48311,152187
48312,143316
48313,133635
48314,124126
48315,114422
48316,106643
48317,97490
48318,87876
48319,78176
48320,68597
48321,59118
48322,49477
48323,39926
48324,30281
48325,20668
48326,11416
48327,2004
48328,1199491
48329,1211051
48330,1203675
48331,1195761
48332,1188288
48333,1180316
48334,1172184
48335,1163418
48336,1154282
48337,1145258
48338,1135970
48339,1126391
48340,1116840
48342,1097217
48343,1089600
48344,1081017
48345,1071348
48346,1061917
48347,1052338
48348,1042699
48349,1033104
48350,1025242
48351,1015342
48352,1005391
48353,995480
48354,985553
48355,975794
48356,968574
48357,959123
48358,949499
48359,939915
48360,931025
48361,921533
48362,911946
48363,902383
48364,892897
48365,883402
48366,873926
48367,864276
48368,854797
48369,847231
48370,837655
48371,828108
48372,818481
48373,809188
48374,799703
48375,790188
48376,781273
48377,771760
48378,762250
48379,752768
48380,743174
48381,736649
48382,727145
48383,717625
48384,708035
48385,698731
48386,689150
48387,679660
48388,670054
48389,660501
48390,650911
48391,641350
48392,632454
48393,622940
48394,615079
48395,605588
48396,595980
48397,586428
48398,576832
48399,567287
48400,557655
48401,548222
48402,538623
48403,529033
48404,519481
48405,509871
48406,500259
48407,492634
48408,483682
48409,474028
48410,464472
48411,454922
48412,445292
48413,435703
48414,426190
48415,416596
48416,407155
48417,397792
48418,388323
48419,378796
48420,371059
48421,361600
48422,352123
48423,342493
48424,333618
48425,323981
48426,314353
48427,304693
48428,295108
48429,285534
48430,275867
48431,266374
48432,256652
48433,249655
48434,240026
48435,230413
48436,220823
48437,211301
48438,201724
48439,192170
48440,183345
48441,173836
48442,164089
48443,154559
48444,144968
48445,137183
48446,127610
48447,117960
48448,108358
48449,98986
48450,89378
48452,69765
48453,60073
48454,51791
48455,41899
48456,31974
48457,22391
48458,12837
48459,5181
48460,1144151
48461,1137539
48462,1129747
48463,1121702
48464,1114135
48465,1108797
48466,1100831
48467,1093272
48468,1085053
48469,1077368
48470,1069702
48471,1061727
48472,1072236
48473,1062914
48474,1053468
48475,1043876
48476,1034395
48477,1024856
48478,1015167
48479,1005717
48480,996064
48481,986742
48482,977346
48483,967747
48484,958124
48485,950801
48486,941244
48487,931663
48488,922952
48489,913259
48490,903778
48491,894369
48492,884668
48493,875128
48494,865635
48495,856024
48496,846491
48497,837106
48498,829362
48499,819699
48500,810168
48501,800515
48503,781029
48504,772302
48505,762807
48506,753455
48507,743863
48508,734382
48509,724936
48510,715305
48511,707654
48512,698048
48513,688661
48514,679200
48515,669705
48516,660214
48517,650648
48518,641093
48520,622190
48521,612758
48522,603146
48523,593586
48524,584020
48525,576138
48526,566481
48527,556924
48528,547344
48529,537968
48530,528418
48531,518837
48532,509210
48533,499639
48534,489911
48535,480342
48536,471609
48538,451930
48539,444307
48540,434732
48541,425169
48542,415596
48543,405926
48544,396307
48545,387005
48546,377336
48547,367844
48548,358307
48549,348687
48550,339164
48551,329651
48552,322479
48553,313060
48554,303490
48555,293992
48556,284431
48557,274823
48558,265284
48559,257053
48560,247162
48561,237229
48562,227302
48563,217632
48564,208009
48565,200361
48566,190853
48567,182065
48568,173234
48569,163745
48570,154099
48571,144550
48572,134919
48573,125402
48574,115765
48575,106214
48576,96620
48577,90323
48578,80753
48579,71221
48580,61562
48581,51926
48582,42235
48583,32700
48584,24032
48585,14481
48586,4830
48587,1050585
48588,1041198
48589,1031792
48590,1028368
48591,1018905
48592,1009340
48593,1000363
48594,990754
48595,981135
48596,971602
48597,962081
48598,952467
48599,942919
48600,934088
48601,924482
48602,914921
48603,907231
48604,897622
48605,888032
48606,878385
48607,868887
48608,859332
48609,849916
48610,840443
48611,830850
48612,821178
48613,811888
48614,802251
48615,792749
48616,785752
48617,776223
48618,766528
48619,756946
48620,747393
48622,727930
48623,718486
48624,708905
48625,699671
48626,690230
48627,680716
48628,671186
48630,651720
48631,643967
48632,635564
48633,625953
48634,616483
48635,606859
48636,597426
48637,587885
48638,578301
48639,568619
48640,559096
48641,549721
48642,540122
48643,532393
48644,522807
48645,513128
48646,503597
48647,494141
48648,485232
48649,475709
48650,466120
48651,456489
48652,446869
48653,437286
48654,427779
48655,418176
48656,410361
48657,400940
48658,391330
48659,381754
48660,372059
48661,362523
48662,352954
48663,343378
48664,335227
48665,325327
48666,315432
48667,305513
48668,295842
48669,287962
48670,278687
48671,269093
48672,259522
48673,250172
48674,240598
48675,231055
48676,221689
48677,212146
48678,202553
48679,192996
48680,184171
48681,174571
48682,166733
48683,157228
48684,147687
48685,138067
48686,128476
48687,118827
48688,109247
48689,99829
48690,90302
48691,81134
48692,71605
48693,62065
48694,52521
48695,45060
48696,36179
48697,26646
48698,17330
48699,7791
48700,1054911
48701,1045580
48702,1036041
48703,1026461
48704,1016942
48705,1007995
48706,998373
48707,993663
48708,984192
48709,974522
48710,965003
48711,955351
48712,946672
48713,937134
48714,927465
48715,917840
48716,908332
48717,901491
48718,891595
48719,881747
48720,871935
48721,862528
48722,852986
48723,843290
48724,833819
48725,824320
48726,814785
48727,805264
48728,796547
48729,787107
48730,777566
48731,767996
48732,758418
48733,750691
48734,741158
48735,731542
48736,721954
48737,712665
48738,703028
48739,693591
48740,684103
48741,674423
48742,664883
48743,655390
48744,646547
48745,637025
48746,629433
48747,619887
48748,610301
48749,600700
48750,591141
48751,581558
48752,571976
48753,562603
48754,553074
48755,543472
48756,533970
48757,524385
48758,514861
48759,506988
48760,498114
48761,488574
48762,478994
48763,469416
48764,459770
48765,450182
48766,442001
48767,432110
48768,422163
48769,412209
48770,402567
48771,396087
48772,386504
48773,376980
48774,367382
48775,358037
48776,349159
48777,339644
48778,329987
48779,320456
48780,310787
48781,301167
48782,291566
48783,281875
48784,274231
48785,264859
48786,255288
48787,245748
48788,236249
48789,226722
48790,217049
48791,207436
48792,198526
48793,188821
48794,179305
48795,169640
48796,160135
48797,152498
48798,142967
48799,133296
48801,113919
48802,104339
48803,94721
48804,85295
48805,76076
48806,66568
48807,56939
48808,48048
48809,38447
48810,28849
48811,21196
48812,11894
48813,2270
48814,1054675
48815,1045221
48816,1035783
48817,1026547
48818,1017056
48819,1007510
48820,997882
48821,988380
48822,978718
48823,969079
48824,963788
48826,944180
48827,934677
48828,925035
48829,915425
48830,905843
48831,896311
48832,886651
48833,877261
48834,867575
48835,857933
48836,848353
48837,840596
48838,831031
48839,821514
48840,812751
48841,803137
48842,793567
48843,784073
48844,774546
48845,764932
48846,755423
48847,745853
48848,736382
48849,726952
48850,719204
48851,709659
48852,700058
48853,690526
48854,681070
48855,671546
48856,662563
48857,653158
48858,643679
48859,634060
48860,624551
48861,615022
48863,595481
48864,587780
48865,578376
48866,568799
48867,559254
48868,549765
48869,540220
48870,530655
48871,522866
48872,512989
48873,503061
48874,493113
48875,483505
48876,473962
48877,466126
48878,456472
48879,446914
48880,437413
48881,427913
48882,418403
48883,408838
48884,399296
48885,389684
48886,380119
48887,370579
48888,361670
48889,352250
48890,344633
48891,335112
48892,325604
48893,315932
48894,306276
48895,296648
48896,287186
48897,277760
48898,268079
48899,258440
48900,248872
48901,239184
48902,231500
48903,222054
48904,213199
48905,203510
48906,193939
48907,184378
48908,174847
48909,165278
48910,155696
48911,146152
48912,136473
48913,127041
48914,117403
48915,109657
48916,100082
48917,90624
48918,81013
48919,71611
48920,63014
48921,53331
48922,43730
48923,34115
48924,24541
48925,15026
48926,5546
48927,1056435
48928,1049012
48929,1039687
48930,1030136
48931,1020539
48932,1010966
48933,1001373
48934,991836
48935,982371
48936,973559
48937,963842
48938,954260
48939,944676
48940,935116
48941,927720
48942,918077
48943,908443
48944,898830
48945,889346
48946,879838
48947,870283
48948,860695
48949,851105
48950,841496
48951,831893
48952,822972
48953,813407
48954,805520
48955,796082
48956,786662
48957,777074
48958,767487
48959,758036
48960,748351
48961,739038
48962,729532
48963,719996
48964,710470
48965,700934
48966,694011
48967,684415
48968,675646
48969,666058
48970,656613
48971,647110
48972,637511
48973,627971
48974,619975
48975,610037
48976,600100
48977,590158
48978,580231
48979,572500
48980,562887
48981,553347
48982,543672
48983,534181
48984,525310
48985,515782
48986,506164
48987,496577
48988,486974
48989,477445
48990,467844
48991,458259
48992,450466
48993,441009
48994,431565
48995,421922
48996,412318
48997,402705
48998,393189
48999,383526
49000,374668
49001,365201
49002,355551
49003,346004
49004,336415
49005,328583
49006,318929
49007,309324
49008,299764
49009,290386
49010,280801
49011,271214
49012,261577
49013,252041
49015,232471
49016,223604
49017,213998
49018,204328
49019,196581
49020,186968
49021,177385
49022,167891
49023,158228
49024,148733
49025,139391
49026,129732
49027,120061
49028,110488
49029,100983
49030,91465
49031,83690
49032,75076
49033,65390
49035,45866
49036,36220
49037,26698
49038,17092
49039,7667
49040,1120472
49041,1111639
49042,1102146
49043,1092665
49044,1083109
49045,1078283
49046,1068863
49047,1059330
49048,1051029
49049,1042076
49050,1033189
49051,1024597
49052,1017062
49053,1009201
49054,1001153
49055,993578
49056,985493
49057,978314
49058,978284
49059,970365
49060,962462
49061,954875
49062,946645
49063,938810
49064,934933
49065,927201
49066,919376
49067,911644
49068,903369
49069,895339
49070,887656
49071,884749
49072,877008
49073,870303
49074,862188
49075,854277
49076,846684
49077,848602
49078,840512
49079,830626
49080,821572
49081,811888
49082,802565
49083,793091
49084,785822
49085,776299
49086,766720
49087,757164
49088,747717
49089,738386
49090,728799
49091,719288
49092,709780
49093,700180
49094,690716
49095,681314
49096,674458
49097,665003
49098,655340
49099,645758
49100,636163
49101,626586
49102,616907
49103,607416
49104,597774
49105,588404
49106,578904
49107,569308
49108,559723
49109,551988
49110,542565
49111,533057
49112,524265
49113,514789
49114,505135
49115,495830
49116,486319
49117,476902
49118,467406
49119,457811
49120,448197
49121,438864
49122,431251
49123,421599
49124,412040
49125,402432
49126,392837
49127,383514
49128,374801
49129,365226
49130,355706
49131,346202
49132,336588
49133,327030
49134,317505
49135,309822
49136,300279
49137,290869
49138,281423
49139,271844
49140,262445
49141,252885
49142,243271
49143,233793
49144,225283
49145,215695
49146,206118
49147,196564
49148,189084
49149,179440
49150,170003
49151,160311
49152,150766
49153,141464
49154,131933
49155,122330
49156,112667
49157,103171
49158,93576
49159,84000
49160,78479
49161,68867
49162,59343
49163,49747
49164,40134
49165,30604
49166,21271
49167,11717
49168,2247
49169,1092791
49170,1086942
49171,1079808
49172,1072832
49173,1089928
49174,1082850
49175,1075920
49176,1071733
49177,1062607
49178,1053443
49179,1044117
49180,1034527
49181,1026391
49182,1016476
49183,1006518
49184,996611
49185,987041
49186,979644
49187,970118
49188,960537
49189,950882
49190,941442
49191,931837
49192,922994
49193,913381
49194,903783
49195,894333
49196,885027
49197,875582
49198,866086
49199,858706
49200,849065
49201,839678
49202,830161
49203,820641
49204,811121
49205,801611
49206,792144
49207,782603
49208,773920
49209,764364
49210,754927
49211,745496
49212,738005
49213,728465
49214,718959
49215,709287
49216,699860
49217,690617
49218,680947
49219,671464
49220,661995
49221,652607
49222,643128
49223,633726
49224,626863
49225,617293
49226,607829
49227,598314
49228,588818
49230,569339
49231,559905
49232,550348
49233,540921
49234,531507
49235,521837
49236,512346
49237,502794
49238,495187
49239,485542
49240,476608
49241,467131
49242,457463
49243,447958
49244,438437
49245,428778
49246,419265
49247,409880
49248,400343
49249,391005
49250,381443
49251,373711
49252,364079
49253,354517
49254,344984
49255,335423
49256,326741
49257,317139
49258,307638
49259,298083
49260,288588
49261,279030
49262,269496
49263,259896
49264,252210
49265,243002
49266,233332
49267,223801
49268,214281
49269,204702
49270,195168
49271,185624
49272,176701
49273,167545
49274,158033
49275,148492
49276,139003
49277,131532
49278,121949
49279,112460
49280,102907
49281,93542
49282,83998
49283,76440
49284,66557
49285,56593
49286,46687
49287,36745
49288,26999
49289,19449
49290,9945
49291,1066710
49292,1057383
49293,1047806
49294,1038377
49295,1028931
49296,1019403
49297,1010456
49298,1001074
49299,991493
49300,981912
49301,972458
49302,967638
49303,958206
49304,949551
49305,940068
49306,930473
49307,920941
49308,911326
49309,901655
49310,892264
49311,882665
49312,873140
49313,863887
49314,854303
49315,846526
49316,837016
49317,827351
49318,817692
49319,808111
49320,799307
49321,789764
49322,780201
49323,770609
49324,761090
49325,751651
49326,742168
49327,732628
49328,724913
49329,715470
49330,705917
49331,696335
49332,686848
49333,677301
49334,667879
49335,658607
49336,649931
49337,640368
49338,630910
49339,621379
49340,611884
49341,604174
49342,594765
49343,585201
49344,575681
49345,566255
49346,556692
49347,547061
49348,537427
49349,527900
49350,518336
49351,508692
49352,499870
49353,493519
49354,483935
49355,474259
49356,464653
49357,455077
49358,445430
49359,435935
49360,426293
49361,416930
49362,407343
49363,397738
49364,388156
49365,378649
49366,370731
49367,361162
49368,352459
49369,342889
49370,333346
49371,323736
49372,314147
49373,304569
49374,294885
49375,285292
49376,275762
49377,266377
49378,256833
49379,249407
49380,239829
49381,230158
49382,220597
49383,211089
49384,202312
49385,192722
49386,185114
49387,175197
49388,165283
49389,155340
49390,145373
49391,135486
49392,127022
49393,117590
49394,108155
49395,99238
49396,89578
49397,80089
49398,70577
49399,60942
49400,52119
49401,42562
49402,32871
49403,23310
49404,13869
49405,7161
49406,1063980
49407,1054518
49408,1044953
49409,1036061
49410,1026468
49411,1016892
49412,1007419
49413,997803
49414,988173
49415,978629
49416,969885
49417,965383
49418,956012
49419,946380
49420,936779
49421,927208
49422,917596
49423,907907
49424,898327
49425,888978
49426,879266
49427,869758
49428,860245
49429,850662
49430,843416
49431,833801
49432,824876
49433,815370
49434,805921
49435,796299
49436,786943
49437,777422
49438,767860
49439,758346
49440,748886
49441,739496
49443,719946
49444,712177
49445,702543
49446,693067
49447,683479
49448,674615
49449,665165
49450,655736
49451,646273
49452,636711
49453,627080
49454,617730
49455,608173
49456,598612
49457,591171
49458,581545
49459,571934
49460,562329
49461,552798
49462,543179
49463,533598
49464,524637
49465,514948
49466,505371
49467,495673
49468,486023
49469,476539
49470,468596
49471,459112
49472,449515
49473,440025
49474,430406
49475,420803
49476,411227
49477,401474
49478,391893
49479,382546
49480,373651
49481,364128
49482,356443
49483,346742
49484,337183
49485,327529
49486,317888
49487,308325
49488,298675
49489,289263
49490,281259
49491,271320
49492,261364
49493,251437
49494,241494
49495,233341
49496,224464
49497,214847
49498,205250
49499,195611
49500,186087
49501,176421
49502,166760
49503,157180
49504,147480
49505,138139
49506,128631
49507,118976
49508,111271
49509,101696
49510,92122
49511,82946
49512,74148
49513,64534
49514,54913
49515,45208
49516,35601
49517,26016
49518,16405
49519,7024
49520,1064040
49521,1059895
49522,1050369
49523,1040866
49524,1031250
49525,1021842
49526,1012281
49527,1002629
49528,993919
49529,984279
49530,974618
49531,965057
49532,955583
49533,945995
49534,938328
49535,928732
49536,919095
49537,909704
49538,900103
49539,890441
49540,880908
49541,871346
49542,861709
49543,852099
49544,843437
49545,833965
49546,827823
49547,818288
49548,808632
49549,799001
49550,789470
49551,779924
49552,770331
49553,760889
49554,751369
49555,741843
49556,732282
49557,722661
49558,713044
49559,705295
49560,696433
49561,686890
49562,677493
49563,668153
49564,658656
49565,649206
49566,639726
49567,630227
49568,620732
49569,611298
49570,601743
49571,592200
49572,584434
49573,574860
49574,565371
49575,555735
49576,546824
49577,537334
49578,527697
49579,518164
49580,508631
49581,499065
49582,489455
49583,479815
49584,470222
49585,462630
49587,443019
49588,433481
49589,423909
49590,414305
49591,404681
49592,395827
49593,387622
49594,377678
49595,367801
49596,357886
49597,347933
49598,338241
49599,330459
49600,320877
49601,311689
49602,302196
49603,292577
49604,283021
49605,273312
49606,263754
49607,254219
49608,245478
49609,235852
49610,226242
49611,218463
49612,208954
49613,199404
49614,189898
49615,180247
49616,170662
49617,161273
49618,151757
49619,142210
49620,132552
49621,123011
49622,113486
49623,103861
49624,97470
49625,87959
49626,78377
49627,68702
49628,59146
49629,49475
49630,39888
49631,30351
49632,20670
49633,11428
49634,2008
49635,1055985
49636,1046536
49637,1042431
49638,1032871
49639,1023397
49640,1015343
49641,1005810
49642,996314
49643,986760
49644,977167
49645,967596
49646,958141
49647,948533
49648,938877
49649,929660
49650,922211
49651,912720
49652,903250
49653,893609
49654,884016
49655,874469
49656,865689
49657,856061
49658,846574
49659,836911
49660,827403
49661,817800
49662,808275
49663,801063
49664,791508
49665,782243
49666,772820
49668,753369
49669,743886
49670,734490
49671,724981
49672,716198
49673,706824
49674,697369
49675,687902
49676,680339
49677,670918
49678,661558
49679,652511
49680,643055
49681,633779
49682,624330
49683,614926
49684,605365
49685,595963
49686,586523
49687,576936
49688,568406
49689,560917
49690,551308
49691,541874
49692,532294
49693,522815
49694,513332
49695,503781
49696,494217
49697,486178
49698,476239
49699,466285
49700,456341
49701,446676
49702,439134
49703,429655
49704,420956
49705,411370
49706,401902
49707,392369
49708,382843
49709,373369
49710,363805
49711,354192
49712,344676
49713,335420
49714,325933
49715,318594
49716,309117
49717,299499
49718,289903
49719,280282
49720,271680
49721,262179
49722,252888
49723,243386
49724,233963
49725,224330
49726,214786
49727,205411
49728,197909
49729,188580
49730,179123
49731,169521
49732,159916
49733,150400
49734,140871
49735,131576
49736,122944
49737,113464
49738,103860
49739,94907
49740,88735
49741,79297
49742,69753
49743,60139
49744,50579
49745,41201
49746,31652
49747,22049
49748,12764
49749,3282
49750,1223978
49751,1214675
49752,1206369
49753,1201834
49754,1192379
49755,1182789
49756,1173197
49757,1163722
49758,1154133
49759,1144624
49760,1135069
49761,1125747
49762,1116158
49763,1106650
49764,1096999
49765,1087462
49766,1080119
49767,1070481
49768,1061646
49769,1052103
49770,1042610
49771,1032952
49772,1023423
49773,1013891
49774,1004225
49775,994862
49776,985339
49777,975976
49778,966435
49779,958754
49780,949278
49781,939716
49782,930173
49783,920601
49784,911849
49785,902243
49786,892827
49787,883325
49788,873681
49789,864146
49790,854587
49791,845087
49792,837409
49793,828313
49794,818811
49795,809422
49796,799767
49797,790345
49798,780656
49799,772613
49800,762694
49801,752738
49802,743332
49803,733824
49804,726206
49805,716735
49806,707111
49807,697578
49808,687949
49809,678576
49810,668979
49811,659484
49812,649913
49813,640259
49814,630662
49815,621089
49816,612113
49817,604499
49818,594994
49819,585468
49820,575847
49821,566289
49822,556697
49823,547128
49824,537526
49825,528119
49826,518536
49827,508822
49828,499193
49829,489660
49830,482048
49831,472199
49832,463514
49833,453655
49834,443889
49835,434321
49836,424787
49837,415208
49838,405824
49839,396321
49840,386688
49841,377328
49842,367779
49843,360251
49844,350738
49845,341221
49846,331711
49847,322117
49848,313313
49849,303665
49850,294184
49851,284520
49852,274971
49853,265414
49854,255835
49855,246642
49856,239054
49857,229668
49858,220094
49859,210510
49860,200873
49861,191307
49862,181730
49863,172109
49864,163267
49865,153629
49866,144074
49867,134451
49868,126737
49869,117291
49870,107577
49871,98040
49872,88479
49873,79048
49874,69468
49875,59922
49876,50268
49877,40766
49878,31049
49879,21521
49880,12951
49881,5257
49882,1051305
49883,1041962
49884,1032410
49885,1022826
49886,1013262
49887,1003684
49888,994198
49889,985161
49890,975629
49891,966025
49892,956436
49893,946943
49894,941988
49895,932510
49896,923680
49897,914111
49898,904541
49899,894994
49900,885372
49901,877555
49902,867664
49903,857713
49904,847821
49905,837883
49906,827946
49907,820470
49908,810842
49909,801269
49910,791900
49911,782319
49912,773466
49913,764052
49914,754593
49915,745094
49916,735523
49917,726076
49918,716624
49919,707054
49920,699253
49921,689774
49922,680169
49923,670637
49924,660978
49925,651574
49926,642191
49927,632772
49928,623976
49929,614449
49930,604813
49931,595398
49932,588769
49933,579229
49934,569680
49935,560239
49936,550660
49937,541246
49938,531768
49939,522072
49940,512517
49941,502848
49942,493245
49943,483710
49944,474757
49945,466945
49946,457519
49947,447902
49948,438260
49949,428702
49950,419049
49951,409388
49952,399917
49953,390452
49955,370961
49956,361290
49957,351727
49958,342351
49959,334512
49960,325662
49961,316051
49962,306470
49963,296999
49964,287413
49965,277869
49966,268171
49967,258677
49968,249069
49969,239708
49970,230229
49971,220551
49972,212867
49973,203325
49974,193795
49975,184184
49976,175347
49977,165704
49978,156171
49979,146580
49980,136969
49981,127347
49982,117756
49983,108205
49984,98551
49985,91206
49986,82002
49987,72436
49988,66161
49990,46330
49991,36461
49992,26579
49993,16698
49994,6813
49995,1052496
49996,1043094
49997,1033616
49998,1027736
49999,1018210
50000,1008970
